inning,batting_team,bowling_team,ball,non_striker,batsman,bowler,extra_runs,batsman_run,total_runs,extras,player_out,elimination_kind,fielders_caught,match_name,umpires_1,umpires_2,player_of_match,winner,city,venue,dates
1st innings,Chennai Super Kings,Mumbai Indians,0.1,F du Plessis,RD Gaikwad,TA Boult,0,0,0,,,,,CSK vs MI 2021-05-01,KN Ananthapadmanabhan,CK Nandan,KA Pollard,Mumbai Indians,Delhi,"Arun Jaitley Stadium, Delhi",2021-05-01
1st innings,Chennai Super Kings,Mumbai Indians,0.2,F du Plessis,RD Gaikwad,TA Boult,0,4,4,,,,,CSK vs MI 2021-05-01,KN Ananthapadmanabhan,CK Nandan,KA Pollard,Mumbai Indians,Delhi,"Arun Jaitley Stadium, Delhi",2021-05-01
1st innings,Chennai Super Kings,Mumbai Indians,0.3,F du Plessis,RD Gaikwad,TA Boult,0,0,0,,,,,CSK vs MI 2021-05-01,KN Ananthapadmanabhan,CK Nandan,KA Pollard,Mumbai Indians,Delhi,"Arun Jaitley Stadium, Delhi",2021-05-01
1st innings,Chennai Super Kings,Mumbai Indians,0.4,F du Plessis,RD Gaikwad,TA Boult,0,0,0,,RD Gaikwad,caught,HH Pandya,CSK vs MI 2021-05-01,KN Ananthapadmanabhan,CK Nandan,KA Pollard,Mumbai Indians,Delhi,"Arun Jaitley Stadium, Delhi",2021-05-01
1st innings,Chennai Super Kings,Mumbai Indians,0.5,F du Plessis,MM Ali,TA Boult,0,0,0,,,,,CSK vs MI 2021-05-01,KN Ananthapadmanabhan,CK Nandan,KA Pollard,Mumbai Indians,Delhi,"Arun Jaitley Stadium, Delhi",2021-05-01
1st innings,Chennai Super Kings,Mumbai Indians,0.6,F du Plessis,MM Ali,TA Boult,0,0,0,,,,,CSK vs MI 2021-05-01,KN Ananthapadmanabhan,CK Nandan,KA Pollard,Mumbai Indians,Delhi,"Arun Jaitley Stadium, Delhi",2021-05-01
1st innings,Chennai Super Kings,Mumbai Indians,1.1,MM Ali,F du Plessis,DS Kulkarni,0,4,4,,,,,CSK vs MI 2021-05-01,KN Ananthapadmanabhan,CK Nandan,KA Pollard,Mumbai Indians,Delhi,"Arun Jaitley Stadium, Delhi",2021-05-01
1st innings,Chennai Super Kings,Mumbai Indians,1.2,MM Ali,F du Plessis,DS Kulkarni,0,0,0,,,,,CSK vs MI 2021-05-01,KN Ananthapadmanabhan,CK Nandan,KA Pollard,Mumbai Indians,Delhi,"Arun Jaitley Stadium, Delhi",2021-05-01
1st innings,Chennai Super Kings,Mumbai Indians,1.3,MM Ali,F du Plessis,DS Kulkarni,0,6,6,,,,,CSK vs MI 2021-05-01,KN Ananthapadmanabhan,CK Nandan,KA Pollard,Mumbai Indians,Delhi,"Arun Jaitley Stadium, Delhi",2021-05-01
1st innings,Chennai Super Kings,Mumbai Indians,1.4,MM Ali,F du Plessis,DS Kulkarni,0,0,0,,,,,CSK vs MI 2021-05-01,KN Ananthapadmanabhan,CK Nandan,KA Pollard,Mumbai Indians,Delhi,"Arun Jaitley Stadium, Delhi",2021-05-01
1st innings,Chennai Super Kings,Mumbai Indians,1.5,MM Ali,F du Plessis,DS Kulkarni,0,1,1,,,,,CSK vs MI 2021-05-01,KN Ananthapadmanabhan,CK Nandan,KA Pollard,Mumbai Indians,Delhi,"Arun Jaitley Stadium, Delhi",2021-05-01
1st innings,Chennai Super Kings,Mumbai Indians,1.6,F du Plessis,MM Ali,DS Kulkarni,0,0,0,,,,,CSK vs MI 2021-05-01,KN Ananthapadmanabhan,CK Nandan,KA Pollard,Mumbai Indians,Delhi,"Arun Jaitley Stadium, Delhi",2021-05-01
1st innings,Chennai Super Kings,Mumbai Indians,2.1,MM Ali,F du Plessis,TA Boult,0,1,1,,,,,CSK vs MI 2021-05-01,KN Ananthapadmanabhan,CK Nandan,KA Pollard,Mumbai Indians,Delhi,"Arun Jaitley Stadium, Delhi",2021-05-01
1st innings,Chennai Super Kings,Mumbai Indians,2.2,F du Plessis,MM Ali,TA Boult,0,0,0,,,,,CSK vs MI 2021-05-01,KN Ananthapadmanabhan,CK Nandan,KA Pollard,Mumbai Indians,Delhi,"Arun Jaitley Stadium, Delhi",2021-05-01
1st innings,Chennai Super Kings,Mumbai Indians,2.3,F du Plessis,MM Ali,TA Boult,0,6,6,,,,,CSK vs MI 2021-05-01,KN Ananthapadmanabhan,CK Nandan,KA Pollard,Mumbai Indians,Delhi,"Arun Jaitley Stadium, Delhi",2021-05-01
1st innings,Chennai Super Kings,Mumbai Indians,2.4,F du Plessis,MM Ali,TA Boult,0,4,4,,,,,CSK vs MI 2021-05-01,KN Ananthapadmanabhan,CK Nandan,KA Pollard,Mumbai Indians,Delhi,"Arun Jaitley Stadium, Delhi",2021-05-01
1st innings,Chennai Super Kings,Mumbai Indians,2.5,F du Plessis,MM Ali,TA Boult,0,1,1,,,,,CSK vs MI 2021-05-01,KN Ananthapadmanabhan,CK Nandan,KA Pollard,Mumbai Indians,Delhi,"Arun Jaitley Stadium, Delhi",2021-05-01
1st innings,Chennai Super Kings,Mumbai Indians,2.6,MM Ali,F du Plessis,TA Boult,0,0,0,,,,,CSK vs MI 2021-05-01,KN Ananthapadmanabhan,CK Nandan,KA Pollard,Mumbai Indians,Delhi,"Arun Jaitley Stadium, Delhi",2021-05-01
1st innings,Chennai Super Kings,Mumbai Indians,3.1,F du Plessis,MM Ali,DS Kulkarni,0,1,1,,,,,CSK vs MI 2021-05-01,KN Ananthapadmanabhan,CK Nandan,KA Pollard,Mumbai Indians,Delhi,"Arun Jaitley Stadium, Delhi",2021-05-01
1st innings,Chennai Super Kings,Mumbai Indians,3.2,MM Ali,F du Plessis,DS Kulkarni,0,1,1,,,,,CSK vs MI 2021-05-01,KN Ananthapadmanabhan,CK Nandan,KA Pollard,Mumbai Indians,Delhi,"Arun Jaitley Stadium, Delhi",2021-05-01
1st innings,Chennai Super Kings,Mumbai Indians,3.3,F du Plessis,MM Ali,DS Kulkarni,0,0,0,,,,,CSK vs MI 2021-05-01,KN Ananthapadmanabhan,CK Nandan,KA Pollard,Mumbai Indians,Delhi,"Arun Jaitley Stadium, Delhi",2021-05-01
1st innings,Chennai Super Kings,Mumbai Indians,3.4,F du Plessis,MM Ali,DS Kulkarni,0,0,0,,,,,CSK vs MI 2021-05-01,KN Ananthapadmanabhan,CK Nandan,KA Pollard,Mumbai Indians,Delhi,"Arun Jaitley Stadium, Delhi",2021-05-01
1st innings,Chennai Super Kings,Mumbai Indians,3.5,F du Plessis,MM Ali,DS Kulkarni,0,0,0,,,,,CSK vs MI 2021-05-01,KN Ananthapadmanabhan,CK Nandan,KA Pollard,Mumbai Indians,Delhi,"Arun Jaitley Stadium, Delhi",2021-05-01
1st innings,Chennai Super Kings,Mumbai Indians,3.6,F du Plessis,MM Ali,DS Kulkarni,0,4,4,,,,,CSK vs MI 2021-05-01,KN Ananthapadmanabhan,CK Nandan,KA Pollard,Mumbai Indians,Delhi,"Arun Jaitley Stadium, Delhi",2021-05-01
1st innings,Chennai Super Kings,Mumbai Indians,4.1,MM Ali,F du Plessis,JJ Bumrah,0,0,0,,,,,CSK vs MI 2021-05-01,KN Ananthapadmanabhan,CK Nandan,KA Pollard,Mumbai Indians,Delhi,"Arun Jaitley Stadium, Delhi",2021-05-01
1st innings,Chennai Super Kings,Mumbai Indians,4.2,MM Ali,F du Plessis,JJ Bumrah,0,1,1,,,,,CSK vs MI 2021-05-01,KN Ananthapadmanabhan,CK Nandan,KA Pollard,Mumbai Indians,Delhi,"Arun Jaitley Stadium, Delhi",2021-05-01
1st innings,Chennai Super Kings,Mumbai Indians,4.3,F du Plessis,MM Ali,JJ Bumrah,0,0,0,,,,,CSK vs MI 2021-05-01,KN Ananthapadmanabhan,CK Nandan,KA Pollard,Mumbai Indians,Delhi,"Arun Jaitley Stadium, Delhi",2021-05-01
1st innings,Chennai Super Kings,Mumbai Indians,4.4,F du Plessis,MM Ali,JJ Bumrah,0,6,6,,,,,CSK vs MI 2021-05-01,KN Ananthapadmanabhan,CK Nandan,KA Pollard,Mumbai Indians,Delhi,"Arun Jaitley Stadium, Delhi",2021-05-01
1st innings,Chennai Super Kings,Mumbai Indians,4.5,F du Plessis,MM Ali,JJ Bumrah,1,0,1,legbyes,,,,CSK vs MI 2021-05-01,KN Ananthapadmanabhan,CK Nandan,KA Pollard,Mumbai Indians,Delhi,"Arun Jaitley Stadium, Delhi",2021-05-01
1st innings,Chennai Super Kings,Mumbai Indians,4.6,MM Ali,F du Plessis,JJ Bumrah,0,1,1,,,,,CSK vs MI 2021-05-01,KN Ananthapadmanabhan,CK Nandan,KA Pollard,Mumbai Indians,Delhi,"Arun Jaitley Stadium, Delhi",2021-05-01
1st innings,Chennai Super Kings,Mumbai Indians,5.1,MM Ali,F du Plessis,TA Boult,0,1,1,,,,,CSK vs MI 2021-05-01,KN Ananthapadmanabhan,CK Nandan,KA Pollard,Mumbai Indians,Delhi,"Arun Jaitley Stadium, Delhi",2021-05-01
1st innings,Chennai Super Kings,Mumbai Indians,5.2,F du Plessis,MM Ali,TA Boult,1,0,1,legbyes,,,,CSK vs MI 2021-05-01,KN Ananthapadmanabhan,CK Nandan,KA Pollard,Mumbai Indians,Delhi,"Arun Jaitley Stadium, Delhi",2021-05-01
1st innings,Chennai Super Kings,Mumbai Indians,5.3,MM Ali,F du Plessis,TA Boult,0,1,1,,,,,CSK vs MI 2021-05-01,KN Ananthapadmanabhan,CK Nandan,KA Pollard,Mumbai Indians,Delhi,"Arun Jaitley Stadium, Delhi",2021-05-01
1st innings,Chennai Super Kings,Mumbai Indians,5.4,F du Plessis,MM Ali,TA Boult,0,0,0,,,,,CSK vs MI 2021-05-01,KN Ananthapadmanabhan,CK Nandan,KA Pollard,Mumbai Indians,Delhi,"Arun Jaitley Stadium, Delhi",2021-05-01
1st innings,Chennai Super Kings,Mumbai Indians,5.5,F du Plessis,MM Ali,TA Boult,0,4,4,,,,,CSK vs MI 2021-05-01,KN Ananthapadmanabhan,CK Nandan,KA Pollard,Mumbai Indians,Delhi,"Arun Jaitley Stadium, Delhi",2021-05-01
1st innings,Chennai Super Kings,Mumbai Indians,5.6,F du Plessis,MM Ali,TA Boult,0,0,0,,,,,CSK vs MI 2021-05-01,KN Ananthapadmanabhan,CK Nandan,KA Pollard,Mumbai Indians,Delhi,"Arun Jaitley Stadium, Delhi",2021-05-01
1st innings,Chennai Super Kings,Mumbai Indians,6.1,MM Ali,F du Plessis,RD Chahar,0,1,1,,,,,CSK vs MI 2021-05-01,KN Ananthapadmanabhan,CK Nandan,KA Pollard,Mumbai Indians,Delhi,"Arun Jaitley Stadium, Delhi",2021-05-01
1st innings,Chennai Super Kings,Mumbai Indians,6.2,F du Plessis,MM Ali,RD Chahar,0,0,0,,,,,CSK vs MI 2021-05-01,KN Ananthapadmanabhan,CK Nandan,KA Pollard,Mumbai Indians,Delhi,"Arun Jaitley Stadium, Delhi",2021-05-01
1st innings,Chennai Super Kings,Mumbai Indians,6.3,F du Plessis,MM Ali,RD Chahar,0,1,1,,,,,CSK vs MI 2021-05-01,KN Ananthapadmanabhan,CK Nandan,KA Pollard,Mumbai Indians,Delhi,"Arun Jaitley Stadium, Delhi",2021-05-01
1st innings,Chennai Super Kings,Mumbai Indians,6.4,MM Ali,F du Plessis,RD Chahar,0,1,1,,,,,CSK vs MI 2021-05-01,KN Ananthapadmanabhan,CK Nandan,KA Pollard,Mumbai Indians,Delhi,"Arun Jaitley Stadium, Delhi",2021-05-01
1st innings,Chennai Super Kings,Mumbai Indians,6.5,F du Plessis,MM Ali,RD Chahar,0,0,0,,,,,CSK vs MI 2021-05-01,KN Ananthapadmanabhan,CK Nandan,KA Pollard,Mumbai Indians,Delhi,"Arun Jaitley Stadium, Delhi",2021-05-01
1st innings,Chennai Super Kings,Mumbai Indians,6.6,F du Plessis,MM Ali,RD Chahar,0,1,1,,,,,CSK vs MI 2021-05-01,KN Ananthapadmanabhan,CK Nandan,KA Pollard,Mumbai Indians,Delhi,"Arun Jaitley Stadium, Delhi",2021-05-01
1st innings,Chennai Super Kings,Mumbai Indians,7.1,F du Plessis,MM Ali,JDS Neesham,0,0,0,,,,,CSK vs MI 2021-05-01,KN Ananthapadmanabhan,CK Nandan,KA Pollard,Mumbai Indians,Delhi,"Arun Jaitley Stadium, Delhi",2021-05-01
1st innings,Chennai Super Kings,Mumbai Indians,7.2,F du Plessis,MM Ali,JDS Neesham,0,6,6,,,,,CSK vs MI 2021-05-01,KN Ananthapadmanabhan,CK Nandan,KA Pollard,Mumbai Indians,Delhi,"Arun Jaitley Stadium, Delhi",2021-05-01
1st innings,Chennai Super Kings,Mumbai Indians,7.3,F du Plessis,MM Ali,JDS Neesham,0,1,1,,,,,CSK vs MI 2021-05-01,KN Ananthapadmanabhan,CK Nandan,KA Pollard,Mumbai Indians,Delhi,"Arun Jaitley Stadium, Delhi",2021-05-01
1st innings,Chennai Super Kings,Mumbai Indians,7.4,MM Ali,F du Plessis,JDS Neesham,0,1,1,,,,,CSK vs MI 2021-05-01,KN Ananthapadmanabhan,CK Nandan,KA Pollard,Mumbai Indians,Delhi,"Arun Jaitley Stadium, Delhi",2021-05-01
1st innings,Chennai Super Kings,Mumbai Indians,7.5,F du Plessis,MM Ali,JDS Neesham,0,0,0,,,,,CSK vs MI 2021-05-01,KN Ananthapadmanabhan,CK Nandan,KA Pollard,Mumbai Indians,Delhi,"Arun Jaitley Stadium, Delhi",2021-05-01
1st innings,Chennai Super Kings,Mumbai Indians,7.6,F du Plessis,MM Ali,JDS Neesham,0,0,0,,,,,CSK vs MI 2021-05-01,KN Ananthapadmanabhan,CK Nandan,KA Pollard,Mumbai Indians,Delhi,"Arun Jaitley Stadium, Delhi",2021-05-01
1st innings,Chennai Super Kings,Mumbai Indians,8.1,MM Ali,F du Plessis,RD Chahar,0,1,1,,,,,CSK vs MI 2021-05-01,KN Ananthapadmanabhan,CK Nandan,KA Pollard,Mumbai Indians,Delhi,"Arun Jaitley Stadium, Delhi",2021-05-01
1st innings,Chennai Super Kings,Mumbai Indians,8.2,F du Plessis,MM Ali,RD Chahar,0,6,6,,,,,CSK vs MI 2021-05-01,KN Ananthapadmanabhan,CK Nandan,KA Pollard,Mumbai Indians,Delhi,"Arun Jaitley Stadium, Delhi",2021-05-01
1st innings,Chennai Super Kings,Mumbai Indians,8.3,F du Plessis,MM Ali,RD Chahar,0,1,1,,,,,CSK vs MI 2021-05-01,KN Ananthapadmanabhan,CK Nandan,KA Pollard,Mumbai Indians,Delhi,"Arun Jaitley Stadium, Delhi",2021-05-01
1st innings,Chennai Super Kings,Mumbai Indians,8.4,MM Ali,F du Plessis,RD Chahar,0,1,1,,,,,CSK vs MI 2021-05-01,KN Ananthapadmanabhan,CK Nandan,KA Pollard,Mumbai Indians,Delhi,"Arun Jaitley Stadium, Delhi",2021-05-01
1st innings,Chennai Super Kings,Mumbai Indians,8.5,F du Plessis,MM Ali,RD Chahar,0,1,1,,,,,CSK vs MI 2021-05-01,KN Ananthapadmanabhan,CK Nandan,KA Pollard,Mumbai Indians,Delhi,"Arun Jaitley Stadium, Delhi",2021-05-01
1st innings,Chennai Super Kings,Mumbai Indians,8.6,MM Ali,F du Plessis,RD Chahar,0,6,6,,,,,CSK vs MI 2021-05-01,KN Ananthapadmanabhan,CK Nandan,KA Pollard,Mumbai Indians,Delhi,"Arun Jaitley Stadium, Delhi",2021-05-01
1st innings,Chennai Super Kings,Mumbai Indians,9.1,F du Plessis,MM Ali,JDS Neesham,0,6,6,,,,,CSK vs MI 2021-05-01,KN Ananthapadmanabhan,CK Nandan,KA Pollard,Mumbai Indians,Delhi,"Arun Jaitley Stadium, Delhi",2021-05-01
1st innings,Chennai Super Kings,Mumbai Indians,9.2,F du Plessis,MM Ali,JDS Neesham,0,1,1,,,,,CSK vs MI 2021-05-01,KN Ananthapadmanabhan,CK Nandan,KA Pollard,Mumbai Indians,Delhi,"Arun Jaitley Stadium, Delhi",2021-05-01
1st innings,Chennai Super Kings,Mumbai Indians,9.3,MM Ali,F du Plessis,JDS Neesham,0,2,2,,,,,CSK vs MI 2021-05-01,KN Ananthapadmanabhan,CK Nandan,KA Pollard,Mumbai Indians,Delhi,"Arun Jaitley Stadium, Delhi",2021-05-01
1st innings,Chennai Super Kings,Mumbai Indians,9.4,MM Ali,F du Plessis,JDS Neesham,0,1,1,,,,,CSK vs MI 2021-05-01,KN Ananthapadmanabhan,CK Nandan,KA Pollard,Mumbai Indians,Delhi,"Arun Jaitley Stadium, Delhi",2021-05-01
1st innings,Chennai Super Kings,Mumbai Indians,9.5,F du Plessis,MM Ali,JDS Neesham,0,4,4,,,,,CSK vs MI 2021-05-01,KN Ananthapadmanabhan,CK Nandan,KA Pollard,Mumbai Indians,Delhi,"Arun Jaitley Stadium, Delhi",2021-05-01
1st innings,Chennai Super Kings,Mumbai Indians,9.6,F du Plessis,MM Ali,JDS Neesham,0,4,4,,,,,CSK vs MI 2021-05-01,KN Ananthapadmanabhan,CK Nandan,KA Pollard,Mumbai Indians,Delhi,"Arun Jaitley Stadium, Delhi",2021-05-01
1st innings,Chennai Super Kings,Mumbai Indians,10.1,MM Ali,F du Plessis,JJ Bumrah,0,6,6,,,,,CSK vs MI 2021-05-01,KN Ananthapadmanabhan,CK Nandan,KA Pollard,Mumbai Indians,Delhi,"Arun Jaitley Stadium, Delhi",2021-05-01
1st innings,Chennai Super Kings,Mumbai Indians,10.2,MM Ali,F du Plessis,JJ Bumrah,0,6,6,,,,,CSK vs MI 2021-05-01,KN Ananthapadmanabhan,CK Nandan,KA Pollard,Mumbai Indians,Delhi,"Arun Jaitley Stadium, Delhi",2021-05-01
1st innings,Chennai Super Kings,Mumbai Indians,10.3,MM Ali,F du Plessis,JJ Bumrah,0,4,4,,,,,CSK vs MI 2021-05-01,KN Ananthapadmanabhan,CK Nandan,KA Pollard,Mumbai Indians,Delhi,"Arun Jaitley Stadium, Delhi",2021-05-01
1st innings,Chennai Super Kings,Mumbai Indians,10.4,MM Ali,F du Plessis,JJ Bumrah,0,1,1,,,,,CSK vs MI 2021-05-01,KN Ananthapadmanabhan,CK Nandan,KA Pollard,Mumbai Indians,Delhi,"Arun Jaitley Stadium, Delhi",2021-05-01
1st innings,Chennai Super Kings,Mumbai Indians,10.5,F du Plessis,MM Ali,JJ Bumrah,0,0,0,,MM Ali,caught,Q de Kock,CSK vs MI 2021-05-01,KN Ananthapadmanabhan,CK Nandan,KA Pollard,Mumbai Indians,Delhi,"Arun Jaitley Stadium, Delhi",2021-05-01
1st innings,Chennai Super Kings,Mumbai Indians,10.6,F du Plessis,SK Raina,JJ Bumrah,0,0,0,,,,,CSK vs MI 2021-05-01,KN Ananthapadmanabhan,CK Nandan,KA Pollard,Mumbai Indians,Delhi,"Arun Jaitley Stadium, Delhi",2021-05-01
1st innings,Chennai Super Kings,Mumbai Indians,11.1,SK Raina,F du Plessis,KA Pollard,0,1,1,,,,,CSK vs MI 2021-05-01,KN Ananthapadmanabhan,CK Nandan,KA Pollard,Mumbai Indians,Delhi,"Arun Jaitley Stadium, Delhi",2021-05-01
1st innings,Chennai Super Kings,Mumbai Indians,11.2,F du Plessis,SK Raina,KA Pollard,0,1,1,,,,,CSK vs MI 2021-05-01,KN Ananthapadmanabhan,CK Nandan,KA Pollard,Mumbai Indians,Delhi,"Arun Jaitley Stadium, Delhi",2021-05-01
1st innings,Chennai Super Kings,Mumbai Indians,11.3,SK Raina,F du Plessis,KA Pollard,0,1,1,,,,,CSK vs MI 2021-05-01,KN Ananthapadmanabhan,CK Nandan,KA Pollard,Mumbai Indians,Delhi,"Arun Jaitley Stadium, Delhi",2021-05-01
1st innings,Chennai Super Kings,Mumbai Indians,11.4,F du Plessis,SK Raina,KA Pollard,0,1,1,,,,,CSK vs MI 2021-05-01,KN Ananthapadmanabhan,CK Nandan,KA Pollard,Mumbai Indians,Delhi,"Arun Jaitley Stadium, Delhi",2021-05-01
1st innings,Chennai Super Kings,Mumbai Indians,11.5,SK Raina,F du Plessis,KA Pollard,0,0,0,,F du Plessis,caught,JJ Bumrah,CSK vs MI 2021-05-01,KN Ananthapadmanabhan,CK Nandan,KA Pollard,Mumbai Indians,Delhi,"Arun Jaitley Stadium, Delhi",2021-05-01
1st innings,Chennai Super Kings,Mumbai Indians,11.6,AT Rayudu,SK Raina,KA Pollard,0,0,0,,SK Raina,caught,KH Pandya,CSK vs MI 2021-05-01,KN Ananthapadmanabhan,CK Nandan,KA Pollard,Mumbai Indians,Delhi,"Arun Jaitley Stadium, Delhi",2021-05-01
1st innings,Chennai Super Kings,Mumbai Indians,12.1,AT Rayudu,RA Jadeja,RD Chahar,0,1,1,,,,,CSK vs MI 2021-05-01,KN Ananthapadmanabhan,CK Nandan,KA Pollard,Mumbai Indians,Delhi,"Arun Jaitley Stadium, Delhi",2021-05-01
1st innings,Chennai Super Kings,Mumbai Indians,12.2,RA Jadeja,AT Rayudu,RD Chahar,0,1,1,,,,,CSK vs MI 2021-05-01,KN Ananthapadmanabhan,CK Nandan,KA Pollard,Mumbai Indians,Delhi,"Arun Jaitley Stadium, Delhi",2021-05-01
1st innings,Chennai Super Kings,Mumbai Indians,12.3,AT Rayudu,RA Jadeja,RD Chahar,0,0,0,,,,,CSK vs MI 2021-05-01,KN Ananthapadmanabhan,CK Nandan,KA Pollard,Mumbai Indians,Delhi,"Arun Jaitley Stadium, Delhi",2021-05-01
1st innings,Chennai Super Kings,Mumbai Indians,12.4,AT Rayudu,RA Jadeja,RD Chahar,0,0,0,,,,,CSK vs MI 2021-05-01,KN Ananthapadmanabhan,CK Nandan,KA Pollard,Mumbai Indians,Delhi,"Arun Jaitley Stadium, Delhi",2021-05-01
1st innings,Chennai Super Kings,Mumbai Indians,12.5,AT Rayudu,RA Jadeja,RD Chahar,0,0,0,,,,,CSK vs MI 2021-05-01,KN Ananthapadmanabhan,CK Nandan,KA Pollard,Mumbai Indians,Delhi,"Arun Jaitley Stadium, Delhi",2021-05-01
1st innings,Chennai Super Kings,Mumbai Indians,12.6,AT Rayudu,RA Jadeja,RD Chahar,0,0,0,,,,,CSK vs MI 2021-05-01,KN Ananthapadmanabhan,CK Nandan,KA Pollard,Mumbai Indians,Delhi,"Arun Jaitley Stadium, Delhi",2021-05-01
1st innings,Chennai Super Kings,Mumbai Indians,13.1,RA Jadeja,AT Rayudu,KA Pollard,0,1,1,,,,,CSK vs MI 2021-05-01,KN Ananthapadmanabhan,CK Nandan,KA Pollard,Mumbai Indians,Delhi,"Arun Jaitley Stadium, Delhi",2021-05-01
1st innings,Chennai Super Kings,Mumbai Indians,13.2,AT Rayudu,RA Jadeja,KA Pollard,0,0,0,,,,,CSK vs MI 2021-05-01,KN Ananthapadmanabhan,CK Nandan,KA Pollard,Mumbai Indians,Delhi,"Arun Jaitley Stadium, Delhi",2021-05-01
1st innings,Chennai Super Kings,Mumbai Indians,13.3,AT Rayudu,RA Jadeja,KA Pollard,1,0,1,wides,,,,CSK vs MI 2021-05-01,KN Ananthapadmanabhan,CK Nandan,KA Pollard,Mumbai Indians,Delhi,"Arun Jaitley Stadium, Delhi",2021-05-01
1st innings,Chennai Super Kings,Mumbai Indians,13.4,AT Rayudu,RA Jadeja,KA Pollard,0,1,1,,,,,CSK vs MI 2021-05-01,KN Ananthapadmanabhan,CK Nandan,KA Pollard,Mumbai Indians,Delhi,"Arun Jaitley Stadium, Delhi",2021-05-01
1st innings,Chennai Super Kings,Mumbai Indians,13.5,RA Jadeja,AT Rayudu,KA Pollard,0,4,4,,,,,CSK vs MI 2021-05-01,KN Ananthapadmanabhan,CK Nandan,KA Pollard,Mumbai Indians,Delhi,"Arun Jaitley Stadium, Delhi",2021-05-01
1st innings,Chennai Super Kings,Mumbai Indians,13.6,RA Jadeja,AT Rayudu,KA Pollard,0,0,0,,,,,CSK vs MI 2021-05-01,KN Ananthapadmanabhan,CK Nandan,KA Pollard,Mumbai Indians,Delhi,"Arun Jaitley Stadium, Delhi",2021-05-01
1st innings,Chennai Super Kings,Mumbai Indians,13.7,RA Jadeja,AT Rayudu,KA Pollard,0,1,1,,,,,CSK vs MI 2021-05-01,KN Ananthapadmanabhan,CK Nandan,KA Pollard,Mumbai Indians,Delhi,"Arun Jaitley Stadium, Delhi",2021-05-01
1st innings,Chennai Super Kings,Mumbai Indians,14.1,RA Jadeja,AT Rayudu,RD Chahar,0,1,1,,,,,CSK vs MI 2021-05-01,KN Ananthapadmanabhan,CK Nandan,KA Pollard,Mumbai Indians,Delhi,"Arun Jaitley Stadium, Delhi",2021-05-01
1st innings,Chennai Super Kings,Mumbai Indians,14.2,AT Rayudu,RA Jadeja,RD Chahar,0,0,0,,,,,CSK vs MI 2021-05-01,KN Ananthapadmanabhan,CK Nandan,KA Pollard,Mumbai Indians,Delhi,"Arun Jaitley Stadium, Delhi",2021-05-01
1st innings,Chennai Super Kings,Mumbai Indians,14.3,AT Rayudu,RA Jadeja,RD Chahar,1,0,1,wides,,,,CSK vs MI 2021-05-01,KN Ananthapadmanabhan,CK Nandan,KA Pollard,Mumbai Indians,Delhi,"Arun Jaitley Stadium, Delhi",2021-05-01
1st innings,Chennai Super Kings,Mumbai Indians,14.4,AT Rayudu,RA Jadeja,RD Chahar,0,1,1,,,,,CSK vs MI 2021-05-01,KN Ananthapadmanabhan,CK Nandan,KA Pollard,Mumbai Indians,Delhi,"Arun Jaitley Stadium, Delhi",2021-05-01
1st innings,Chennai Super Kings,Mumbai Indians,14.5,RA Jadeja,AT Rayudu,RD Chahar,0,6,6,,,,,CSK vs MI 2021-05-01,KN Ananthapadmanabhan,CK Nandan,KA Pollard,Mumbai Indians,Delhi,"Arun Jaitley Stadium, Delhi",2021-05-01
1st innings,Chennai Super Kings,Mumbai Indians,14.6,RA Jadeja,AT Rayudu,RD Chahar,0,0,0,,,,,CSK vs MI 2021-05-01,KN Ananthapadmanabhan,CK Nandan,KA Pollard,Mumbai Indians,Delhi,"Arun Jaitley Stadium, Delhi",2021-05-01
1st innings,Chennai Super Kings,Mumbai Indians,14.7,RA Jadeja,AT Rayudu,RD Chahar,0,1,1,,,,,CSK vs MI 2021-05-01,KN Ananthapadmanabhan,CK Nandan,KA Pollard,Mumbai Indians,Delhi,"Arun Jaitley Stadium, Delhi",2021-05-01
1st innings,Chennai Super Kings,Mumbai Indians,15.1,RA Jadeja,AT Rayudu,DS Kulkarni,0,1,1,,,,,CSK vs MI 2021-05-01,KN Ananthapadmanabhan,CK Nandan,KA Pollard,Mumbai Indians,Delhi,"Arun Jaitley Stadium, Delhi",2021-05-01
1st innings,Chennai Super Kings,Mumbai Indians,15.2,AT Rayudu,RA Jadeja,DS Kulkarni,0,1,1,,,,,CSK vs MI 2021-05-01,KN Ananthapadmanabhan,CK Nandan,KA Pollard,Mumbai Indians,Delhi,"Arun Jaitley Stadium, Delhi",2021-05-01
1st innings,Chennai Super Kings,Mumbai Indians,15.3,RA Jadeja,AT Rayudu,DS Kulkarni,0,1,1,,,,,CSK vs MI 2021-05-01,KN Ananthapadmanabhan,CK Nandan,KA Pollard,Mumbai Indians,Delhi,"Arun Jaitley Stadium, Delhi",2021-05-01
1st innings,Chennai Super Kings,Mumbai Indians,15.4,AT Rayudu,RA Jadeja,DS Kulkarni,1,0,1,wides,,,,CSK vs MI 2021-05-01,KN Ananthapadmanabhan,CK Nandan,KA Pollard,Mumbai Indians,Delhi,"Arun Jaitley Stadium, Delhi",2021-05-01
1st innings,Chennai Super Kings,Mumbai Indians,15.5,AT Rayudu,RA Jadeja,DS Kulkarni,0,1,1,,,,,CSK vs MI 2021-05-01,KN Ananthapadmanabhan,CK Nandan,KA Pollard,Mumbai Indians,Delhi,"Arun Jaitley Stadium, Delhi",2021-05-01
1st innings,Chennai Super Kings,Mumbai Indians,15.6,RA Jadeja,AT Rayudu,DS Kulkarni,0,6,6,,,,,CSK vs MI 2021-05-01,KN Ananthapadmanabhan,CK Nandan,KA Pollard,Mumbai Indians,Delhi,"Arun Jaitley Stadium, Delhi",2021-05-01
1st innings,Chennai Super Kings,Mumbai Indians,15.7,RA Jadeja,AT Rayudu,DS Kulkarni,0,6,6,,,,,CSK vs MI 2021-05-01,KN Ananthapadmanabhan,CK Nandan,KA Pollard,Mumbai Indians,Delhi,"Arun Jaitley Stadium, Delhi",2021-05-01
1st innings,Chennai Super Kings,Mumbai Indians,16.1,AT Rayudu,RA Jadeja,JJ Bumrah,0,1,1,,,,,CSK vs MI 2021-05-01,KN Ananthapadmanabhan,CK Nandan,KA Pollard,Mumbai Indians,Delhi,"Arun Jaitley Stadium, Delhi",2021-05-01
1st innings,Chennai Super Kings,Mumbai Indians,16.2,RA Jadeja,AT Rayudu,JJ Bumrah,0,1,1,,,,,CSK vs MI 2021-05-01,KN Ananthapadmanabhan,CK Nandan,KA Pollard,Mumbai Indians,Delhi,"Arun Jaitley Stadium, Delhi",2021-05-01
1st innings,Chennai Super Kings,Mumbai Indians,16.3,AT Rayudu,RA Jadeja,JJ Bumrah,0,4,4,,,,,CSK vs MI 2021-05-01,KN Ananthapadmanabhan,CK Nandan,KA Pollard,Mumbai Indians,Delhi,"Arun Jaitley Stadium, Delhi",2021-05-01
1st innings,Chennai Super Kings,Mumbai Indians,16.4,AT Rayudu,RA Jadeja,JJ Bumrah,1,0,1,wides,,,,CSK vs MI 2021-05-01,KN Ananthapadmanabhan,CK Nandan,KA Pollard,Mumbai Indians,Delhi,"Arun Jaitley Stadium, Delhi",2021-05-01
1st innings,Chennai Super Kings,Mumbai Indians,16.5,AT Rayudu,RA Jadeja,JJ Bumrah,0,1,1,,,,,CSK vs MI 2021-05-01,KN Ananthapadmanabhan,CK Nandan,KA Pollard,Mumbai Indians,Delhi,"Arun Jaitley Stadium, Delhi",2021-05-01
1st innings,Chennai Super Kings,Mumbai Indians,16.6,RA Jadeja,AT Rayudu,JJ Bumrah,0,2,2,,,,,CSK vs MI 2021-05-01,KN Ananthapadmanabhan,CK Nandan,KA Pollard,Mumbai Indians,Delhi,"Arun Jaitley Stadium, Delhi",2021-05-01
1st innings,Chennai Super Kings,Mumbai Indians,16.7,RA Jadeja,AT Rayudu,JJ Bumrah,1,6,7,noballs,,,,CSK vs MI 2021-05-01,KN Ananthapadmanabhan,CK Nandan,KA Pollard,Mumbai Indians,Delhi,"Arun Jaitley Stadium, Delhi",2021-05-01
1st innings,Chennai Super Kings,Mumbai Indians,16.8,RA Jadeja,AT Rayudu,JJ Bumrah,0,4,4,,,,,CSK vs MI 2021-05-01,KN Ananthapadmanabhan,CK Nandan,KA Pollard,Mumbai Indians,Delhi,"Arun Jaitley Stadium, Delhi",2021-05-01
1st innings,Chennai Super Kings,Mumbai Indians,17.1,AT Rayudu,RA Jadeja,TA Boult,0,1,1,,,,,CSK vs MI 2021-05-01,KN Ananthapadmanabhan,CK Nandan,KA Pollard,Mumbai Indians,Delhi,"Arun Jaitley Stadium, Delhi",2021-05-01
1st innings,Chennai Super Kings,Mumbai Indians,17.2,RA Jadeja,AT Rayudu,TA Boult,0,1,1,,,,,CSK vs MI 2021-05-01,KN Ananthapadmanabhan,CK Nandan,KA Pollard,Mumbai Indians,Delhi,"Arun Jaitley Stadium, Delhi",2021-05-01
1st innings,Chennai Super Kings,Mumbai Indians,17.3,AT Rayudu,RA Jadeja,TA Boult,0,1,1,,,,,CSK vs MI 2021-05-01,KN Ananthapadmanabhan,CK Nandan,KA Pollard,Mumbai Indians,Delhi,"Arun Jaitley Stadium, Delhi",2021-05-01
1st innings,Chennai Super Kings,Mumbai Indians,17.4,RA Jadeja,AT Rayudu,TA Boult,0,6,6,,,,,CSK vs MI 2021-05-01,KN Ananthapadmanabhan,CK Nandan,KA Pollard,Mumbai Indians,Delhi,"Arun Jaitley Stadium, Delhi",2021-05-01
1st innings,Chennai Super Kings,Mumbai Indians,17.5,RA Jadeja,AT Rayudu,TA Boult,0,4,4,,,,,CSK vs MI 2021-05-01,KN Ananthapadmanabhan,CK Nandan,KA Pollard,Mumbai Indians,Delhi,"Arun Jaitley Stadium, Delhi",2021-05-01
1st innings,Chennai Super Kings,Mumbai Indians,17.6,RA Jadeja,AT Rayudu,TA Boult,1,0,1,wides,,,,CSK vs MI 2021-05-01,KN Ananthapadmanabhan,CK Nandan,KA Pollard,Mumbai Indians,Delhi,"Arun Jaitley Stadium, Delhi",2021-05-01
1st innings,Chennai Super Kings,Mumbai Indians,17.7,RA Jadeja,AT Rayudu,TA Boult,0,6,6,,,,,CSK vs MI 2021-05-01,KN Ananthapadmanabhan,CK Nandan,KA Pollard,Mumbai Indians,Delhi,"Arun Jaitley Stadium, Delhi",2021-05-01
1st innings,Chennai Super Kings,Mumbai Indians,18.1,AT Rayudu,RA Jadeja,JJ Bumrah,1,0,1,wides,,,,CSK vs MI 2021-05-01,KN Ananthapadmanabhan,CK Nandan,KA Pollard,Mumbai Indians,Delhi,"Arun Jaitley Stadium, Delhi",2021-05-01
1st innings,Chennai Super Kings,Mumbai Indians,18.2,AT Rayudu,RA Jadeja,JJ Bumrah,0,1,1,,,,,CSK vs MI 2021-05-01,KN Ananthapadmanabhan,CK Nandan,KA Pollard,Mumbai Indians,Delhi,"Arun Jaitley Stadium, Delhi",2021-05-01
1st innings,Chennai Super Kings,Mumbai Indians,18.3,RA Jadeja,AT Rayudu,JJ Bumrah,0,1,1,,,,,CSK vs MI 2021-05-01,KN Ananthapadmanabhan,CK Nandan,KA Pollard,Mumbai Indians,Delhi,"Arun Jaitley Stadium, Delhi",2021-05-01
1st innings,Chennai Super Kings,Mumbai Indians,18.4,AT Rayudu,RA Jadeja,JJ Bumrah,0,1,1,,,,,CSK vs MI 2021-05-01,KN Ananthapadmanabhan,CK Nandan,KA Pollard,Mumbai Indians,Delhi,"Arun Jaitley Stadium, Delhi",2021-05-01
1st innings,Chennai Super Kings,Mumbai Indians,18.5,RA Jadeja,AT Rayudu,JJ Bumrah,0,1,1,,,,,CSK vs MI 2021-05-01,KN Ananthapadmanabhan,CK Nandan,KA Pollard,Mumbai Indians,Delhi,"Arun Jaitley Stadium, Delhi",2021-05-01
1st innings,Chennai Super Kings,Mumbai Indians,18.6,AT Rayudu,RA Jadeja,JJ Bumrah,0,4,4,,,,,CSK vs MI 2021-05-01,KN Ananthapadmanabhan,CK Nandan,KA Pollard,Mumbai Indians,Delhi,"Arun Jaitley Stadium, Delhi",2021-05-01
1st innings,Chennai Super Kings,Mumbai Indians,18.7,AT Rayudu,RA Jadeja,JJ Bumrah,0,1,1,,,,,CSK vs MI 2021-05-01,KN Ananthapadmanabhan,CK Nandan,KA Pollard,Mumbai Indians,Delhi,"Arun Jaitley Stadium, Delhi",2021-05-01
1st innings,Chennai Super Kings,Mumbai Indians,19.1,AT Rayudu,RA Jadeja,DS Kulkarni,0,1,1,,,,,CSK vs MI 2021-05-01,KN Ananthapadmanabhan,CK Nandan,KA Pollard,Mumbai Indians,Delhi,"Arun Jaitley Stadium, Delhi",2021-05-01
1st innings,Chennai Super Kings,Mumbai Indians,19.2,RA Jadeja,AT Rayudu,DS Kulkarni,0,1,1,,,,,CSK vs MI 2021-05-01,KN Ananthapadmanabhan,CK Nandan,KA Pollard,Mumbai Indians,Delhi,"Arun Jaitley Stadium, Delhi",2021-05-01
1st innings,Chennai Super Kings,Mumbai Indians,19.3,AT Rayudu,RA Jadeja,DS Kulkarni,1,0,1,wides,,,,CSK vs MI 2021-05-01,KN Ananthapadmanabhan,CK Nandan,KA Pollard,Mumbai Indians,Delhi,"Arun Jaitley Stadium, Delhi",2021-05-01
1st innings,Chennai Super Kings,Mumbai Indians,19.4,AT Rayudu,RA Jadeja,DS Kulkarni,0,1,1,,,,,CSK vs MI 2021-05-01,KN Ananthapadmanabhan,CK Nandan,KA Pollard,Mumbai Indians,Delhi,"Arun Jaitley Stadium, Delhi",2021-05-01
1st innings,Chennai Super Kings,Mumbai Indians,19.5,RA Jadeja,AT Rayudu,DS Kulkarni,0,0,0,,,,,CSK vs MI 2021-05-01,KN Ananthapadmanabhan,CK Nandan,KA Pollard,Mumbai Indians,Delhi,"Arun Jaitley Stadium, Delhi",2021-05-01
1st innings,Chennai Super Kings,Mumbai Indians,19.6,RA Jadeja,AT Rayudu,DS Kulkarni,0,6,6,,,,,CSK vs MI 2021-05-01,KN Ananthapadmanabhan,CK Nandan,KA Pollard,Mumbai Indians,Delhi,"Arun Jaitley Stadium, Delhi",2021-05-01
1st innings,Chennai Super Kings,Mumbai Indians,19.7,RA Jadeja,AT Rayudu,DS Kulkarni,0,4,4,,,,,CSK vs MI 2021-05-01,KN Ananthapadmanabhan,CK Nandan,KA Pollard,Mumbai Indians,Delhi,"Arun Jaitley Stadium, Delhi",2021-05-01
2nd innings,Mumbai Indians,Chennai Super Kings,0.1,RG Sharma,Q de Kock,DL Chahar,0,4,4,,,,,CSK vs MI 2021-05-01,KN Ananthapadmanabhan,CK Nandan,KA Pollard,Mumbai Indians,Delhi,"Arun Jaitley Stadium, Delhi",2021-05-01
2nd innings,Mumbai Indians,Chennai Super Kings,0.2,RG Sharma,Q de Kock,DL Chahar,0,0,0,,,,,CSK vs MI 2021-05-01,KN Ananthapadmanabhan,CK Nandan,KA Pollard,Mumbai Indians,Delhi,"Arun Jaitley Stadium, Delhi",2021-05-01
2nd innings,Mumbai Indians,Chennai Super Kings,0.3,RG Sharma,Q de Kock,DL Chahar,0,1,1,,,,,CSK vs MI 2021-05-01,KN Ananthapadmanabhan,CK Nandan,KA Pollard,Mumbai Indians,Delhi,"Arun Jaitley Stadium, Delhi",2021-05-01
2nd innings,Mumbai Indians,Chennai Super Kings,0.4,Q de Kock,RG Sharma,DL Chahar,1,0,1,wides,,,,CSK vs MI 2021-05-01,KN Ananthapadmanabhan,CK Nandan,KA Pollard,Mumbai Indians,Delhi,"Arun Jaitley Stadium, Delhi",2021-05-01
2nd innings,Mumbai Indians,Chennai Super Kings,0.5,Q de Kock,RG Sharma,DL Chahar,0,0,0,,,,,CSK vs MI 2021-05-01,KN Ananthapadmanabhan,CK Nandan,KA Pollard,Mumbai Indians,Delhi,"Arun Jaitley Stadium, Delhi",2021-05-01
2nd innings,Mumbai Indians,Chennai Super Kings,0.6,Q de Kock,RG Sharma,DL Chahar,0,2,2,,,,,CSK vs MI 2021-05-01,KN Ananthapadmanabhan,CK Nandan,KA Pollard,Mumbai Indians,Delhi,"Arun Jaitley Stadium, Delhi",2021-05-01
2nd innings,Mumbai Indians,Chennai Super Kings,0.7,Q de Kock,RG Sharma,DL Chahar,0,0,0,,,,,CSK vs MI 2021-05-01,KN Ananthapadmanabhan,CK Nandan,KA Pollard,Mumbai Indians,Delhi,"Arun Jaitley Stadium, Delhi",2021-05-01
2nd innings,Mumbai Indians,Chennai Super Kings,1.1,RG Sharma,Q de Kock,SM Curran,0,0,0,,,,,CSK vs MI 2021-05-01,KN Ananthapadmanabhan,CK Nandan,KA Pollard,Mumbai Indians,Delhi,"Arun Jaitley Stadium, Delhi",2021-05-01
2nd innings,Mumbai Indians,Chennai Super Kings,1.2,RG Sharma,Q de Kock,SM Curran,0,4,4,,,,,CSK vs MI 2021-05-01,KN Ananthapadmanabhan,CK Nandan,KA Pollard,Mumbai Indians,Delhi,"Arun Jaitley Stadium, Delhi",2021-05-01
2nd innings,Mumbai Indians,Chennai Super Kings,1.3,RG Sharma,Q de Kock,SM Curran,0,0,0,,,,,CSK vs MI 2021-05-01,KN Ananthapadmanabhan,CK Nandan,KA Pollard,Mumbai Indians,Delhi,"Arun Jaitley Stadium, Delhi",2021-05-01
2nd innings,Mumbai Indians,Chennai Super Kings,1.4,RG Sharma,Q de Kock,SM Curran,0,1,1,,,,,CSK vs MI 2021-05-01,KN Ananthapadmanabhan,CK Nandan,KA Pollard,Mumbai Indians,Delhi,"Arun Jaitley Stadium, Delhi",2021-05-01
2nd innings,Mumbai Indians,Chennai Super Kings,1.5,Q de Kock,RG Sharma,SM Curran,0,1,1,,,,,CSK vs MI 2021-05-01,KN Ananthapadmanabhan,CK Nandan,KA Pollard,Mumbai Indians,Delhi,"Arun Jaitley Stadium, Delhi",2021-05-01
2nd innings,Mumbai Indians,Chennai Super Kings,1.6,RG Sharma,Q de Kock,SM Curran,1,0,1,wides,,,,CSK vs MI 2021-05-01,KN Ananthapadmanabhan,CK Nandan,KA Pollard,Mumbai Indians,Delhi,"Arun Jaitley Stadium, Delhi",2021-05-01
2nd innings,Mumbai Indians,Chennai Super Kings,1.7,RG Sharma,Q de Kock,SM Curran,0,0,0,,,,,CSK vs MI 2021-05-01,KN Ananthapadmanabhan,CK Nandan,KA Pollard,Mumbai Indians,Delhi,"Arun Jaitley Stadium, Delhi",2021-05-01
2nd innings,Mumbai Indians,Chennai Super Kings,2.1,Q de Kock,RG Sharma,DL Chahar,0,4,4,,,,,CSK vs MI 2021-05-01,KN Ananthapadmanabhan,CK Nandan,KA Pollard,Mumbai Indians,Delhi,"Arun Jaitley Stadium, Delhi",2021-05-01
2nd innings,Mumbai Indians,Chennai Super Kings,2.2,Q de Kock,RG Sharma,DL Chahar,0,4,4,,,,,CSK vs MI 2021-05-01,KN Ananthapadmanabhan,CK Nandan,KA Pollard,Mumbai Indians,Delhi,"Arun Jaitley Stadium, Delhi",2021-05-01
2nd innings,Mumbai Indians,Chennai Super Kings,2.3,Q de Kock,RG Sharma,DL Chahar,0,0,0,,,,,CSK vs MI 2021-05-01,KN Ananthapadmanabhan,CK Nandan,KA Pollard,Mumbai Indians,Delhi,"Arun Jaitley Stadium, Delhi",2021-05-01
2nd innings,Mumbai Indians,Chennai Super Kings,2.4,Q de Kock,RG Sharma,DL Chahar,0,0,0,,,,,CSK vs MI 2021-05-01,KN Ananthapadmanabhan,CK Nandan,KA Pollard,Mumbai Indians,Delhi,"Arun Jaitley Stadium, Delhi",2021-05-01
2nd innings,Mumbai Indians,Chennai Super Kings,2.5,Q de Kock,RG Sharma,DL Chahar,0,1,1,,,,,CSK vs MI 2021-05-01,KN Ananthapadmanabhan,CK Nandan,KA Pollard,Mumbai Indians,Delhi,"Arun Jaitley Stadium, Delhi",2021-05-01
2nd innings,Mumbai Indians,Chennai Super Kings,2.6,RG Sharma,Q de Kock,DL Chahar,0,6,6,,,,,CSK vs MI 2021-05-01,KN Ananthapadmanabhan,CK Nandan,KA Pollard,Mumbai Indians,Delhi,"Arun Jaitley Stadium, Delhi",2021-05-01
2nd innings,Mumbai Indians,Chennai Super Kings,3.1,Q de Kock,RG Sharma,SM Curran,0,1,1,,,,,CSK vs MI 2021-05-01,KN Ananthapadmanabhan,CK Nandan,KA Pollard,Mumbai Indians,Delhi,"Arun Jaitley Stadium, Delhi",2021-05-01
2nd innings,Mumbai Indians,Chennai Super Kings,3.2,RG Sharma,Q de Kock,SM Curran,0,1,1,,,,,CSK vs MI 2021-05-01,KN Ananthapadmanabhan,CK Nandan,KA Pollard,Mumbai Indians,Delhi,"Arun Jaitley Stadium, Delhi",2021-05-01
2nd innings,Mumbai Indians,Chennai Super Kings,3.3,Q de Kock,RG Sharma,SM Curran,0,0,0,,,,,CSK vs MI 2021-05-01,KN Ananthapadmanabhan,CK Nandan,KA Pollard,Mumbai Indians,Delhi,"Arun Jaitley Stadium, Delhi",2021-05-01
2nd innings,Mumbai Indians,Chennai Super Kings,3.4,Q de Kock,RG Sharma,SM Curran,0,4,4,,,,,CSK vs MI 2021-05-01,KN Ananthapadmanabhan,CK Nandan,KA Pollard,Mumbai Indians,Delhi,"Arun Jaitley Stadium, Delhi",2021-05-01
2nd innings,Mumbai Indians,Chennai Super Kings,3.5,Q de Kock,RG Sharma,SM Curran,0,4,4,,,,,CSK vs MI 2021-05-01,KN Ananthapadmanabhan,CK Nandan,KA Pollard,Mumbai Indians,Delhi,"Arun Jaitley Stadium, Delhi",2021-05-01
2nd innings,Mumbai Indians,Chennai Super Kings,3.6,Q de Kock,RG Sharma,SM Curran,0,0,0,,,,,CSK vs MI 2021-05-01,KN Ananthapadmanabhan,CK Nandan,KA Pollard,Mumbai Indians,Delhi,"Arun Jaitley Stadium, Delhi",2021-05-01
2nd innings,Mumbai Indians,Chennai Super Kings,4.1,RG Sharma,Q de Kock,DL Chahar,0,1,1,,,,,CSK vs MI 2021-05-01,KN Ananthapadmanabhan,CK Nandan,KA Pollard,Mumbai Indians,Delhi,"Arun Jaitley Stadium, Delhi",2021-05-01
2nd innings,Mumbai Indians,Chennai Super Kings,4.2,Q de Kock,RG Sharma,DL Chahar,0,1,1,,,,,CSK vs MI 2021-05-01,KN Ananthapadmanabhan,CK Nandan,KA Pollard,Mumbai Indians,Delhi,"Arun Jaitley Stadium, Delhi",2021-05-01
2nd innings,Mumbai Indians,Chennai Super Kings,4.3,RG Sharma,Q de Kock,DL Chahar,0,0,0,,,,,CSK vs MI 2021-05-01,KN Ananthapadmanabhan,CK Nandan,KA Pollard,Mumbai Indians,Delhi,"Arun Jaitley Stadium, Delhi",2021-05-01
2nd innings,Mumbai Indians,Chennai Super Kings,4.4,RG Sharma,Q de Kock,DL Chahar,0,0,0,,,,,CSK vs MI 2021-05-01,KN Ananthapadmanabhan,CK Nandan,KA Pollard,Mumbai Indians,Delhi,"Arun Jaitley Stadium, Delhi",2021-05-01
2nd innings,Mumbai Indians,Chennai Super Kings,4.5,RG Sharma,Q de Kock,DL Chahar,0,1,1,,,,,CSK vs MI 2021-05-01,KN Ananthapadmanabhan,CK Nandan,KA Pollard,Mumbai Indians,Delhi,"Arun Jaitley Stadium, Delhi",2021-05-01
2nd innings,Mumbai Indians,Chennai Super Kings,4.6,Q de Kock,RG Sharma,DL Chahar,0,1,1,,,,,CSK vs MI 2021-05-01,KN Ananthapadmanabhan,CK Nandan,KA Pollard,Mumbai Indians,Delhi,"Arun Jaitley Stadium, Delhi",2021-05-01
2nd innings,Mumbai Indians,Chennai Super Kings,5.1,Q de Kock,RG Sharma,L Ngidi,0,6,6,,,,,CSK vs MI 2021-05-01,KN Ananthapadmanabhan,CK Nandan,KA Pollard,Mumbai Indians,Delhi,"Arun Jaitley Stadium, Delhi",2021-05-01
2nd innings,Mumbai Indians,Chennai Super Kings,5.2,Q de Kock,RG Sharma,L Ngidi,0,1,1,,,,,CSK vs MI 2021-05-01,KN Ananthapadmanabhan,CK Nandan,KA Pollard,Mumbai Indians,Delhi,"Arun Jaitley Stadium, Delhi",2021-05-01
2nd innings,Mumbai Indians,Chennai Super Kings,5.3,RG Sharma,Q de Kock,L Ngidi,0,1,1,,,,,CSK vs MI 2021-05-01,KN Ananthapadmanabhan,CK Nandan,KA Pollard,Mumbai Indians,Delhi,"Arun Jaitley Stadium, Delhi",2021-05-01
2nd innings,Mumbai Indians,Chennai Super Kings,5.4,Q de Kock,RG Sharma,L Ngidi,0,1,1,,,,,CSK vs MI 2021-05-01,KN Ananthapadmanabhan,CK Nandan,KA Pollard,Mumbai Indians,Delhi,"Arun Jaitley Stadium, Delhi",2021-05-01
2nd innings,Mumbai Indians,Chennai Super Kings,5.5,RG Sharma,Q de Kock,L Ngidi,0,4,4,,,,,CSK vs MI 2021-05-01,KN Ananthapadmanabhan,CK Nandan,KA Pollard,Mumbai Indians,Delhi,"Arun Jaitley Stadium, Delhi",2021-05-01
2nd innings,Mumbai Indians,Chennai Super Kings,5.6,RG Sharma,Q de Kock,L Ngidi,0,1,1,,,,,CSK vs MI 2021-05-01,KN Ananthapadmanabhan,CK Nandan,KA Pollard,Mumbai Indians,Delhi,"Arun Jaitley Stadium, Delhi",2021-05-01
2nd innings,Mumbai Indians,Chennai Super Kings,6.1,RG Sharma,Q de Kock,DL Chahar,0,1,1,,,,,CSK vs MI 2021-05-01,KN Ananthapadmanabhan,CK Nandan,KA Pollard,Mumbai Indians,Delhi,"Arun Jaitley Stadium, Delhi",2021-05-01
2nd innings,Mumbai Indians,Chennai Super Kings,6.2,Q de Kock,RG Sharma,DL Chahar,0,1,1,,,,,CSK vs MI 2021-05-01,KN Ananthapadmanabhan,CK Nandan,KA Pollard,Mumbai Indians,Delhi,"Arun Jaitley Stadium, Delhi",2021-05-01
2nd innings,Mumbai Indians,Chennai Super Kings,6.3,RG Sharma,Q de Kock,DL Chahar,0,4,4,,,,,CSK vs MI 2021-05-01,KN Ananthapadmanabhan,CK Nandan,KA Pollard,Mumbai Indians,Delhi,"Arun Jaitley Stadium, Delhi",2021-05-01
2nd innings,Mumbai Indians,Chennai Super Kings,6.4,RG Sharma,Q de Kock,DL Chahar,0,1,1,,,,,CSK vs MI 2021-05-01,KN Ananthapadmanabhan,CK Nandan,KA Pollard,Mumbai Indians,Delhi,"Arun Jaitley Stadium, Delhi",2021-05-01
2nd innings,Mumbai Indians,Chennai Super Kings,6.5,Q de Kock,RG Sharma,DL Chahar,0,0,0,,,,,CSK vs MI 2021-05-01,KN Ananthapadmanabhan,CK Nandan,KA Pollard,Mumbai Indians,Delhi,"Arun Jaitley Stadium, Delhi",2021-05-01
2nd innings,Mumbai Indians,Chennai Super Kings,6.6,Q de Kock,RG Sharma,DL Chahar,1,0,1,wides,,,,CSK vs MI 2021-05-01,KN Ananthapadmanabhan,CK Nandan,KA Pollard,Mumbai Indians,Delhi,"Arun Jaitley Stadium, Delhi",2021-05-01
2nd innings,Mumbai Indians,Chennai Super Kings,6.7,Q de Kock,RG Sharma,DL Chahar,0,2,2,,,,,CSK vs MI 2021-05-01,KN Ananthapadmanabhan,CK Nandan,KA Pollard,Mumbai Indians,Delhi,"Arun Jaitley Stadium, Delhi",2021-05-01
2nd innings,Mumbai Indians,Chennai Super Kings,7.1,RG Sharma,Q de Kock,SN Thakur,0,1,1,,,,,CSK vs MI 2021-05-01,KN Ananthapadmanabhan,CK Nandan,KA Pollard,Mumbai Indians,Delhi,"Arun Jaitley Stadium, Delhi",2021-05-01
2nd innings,Mumbai Indians,Chennai Super Kings,7.2,Q de Kock,RG Sharma,SN Thakur,0,1,1,,,,,CSK vs MI 2021-05-01,KN Ananthapadmanabhan,CK Nandan,KA Pollard,Mumbai Indians,Delhi,"Arun Jaitley Stadium, Delhi",2021-05-01
2nd innings,Mumbai Indians,Chennai Super Kings,7.3,RG Sharma,Q de Kock,SN Thakur,0,1,1,,,,,CSK vs MI 2021-05-01,KN Ananthapadmanabhan,CK Nandan,KA Pollard,Mumbai Indians,Delhi,"Arun Jaitley Stadium, Delhi",2021-05-01
2nd innings,Mumbai Indians,Chennai Super Kings,7.4,Q de Kock,RG Sharma,SN Thakur,0,0,0,,RG Sharma,caught,RD Gaikwad,CSK vs MI 2021-05-01,KN Ananthapadmanabhan,CK Nandan,KA Pollard,Mumbai Indians,Delhi,"Arun Jaitley Stadium, Delhi",2021-05-01
2nd innings,Mumbai Indians,Chennai Super Kings,7.5,SA Yadav,Q de Kock,SN Thakur,0,1,1,,,,,CSK vs MI 2021-05-01,KN Ananthapadmanabhan,CK Nandan,KA Pollard,Mumbai Indians,Delhi,"Arun Jaitley Stadium, Delhi",2021-05-01
2nd innings,Mumbai Indians,Chennai Super Kings,7.6,Q de Kock,SA Yadav,SN Thakur,0,2,2,,,,,CSK vs MI 2021-05-01,KN Ananthapadmanabhan,CK Nandan,KA Pollard,Mumbai Indians,Delhi,"Arun Jaitley Stadium, Delhi",2021-05-01
2nd innings,Mumbai Indians,Chennai Super Kings,8.1,SA Yadav,Q de Kock,RA Jadeja,0,1,1,,,,,CSK vs MI 2021-05-01,KN Ananthapadmanabhan,CK Nandan,KA Pollard,Mumbai Indians,Delhi,"Arun Jaitley Stadium, Delhi",2021-05-01
2nd innings,Mumbai Indians,Chennai Super Kings,8.2,Q de Kock,SA Yadav,RA Jadeja,0,1,1,,,,,CSK vs MI 2021-05-01,KN Ananthapadmanabhan,CK Nandan,KA Pollard,Mumbai Indians,Delhi,"Arun Jaitley Stadium, Delhi",2021-05-01
2nd innings,Mumbai Indians,Chennai Super Kings,8.3,SA Yadav,Q de Kock,RA Jadeja,0,1,1,,,,,CSK vs MI 2021-05-01,KN Ananthapadmanabhan,CK Nandan,KA Pollard,Mumbai Indians,Delhi,"Arun Jaitley Stadium, Delhi",2021-05-01
2nd innings,Mumbai Indians,Chennai Super Kings,8.4,Q de Kock,SA Yadav,RA Jadeja,0,0,0,,SA Yadav,caught,MS Dhoni,CSK vs MI 2021-05-01,KN Ananthapadmanabhan,CK Nandan,KA Pollard,Mumbai Indians,Delhi,"Arun Jaitley Stadium, Delhi",2021-05-01
2nd innings,Mumbai Indians,Chennai Super Kings,8.5,Q de Kock,KH Pandya,RA Jadeja,0,1,1,,,,,CSK vs MI 2021-05-01,KN Ananthapadmanabhan,CK Nandan,KA Pollard,Mumbai Indians,Delhi,"Arun Jaitley Stadium, Delhi",2021-05-01
2nd innings,Mumbai Indians,Chennai Super Kings,8.6,KH Pandya,Q de Kock,RA Jadeja,0,2,2,,,,,CSK vs MI 2021-05-01,KN Ananthapadmanabhan,CK Nandan,KA Pollard,Mumbai Indians,Delhi,"Arun Jaitley Stadium, Delhi",2021-05-01
2nd innings,Mumbai Indians,Chennai Super Kings,9.1,Q de Kock,KH Pandya,MM Ali,0,0,0,,,,,CSK vs MI 2021-05-01,KN Ananthapadmanabhan,CK Nandan,KA Pollard,Mumbai Indians,Delhi,"Arun Jaitley Stadium, Delhi",2021-05-01
2nd innings,Mumbai Indians,Chennai Super Kings,9.2,Q de Kock,KH Pandya,MM Ali,0,1,1,,,,,CSK vs MI 2021-05-01,KN Ananthapadmanabhan,CK Nandan,KA Pollard,Mumbai Indians,Delhi,"Arun Jaitley Stadium, Delhi",2021-05-01
2nd innings,Mumbai Indians,Chennai Super Kings,9.3,KH Pandya,Q de Kock,MM Ali,0,0,0,,,,,CSK vs MI 2021-05-01,KN Ananthapadmanabhan,CK Nandan,KA Pollard,Mumbai Indians,Delhi,"Arun Jaitley Stadium, Delhi",2021-05-01
2nd innings,Mumbai Indians,Chennai Super Kings,9.4,KH Pandya,Q de Kock,MM Ali,0,0,0,,Q de Kock,caught and bowled,,CSK vs MI 2021-05-01,KN Ananthapadmanabhan,CK Nandan,KA Pollard,Mumbai Indians,Delhi,"Arun Jaitley Stadium, Delhi",2021-05-01
2nd innings,Mumbai Indians,Chennai Super Kings,9.5,KH Pandya,KA Pollard,MM Ali,0,0,0,,,,,CSK vs MI 2021-05-01,KN Ananthapadmanabhan,CK Nandan,KA Pollard,Mumbai Indians,Delhi,"Arun Jaitley Stadium, Delhi",2021-05-01
2nd innings,Mumbai Indians,Chennai Super Kings,9.6,KH Pandya,KA Pollard,MM Ali,0,0,0,,,,,CSK vs MI 2021-05-01,KN Ananthapadmanabhan,CK Nandan,KA Pollard,Mumbai Indians,Delhi,"Arun Jaitley Stadium, Delhi",2021-05-01
2nd innings,Mumbai Indians,Chennai Super Kings,10.1,KA Pollard,KH Pandya,RA Jadeja,0,0,0,,,,,CSK vs MI 2021-05-01,KN Ananthapadmanabhan,CK Nandan,KA Pollard,Mumbai Indians,Delhi,"Arun Jaitley Stadium, Delhi",2021-05-01
2nd innings,Mumbai Indians,Chennai Super Kings,10.2,KA Pollard,KH Pandya,RA Jadeja,0,0,0,,,,,CSK vs MI 2021-05-01,KN Ananthapadmanabhan,CK Nandan,KA Pollard,Mumbai Indians,Delhi,"Arun Jaitley Stadium, Delhi",2021-05-01
2nd innings,Mumbai Indians,Chennai Super Kings,10.3,KA Pollard,KH Pandya,RA Jadeja,0,0,0,,,,,CSK vs MI 2021-05-01,KN Ananthapadmanabhan,CK Nandan,KA Pollard,Mumbai Indians,Delhi,"Arun Jaitley Stadium, Delhi",2021-05-01
2nd innings,Mumbai Indians,Chennai Super Kings,10.4,KA Pollard,KH Pandya,RA Jadeja,0,1,1,,,,,CSK vs MI 2021-05-01,KN Ananthapadmanabhan,CK Nandan,KA Pollard,Mumbai Indians,Delhi,"Arun Jaitley Stadium, Delhi",2021-05-01
2nd innings,Mumbai Indians,Chennai Super Kings,10.5,KH Pandya,KA Pollard,RA Jadeja,0,1,1,,,,,CSK vs MI 2021-05-01,KN Ananthapadmanabhan,CK Nandan,KA Pollard,Mumbai Indians,Delhi,"Arun Jaitley Stadium, Delhi",2021-05-01
2nd innings,Mumbai Indians,Chennai Super Kings,10.6,KA Pollard,KH Pandya,RA Jadeja,0,1,1,,,,,CSK vs MI 2021-05-01,KN Ananthapadmanabhan,CK Nandan,KA Pollard,Mumbai Indians,Delhi,"Arun Jaitley Stadium, Delhi",2021-05-01
2nd innings,Mumbai Indians,Chennai Super Kings,11.1,KA Pollard,KH Pandya,SN Thakur,0,6,6,,,,,CSK vs MI 2021-05-01,KN Ananthapadmanabhan,CK Nandan,KA Pollard,Mumbai Indians,Delhi,"Arun Jaitley Stadium, Delhi",2021-05-01
2nd innings,Mumbai Indians,Chennai Super Kings,11.2,KA Pollard,KH Pandya,SN Thakur,0,0,0,,,,,CSK vs MI 2021-05-01,KN Ananthapadmanabhan,CK Nandan,KA Pollard,Mumbai Indians,Delhi,"Arun Jaitley Stadium, Delhi",2021-05-01
2nd innings,Mumbai Indians,Chennai Super Kings,11.3,KA Pollard,KH Pandya,SN Thakur,0,0,0,,,,,CSK vs MI 2021-05-01,KN Ananthapadmanabhan,CK Nandan,KA Pollard,Mumbai Indians,Delhi,"Arun Jaitley Stadium, Delhi",2021-05-01
2nd innings,Mumbai Indians,Chennai Super Kings,11.4,KA Pollard,KH Pandya,SN Thakur,0,2,2,,,,,CSK vs MI 2021-05-01,KN Ananthapadmanabhan,CK Nandan,KA Pollard,Mumbai Indians,Delhi,"Arun Jaitley Stadium, Delhi",2021-05-01
2nd innings,Mumbai Indians,Chennai Super Kings,11.5,KA Pollard,KH Pandya,SN Thakur,0,1,1,,,,,CSK vs MI 2021-05-01,KN Ananthapadmanabhan,CK Nandan,KA Pollard,Mumbai Indians,Delhi,"Arun Jaitley Stadium, Delhi",2021-05-01
2nd innings,Mumbai Indians,Chennai Super Kings,11.6,KH Pandya,KA Pollard,SN Thakur,0,1,1,,,,,CSK vs MI 2021-05-01,KN Ananthapadmanabhan,CK Nandan,KA Pollard,Mumbai Indians,Delhi,"Arun Jaitley Stadium, Delhi",2021-05-01
2nd innings,Mumbai Indians,Chennai Super Kings,12.1,KH Pandya,KA Pollard,RA Jadeja,0,1,1,,,,,CSK vs MI 2021-05-01,KN Ananthapadmanabhan,CK Nandan,KA Pollard,Mumbai Indians,Delhi,"Arun Jaitley Stadium, Delhi",2021-05-01
2nd innings,Mumbai Indians,Chennai Super Kings,12.2,KA Pollard,KH Pandya,RA Jadeja,0,1,1,,,,,CSK vs MI 2021-05-01,KN Ananthapadmanabhan,CK Nandan,KA Pollard,Mumbai Indians,Delhi,"Arun Jaitley Stadium, Delhi",2021-05-01
2nd innings,Mumbai Indians,Chennai Super Kings,12.3,KH Pandya,KA Pollard,RA Jadeja,0,6,6,,,,,CSK vs MI 2021-05-01,KN Ananthapadmanabhan,CK Nandan,KA Pollard,Mumbai Indians,Delhi,"Arun Jaitley Stadium, Delhi",2021-05-01
2nd innings,Mumbai Indians,Chennai Super Kings,12.4,KH Pandya,KA Pollard,RA Jadeja,0,0,0,,,,,CSK vs MI 2021-05-01,KN Ananthapadmanabhan,CK Nandan,KA Pollard,Mumbai Indians,Delhi,"Arun Jaitley Stadium, Delhi",2021-05-01
2nd innings,Mumbai Indians,Chennai Super Kings,12.5,KH Pandya,KA Pollard,RA Jadeja,0,6,6,,,,,CSK vs MI 2021-05-01,KN Ananthapadmanabhan,CK Nandan,KA Pollard,Mumbai Indians,Delhi,"Arun Jaitley Stadium, Delhi",2021-05-01
2nd innings,Mumbai Indians,Chennai Super Kings,12.6,KH Pandya,KA Pollard,RA Jadeja,0,6,6,,,,,CSK vs MI 2021-05-01,KN Ananthapadmanabhan,CK Nandan,KA Pollard,Mumbai Indians,Delhi,"Arun Jaitley Stadium, Delhi",2021-05-01
2nd innings,Mumbai Indians,Chennai Super Kings,13.1,KA Pollard,KH Pandya,L Ngidi,0,1,1,,,,,CSK vs MI 2021-05-01,KN Ananthapadmanabhan,CK Nandan,KA Pollard,Mumbai Indians,Delhi,"Arun Jaitley Stadium, Delhi",2021-05-01
2nd innings,Mumbai Indians,Chennai Super Kings,13.2,KH Pandya,KA Pollard,L Ngidi,0,1,1,,,,,CSK vs MI 2021-05-01,KN Ananthapadmanabhan,CK Nandan,KA Pollard,Mumbai Indians,Delhi,"Arun Jaitley Stadium, Delhi",2021-05-01
2nd innings,Mumbai Indians,Chennai Super Kings,13.3,KA Pollard,KH Pandya,L Ngidi,0,1,1,,,,,CSK vs MI 2021-05-01,KN Ananthapadmanabhan,CK Nandan,KA Pollard,Mumbai Indians,Delhi,"Arun Jaitley Stadium, Delhi",2021-05-01
2nd innings,Mumbai Indians,Chennai Super Kings,13.4,KH Pandya,KA Pollard,L Ngidi,0,6,6,,,,,CSK vs MI 2021-05-01,KN Ananthapadmanabhan,CK Nandan,KA Pollard,Mumbai Indians,Delhi,"Arun Jaitley Stadium, Delhi",2021-05-01
2nd innings,Mumbai Indians,Chennai Super Kings,13.5,KH Pandya,KA Pollard,L Ngidi,0,6,6,,,,,CSK vs MI 2021-05-01,KN Ananthapadmanabhan,CK Nandan,KA Pollard,Mumbai Indians,Delhi,"Arun Jaitley Stadium, Delhi",2021-05-01
2nd innings,Mumbai Indians,Chennai Super Kings,13.6,KH Pandya,KA Pollard,L Ngidi,0,1,1,,,,,CSK vs MI 2021-05-01,KN Ananthapadmanabhan,CK Nandan,KA Pollard,Mumbai Indians,Delhi,"Arun Jaitley Stadium, Delhi",2021-05-01
2nd innings,Mumbai Indians,Chennai Super Kings,14.1,KH Pandya,KA Pollard,SN Thakur,1,0,1,wides,,,,CSK vs MI 2021-05-01,KN Ananthapadmanabhan,CK Nandan,KA Pollard,Mumbai Indians,Delhi,"Arun Jaitley Stadium, Delhi",2021-05-01
2nd innings,Mumbai Indians,Chennai Super Kings,14.2,KH Pandya,KA Pollard,SN Thakur,0,6,6,,,,,CSK vs MI 2021-05-01,KN Ananthapadmanabhan,CK Nandan,KA Pollard,Mumbai Indians,Delhi,"Arun Jaitley Stadium, Delhi",2021-05-01
2nd innings,Mumbai Indians,Chennai Super Kings,14.3,KH Pandya,KA Pollard,SN Thakur,0,4,4,,,,,CSK vs MI 2021-05-01,KN Ananthapadmanabhan,CK Nandan,KA Pollard,Mumbai Indians,Delhi,"Arun Jaitley Stadium, Delhi",2021-05-01
2nd innings,Mumbai Indians,Chennai Super Kings,14.4,KH Pandya,KA Pollard,SN Thakur,1,0,1,wides,,,,CSK vs MI 2021-05-01,KN Ananthapadmanabhan,CK Nandan,KA Pollard,Mumbai Indians,Delhi,"Arun Jaitley Stadium, Delhi",2021-05-01
2nd innings,Mumbai Indians,Chennai Super Kings,14.5,KH Pandya,KA Pollard,SN Thakur,0,4,4,,,,,CSK vs MI 2021-05-01,KN Ananthapadmanabhan,CK Nandan,KA Pollard,Mumbai Indians,Delhi,"Arun Jaitley Stadium, Delhi",2021-05-01
2nd innings,Mumbai Indians,Chennai Super Kings,14.6,KH Pandya,KA Pollard,SN Thakur,0,4,4,,,,,CSK vs MI 2021-05-01,KN Ananthapadmanabhan,CK Nandan,KA Pollard,Mumbai Indians,Delhi,"Arun Jaitley Stadium, Delhi",2021-05-01
2nd innings,Mumbai Indians,Chennai Super Kings,14.7,KH Pandya,KA Pollard,SN Thakur,1,0,1,wides,,,,CSK vs MI 2021-05-01,KN Ananthapadmanabhan,CK Nandan,KA Pollard,Mumbai Indians,Delhi,"Arun Jaitley Stadium, Delhi",2021-05-01
2nd innings,Mumbai Indians,Chennai Super Kings,14.8,KH Pandya,KA Pollard,SN Thakur,0,1,1,,,,,CSK vs MI 2021-05-01,KN Ananthapadmanabhan,CK Nandan,KA Pollard,Mumbai Indians,Delhi,"Arun Jaitley Stadium, Delhi",2021-05-01
2nd innings,Mumbai Indians,Chennai Super Kings,14.9,KA Pollard,KH Pandya,SN Thakur,0,1,1,,,,,CSK vs MI 2021-05-01,KN Ananthapadmanabhan,CK Nandan,KA Pollard,Mumbai Indians,Delhi,"Arun Jaitley Stadium, Delhi",2021-05-01
2nd innings,Mumbai Indians,Chennai Super Kings,15.1,KA Pollard,KH Pandya,L Ngidi,0,6,6,,,,,CSK vs MI 2021-05-01,KN Ananthapadmanabhan,CK Nandan,KA Pollard,Mumbai Indians,Delhi,"Arun Jaitley Stadium, Delhi",2021-05-01
2nd innings,Mumbai Indians,Chennai Super Kings,15.2,KA Pollard,KH Pandya,L Ngidi,0,0,0,,,,,CSK vs MI 2021-05-01,KN Ananthapadmanabhan,CK Nandan,KA Pollard,Mumbai Indians,Delhi,"Arun Jaitley Stadium, Delhi",2021-05-01
2nd innings,Mumbai Indians,Chennai Super Kings,15.3,KA Pollard,KH Pandya,L Ngidi,0,4,4,,,,,CSK vs MI 2021-05-01,KN Ananthapadmanabhan,CK Nandan,KA Pollard,Mumbai Indians,Delhi,"Arun Jaitley Stadium, Delhi",2021-05-01
2nd innings,Mumbai Indians,Chennai Super Kings,15.4,KA Pollard,KH Pandya,L Ngidi,0,1,1,,,,,CSK vs MI 2021-05-01,KN Ananthapadmanabhan,CK Nandan,KA Pollard,Mumbai Indians,Delhi,"Arun Jaitley Stadium, Delhi",2021-05-01
2nd innings,Mumbai Indians,Chennai Super Kings,15.5,KH Pandya,KA Pollard,L Ngidi,0,1,1,,,,,CSK vs MI 2021-05-01,KN Ananthapadmanabhan,CK Nandan,KA Pollard,Mumbai Indians,Delhi,"Arun Jaitley Stadium, Delhi",2021-05-01
2nd innings,Mumbai Indians,Chennai Super Kings,15.6,KA Pollard,KH Pandya,L Ngidi,0,4,4,,,,,CSK vs MI 2021-05-01,KN Ananthapadmanabhan,CK Nandan,KA Pollard,Mumbai Indians,Delhi,"Arun Jaitley Stadium, Delhi",2021-05-01
2nd innings,Mumbai Indians,Chennai Super Kings,16.1,KH Pandya,KA Pollard,SM Curran,0,0,0,,,,,CSK vs MI 2021-05-01,KN Ananthapadmanabhan,CK Nandan,KA Pollard,Mumbai Indians,Delhi,"Arun Jaitley Stadium, Delhi",2021-05-01
2nd innings,Mumbai Indians,Chennai Super Kings,16.2,KH Pandya,KA Pollard,SM Curran,0,1,1,,,,,CSK vs MI 2021-05-01,KN Ananthapadmanabhan,CK Nandan,KA Pollard,Mumbai Indians,Delhi,"Arun Jaitley Stadium, Delhi",2021-05-01
2nd innings,Mumbai Indians,Chennai Super Kings,16.3,KA Pollard,KH Pandya,SM Curran,0,0,0,,KH Pandya,lbw,,CSK vs MI 2021-05-01,KN Ananthapadmanabhan,CK Nandan,KA Pollard,Mumbai Indians,Delhi,"Arun Jaitley Stadium, Delhi",2021-05-01
2nd innings,Mumbai Indians,Chennai Super Kings,16.4,KA Pollard,HH Pandya,SM Curran,0,0,0,,,,,CSK vs MI 2021-05-01,KN Ananthapadmanabhan,CK Nandan,KA Pollard,Mumbai Indians,Delhi,"Arun Jaitley Stadium, Delhi",2021-05-01
2nd innings,Mumbai Indians,Chennai Super Kings,16.5,KA Pollard,HH Pandya,SM Curran,0,1,1,,,,,CSK vs MI 2021-05-01,KN Ananthapadmanabhan,CK Nandan,KA Pollard,Mumbai Indians,Delhi,"Arun Jaitley Stadium, Delhi",2021-05-01
2nd innings,Mumbai Indians,Chennai Super Kings,16.6,HH Pandya,KA Pollard,SM Curran,0,0,0,,,,,CSK vs MI 2021-05-01,KN Ananthapadmanabhan,CK Nandan,KA Pollard,Mumbai Indians,Delhi,"Arun Jaitley Stadium, Delhi",2021-05-01
2nd innings,Mumbai Indians,Chennai Super Kings,17.1,KA Pollard,HH Pandya,SN Thakur,0,1,1,,,,,CSK vs MI 2021-05-01,KN Ananthapadmanabhan,CK Nandan,KA Pollard,Mumbai Indians,Delhi,"Arun Jaitley Stadium, Delhi",2021-05-01
2nd innings,Mumbai Indians,Chennai Super Kings,17.2,HH Pandya,KA Pollard,SN Thakur,1,0,1,wides,,,,CSK vs MI 2021-05-01,KN Ananthapadmanabhan,CK Nandan,KA Pollard,Mumbai Indians,Delhi,"Arun Jaitley Stadium, Delhi",2021-05-01
2nd innings,Mumbai Indians,Chennai Super Kings,17.3,HH Pandya,KA Pollard,SN Thakur,0,6,6,,,,,CSK vs MI 2021-05-01,KN Ananthapadmanabhan,CK Nandan,KA Pollard,Mumbai Indians,Delhi,"Arun Jaitley Stadium, Delhi",2021-05-01
2nd innings,Mumbai Indians,Chennai Super Kings,17.4,HH Pandya,KA Pollard,SN Thakur,0,4,4,,,,,CSK vs MI 2021-05-01,KN Ananthapadmanabhan,CK Nandan,KA Pollard,Mumbai Indians,Delhi,"Arun Jaitley Stadium, Delhi",2021-05-01
2nd innings,Mumbai Indians,Chennai Super Kings,17.5,HH Pandya,KA Pollard,SN Thakur,0,2,2,,,,,CSK vs MI 2021-05-01,KN Ananthapadmanabhan,CK Nandan,KA Pollard,Mumbai Indians,Delhi,"Arun Jaitley Stadium, Delhi",2021-05-01
2nd innings,Mumbai Indians,Chennai Super Kings,17.6,HH Pandya,KA Pollard,SN Thakur,0,2,2,,,,,CSK vs MI 2021-05-01,KN Ananthapadmanabhan,CK Nandan,KA Pollard,Mumbai Indians,Delhi,"Arun Jaitley Stadium, Delhi",2021-05-01
2nd innings,Mumbai Indians,Chennai Super Kings,17.7,HH Pandya,KA Pollard,SN Thakur,1,0,1,wides,,,,CSK vs MI 2021-05-01,KN Ananthapadmanabhan,CK Nandan,KA Pollard,Mumbai Indians,Delhi,"Arun Jaitley Stadium, Delhi",2021-05-01
2nd innings,Mumbai Indians,Chennai Super Kings,17.8,HH Pandya,KA Pollard,SN Thakur,0,0,0,,,,,CSK vs MI 2021-05-01,KN Ananthapadmanabhan,CK Nandan,KA Pollard,Mumbai Indians,Delhi,"Arun Jaitley Stadium, Delhi",2021-05-01
2nd innings,Mumbai Indians,Chennai Super Kings,18.1,KA Pollard,HH Pandya,SM Curran,0,6,6,,,,,CSK vs MI 2021-05-01,KN Ananthapadmanabhan,CK Nandan,KA Pollard,Mumbai Indians,Delhi,"Arun Jaitley Stadium, Delhi",2021-05-01
2nd innings,Mumbai Indians,Chennai Super Kings,18.2,KA Pollard,HH Pandya,SM Curran,0,6,6,,,,,CSK vs MI 2021-05-01,KN Ananthapadmanabhan,CK Nandan,KA Pollard,Mumbai Indians,Delhi,"Arun Jaitley Stadium, Delhi",2021-05-01
2nd innings,Mumbai Indians,Chennai Super Kings,18.3,KA Pollard,HH Pandya,SM Curran,0,2,2,,,,,CSK vs MI 2021-05-01,KN Ananthapadmanabhan,CK Nandan,KA Pollard,Mumbai Indians,Delhi,"Arun Jaitley Stadium, Delhi",2021-05-01
2nd innings,Mumbai Indians,Chennai Super Kings,18.4,KA Pollard,HH Pandya,SM Curran,0,0,0,,HH Pandya,caught,F du Plessis,CSK vs MI 2021-05-01,KN Ananthapadmanabhan,CK Nandan,KA Pollard,Mumbai Indians,Delhi,"Arun Jaitley Stadium, Delhi",2021-05-01
2nd innings,Mumbai Indians,Chennai Super Kings,18.5,JDS Neesham,KA Pollard,SM Curran,0,1,1,,,,,CSK vs MI 2021-05-01,KN Ananthapadmanabhan,CK Nandan,KA Pollard,Mumbai Indians,Delhi,"Arun Jaitley Stadium, Delhi",2021-05-01
2nd innings,Mumbai Indians,Chennai Super Kings,18.6,KA Pollard,JDS Neesham,SM Curran,0,0,0,,JDS Neesham,caught,SN Thakur,CSK vs MI 2021-05-01,KN Ananthapadmanabhan,CK Nandan,KA Pollard,Mumbai Indians,Delhi,"Arun Jaitley Stadium, Delhi",2021-05-01
2nd innings,Mumbai Indians,Chennai Super Kings,19.1,DS Kulkarni,KA Pollard,L Ngidi,0,0,0,,,,,CSK vs MI 2021-05-01,KN Ananthapadmanabhan,CK Nandan,KA Pollard,Mumbai Indians,Delhi,"Arun Jaitley Stadium, Delhi",2021-05-01
2nd innings,Mumbai Indians,Chennai Super Kings,19.2,DS Kulkarni,KA Pollard,L Ngidi,0,4,4,,,,,CSK vs MI 2021-05-01,KN Ananthapadmanabhan,CK Nandan,KA Pollard,Mumbai Indians,Delhi,"Arun Jaitley Stadium, Delhi",2021-05-01
2nd innings,Mumbai Indians,Chennai Super Kings,19.3,DS Kulkarni,KA Pollard,L Ngidi,0,4,4,,,,,CSK vs MI 2021-05-01,KN Ananthapadmanabhan,CK Nandan,KA Pollard,Mumbai Indians,Delhi,"Arun Jaitley Stadium, Delhi",2021-05-01
2nd innings,Mumbai Indians,Chennai Super Kings,19.4,DS Kulkarni,KA Pollard,L Ngidi,0,0,0,,,,,CSK vs MI 2021-05-01,KN Ananthapadmanabhan,CK Nandan,KA Pollard,Mumbai Indians,Delhi,"Arun Jaitley Stadium, Delhi",2021-05-01
2nd innings,Mumbai Indians,Chennai Super Kings,19.5,DS Kulkarni,KA Pollard,L Ngidi,0,6,6,,,,,CSK vs MI 2021-05-01,KN Ananthapadmanabhan,CK Nandan,KA Pollard,Mumbai Indians,Delhi,"Arun Jaitley Stadium, Delhi",2021-05-01
2nd innings,Mumbai Indians,Chennai Super Kings,19.6,DS Kulkarni,KA Pollard,L Ngidi,0,2,2,,,,,CSK vs MI 2021-05-01,KN Ananthapadmanabhan,CK Nandan,KA Pollard,Mumbai Indians,Delhi,"Arun Jaitley Stadium, Delhi",2021-05-01
