inning,batting_team,bowling_team,ball,non_striker,batsman,bowler,extra_runs,batsman_run,total_runs,extras,player_out,elimination_kind,fielders_caught,match_name,umpires_1,umpires_2,player_of_match,winner,city,venue,dates
1st innings,Chennai Super Kings,Punjab Kings,0.1,F du Plessis,RD Gaikwad,Mohammed Shami,0,1,1,,,,,CSK vs PK 2021-10-07,K Srinivasan,RK Illingworth,KL Rahul,Punjab Kings,Dubai,Dubai International Cricket Stadium,2021-10-07
1st innings,Chennai Super Kings,Punjab Kings,0.2,RD Gaikwad,F du Plessis,Mohammed Shami,0,1,1,,,,,CSK vs PK 2021-10-07,K Srinivasan,RK Illingworth,KL Rahul,Punjab Kings,Dubai,Dubai International Cricket Stadium,2021-10-07
1st innings,Chennai Super Kings,Punjab Kings,0.3,F du Plessis,RD Gaikwad,Mohammed Shami,0,0,0,,,,,CSK vs PK 2021-10-07,K Srinivasan,RK Illingworth,KL Rahul,Punjab Kings,Dubai,Dubai International Cricket Stadium,2021-10-07
1st innings,Chennai Super Kings,Punjab Kings,0.4,F du Plessis,RD Gaikwad,Mohammed Shami,0,0,0,,,,,CSK vs PK 2021-10-07,K Srinivasan,RK Illingworth,KL Rahul,Punjab Kings,Dubai,Dubai International Cricket Stadium,2021-10-07
1st innings,Chennai Super Kings,Punjab Kings,0.5,F du Plessis,RD Gaikwad,Mohammed Shami,0,1,1,,,,,CSK vs PK 2021-10-07,K Srinivasan,RK Illingworth,KL Rahul,Punjab Kings,Dubai,Dubai International Cricket Stadium,2021-10-07
1st innings,Chennai Super Kings,Punjab Kings,0.6,RD Gaikwad,F du Plessis,Mohammed Shami,0,0,0,,,,,CSK vs PK 2021-10-07,K Srinivasan,RK Illingworth,KL Rahul,Punjab Kings,Dubai,Dubai International Cricket Stadium,2021-10-07
1st innings,Chennai Super Kings,Punjab Kings,1.1,F du Plessis,RD Gaikwad,Harpreet Brar,0,4,4,,,,,CSK vs PK 2021-10-07,K Srinivasan,RK Illingworth,KL Rahul,Punjab Kings,Dubai,Dubai International Cricket Stadium,2021-10-07
1st innings,Chennai Super Kings,Punjab Kings,1.2,F du Plessis,RD Gaikwad,Harpreet Brar,0,1,1,,,,,CSK vs PK 2021-10-07,K Srinivasan,RK Illingworth,KL Rahul,Punjab Kings,Dubai,Dubai International Cricket Stadium,2021-10-07
1st innings,Chennai Super Kings,Punjab Kings,1.3,RD Gaikwad,F du Plessis,Harpreet Brar,0,0,0,,,,,CSK vs PK 2021-10-07,K Srinivasan,RK Illingworth,KL Rahul,Punjab Kings,Dubai,Dubai International Cricket Stadium,2021-10-07
1st innings,Chennai Super Kings,Punjab Kings,1.4,RD Gaikwad,F du Plessis,Harpreet Brar,2,0,2,wides,,,,CSK vs PK 2021-10-07,K Srinivasan,RK Illingworth,KL Rahul,Punjab Kings,Dubai,Dubai International Cricket Stadium,2021-10-07
1st innings,Chennai Super Kings,Punjab Kings,1.5,F du Plessis,RD Gaikwad,Harpreet Brar,0,0,0,,,,,CSK vs PK 2021-10-07,K Srinivasan,RK Illingworth,KL Rahul,Punjab Kings,Dubai,Dubai International Cricket Stadium,2021-10-07
1st innings,Chennai Super Kings,Punjab Kings,1.6,F du Plessis,RD Gaikwad,Harpreet Brar,0,1,1,,,,,CSK vs PK 2021-10-07,K Srinivasan,RK Illingworth,KL Rahul,Punjab Kings,Dubai,Dubai International Cricket Stadium,2021-10-07
1st innings,Chennai Super Kings,Punjab Kings,1.7,RD Gaikwad,F du Plessis,Harpreet Brar,0,0,0,,,,,CSK vs PK 2021-10-07,K Srinivasan,RK Illingworth,KL Rahul,Punjab Kings,Dubai,Dubai International Cricket Stadium,2021-10-07
1st innings,Chennai Super Kings,Punjab Kings,2.1,F du Plessis,RD Gaikwad,Mohammed Shami,0,0,0,,,,,CSK vs PK 2021-10-07,K Srinivasan,RK Illingworth,KL Rahul,Punjab Kings,Dubai,Dubai International Cricket Stadium,2021-10-07
1st innings,Chennai Super Kings,Punjab Kings,2.2,F du Plessis,RD Gaikwad,Mohammed Shami,0,0,0,,,,,CSK vs PK 2021-10-07,K Srinivasan,RK Illingworth,KL Rahul,Punjab Kings,Dubai,Dubai International Cricket Stadium,2021-10-07
1st innings,Chennai Super Kings,Punjab Kings,2.3,F du Plessis,RD Gaikwad,Mohammed Shami,0,1,1,,,,,CSK vs PK 2021-10-07,K Srinivasan,RK Illingworth,KL Rahul,Punjab Kings,Dubai,Dubai International Cricket Stadium,2021-10-07
1st innings,Chennai Super Kings,Punjab Kings,2.4,RD Gaikwad,F du Plessis,Mohammed Shami,0,0,0,,,,,CSK vs PK 2021-10-07,K Srinivasan,RK Illingworth,KL Rahul,Punjab Kings,Dubai,Dubai International Cricket Stadium,2021-10-07
1st innings,Chennai Super Kings,Punjab Kings,2.5,RD Gaikwad,F du Plessis,Mohammed Shami,0,0,0,,,,,CSK vs PK 2021-10-07,K Srinivasan,RK Illingworth,KL Rahul,Punjab Kings,Dubai,Dubai International Cricket Stadium,2021-10-07
1st innings,Chennai Super Kings,Punjab Kings,2.6,RD Gaikwad,F du Plessis,Mohammed Shami,0,1,1,,,,,CSK vs PK 2021-10-07,K Srinivasan,RK Illingworth,KL Rahul,Punjab Kings,Dubai,Dubai International Cricket Stadium,2021-10-07
1st innings,Chennai Super Kings,Punjab Kings,3.1,RD Gaikwad,F du Plessis,Arshdeep Singh,0,1,1,,,,,CSK vs PK 2021-10-07,K Srinivasan,RK Illingworth,KL Rahul,Punjab Kings,Dubai,Dubai International Cricket Stadium,2021-10-07
1st innings,Chennai Super Kings,Punjab Kings,3.2,F du Plessis,RD Gaikwad,Arshdeep Singh,0,2,2,,,,,CSK vs PK 2021-10-07,K Srinivasan,RK Illingworth,KL Rahul,Punjab Kings,Dubai,Dubai International Cricket Stadium,2021-10-07
1st innings,Chennai Super Kings,Punjab Kings,3.3,F du Plessis,RD Gaikwad,Arshdeep Singh,0,1,1,,,,,CSK vs PK 2021-10-07,K Srinivasan,RK Illingworth,KL Rahul,Punjab Kings,Dubai,Dubai International Cricket Stadium,2021-10-07
1st innings,Chennai Super Kings,Punjab Kings,3.4,RD Gaikwad,F du Plessis,Arshdeep Singh,0,1,1,,,,,CSK vs PK 2021-10-07,K Srinivasan,RK Illingworth,KL Rahul,Punjab Kings,Dubai,Dubai International Cricket Stadium,2021-10-07
1st innings,Chennai Super Kings,Punjab Kings,3.5,F du Plessis,RD Gaikwad,Arshdeep Singh,0,0,0,,RD Gaikwad,caught,M Shahrukh Khan,CSK vs PK 2021-10-07,K Srinivasan,RK Illingworth,KL Rahul,Punjab Kings,Dubai,Dubai International Cricket Stadium,2021-10-07
1st innings,Chennai Super Kings,Punjab Kings,3.6,MM Ali,F du Plessis,Arshdeep Singh,0,1,1,,,,,CSK vs PK 2021-10-07,K Srinivasan,RK Illingworth,KL Rahul,Punjab Kings,Dubai,Dubai International Cricket Stadium,2021-10-07
1st innings,Chennai Super Kings,Punjab Kings,4.1,MM Ali,F du Plessis,Mohammed Shami,0,1,1,,,,,CSK vs PK 2021-10-07,K Srinivasan,RK Illingworth,KL Rahul,Punjab Kings,Dubai,Dubai International Cricket Stadium,2021-10-07
1st innings,Chennai Super Kings,Punjab Kings,4.2,F du Plessis,MM Ali,Mohammed Shami,0,0,0,,,,,CSK vs PK 2021-10-07,K Srinivasan,RK Illingworth,KL Rahul,Punjab Kings,Dubai,Dubai International Cricket Stadium,2021-10-07
1st innings,Chennai Super Kings,Punjab Kings,4.3,F du Plessis,MM Ali,Mohammed Shami,0,0,0,,,,,CSK vs PK 2021-10-07,K Srinivasan,RK Illingworth,KL Rahul,Punjab Kings,Dubai,Dubai International Cricket Stadium,2021-10-07
1st innings,Chennai Super Kings,Punjab Kings,4.4,F du Plessis,MM Ali,Mohammed Shami,0,0,0,,,,,CSK vs PK 2021-10-07,K Srinivasan,RK Illingworth,KL Rahul,Punjab Kings,Dubai,Dubai International Cricket Stadium,2021-10-07
1st innings,Chennai Super Kings,Punjab Kings,4.5,F du Plessis,MM Ali,Mohammed Shami,0,0,0,,,,,CSK vs PK 2021-10-07,K Srinivasan,RK Illingworth,KL Rahul,Punjab Kings,Dubai,Dubai International Cricket Stadium,2021-10-07
1st innings,Chennai Super Kings,Punjab Kings,4.6,F du Plessis,MM Ali,Mohammed Shami,0,0,0,,,,,CSK vs PK 2021-10-07,K Srinivasan,RK Illingworth,KL Rahul,Punjab Kings,Dubai,Dubai International Cricket Stadium,2021-10-07
1st innings,Chennai Super Kings,Punjab Kings,5.1,MM Ali,F du Plessis,Arshdeep Singh,0,4,4,,,,,CSK vs PK 2021-10-07,K Srinivasan,RK Illingworth,KL Rahul,Punjab Kings,Dubai,Dubai International Cricket Stadium,2021-10-07
1st innings,Chennai Super Kings,Punjab Kings,5.2,MM Ali,F du Plessis,Arshdeep Singh,0,4,4,,,,,CSK vs PK 2021-10-07,K Srinivasan,RK Illingworth,KL Rahul,Punjab Kings,Dubai,Dubai International Cricket Stadium,2021-10-07
1st innings,Chennai Super Kings,Punjab Kings,5.3,MM Ali,F du Plessis,Arshdeep Singh,0,1,1,,,,,CSK vs PK 2021-10-07,K Srinivasan,RK Illingworth,KL Rahul,Punjab Kings,Dubai,Dubai International Cricket Stadium,2021-10-07
1st innings,Chennai Super Kings,Punjab Kings,5.4,F du Plessis,MM Ali,Arshdeep Singh,0,0,0,,MM Ali,caught,KL Rahul,CSK vs PK 2021-10-07,K Srinivasan,RK Illingworth,KL Rahul,Punjab Kings,Dubai,Dubai International Cricket Stadium,2021-10-07
1st innings,Chennai Super Kings,Punjab Kings,5.5,F du Plessis,RV Uthappa,Arshdeep Singh,0,0,0,,,,,CSK vs PK 2021-10-07,K Srinivasan,RK Illingworth,KL Rahul,Punjab Kings,Dubai,Dubai International Cricket Stadium,2021-10-07
1st innings,Chennai Super Kings,Punjab Kings,5.6,F du Plessis,RV Uthappa,Arshdeep Singh,0,1,1,,,,,CSK vs PK 2021-10-07,K Srinivasan,RK Illingworth,KL Rahul,Punjab Kings,Dubai,Dubai International Cricket Stadium,2021-10-07
1st innings,Chennai Super Kings,Punjab Kings,6.1,F du Plessis,RV Uthappa,CJ Jordan,0,0,0,,,,,CSK vs PK 2021-10-07,K Srinivasan,RK Illingworth,KL Rahul,Punjab Kings,Dubai,Dubai International Cricket Stadium,2021-10-07
1st innings,Chennai Super Kings,Punjab Kings,6.2,F du Plessis,RV Uthappa,CJ Jordan,0,1,1,,,,,CSK vs PK 2021-10-07,K Srinivasan,RK Illingworth,KL Rahul,Punjab Kings,Dubai,Dubai International Cricket Stadium,2021-10-07
1st innings,Chennai Super Kings,Punjab Kings,6.3,RV Uthappa,F du Plessis,CJ Jordan,0,1,1,,,,,CSK vs PK 2021-10-07,K Srinivasan,RK Illingworth,KL Rahul,Punjab Kings,Dubai,Dubai International Cricket Stadium,2021-10-07
1st innings,Chennai Super Kings,Punjab Kings,6.4,F du Plessis,RV Uthappa,CJ Jordan,0,0,0,,,,,CSK vs PK 2021-10-07,K Srinivasan,RK Illingworth,KL Rahul,Punjab Kings,Dubai,Dubai International Cricket Stadium,2021-10-07
1st innings,Chennai Super Kings,Punjab Kings,6.5,F du Plessis,RV Uthappa,CJ Jordan,0,0,0,,RV Uthappa,caught,Harpreet Brar,CSK vs PK 2021-10-07,K Srinivasan,RK Illingworth,KL Rahul,Punjab Kings,Dubai,Dubai International Cricket Stadium,2021-10-07
1st innings,Chennai Super Kings,Punjab Kings,6.6,AT Rayudu,F du Plessis,CJ Jordan,0,1,1,,,,,CSK vs PK 2021-10-07,K Srinivasan,RK Illingworth,KL Rahul,Punjab Kings,Dubai,Dubai International Cricket Stadium,2021-10-07
1st innings,Chennai Super Kings,Punjab Kings,7.1,AT Rayudu,F du Plessis,Ravi Bishnoi,0,1,1,,,,,CSK vs PK 2021-10-07,K Srinivasan,RK Illingworth,KL Rahul,Punjab Kings,Dubai,Dubai International Cricket Stadium,2021-10-07
1st innings,Chennai Super Kings,Punjab Kings,7.2,F du Plessis,AT Rayudu,Ravi Bishnoi,0,0,0,,,,,CSK vs PK 2021-10-07,K Srinivasan,RK Illingworth,KL Rahul,Punjab Kings,Dubai,Dubai International Cricket Stadium,2021-10-07
1st innings,Chennai Super Kings,Punjab Kings,7.3,F du Plessis,AT Rayudu,Ravi Bishnoi,0,1,1,,,,,CSK vs PK 2021-10-07,K Srinivasan,RK Illingworth,KL Rahul,Punjab Kings,Dubai,Dubai International Cricket Stadium,2021-10-07
1st innings,Chennai Super Kings,Punjab Kings,7.4,AT Rayudu,F du Plessis,Ravi Bishnoi,0,1,1,,,,,CSK vs PK 2021-10-07,K Srinivasan,RK Illingworth,KL Rahul,Punjab Kings,Dubai,Dubai International Cricket Stadium,2021-10-07
1st innings,Chennai Super Kings,Punjab Kings,7.5,F du Plessis,AT Rayudu,Ravi Bishnoi,0,1,1,,,,,CSK vs PK 2021-10-07,K Srinivasan,RK Illingworth,KL Rahul,Punjab Kings,Dubai,Dubai International Cricket Stadium,2021-10-07
1st innings,Chennai Super Kings,Punjab Kings,7.6,AT Rayudu,F du Plessis,Ravi Bishnoi,1,0,1,wides,,,,CSK vs PK 2021-10-07,K Srinivasan,RK Illingworth,KL Rahul,Punjab Kings,Dubai,Dubai International Cricket Stadium,2021-10-07
1st innings,Chennai Super Kings,Punjab Kings,7.7,AT Rayudu,F du Plessis,Ravi Bishnoi,0,1,1,,,,,CSK vs PK 2021-10-07,K Srinivasan,RK Illingworth,KL Rahul,Punjab Kings,Dubai,Dubai International Cricket Stadium,2021-10-07
1st innings,Chennai Super Kings,Punjab Kings,8.1,AT Rayudu,F du Plessis,CJ Jordan,0,1,1,,,,,CSK vs PK 2021-10-07,K Srinivasan,RK Illingworth,KL Rahul,Punjab Kings,Dubai,Dubai International Cricket Stadium,2021-10-07
1st innings,Chennai Super Kings,Punjab Kings,8.2,F du Plessis,AT Rayudu,CJ Jordan,0,2,2,,,,,CSK vs PK 2021-10-07,K Srinivasan,RK Illingworth,KL Rahul,Punjab Kings,Dubai,Dubai International Cricket Stadium,2021-10-07
1st innings,Chennai Super Kings,Punjab Kings,8.3,F du Plessis,AT Rayudu,CJ Jordan,0,0,0,,AT Rayudu,caught,Arshdeep Singh,CSK vs PK 2021-10-07,K Srinivasan,RK Illingworth,KL Rahul,Punjab Kings,Dubai,Dubai International Cricket Stadium,2021-10-07
1st innings,Chennai Super Kings,Punjab Kings,8.4,F du Plessis,MS Dhoni,CJ Jordan,0,1,1,,,,,CSK vs PK 2021-10-07,K Srinivasan,RK Illingworth,KL Rahul,Punjab Kings,Dubai,Dubai International Cricket Stadium,2021-10-07
1st innings,Chennai Super Kings,Punjab Kings,8.5,MS Dhoni,F du Plessis,CJ Jordan,1,0,1,wides,,,,CSK vs PK 2021-10-07,K Srinivasan,RK Illingworth,KL Rahul,Punjab Kings,Dubai,Dubai International Cricket Stadium,2021-10-07
1st innings,Chennai Super Kings,Punjab Kings,8.6,MS Dhoni,F du Plessis,CJ Jordan,0,0,0,,,,,CSK vs PK 2021-10-07,K Srinivasan,RK Illingworth,KL Rahul,Punjab Kings,Dubai,Dubai International Cricket Stadium,2021-10-07
1st innings,Chennai Super Kings,Punjab Kings,8.7,MS Dhoni,F du Plessis,CJ Jordan,0,0,0,,,,,CSK vs PK 2021-10-07,K Srinivasan,RK Illingworth,KL Rahul,Punjab Kings,Dubai,Dubai International Cricket Stadium,2021-10-07
1st innings,Chennai Super Kings,Punjab Kings,9.1,F du Plessis,MS Dhoni,Ravi Bishnoi,0,4,4,,,,,CSK vs PK 2021-10-07,K Srinivasan,RK Illingworth,KL Rahul,Punjab Kings,Dubai,Dubai International Cricket Stadium,2021-10-07
1st innings,Chennai Super Kings,Punjab Kings,9.2,F du Plessis,MS Dhoni,Ravi Bishnoi,0,0,0,,,,,CSK vs PK 2021-10-07,K Srinivasan,RK Illingworth,KL Rahul,Punjab Kings,Dubai,Dubai International Cricket Stadium,2021-10-07
1st innings,Chennai Super Kings,Punjab Kings,9.3,F du Plessis,MS Dhoni,Ravi Bishnoi,0,0,0,,,,,CSK vs PK 2021-10-07,K Srinivasan,RK Illingworth,KL Rahul,Punjab Kings,Dubai,Dubai International Cricket Stadium,2021-10-07
1st innings,Chennai Super Kings,Punjab Kings,9.4,F du Plessis,MS Dhoni,Ravi Bishnoi,0,1,1,,,,,CSK vs PK 2021-10-07,K Srinivasan,RK Illingworth,KL Rahul,Punjab Kings,Dubai,Dubai International Cricket Stadium,2021-10-07
1st innings,Chennai Super Kings,Punjab Kings,9.5,MS Dhoni,F du Plessis,Ravi Bishnoi,0,4,4,,,,,CSK vs PK 2021-10-07,K Srinivasan,RK Illingworth,KL Rahul,Punjab Kings,Dubai,Dubai International Cricket Stadium,2021-10-07
1st innings,Chennai Super Kings,Punjab Kings,9.6,MS Dhoni,F du Plessis,Ravi Bishnoi,0,0,0,,,,,CSK vs PK 2021-10-07,K Srinivasan,RK Illingworth,KL Rahul,Punjab Kings,Dubai,Dubai International Cricket Stadium,2021-10-07
1st innings,Chennai Super Kings,Punjab Kings,10.1,F du Plessis,MS Dhoni,Harpreet Brar,0,0,0,,,,,CSK vs PK 2021-10-07,K Srinivasan,RK Illingworth,KL Rahul,Punjab Kings,Dubai,Dubai International Cricket Stadium,2021-10-07
1st innings,Chennai Super Kings,Punjab Kings,10.2,F du Plessis,MS Dhoni,Harpreet Brar,0,0,0,,,,,CSK vs PK 2021-10-07,K Srinivasan,RK Illingworth,KL Rahul,Punjab Kings,Dubai,Dubai International Cricket Stadium,2021-10-07
1st innings,Chennai Super Kings,Punjab Kings,10.3,F du Plessis,MS Dhoni,Harpreet Brar,0,0,0,,,,,CSK vs PK 2021-10-07,K Srinivasan,RK Illingworth,KL Rahul,Punjab Kings,Dubai,Dubai International Cricket Stadium,2021-10-07
1st innings,Chennai Super Kings,Punjab Kings,10.4,F du Plessis,MS Dhoni,Harpreet Brar,0,0,0,,,,,CSK vs PK 2021-10-07,K Srinivasan,RK Illingworth,KL Rahul,Punjab Kings,Dubai,Dubai International Cricket Stadium,2021-10-07
1st innings,Chennai Super Kings,Punjab Kings,10.5,F du Plessis,MS Dhoni,Harpreet Brar,0,1,1,,,,,CSK vs PK 2021-10-07,K Srinivasan,RK Illingworth,KL Rahul,Punjab Kings,Dubai,Dubai International Cricket Stadium,2021-10-07
1st innings,Chennai Super Kings,Punjab Kings,10.6,MS Dhoni,F du Plessis,Harpreet Brar,1,0,1,wides,,,,CSK vs PK 2021-10-07,K Srinivasan,RK Illingworth,KL Rahul,Punjab Kings,Dubai,Dubai International Cricket Stadium,2021-10-07
1st innings,Chennai Super Kings,Punjab Kings,10.7,MS Dhoni,F du Plessis,Harpreet Brar,0,0,0,,,,,CSK vs PK 2021-10-07,K Srinivasan,RK Illingworth,KL Rahul,Punjab Kings,Dubai,Dubai International Cricket Stadium,2021-10-07
1st innings,Chennai Super Kings,Punjab Kings,11.1,F du Plessis,MS Dhoni,Ravi Bishnoi,0,4,4,,,,,CSK vs PK 2021-10-07,K Srinivasan,RK Illingworth,KL Rahul,Punjab Kings,Dubai,Dubai International Cricket Stadium,2021-10-07
1st innings,Chennai Super Kings,Punjab Kings,11.2,F du Plessis,MS Dhoni,Ravi Bishnoi,0,0,0,,,,,CSK vs PK 2021-10-07,K Srinivasan,RK Illingworth,KL Rahul,Punjab Kings,Dubai,Dubai International Cricket Stadium,2021-10-07
1st innings,Chennai Super Kings,Punjab Kings,11.3,F du Plessis,MS Dhoni,Ravi Bishnoi,0,0,0,,,,,CSK vs PK 2021-10-07,K Srinivasan,RK Illingworth,KL Rahul,Punjab Kings,Dubai,Dubai International Cricket Stadium,2021-10-07
1st innings,Chennai Super Kings,Punjab Kings,11.4,F du Plessis,MS Dhoni,Ravi Bishnoi,0,1,1,,,,,CSK vs PK 2021-10-07,K Srinivasan,RK Illingworth,KL Rahul,Punjab Kings,Dubai,Dubai International Cricket Stadium,2021-10-07
1st innings,Chennai Super Kings,Punjab Kings,11.5,MS Dhoni,F du Plessis,Ravi Bishnoi,0,1,1,,,,,CSK vs PK 2021-10-07,K Srinivasan,RK Illingworth,KL Rahul,Punjab Kings,Dubai,Dubai International Cricket Stadium,2021-10-07
1st innings,Chennai Super Kings,Punjab Kings,11.6,F du Plessis,MS Dhoni,Ravi Bishnoi,0,0,0,,MS Dhoni,bowled,,CSK vs PK 2021-10-07,K Srinivasan,RK Illingworth,KL Rahul,Punjab Kings,Dubai,Dubai International Cricket Stadium,2021-10-07
1st innings,Chennai Super Kings,Punjab Kings,12.1,RA Jadeja,F du Plessis,Harpreet Brar,0,2,2,,,,,CSK vs PK 2021-10-07,K Srinivasan,RK Illingworth,KL Rahul,Punjab Kings,Dubai,Dubai International Cricket Stadium,2021-10-07
1st innings,Chennai Super Kings,Punjab Kings,12.2,RA Jadeja,F du Plessis,Harpreet Brar,0,1,1,,,,,CSK vs PK 2021-10-07,K Srinivasan,RK Illingworth,KL Rahul,Punjab Kings,Dubai,Dubai International Cricket Stadium,2021-10-07
1st innings,Chennai Super Kings,Punjab Kings,12.3,F du Plessis,RA Jadeja,Harpreet Brar,0,0,0,,,,,CSK vs PK 2021-10-07,K Srinivasan,RK Illingworth,KL Rahul,Punjab Kings,Dubai,Dubai International Cricket Stadium,2021-10-07
1st innings,Chennai Super Kings,Punjab Kings,12.4,F du Plessis,RA Jadeja,Harpreet Brar,0,0,0,,,,,CSK vs PK 2021-10-07,K Srinivasan,RK Illingworth,KL Rahul,Punjab Kings,Dubai,Dubai International Cricket Stadium,2021-10-07
1st innings,Chennai Super Kings,Punjab Kings,12.5,F du Plessis,RA Jadeja,Harpreet Brar,0,1,1,,,,,CSK vs PK 2021-10-07,K Srinivasan,RK Illingworth,KL Rahul,Punjab Kings,Dubai,Dubai International Cricket Stadium,2021-10-07
1st innings,Chennai Super Kings,Punjab Kings,12.6,RA Jadeja,F du Plessis,Harpreet Brar,0,1,1,,,,,CSK vs PK 2021-10-07,K Srinivasan,RK Illingworth,KL Rahul,Punjab Kings,Dubai,Dubai International Cricket Stadium,2021-10-07
1st innings,Chennai Super Kings,Punjab Kings,13.1,RA Jadeja,F du Plessis,MC Henriques,0,0,0,,,,,CSK vs PK 2021-10-07,K Srinivasan,RK Illingworth,KL Rahul,Punjab Kings,Dubai,Dubai International Cricket Stadium,2021-10-07
1st innings,Chennai Super Kings,Punjab Kings,13.2,RA Jadeja,F du Plessis,MC Henriques,1,0,1,wides,,,,CSK vs PK 2021-10-07,K Srinivasan,RK Illingworth,KL Rahul,Punjab Kings,Dubai,Dubai International Cricket Stadium,2021-10-07
1st innings,Chennai Super Kings,Punjab Kings,13.3,RA Jadeja,F du Plessis,MC Henriques,0,1,1,,,,,CSK vs PK 2021-10-07,K Srinivasan,RK Illingworth,KL Rahul,Punjab Kings,Dubai,Dubai International Cricket Stadium,2021-10-07
1st innings,Chennai Super Kings,Punjab Kings,13.4,F du Plessis,RA Jadeja,MC Henriques,0,1,1,,,,,CSK vs PK 2021-10-07,K Srinivasan,RK Illingworth,KL Rahul,Punjab Kings,Dubai,Dubai International Cricket Stadium,2021-10-07
1st innings,Chennai Super Kings,Punjab Kings,13.5,RA Jadeja,F du Plessis,MC Henriques,0,1,1,,,,,CSK vs PK 2021-10-07,K Srinivasan,RK Illingworth,KL Rahul,Punjab Kings,Dubai,Dubai International Cricket Stadium,2021-10-07
1st innings,Chennai Super Kings,Punjab Kings,13.6,F du Plessis,RA Jadeja,MC Henriques,0,4,4,,,,,CSK vs PK 2021-10-07,K Srinivasan,RK Illingworth,KL Rahul,Punjab Kings,Dubai,Dubai International Cricket Stadium,2021-10-07
1st innings,Chennai Super Kings,Punjab Kings,13.7,F du Plessis,RA Jadeja,MC Henriques,0,1,1,,,,,CSK vs PK 2021-10-07,K Srinivasan,RK Illingworth,KL Rahul,Punjab Kings,Dubai,Dubai International Cricket Stadium,2021-10-07
1st innings,Chennai Super Kings,Punjab Kings,14.1,F du Plessis,RA Jadeja,Harpreet Brar,0,0,0,,,,,CSK vs PK 2021-10-07,K Srinivasan,RK Illingworth,KL Rahul,Punjab Kings,Dubai,Dubai International Cricket Stadium,2021-10-07
1st innings,Chennai Super Kings,Punjab Kings,14.2,F du Plessis,RA Jadeja,Harpreet Brar,0,1,1,,,,,CSK vs PK 2021-10-07,K Srinivasan,RK Illingworth,KL Rahul,Punjab Kings,Dubai,Dubai International Cricket Stadium,2021-10-07
1st innings,Chennai Super Kings,Punjab Kings,14.3,RA Jadeja,F du Plessis,Harpreet Brar,0,4,4,,,,,CSK vs PK 2021-10-07,K Srinivasan,RK Illingworth,KL Rahul,Punjab Kings,Dubai,Dubai International Cricket Stadium,2021-10-07
1st innings,Chennai Super Kings,Punjab Kings,14.4,RA Jadeja,F du Plessis,Harpreet Brar,0,1,1,,,,,CSK vs PK 2021-10-07,K Srinivasan,RK Illingworth,KL Rahul,Punjab Kings,Dubai,Dubai International Cricket Stadium,2021-10-07
1st innings,Chennai Super Kings,Punjab Kings,14.5,F du Plessis,RA Jadeja,Harpreet Brar,0,1,1,,,,,CSK vs PK 2021-10-07,K Srinivasan,RK Illingworth,KL Rahul,Punjab Kings,Dubai,Dubai International Cricket Stadium,2021-10-07
1st innings,Chennai Super Kings,Punjab Kings,14.6,RA Jadeja,F du Plessis,Harpreet Brar,0,0,0,,,,,CSK vs PK 2021-10-07,K Srinivasan,RK Illingworth,KL Rahul,Punjab Kings,Dubai,Dubai International Cricket Stadium,2021-10-07
1st innings,Chennai Super Kings,Punjab Kings,15.1,F du Plessis,RA Jadeja,Ravi Bishnoi,0,1,1,,,,,CSK vs PK 2021-10-07,K Srinivasan,RK Illingworth,KL Rahul,Punjab Kings,Dubai,Dubai International Cricket Stadium,2021-10-07
1st innings,Chennai Super Kings,Punjab Kings,15.2,RA Jadeja,F du Plessis,Ravi Bishnoi,0,0,0,,,,,CSK vs PK 2021-10-07,K Srinivasan,RK Illingworth,KL Rahul,Punjab Kings,Dubai,Dubai International Cricket Stadium,2021-10-07
1st innings,Chennai Super Kings,Punjab Kings,15.3,RA Jadeja,F du Plessis,Ravi Bishnoi,0,2,2,,,,,CSK vs PK 2021-10-07,K Srinivasan,RK Illingworth,KL Rahul,Punjab Kings,Dubai,Dubai International Cricket Stadium,2021-10-07
1st innings,Chennai Super Kings,Punjab Kings,15.4,RA Jadeja,F du Plessis,Ravi Bishnoi,0,0,0,,,,,CSK vs PK 2021-10-07,K Srinivasan,RK Illingworth,KL Rahul,Punjab Kings,Dubai,Dubai International Cricket Stadium,2021-10-07
1st innings,Chennai Super Kings,Punjab Kings,15.5,RA Jadeja,F du Plessis,Ravi Bishnoi,0,1,1,,,,,CSK vs PK 2021-10-07,K Srinivasan,RK Illingworth,KL Rahul,Punjab Kings,Dubai,Dubai International Cricket Stadium,2021-10-07
1st innings,Chennai Super Kings,Punjab Kings,15.6,F du Plessis,RA Jadeja,Ravi Bishnoi,0,0,0,,,,,CSK vs PK 2021-10-07,K Srinivasan,RK Illingworth,KL Rahul,Punjab Kings,Dubai,Dubai International Cricket Stadium,2021-10-07
1st innings,Chennai Super Kings,Punjab Kings,16.1,RA Jadeja,F du Plessis,Arshdeep Singh,0,1,1,,,,,CSK vs PK 2021-10-07,K Srinivasan,RK Illingworth,KL Rahul,Punjab Kings,Dubai,Dubai International Cricket Stadium,2021-10-07
1st innings,Chennai Super Kings,Punjab Kings,16.2,F du Plessis,RA Jadeja,Arshdeep Singh,0,1,1,,,,,CSK vs PK 2021-10-07,K Srinivasan,RK Illingworth,KL Rahul,Punjab Kings,Dubai,Dubai International Cricket Stadium,2021-10-07
1st innings,Chennai Super Kings,Punjab Kings,16.3,RA Jadeja,F du Plessis,Arshdeep Singh,1,0,1,wides,,,,CSK vs PK 2021-10-07,K Srinivasan,RK Illingworth,KL Rahul,Punjab Kings,Dubai,Dubai International Cricket Stadium,2021-10-07
1st innings,Chennai Super Kings,Punjab Kings,16.4,RA Jadeja,F du Plessis,Arshdeep Singh,0,4,4,,,,,CSK vs PK 2021-10-07,K Srinivasan,RK Illingworth,KL Rahul,Punjab Kings,Dubai,Dubai International Cricket Stadium,2021-10-07
1st innings,Chennai Super Kings,Punjab Kings,16.5,RA Jadeja,F du Plessis,Arshdeep Singh,0,0,0,,,,,CSK vs PK 2021-10-07,K Srinivasan,RK Illingworth,KL Rahul,Punjab Kings,Dubai,Dubai International Cricket Stadium,2021-10-07
1st innings,Chennai Super Kings,Punjab Kings,16.6,RA Jadeja,F du Plessis,Arshdeep Singh,0,2,2,,,,,CSK vs PK 2021-10-07,K Srinivasan,RK Illingworth,KL Rahul,Punjab Kings,Dubai,Dubai International Cricket Stadium,2021-10-07
1st innings,Chennai Super Kings,Punjab Kings,16.7,RA Jadeja,F du Plessis,Arshdeep Singh,0,1,1,,,,,CSK vs PK 2021-10-07,K Srinivasan,RK Illingworth,KL Rahul,Punjab Kings,Dubai,Dubai International Cricket Stadium,2021-10-07
1st innings,Chennai Super Kings,Punjab Kings,17.1,RA Jadeja,F du Plessis,CJ Jordan,0,1,1,,,,,CSK vs PK 2021-10-07,K Srinivasan,RK Illingworth,KL Rahul,Punjab Kings,Dubai,Dubai International Cricket Stadium,2021-10-07
1st innings,Chennai Super Kings,Punjab Kings,17.2,F du Plessis,RA Jadeja,CJ Jordan,0,1,1,,,,,CSK vs PK 2021-10-07,K Srinivasan,RK Illingworth,KL Rahul,Punjab Kings,Dubai,Dubai International Cricket Stadium,2021-10-07
1st innings,Chennai Super Kings,Punjab Kings,17.3,RA Jadeja,F du Plessis,CJ Jordan,0,1,1,,,,,CSK vs PK 2021-10-07,K Srinivasan,RK Illingworth,KL Rahul,Punjab Kings,Dubai,Dubai International Cricket Stadium,2021-10-07
1st innings,Chennai Super Kings,Punjab Kings,17.4,F du Plessis,RA Jadeja,CJ Jordan,0,1,1,,,,,CSK vs PK 2021-10-07,K Srinivasan,RK Illingworth,KL Rahul,Punjab Kings,Dubai,Dubai International Cricket Stadium,2021-10-07
1st innings,Chennai Super Kings,Punjab Kings,17.5,RA Jadeja,F du Plessis,CJ Jordan,0,4,4,,,,,CSK vs PK 2021-10-07,K Srinivasan,RK Illingworth,KL Rahul,Punjab Kings,Dubai,Dubai International Cricket Stadium,2021-10-07
1st innings,Chennai Super Kings,Punjab Kings,17.6,RA Jadeja,F du Plessis,CJ Jordan,0,4,4,,,,,CSK vs PK 2021-10-07,K Srinivasan,RK Illingworth,KL Rahul,Punjab Kings,Dubai,Dubai International Cricket Stadium,2021-10-07
1st innings,Chennai Super Kings,Punjab Kings,18.1,F du Plessis,RA Jadeja,Arshdeep Singh,0,1,1,,,,,CSK vs PK 2021-10-07,K Srinivasan,RK Illingworth,KL Rahul,Punjab Kings,Dubai,Dubai International Cricket Stadium,2021-10-07
1st innings,Chennai Super Kings,Punjab Kings,18.2,RA Jadeja,F du Plessis,Arshdeep Singh,0,0,0,,,,,CSK vs PK 2021-10-07,K Srinivasan,RK Illingworth,KL Rahul,Punjab Kings,Dubai,Dubai International Cricket Stadium,2021-10-07
1st innings,Chennai Super Kings,Punjab Kings,18.3,RA Jadeja,F du Plessis,Arshdeep Singh,0,1,1,,,,,CSK vs PK 2021-10-07,K Srinivasan,RK Illingworth,KL Rahul,Punjab Kings,Dubai,Dubai International Cricket Stadium,2021-10-07
1st innings,Chennai Super Kings,Punjab Kings,18.4,F du Plessis,RA Jadeja,Arshdeep Singh,1,0,1,byes,,,,CSK vs PK 2021-10-07,K Srinivasan,RK Illingworth,KL Rahul,Punjab Kings,Dubai,Dubai International Cricket Stadium,2021-10-07
1st innings,Chennai Super Kings,Punjab Kings,18.5,RA Jadeja,F du Plessis,Arshdeep Singh,0,6,6,,,,,CSK vs PK 2021-10-07,K Srinivasan,RK Illingworth,KL Rahul,Punjab Kings,Dubai,Dubai International Cricket Stadium,2021-10-07
1st innings,Chennai Super Kings,Punjab Kings,18.6,RA Jadeja,F du Plessis,Arshdeep Singh,0,1,1,,,,,CSK vs PK 2021-10-07,K Srinivasan,RK Illingworth,KL Rahul,Punjab Kings,Dubai,Dubai International Cricket Stadium,2021-10-07
1st innings,Chennai Super Kings,Punjab Kings,19.1,RA Jadeja,F du Plessis,Mohammed Shami,0,4,4,,,,,CSK vs PK 2021-10-07,K Srinivasan,RK Illingworth,KL Rahul,Punjab Kings,Dubai,Dubai International Cricket Stadium,2021-10-07
1st innings,Chennai Super Kings,Punjab Kings,19.2,RA Jadeja,F du Plessis,Mohammed Shami,0,6,6,,,,,CSK vs PK 2021-10-07,K Srinivasan,RK Illingworth,KL Rahul,Punjab Kings,Dubai,Dubai International Cricket Stadium,2021-10-07
1st innings,Chennai Super Kings,Punjab Kings,19.3,RA Jadeja,F du Plessis,Mohammed Shami,0,0,0,,F du Plessis,caught,KL Rahul,CSK vs PK 2021-10-07,K Srinivasan,RK Illingworth,KL Rahul,Punjab Kings,Dubai,Dubai International Cricket Stadium,2021-10-07
1st innings,Chennai Super Kings,Punjab Kings,19.4,DJ Bravo,RA Jadeja,Mohammed Shami,0,1,1,,,,,CSK vs PK 2021-10-07,K Srinivasan,RK Illingworth,KL Rahul,Punjab Kings,Dubai,Dubai International Cricket Stadium,2021-10-07
1st innings,Chennai Super Kings,Punjab Kings,19.5,RA Jadeja,DJ Bravo,Mohammed Shami,1,0,1,wides,,,,CSK vs PK 2021-10-07,K Srinivasan,RK Illingworth,KL Rahul,Punjab Kings,Dubai,Dubai International Cricket Stadium,2021-10-07
1st innings,Chennai Super Kings,Punjab Kings,19.6,RA Jadeja,DJ Bravo,Mohammed Shami,0,4,4,,,,,CSK vs PK 2021-10-07,K Srinivasan,RK Illingworth,KL Rahul,Punjab Kings,Dubai,Dubai International Cricket Stadium,2021-10-07
1st innings,Chennai Super Kings,Punjab Kings,19.7,RA Jadeja,DJ Bravo,Mohammed Shami,0,0,0,,,,,CSK vs PK 2021-10-07,K Srinivasan,RK Illingworth,KL Rahul,Punjab Kings,Dubai,Dubai International Cricket Stadium,2021-10-07
2nd innings,Punjab Kings,Chennai Super Kings,0.1,MA Agarwal,KL Rahul,DL Chahar,0,1,1,,,,,CSK vs PK 2021-10-07,K Srinivasan,RK Illingworth,KL Rahul,Punjab Kings,Dubai,Dubai International Cricket Stadium,2021-10-07
2nd innings,Punjab Kings,Chennai Super Kings,0.2,KL Rahul,MA Agarwal,DL Chahar,0,0,0,,,,,CSK vs PK 2021-10-07,K Srinivasan,RK Illingworth,KL Rahul,Punjab Kings,Dubai,Dubai International Cricket Stadium,2021-10-07
2nd innings,Punjab Kings,Chennai Super Kings,0.3,KL Rahul,MA Agarwal,DL Chahar,0,0,0,,,,,CSK vs PK 2021-10-07,K Srinivasan,RK Illingworth,KL Rahul,Punjab Kings,Dubai,Dubai International Cricket Stadium,2021-10-07
2nd innings,Punjab Kings,Chennai Super Kings,0.4,KL Rahul,MA Agarwal,DL Chahar,0,1,1,,,,,CSK vs PK 2021-10-07,K Srinivasan,RK Illingworth,KL Rahul,Punjab Kings,Dubai,Dubai International Cricket Stadium,2021-10-07
2nd innings,Punjab Kings,Chennai Super Kings,0.5,MA Agarwal,KL Rahul,DL Chahar,0,4,4,,,,,CSK vs PK 2021-10-07,K Srinivasan,RK Illingworth,KL Rahul,Punjab Kings,Dubai,Dubai International Cricket Stadium,2021-10-07
2nd innings,Punjab Kings,Chennai Super Kings,0.6,MA Agarwal,KL Rahul,DL Chahar,1,0,1,wides,,,,CSK vs PK 2021-10-07,K Srinivasan,RK Illingworth,KL Rahul,Punjab Kings,Dubai,Dubai International Cricket Stadium,2021-10-07
2nd innings,Punjab Kings,Chennai Super Kings,0.7,MA Agarwal,KL Rahul,DL Chahar,0,4,4,,,,,CSK vs PK 2021-10-07,K Srinivasan,RK Illingworth,KL Rahul,Punjab Kings,Dubai,Dubai International Cricket Stadium,2021-10-07
2nd innings,Punjab Kings,Chennai Super Kings,1.1,KL Rahul,MA Agarwal,JR Hazlewood,0,0,0,,,,,CSK vs PK 2021-10-07,K Srinivasan,RK Illingworth,KL Rahul,Punjab Kings,Dubai,Dubai International Cricket Stadium,2021-10-07
2nd innings,Punjab Kings,Chennai Super Kings,1.2,KL Rahul,MA Agarwal,JR Hazlewood,0,1,1,,,,,CSK vs PK 2021-10-07,K Srinivasan,RK Illingworth,KL Rahul,Punjab Kings,Dubai,Dubai International Cricket Stadium,2021-10-07
2nd innings,Punjab Kings,Chennai Super Kings,1.3,MA Agarwal,KL Rahul,JR Hazlewood,0,0,0,,,,,CSK vs PK 2021-10-07,K Srinivasan,RK Illingworth,KL Rahul,Punjab Kings,Dubai,Dubai International Cricket Stadium,2021-10-07
2nd innings,Punjab Kings,Chennai Super Kings,1.4,MA Agarwal,KL Rahul,JR Hazlewood,0,0,0,,,,,CSK vs PK 2021-10-07,K Srinivasan,RK Illingworth,KL Rahul,Punjab Kings,Dubai,Dubai International Cricket Stadium,2021-10-07
2nd innings,Punjab Kings,Chennai Super Kings,1.5,MA Agarwal,KL Rahul,JR Hazlewood,0,0,0,,,,,CSK vs PK 2021-10-07,K Srinivasan,RK Illingworth,KL Rahul,Punjab Kings,Dubai,Dubai International Cricket Stadium,2021-10-07
2nd innings,Punjab Kings,Chennai Super Kings,1.6,MA Agarwal,KL Rahul,JR Hazlewood,0,1,1,,,,,CSK vs PK 2021-10-07,K Srinivasan,RK Illingworth,KL Rahul,Punjab Kings,Dubai,Dubai International Cricket Stadium,2021-10-07
2nd innings,Punjab Kings,Chennai Super Kings,2.1,MA Agarwal,KL Rahul,DL Chahar,0,6,6,,,,,CSK vs PK 2021-10-07,K Srinivasan,RK Illingworth,KL Rahul,Punjab Kings,Dubai,Dubai International Cricket Stadium,2021-10-07
2nd innings,Punjab Kings,Chennai Super Kings,2.2,MA Agarwal,KL Rahul,DL Chahar,0,2,2,,,,,CSK vs PK 2021-10-07,K Srinivasan,RK Illingworth,KL Rahul,Punjab Kings,Dubai,Dubai International Cricket Stadium,2021-10-07
2nd innings,Punjab Kings,Chennai Super Kings,2.3,MA Agarwal,KL Rahul,DL Chahar,0,1,1,,,,,CSK vs PK 2021-10-07,K Srinivasan,RK Illingworth,KL Rahul,Punjab Kings,Dubai,Dubai International Cricket Stadium,2021-10-07
2nd innings,Punjab Kings,Chennai Super Kings,2.4,KL Rahul,MA Agarwal,DL Chahar,0,0,0,,,,,CSK vs PK 2021-10-07,K Srinivasan,RK Illingworth,KL Rahul,Punjab Kings,Dubai,Dubai International Cricket Stadium,2021-10-07
2nd innings,Punjab Kings,Chennai Super Kings,2.5,KL Rahul,MA Agarwal,DL Chahar,0,4,4,,,,,CSK vs PK 2021-10-07,K Srinivasan,RK Illingworth,KL Rahul,Punjab Kings,Dubai,Dubai International Cricket Stadium,2021-10-07
2nd innings,Punjab Kings,Chennai Super Kings,2.6,KL Rahul,MA Agarwal,DL Chahar,0,1,1,,,,,CSK vs PK 2021-10-07,K Srinivasan,RK Illingworth,KL Rahul,Punjab Kings,Dubai,Dubai International Cricket Stadium,2021-10-07
2nd innings,Punjab Kings,Chennai Super Kings,3.1,KL Rahul,MA Agarwal,JR Hazlewood,0,1,1,,,,,CSK vs PK 2021-10-07,K Srinivasan,RK Illingworth,KL Rahul,Punjab Kings,Dubai,Dubai International Cricket Stadium,2021-10-07
2nd innings,Punjab Kings,Chennai Super Kings,3.2,MA Agarwal,KL Rahul,JR Hazlewood,0,4,4,,,,,CSK vs PK 2021-10-07,K Srinivasan,RK Illingworth,KL Rahul,Punjab Kings,Dubai,Dubai International Cricket Stadium,2021-10-07
2nd innings,Punjab Kings,Chennai Super Kings,3.3,MA Agarwal,KL Rahul,JR Hazlewood,0,4,4,,,,,CSK vs PK 2021-10-07,K Srinivasan,RK Illingworth,KL Rahul,Punjab Kings,Dubai,Dubai International Cricket Stadium,2021-10-07
2nd innings,Punjab Kings,Chennai Super Kings,3.4,MA Agarwal,KL Rahul,JR Hazlewood,0,0,0,,,,,CSK vs PK 2021-10-07,K Srinivasan,RK Illingworth,KL Rahul,Punjab Kings,Dubai,Dubai International Cricket Stadium,2021-10-07
2nd innings,Punjab Kings,Chennai Super Kings,3.5,MA Agarwal,KL Rahul,JR Hazlewood,0,6,6,,,,,CSK vs PK 2021-10-07,K Srinivasan,RK Illingworth,KL Rahul,Punjab Kings,Dubai,Dubai International Cricket Stadium,2021-10-07
2nd innings,Punjab Kings,Chennai Super Kings,3.6,MA Agarwal,KL Rahul,JR Hazlewood,0,0,0,,,,,CSK vs PK 2021-10-07,K Srinivasan,RK Illingworth,KL Rahul,Punjab Kings,Dubai,Dubai International Cricket Stadium,2021-10-07
2nd innings,Punjab Kings,Chennai Super Kings,4.1,KL Rahul,MA Agarwal,SN Thakur,0,4,4,,,,,CSK vs PK 2021-10-07,K Srinivasan,RK Illingworth,KL Rahul,Punjab Kings,Dubai,Dubai International Cricket Stadium,2021-10-07
2nd innings,Punjab Kings,Chennai Super Kings,4.2,KL Rahul,MA Agarwal,SN Thakur,0,0,0,,,,,CSK vs PK 2021-10-07,K Srinivasan,RK Illingworth,KL Rahul,Punjab Kings,Dubai,Dubai International Cricket Stadium,2021-10-07
2nd innings,Punjab Kings,Chennai Super Kings,4.3,KL Rahul,MA Agarwal,SN Thakur,0,0,0,,MA Agarwal,lbw,,CSK vs PK 2021-10-07,K Srinivasan,RK Illingworth,KL Rahul,Punjab Kings,Dubai,Dubai International Cricket Stadium,2021-10-07
2nd innings,Punjab Kings,Chennai Super Kings,4.4,KL Rahul,SN Khan,SN Thakur,0,0,0,,,,,CSK vs PK 2021-10-07,K Srinivasan,RK Illingworth,KL Rahul,Punjab Kings,Dubai,Dubai International Cricket Stadium,2021-10-07
2nd innings,Punjab Kings,Chennai Super Kings,4.5,KL Rahul,SN Khan,SN Thakur,0,0,0,,,,,CSK vs PK 2021-10-07,K Srinivasan,RK Illingworth,KL Rahul,Punjab Kings,Dubai,Dubai International Cricket Stadium,2021-10-07
2nd innings,Punjab Kings,Chennai Super Kings,4.6,KL Rahul,SN Khan,SN Thakur,0,0,0,,SN Khan,caught,F du Plessis,CSK vs PK 2021-10-07,K Srinivasan,RK Illingworth,KL Rahul,Punjab Kings,Dubai,Dubai International Cricket Stadium,2021-10-07
2nd innings,Punjab Kings,Chennai Super Kings,5.1,M Shahrukh Khan,KL Rahul,JR Hazlewood,0,4,4,,,,,CSK vs PK 2021-10-07,K Srinivasan,RK Illingworth,KL Rahul,Punjab Kings,Dubai,Dubai International Cricket Stadium,2021-10-07
2nd innings,Punjab Kings,Chennai Super Kings,5.2,M Shahrukh Khan,KL Rahul,JR Hazlewood,0,0,0,,,,,CSK vs PK 2021-10-07,K Srinivasan,RK Illingworth,KL Rahul,Punjab Kings,Dubai,Dubai International Cricket Stadium,2021-10-07
2nd innings,Punjab Kings,Chennai Super Kings,5.3,M Shahrukh Khan,KL Rahul,JR Hazlewood,0,1,1,,,,,CSK vs PK 2021-10-07,K Srinivasan,RK Illingworth,KL Rahul,Punjab Kings,Dubai,Dubai International Cricket Stadium,2021-10-07
2nd innings,Punjab Kings,Chennai Super Kings,5.4,KL Rahul,M Shahrukh Khan,JR Hazlewood,0,0,0,,,,,CSK vs PK 2021-10-07,K Srinivasan,RK Illingworth,KL Rahul,Punjab Kings,Dubai,Dubai International Cricket Stadium,2021-10-07
2nd innings,Punjab Kings,Chennai Super Kings,5.5,KL Rahul,M Shahrukh Khan,JR Hazlewood,0,0,0,,,,,CSK vs PK 2021-10-07,K Srinivasan,RK Illingworth,KL Rahul,Punjab Kings,Dubai,Dubai International Cricket Stadium,2021-10-07
2nd innings,Punjab Kings,Chennai Super Kings,5.6,KL Rahul,M Shahrukh Khan,JR Hazlewood,0,0,0,,,,,CSK vs PK 2021-10-07,K Srinivasan,RK Illingworth,KL Rahul,Punjab Kings,Dubai,Dubai International Cricket Stadium,2021-10-07
2nd innings,Punjab Kings,Chennai Super Kings,6.1,M Shahrukh Khan,KL Rahul,SN Thakur,0,0,0,,,,,CSK vs PK 2021-10-07,K Srinivasan,RK Illingworth,KL Rahul,Punjab Kings,Dubai,Dubai International Cricket Stadium,2021-10-07
2nd innings,Punjab Kings,Chennai Super Kings,6.2,M Shahrukh Khan,KL Rahul,SN Thakur,0,0,0,,,,,CSK vs PK 2021-10-07,K Srinivasan,RK Illingworth,KL Rahul,Punjab Kings,Dubai,Dubai International Cricket Stadium,2021-10-07
2nd innings,Punjab Kings,Chennai Super Kings,6.3,M Shahrukh Khan,KL Rahul,SN Thakur,0,6,6,,,,,CSK vs PK 2021-10-07,K Srinivasan,RK Illingworth,KL Rahul,Punjab Kings,Dubai,Dubai International Cricket Stadium,2021-10-07
2nd innings,Punjab Kings,Chennai Super Kings,6.4,M Shahrukh Khan,KL Rahul,SN Thakur,0,4,4,,,,,CSK vs PK 2021-10-07,K Srinivasan,RK Illingworth,KL Rahul,Punjab Kings,Dubai,Dubai International Cricket Stadium,2021-10-07
2nd innings,Punjab Kings,Chennai Super Kings,6.5,M Shahrukh Khan,KL Rahul,SN Thakur,0,0,0,,,,,CSK vs PK 2021-10-07,K Srinivasan,RK Illingworth,KL Rahul,Punjab Kings,Dubai,Dubai International Cricket Stadium,2021-10-07
2nd innings,Punjab Kings,Chennai Super Kings,6.6,M Shahrukh Khan,KL Rahul,SN Thakur,0,1,1,,,,,CSK vs PK 2021-10-07,K Srinivasan,RK Illingworth,KL Rahul,Punjab Kings,Dubai,Dubai International Cricket Stadium,2021-10-07
2nd innings,Punjab Kings,Chennai Super Kings,7.1,M Shahrukh Khan,KL Rahul,RA Jadeja,0,1,1,,,,,CSK vs PK 2021-10-07,K Srinivasan,RK Illingworth,KL Rahul,Punjab Kings,Dubai,Dubai International Cricket Stadium,2021-10-07
2nd innings,Punjab Kings,Chennai Super Kings,7.2,KL Rahul,M Shahrukh Khan,RA Jadeja,0,0,0,,,,,CSK vs PK 2021-10-07,K Srinivasan,RK Illingworth,KL Rahul,Punjab Kings,Dubai,Dubai International Cricket Stadium,2021-10-07
2nd innings,Punjab Kings,Chennai Super Kings,7.3,KL Rahul,M Shahrukh Khan,RA Jadeja,0,1,1,,,,,CSK vs PK 2021-10-07,K Srinivasan,RK Illingworth,KL Rahul,Punjab Kings,Dubai,Dubai International Cricket Stadium,2021-10-07
2nd innings,Punjab Kings,Chennai Super Kings,7.4,M Shahrukh Khan,KL Rahul,RA Jadeja,0,1,1,,,,,CSK vs PK 2021-10-07,K Srinivasan,RK Illingworth,KL Rahul,Punjab Kings,Dubai,Dubai International Cricket Stadium,2021-10-07
2nd innings,Punjab Kings,Chennai Super Kings,7.5,KL Rahul,M Shahrukh Khan,RA Jadeja,0,6,6,,,,,CSK vs PK 2021-10-07,K Srinivasan,RK Illingworth,KL Rahul,Punjab Kings,Dubai,Dubai International Cricket Stadium,2021-10-07
2nd innings,Punjab Kings,Chennai Super Kings,7.6,KL Rahul,M Shahrukh Khan,RA Jadeja,0,0,0,,,,,CSK vs PK 2021-10-07,K Srinivasan,RK Illingworth,KL Rahul,Punjab Kings,Dubai,Dubai International Cricket Stadium,2021-10-07
2nd innings,Punjab Kings,Chennai Super Kings,8.1,M Shahrukh Khan,KL Rahul,DL Chahar,0,1,1,,,,,CSK vs PK 2021-10-07,K Srinivasan,RK Illingworth,KL Rahul,Punjab Kings,Dubai,Dubai International Cricket Stadium,2021-10-07
2nd innings,Punjab Kings,Chennai Super Kings,8.2,KL Rahul,M Shahrukh Khan,DL Chahar,0,0,0,,,,,CSK vs PK 2021-10-07,K Srinivasan,RK Illingworth,KL Rahul,Punjab Kings,Dubai,Dubai International Cricket Stadium,2021-10-07
2nd innings,Punjab Kings,Chennai Super Kings,8.3,KL Rahul,M Shahrukh Khan,DL Chahar,0,1,1,,,,,CSK vs PK 2021-10-07,K Srinivasan,RK Illingworth,KL Rahul,Punjab Kings,Dubai,Dubai International Cricket Stadium,2021-10-07
2nd innings,Punjab Kings,Chennai Super Kings,8.4,M Shahrukh Khan,KL Rahul,DL Chahar,0,6,6,,,,,CSK vs PK 2021-10-07,K Srinivasan,RK Illingworth,KL Rahul,Punjab Kings,Dubai,Dubai International Cricket Stadium,2021-10-07
2nd innings,Punjab Kings,Chennai Super Kings,8.5,M Shahrukh Khan,KL Rahul,DL Chahar,0,1,1,,,,,CSK vs PK 2021-10-07,K Srinivasan,RK Illingworth,KL Rahul,Punjab Kings,Dubai,Dubai International Cricket Stadium,2021-10-07
2nd innings,Punjab Kings,Chennai Super Kings,8.6,KL Rahul,M Shahrukh Khan,DL Chahar,0,0,0,,M Shahrukh Khan,caught,DJ Bravo,CSK vs PK 2021-10-07,K Srinivasan,RK Illingworth,KL Rahul,Punjab Kings,Dubai,Dubai International Cricket Stadium,2021-10-07
2nd innings,Punjab Kings,Chennai Super Kings,9.1,AK Markram,KL Rahul,DJ Bravo,0,2,2,,,,,CSK vs PK 2021-10-07,K Srinivasan,RK Illingworth,KL Rahul,Punjab Kings,Dubai,Dubai International Cricket Stadium,2021-10-07
2nd innings,Punjab Kings,Chennai Super Kings,9.2,AK Markram,KL Rahul,DJ Bravo,0,1,1,,,,,CSK vs PK 2021-10-07,K Srinivasan,RK Illingworth,KL Rahul,Punjab Kings,Dubai,Dubai International Cricket Stadium,2021-10-07
2nd innings,Punjab Kings,Chennai Super Kings,9.3,KL Rahul,AK Markram,DJ Bravo,0,1,1,,,,,CSK vs PK 2021-10-07,K Srinivasan,RK Illingworth,KL Rahul,Punjab Kings,Dubai,Dubai International Cricket Stadium,2021-10-07
2nd innings,Punjab Kings,Chennai Super Kings,9.4,AK Markram,KL Rahul,DJ Bravo,0,1,1,,,,,CSK vs PK 2021-10-07,K Srinivasan,RK Illingworth,KL Rahul,Punjab Kings,Dubai,Dubai International Cricket Stadium,2021-10-07
2nd innings,Punjab Kings,Chennai Super Kings,9.5,KL Rahul,AK Markram,DJ Bravo,0,6,6,,,,,CSK vs PK 2021-10-07,K Srinivasan,RK Illingworth,KL Rahul,Punjab Kings,Dubai,Dubai International Cricket Stadium,2021-10-07
2nd innings,Punjab Kings,Chennai Super Kings,9.6,KL Rahul,AK Markram,DJ Bravo,0,1,1,,,,,CSK vs PK 2021-10-07,K Srinivasan,RK Illingworth,KL Rahul,Punjab Kings,Dubai,Dubai International Cricket Stadium,2021-10-07
2nd innings,Punjab Kings,Chennai Super Kings,10.1,KL Rahul,AK Markram,DL Chahar,0,1,1,,,,,CSK vs PK 2021-10-07,K Srinivasan,RK Illingworth,KL Rahul,Punjab Kings,Dubai,Dubai International Cricket Stadium,2021-10-07
2nd innings,Punjab Kings,Chennai Super Kings,10.2,AK Markram,KL Rahul,DL Chahar,1,0,1,wides,,,,CSK vs PK 2021-10-07,K Srinivasan,RK Illingworth,KL Rahul,Punjab Kings,Dubai,Dubai International Cricket Stadium,2021-10-07
2nd innings,Punjab Kings,Chennai Super Kings,10.3,AK Markram,KL Rahul,DL Chahar,0,6,6,,,,,CSK vs PK 2021-10-07,K Srinivasan,RK Illingworth,KL Rahul,Punjab Kings,Dubai,Dubai International Cricket Stadium,2021-10-07
2nd innings,Punjab Kings,Chennai Super Kings,10.4,AK Markram,KL Rahul,DL Chahar,0,1,1,,,,,CSK vs PK 2021-10-07,K Srinivasan,RK Illingworth,KL Rahul,Punjab Kings,Dubai,Dubai International Cricket Stadium,2021-10-07
2nd innings,Punjab Kings,Chennai Super Kings,10.5,KL Rahul,AK Markram,DL Chahar,0,2,2,,,,,CSK vs PK 2021-10-07,K Srinivasan,RK Illingworth,KL Rahul,Punjab Kings,Dubai,Dubai International Cricket Stadium,2021-10-07
2nd innings,Punjab Kings,Chennai Super Kings,10.6,KL Rahul,AK Markram,DL Chahar,0,1,1,,,,,CSK vs PK 2021-10-07,K Srinivasan,RK Illingworth,KL Rahul,Punjab Kings,Dubai,Dubai International Cricket Stadium,2021-10-07
2nd innings,Punjab Kings,Chennai Super Kings,10.7,AK Markram,KL Rahul,DL Chahar,1,0,1,wides,,,,CSK vs PK 2021-10-07,K Srinivasan,RK Illingworth,KL Rahul,Punjab Kings,Dubai,Dubai International Cricket Stadium,2021-10-07
2nd innings,Punjab Kings,Chennai Super Kings,10.8,AK Markram,KL Rahul,DL Chahar,0,1,1,,,,,CSK vs PK 2021-10-07,K Srinivasan,RK Illingworth,KL Rahul,Punjab Kings,Dubai,Dubai International Cricket Stadium,2021-10-07
2nd innings,Punjab Kings,Chennai Super Kings,11.1,AK Markram,KL Rahul,DJ Bravo,0,2,2,,,,,CSK vs PK 2021-10-07,K Srinivasan,RK Illingworth,KL Rahul,Punjab Kings,Dubai,Dubai International Cricket Stadium,2021-10-07
2nd innings,Punjab Kings,Chennai Super Kings,11.2,AK Markram,KL Rahul,DJ Bravo,0,6,6,,,,,CSK vs PK 2021-10-07,K Srinivasan,RK Illingworth,KL Rahul,Punjab Kings,Dubai,Dubai International Cricket Stadium,2021-10-07
2nd innings,Punjab Kings,Chennai Super Kings,11.3,AK Markram,KL Rahul,DJ Bravo,1,0,1,wides,,,,CSK vs PK 2021-10-07,K Srinivasan,RK Illingworth,KL Rahul,Punjab Kings,Dubai,Dubai International Cricket Stadium,2021-10-07
2nd innings,Punjab Kings,Chennai Super Kings,11.4,AK Markram,KL Rahul,DJ Bravo,0,6,6,,,,,CSK vs PK 2021-10-07,K Srinivasan,RK Illingworth,KL Rahul,Punjab Kings,Dubai,Dubai International Cricket Stadium,2021-10-07
2nd innings,Punjab Kings,Chennai Super Kings,11.5,AK Markram,KL Rahul,DJ Bravo,0,2,2,,,,,CSK vs PK 2021-10-07,K Srinivasan,RK Illingworth,KL Rahul,Punjab Kings,Dubai,Dubai International Cricket Stadium,2021-10-07
2nd innings,Punjab Kings,Chennai Super Kings,11.6,AK Markram,KL Rahul,DJ Bravo,1,0,1,wides,,,,CSK vs PK 2021-10-07,K Srinivasan,RK Illingworth,KL Rahul,Punjab Kings,Dubai,Dubai International Cricket Stadium,2021-10-07
2nd innings,Punjab Kings,Chennai Super Kings,11.7,AK Markram,KL Rahul,DJ Bravo,0,1,1,,,,,CSK vs PK 2021-10-07,K Srinivasan,RK Illingworth,KL Rahul,Punjab Kings,Dubai,Dubai International Cricket Stadium,2021-10-07
2nd innings,Punjab Kings,Chennai Super Kings,11.8,KL Rahul,AK Markram,DJ Bravo,0,1,1,,,,,CSK vs PK 2021-10-07,K Srinivasan,RK Illingworth,KL Rahul,Punjab Kings,Dubai,Dubai International Cricket Stadium,2021-10-07
2nd innings,Punjab Kings,Chennai Super Kings,12.1,KL Rahul,AK Markram,SN Thakur,0,0,0,,AK Markram,caught,MS Dhoni,CSK vs PK 2021-10-07,K Srinivasan,RK Illingworth,KL Rahul,Punjab Kings,Dubai,Dubai International Cricket Stadium,2021-10-07
2nd innings,Punjab Kings,Chennai Super Kings,12.2,KL Rahul,MC Henriques,SN Thakur,0,0,0,,,,,CSK vs PK 2021-10-07,K Srinivasan,RK Illingworth,KL Rahul,Punjab Kings,Dubai,Dubai International Cricket Stadium,2021-10-07
2nd innings,Punjab Kings,Chennai Super Kings,12.3,KL Rahul,MC Henriques,SN Thakur,0,2,2,,,,,CSK vs PK 2021-10-07,K Srinivasan,RK Illingworth,KL Rahul,Punjab Kings,Dubai,Dubai International Cricket Stadium,2021-10-07
2nd innings,Punjab Kings,Chennai Super Kings,12.4,KL Rahul,MC Henriques,SN Thakur,0,1,1,,,,,CSK vs PK 2021-10-07,K Srinivasan,RK Illingworth,KL Rahul,Punjab Kings,Dubai,Dubai International Cricket Stadium,2021-10-07
2nd innings,Punjab Kings,Chennai Super Kings,12.5,MC Henriques,KL Rahul,SN Thakur,0,4,4,,,,,CSK vs PK 2021-10-07,K Srinivasan,RK Illingworth,KL Rahul,Punjab Kings,Dubai,Dubai International Cricket Stadium,2021-10-07
2nd innings,Punjab Kings,Chennai Super Kings,12.6,MC Henriques,KL Rahul,SN Thakur,0,6,6,,,,,CSK vs PK 2021-10-07,K Srinivasan,RK Illingworth,KL Rahul,Punjab Kings,Dubai,Dubai International Cricket Stadium,2021-10-07
