inning,batting_team,bowling_team,ball,non_striker,batsman,bowler,extra_runs,batsman_run,total_runs,extras,player_out,elimination_kind,fielders_caught,match_name,umpires_1,umpires_2,player_of_match,winner,city,venue,dates
1st innings,Chennai Super Kings,Rajasthan Royals,0.1,F du Plessis,RD Gaikwad,JD Unadkat,0,4,4,,,,,CSK vs RR 2021-04-19,PR Reiffel,VK Sharma,MM Ali,Chennai Super Kings,Mumbai,"Wankhede Stadium, Mumbai",2021-04-19
1st innings,Chennai Super Kings,Rajasthan Royals,0.2,F du Plessis,RD Gaikwad,JD Unadkat,0,0,0,,,,,CSK vs RR 2021-04-19,PR Reiffel,VK Sharma,MM Ali,Chennai Super Kings,Mumbai,"Wankhede Stadium, Mumbai",2021-04-19
1st innings,Chennai Super Kings,Rajasthan Royals,0.3,F du Plessis,RD Gaikwad,JD Unadkat,0,1,1,,,,,CSK vs RR 2021-04-19,PR Reiffel,VK Sharma,MM Ali,Chennai Super Kings,Mumbai,"Wankhede Stadium, Mumbai",2021-04-19
1st innings,Chennai Super Kings,Rajasthan Royals,0.4,RD Gaikwad,F du Plessis,JD Unadkat,0,0,0,,,,,CSK vs RR 2021-04-19,PR Reiffel,VK Sharma,MM Ali,Chennai Super Kings,Mumbai,"Wankhede Stadium, Mumbai",2021-04-19
1st innings,Chennai Super Kings,Rajasthan Royals,0.5,RD Gaikwad,F du Plessis,JD Unadkat,0,0,0,,,,,CSK vs RR 2021-04-19,PR Reiffel,VK Sharma,MM Ali,Chennai Super Kings,Mumbai,"Wankhede Stadium, Mumbai",2021-04-19
1st innings,Chennai Super Kings,Rajasthan Royals,0.6,RD Gaikwad,F du Plessis,JD Unadkat,0,0,0,,,,,CSK vs RR 2021-04-19,PR Reiffel,VK Sharma,MM Ali,Chennai Super Kings,Mumbai,"Wankhede Stadium, Mumbai",2021-04-19
1st innings,Chennai Super Kings,Rajasthan Royals,1.1,F du Plessis,RD Gaikwad,C Sakariya,0,1,1,,,,,CSK vs RR 2021-04-19,PR Reiffel,VK Sharma,MM Ali,Chennai Super Kings,Mumbai,"Wankhede Stadium, Mumbai",2021-04-19
1st innings,Chennai Super Kings,Rajasthan Royals,1.2,RD Gaikwad,F du Plessis,C Sakariya,0,1,1,,,,,CSK vs RR 2021-04-19,PR Reiffel,VK Sharma,MM Ali,Chennai Super Kings,Mumbai,"Wankhede Stadium, Mumbai",2021-04-19
1st innings,Chennai Super Kings,Rajasthan Royals,1.3,F du Plessis,RD Gaikwad,C Sakariya,0,0,0,,,,,CSK vs RR 2021-04-19,PR Reiffel,VK Sharma,MM Ali,Chennai Super Kings,Mumbai,"Wankhede Stadium, Mumbai",2021-04-19
1st innings,Chennai Super Kings,Rajasthan Royals,1.4,F du Plessis,RD Gaikwad,C Sakariya,0,0,0,,,,,CSK vs RR 2021-04-19,PR Reiffel,VK Sharma,MM Ali,Chennai Super Kings,Mumbai,"Wankhede Stadium, Mumbai",2021-04-19
1st innings,Chennai Super Kings,Rajasthan Royals,1.5,F du Plessis,RD Gaikwad,C Sakariya,0,1,1,,,,,CSK vs RR 2021-04-19,PR Reiffel,VK Sharma,MM Ali,Chennai Super Kings,Mumbai,"Wankhede Stadium, Mumbai",2021-04-19
1st innings,Chennai Super Kings,Rajasthan Royals,1.6,RD Gaikwad,F du Plessis,C Sakariya,0,6,6,,,,,CSK vs RR 2021-04-19,PR Reiffel,VK Sharma,MM Ali,Chennai Super Kings,Mumbai,"Wankhede Stadium, Mumbai",2021-04-19
1st innings,Chennai Super Kings,Rajasthan Royals,2.1,F du Plessis,RD Gaikwad,JD Unadkat,0,1,1,,,,,CSK vs RR 2021-04-19,PR Reiffel,VK Sharma,MM Ali,Chennai Super Kings,Mumbai,"Wankhede Stadium, Mumbai",2021-04-19
1st innings,Chennai Super Kings,Rajasthan Royals,2.2,RD Gaikwad,F du Plessis,JD Unadkat,0,1,1,,,,,CSK vs RR 2021-04-19,PR Reiffel,VK Sharma,MM Ali,Chennai Super Kings,Mumbai,"Wankhede Stadium, Mumbai",2021-04-19
1st innings,Chennai Super Kings,Rajasthan Royals,2.3,F du Plessis,RD Gaikwad,JD Unadkat,0,0,0,,,,,CSK vs RR 2021-04-19,PR Reiffel,VK Sharma,MM Ali,Chennai Super Kings,Mumbai,"Wankhede Stadium, Mumbai",2021-04-19
1st innings,Chennai Super Kings,Rajasthan Royals,2.4,F du Plessis,RD Gaikwad,JD Unadkat,0,1,1,,,,,CSK vs RR 2021-04-19,PR Reiffel,VK Sharma,MM Ali,Chennai Super Kings,Mumbai,"Wankhede Stadium, Mumbai",2021-04-19
1st innings,Chennai Super Kings,Rajasthan Royals,2.5,RD Gaikwad,F du Plessis,JD Unadkat,0,4,4,,,,,CSK vs RR 2021-04-19,PR Reiffel,VK Sharma,MM Ali,Chennai Super Kings,Mumbai,"Wankhede Stadium, Mumbai",2021-04-19
1st innings,Chennai Super Kings,Rajasthan Royals,2.6,RD Gaikwad,F du Plessis,JD Unadkat,0,1,1,,,,,CSK vs RR 2021-04-19,PR Reiffel,VK Sharma,MM Ali,Chennai Super Kings,Mumbai,"Wankhede Stadium, Mumbai",2021-04-19
1st innings,Chennai Super Kings,Rajasthan Royals,3.1,RD Gaikwad,F du Plessis,Mustafizur Rahman,0,1,1,,,,,CSK vs RR 2021-04-19,PR Reiffel,VK Sharma,MM Ali,Chennai Super Kings,Mumbai,"Wankhede Stadium, Mumbai",2021-04-19
1st innings,Chennai Super Kings,Rajasthan Royals,3.2,F du Plessis,RD Gaikwad,Mustafizur Rahman,0,0,0,,,,,CSK vs RR 2021-04-19,PR Reiffel,VK Sharma,MM Ali,Chennai Super Kings,Mumbai,"Wankhede Stadium, Mumbai",2021-04-19
1st innings,Chennai Super Kings,Rajasthan Royals,3.3,F du Plessis,RD Gaikwad,Mustafizur Rahman,0,1,1,,,,,CSK vs RR 2021-04-19,PR Reiffel,VK Sharma,MM Ali,Chennai Super Kings,Mumbai,"Wankhede Stadium, Mumbai",2021-04-19
1st innings,Chennai Super Kings,Rajasthan Royals,3.4,RD Gaikwad,F du Plessis,Mustafizur Rahman,0,1,1,,,,,CSK vs RR 2021-04-19,PR Reiffel,VK Sharma,MM Ali,Chennai Super Kings,Mumbai,"Wankhede Stadium, Mumbai",2021-04-19
1st innings,Chennai Super Kings,Rajasthan Royals,3.5,F du Plessis,RD Gaikwad,Mustafizur Rahman,0,0,0,,RD Gaikwad,caught,S Dube,CSK vs RR 2021-04-19,PR Reiffel,VK Sharma,MM Ali,Chennai Super Kings,Mumbai,"Wankhede Stadium, Mumbai",2021-04-19
1st innings,Chennai Super Kings,Rajasthan Royals,3.6,MM Ali,F du Plessis,Mustafizur Rahman,0,0,0,,,,,CSK vs RR 2021-04-19,PR Reiffel,VK Sharma,MM Ali,Chennai Super Kings,Mumbai,"Wankhede Stadium, Mumbai",2021-04-19
1st innings,Chennai Super Kings,Rajasthan Royals,4.1,F du Plessis,MM Ali,JD Unadkat,0,1,1,,,,,CSK vs RR 2021-04-19,PR Reiffel,VK Sharma,MM Ali,Chennai Super Kings,Mumbai,"Wankhede Stadium, Mumbai",2021-04-19
1st innings,Chennai Super Kings,Rajasthan Royals,4.2,MM Ali,F du Plessis,JD Unadkat,0,4,4,,,,,CSK vs RR 2021-04-19,PR Reiffel,VK Sharma,MM Ali,Chennai Super Kings,Mumbai,"Wankhede Stadium, Mumbai",2021-04-19
1st innings,Chennai Super Kings,Rajasthan Royals,4.3,MM Ali,F du Plessis,JD Unadkat,0,4,4,,,,,CSK vs RR 2021-04-19,PR Reiffel,VK Sharma,MM Ali,Chennai Super Kings,Mumbai,"Wankhede Stadium, Mumbai",2021-04-19
1st innings,Chennai Super Kings,Rajasthan Royals,4.4,MM Ali,F du Plessis,JD Unadkat,0,0,0,,,,,CSK vs RR 2021-04-19,PR Reiffel,VK Sharma,MM Ali,Chennai Super Kings,Mumbai,"Wankhede Stadium, Mumbai",2021-04-19
1st innings,Chennai Super Kings,Rajasthan Royals,4.5,MM Ali,F du Plessis,JD Unadkat,0,6,6,,,,,CSK vs RR 2021-04-19,PR Reiffel,VK Sharma,MM Ali,Chennai Super Kings,Mumbai,"Wankhede Stadium, Mumbai",2021-04-19
1st innings,Chennai Super Kings,Rajasthan Royals,4.6,MM Ali,F du Plessis,JD Unadkat,0,4,4,,,,,CSK vs RR 2021-04-19,PR Reiffel,VK Sharma,MM Ali,Chennai Super Kings,Mumbai,"Wankhede Stadium, Mumbai",2021-04-19
1st innings,Chennai Super Kings,Rajasthan Royals,5.1,F du Plessis,MM Ali,CH Morris,0,0,0,,,,,CSK vs RR 2021-04-19,PR Reiffel,VK Sharma,MM Ali,Chennai Super Kings,Mumbai,"Wankhede Stadium, Mumbai",2021-04-19
1st innings,Chennai Super Kings,Rajasthan Royals,5.2,F du Plessis,MM Ali,CH Morris,0,0,0,,,,,CSK vs RR 2021-04-19,PR Reiffel,VK Sharma,MM Ali,Chennai Super Kings,Mumbai,"Wankhede Stadium, Mumbai",2021-04-19
1st innings,Chennai Super Kings,Rajasthan Royals,5.3,F du Plessis,MM Ali,CH Morris,0,1,1,,,,,CSK vs RR 2021-04-19,PR Reiffel,VK Sharma,MM Ali,Chennai Super Kings,Mumbai,"Wankhede Stadium, Mumbai",2021-04-19
1st innings,Chennai Super Kings,Rajasthan Royals,5.4,MM Ali,F du Plessis,CH Morris,0,0,0,,F du Plessis,caught,R Parag,CSK vs RR 2021-04-19,PR Reiffel,VK Sharma,MM Ali,Chennai Super Kings,Mumbai,"Wankhede Stadium, Mumbai",2021-04-19
1st innings,Chennai Super Kings,Rajasthan Royals,5.5,SK Raina,MM Ali,CH Morris,0,0,0,,,,,CSK vs RR 2021-04-19,PR Reiffel,VK Sharma,MM Ali,Chennai Super Kings,Mumbai,"Wankhede Stadium, Mumbai",2021-04-19
1st innings,Chennai Super Kings,Rajasthan Royals,5.6,SK Raina,MM Ali,CH Morris,0,1,1,,,,,CSK vs RR 2021-04-19,PR Reiffel,VK Sharma,MM Ali,Chennai Super Kings,Mumbai,"Wankhede Stadium, Mumbai",2021-04-19
1st innings,Chennai Super Kings,Rajasthan Royals,6.1,SK Raina,MM Ali,Mustafizur Rahman,1,0,1,wides,,,,CSK vs RR 2021-04-19,PR Reiffel,VK Sharma,MM Ali,Chennai Super Kings,Mumbai,"Wankhede Stadium, Mumbai",2021-04-19
1st innings,Chennai Super Kings,Rajasthan Royals,6.2,SK Raina,MM Ali,Mustafizur Rahman,0,0,0,,,,,CSK vs RR 2021-04-19,PR Reiffel,VK Sharma,MM Ali,Chennai Super Kings,Mumbai,"Wankhede Stadium, Mumbai",2021-04-19
1st innings,Chennai Super Kings,Rajasthan Royals,6.3,SK Raina,MM Ali,Mustafizur Rahman,0,4,4,,,,,CSK vs RR 2021-04-19,PR Reiffel,VK Sharma,MM Ali,Chennai Super Kings,Mumbai,"Wankhede Stadium, Mumbai",2021-04-19
1st innings,Chennai Super Kings,Rajasthan Royals,6.4,SK Raina,MM Ali,Mustafizur Rahman,0,0,0,,,,,CSK vs RR 2021-04-19,PR Reiffel,VK Sharma,MM Ali,Chennai Super Kings,Mumbai,"Wankhede Stadium, Mumbai",2021-04-19
1st innings,Chennai Super Kings,Rajasthan Royals,6.5,SK Raina,MM Ali,Mustafizur Rahman,0,6,6,,,,,CSK vs RR 2021-04-19,PR Reiffel,VK Sharma,MM Ali,Chennai Super Kings,Mumbai,"Wankhede Stadium, Mumbai",2021-04-19
1st innings,Chennai Super Kings,Rajasthan Royals,6.6,SK Raina,MM Ali,Mustafizur Rahman,0,1,1,,,,,CSK vs RR 2021-04-19,PR Reiffel,VK Sharma,MM Ali,Chennai Super Kings,Mumbai,"Wankhede Stadium, Mumbai",2021-04-19
1st innings,Chennai Super Kings,Rajasthan Royals,6.7,MM Ali,SK Raina,Mustafizur Rahman,1,0,1,wides,,,,CSK vs RR 2021-04-19,PR Reiffel,VK Sharma,MM Ali,Chennai Super Kings,Mumbai,"Wankhede Stadium, Mumbai",2021-04-19
1st innings,Chennai Super Kings,Rajasthan Royals,6.8,MM Ali,SK Raina,Mustafizur Rahman,0,0,0,,,,,CSK vs RR 2021-04-19,PR Reiffel,VK Sharma,MM Ali,Chennai Super Kings,Mumbai,"Wankhede Stadium, Mumbai",2021-04-19
1st innings,Chennai Super Kings,Rajasthan Royals,7.1,SK Raina,MM Ali,CH Morris,0,0,0,,,,,CSK vs RR 2021-04-19,PR Reiffel,VK Sharma,MM Ali,Chennai Super Kings,Mumbai,"Wankhede Stadium, Mumbai",2021-04-19
1st innings,Chennai Super Kings,Rajasthan Royals,7.2,SK Raina,MM Ali,CH Morris,0,6,6,,,,,CSK vs RR 2021-04-19,PR Reiffel,VK Sharma,MM Ali,Chennai Super Kings,Mumbai,"Wankhede Stadium, Mumbai",2021-04-19
1st innings,Chennai Super Kings,Rajasthan Royals,7.3,SK Raina,MM Ali,CH Morris,0,0,0,,,,,CSK vs RR 2021-04-19,PR Reiffel,VK Sharma,MM Ali,Chennai Super Kings,Mumbai,"Wankhede Stadium, Mumbai",2021-04-19
1st innings,Chennai Super Kings,Rajasthan Royals,7.4,SK Raina,MM Ali,CH Morris,0,1,1,,,,,CSK vs RR 2021-04-19,PR Reiffel,VK Sharma,MM Ali,Chennai Super Kings,Mumbai,"Wankhede Stadium, Mumbai",2021-04-19
1st innings,Chennai Super Kings,Rajasthan Royals,7.5,MM Ali,SK Raina,CH Morris,0,0,0,,,,,CSK vs RR 2021-04-19,PR Reiffel,VK Sharma,MM Ali,Chennai Super Kings,Mumbai,"Wankhede Stadium, Mumbai",2021-04-19
1st innings,Chennai Super Kings,Rajasthan Royals,7.6,MM Ali,SK Raina,CH Morris,0,0,0,,,,,CSK vs RR 2021-04-19,PR Reiffel,VK Sharma,MM Ali,Chennai Super Kings,Mumbai,"Wankhede Stadium, Mumbai",2021-04-19
1st innings,Chennai Super Kings,Rajasthan Royals,8.1,SK Raina,MM Ali,C Sakariya,0,2,2,,,,,CSK vs RR 2021-04-19,PR Reiffel,VK Sharma,MM Ali,Chennai Super Kings,Mumbai,"Wankhede Stadium, Mumbai",2021-04-19
1st innings,Chennai Super Kings,Rajasthan Royals,8.2,SK Raina,MM Ali,C Sakariya,0,2,2,,,,,CSK vs RR 2021-04-19,PR Reiffel,VK Sharma,MM Ali,Chennai Super Kings,Mumbai,"Wankhede Stadium, Mumbai",2021-04-19
1st innings,Chennai Super Kings,Rajasthan Royals,8.3,SK Raina,MM Ali,C Sakariya,4,0,4,legbyes,,,,CSK vs RR 2021-04-19,PR Reiffel,VK Sharma,MM Ali,Chennai Super Kings,Mumbai,"Wankhede Stadium, Mumbai",2021-04-19
1st innings,Chennai Super Kings,Rajasthan Royals,8.4,SK Raina,MM Ali,C Sakariya,1,0,1,wides,,,,CSK vs RR 2021-04-19,PR Reiffel,VK Sharma,MM Ali,Chennai Super Kings,Mumbai,"Wankhede Stadium, Mumbai",2021-04-19
1st innings,Chennai Super Kings,Rajasthan Royals,8.5,SK Raina,MM Ali,C Sakariya,0,1,1,,,,,CSK vs RR 2021-04-19,PR Reiffel,VK Sharma,MM Ali,Chennai Super Kings,Mumbai,"Wankhede Stadium, Mumbai",2021-04-19
1st innings,Chennai Super Kings,Rajasthan Royals,8.6,MM Ali,SK Raina,C Sakariya,0,0,0,,,,,CSK vs RR 2021-04-19,PR Reiffel,VK Sharma,MM Ali,Chennai Super Kings,Mumbai,"Wankhede Stadium, Mumbai",2021-04-19
1st innings,Chennai Super Kings,Rajasthan Royals,8.7,MM Ali,SK Raina,C Sakariya,0,1,1,,,,,CSK vs RR 2021-04-19,PR Reiffel,VK Sharma,MM Ali,Chennai Super Kings,Mumbai,"Wankhede Stadium, Mumbai",2021-04-19
1st innings,Chennai Super Kings,Rajasthan Royals,9.1,MM Ali,SK Raina,R Tewatia,0,1,1,,,,,CSK vs RR 2021-04-19,PR Reiffel,VK Sharma,MM Ali,Chennai Super Kings,Mumbai,"Wankhede Stadium, Mumbai",2021-04-19
1st innings,Chennai Super Kings,Rajasthan Royals,9.2,SK Raina,MM Ali,R Tewatia,0,0,0,,MM Ali,caught,R Parag,CSK vs RR 2021-04-19,PR Reiffel,VK Sharma,MM Ali,Chennai Super Kings,Mumbai,"Wankhede Stadium, Mumbai",2021-04-19
1st innings,Chennai Super Kings,Rajasthan Royals,9.3,AT Rayudu,SK Raina,R Tewatia,0,1,1,,,,,CSK vs RR 2021-04-19,PR Reiffel,VK Sharma,MM Ali,Chennai Super Kings,Mumbai,"Wankhede Stadium, Mumbai",2021-04-19
1st innings,Chennai Super Kings,Rajasthan Royals,9.4,SK Raina,AT Rayudu,R Tewatia,0,0,0,,,,,CSK vs RR 2021-04-19,PR Reiffel,VK Sharma,MM Ali,Chennai Super Kings,Mumbai,"Wankhede Stadium, Mumbai",2021-04-19
1st innings,Chennai Super Kings,Rajasthan Royals,9.5,SK Raina,AT Rayudu,R Tewatia,0,2,2,,,,,CSK vs RR 2021-04-19,PR Reiffel,VK Sharma,MM Ali,Chennai Super Kings,Mumbai,"Wankhede Stadium, Mumbai",2021-04-19
1st innings,Chennai Super Kings,Rajasthan Royals,9.6,SK Raina,AT Rayudu,R Tewatia,0,1,1,,,,,CSK vs RR 2021-04-19,PR Reiffel,VK Sharma,MM Ali,Chennai Super Kings,Mumbai,"Wankhede Stadium, Mumbai",2021-04-19
1st innings,Chennai Super Kings,Rajasthan Royals,10.1,SK Raina,AT Rayudu,R Parag,0,0,0,,,,,CSK vs RR 2021-04-19,PR Reiffel,VK Sharma,MM Ali,Chennai Super Kings,Mumbai,"Wankhede Stadium, Mumbai",2021-04-19
1st innings,Chennai Super Kings,Rajasthan Royals,10.2,SK Raina,AT Rayudu,R Parag,0,6,6,,,,,CSK vs RR 2021-04-19,PR Reiffel,VK Sharma,MM Ali,Chennai Super Kings,Mumbai,"Wankhede Stadium, Mumbai",2021-04-19
1st innings,Chennai Super Kings,Rajasthan Royals,10.3,SK Raina,AT Rayudu,R Parag,0,0,0,,,,,CSK vs RR 2021-04-19,PR Reiffel,VK Sharma,MM Ali,Chennai Super Kings,Mumbai,"Wankhede Stadium, Mumbai",2021-04-19
1st innings,Chennai Super Kings,Rajasthan Royals,10.4,SK Raina,AT Rayudu,R Parag,1,0,1,wides,,,,CSK vs RR 2021-04-19,PR Reiffel,VK Sharma,MM Ali,Chennai Super Kings,Mumbai,"Wankhede Stadium, Mumbai",2021-04-19
1st innings,Chennai Super Kings,Rajasthan Royals,10.5,SK Raina,AT Rayudu,R Parag,0,1,1,,,,,CSK vs RR 2021-04-19,PR Reiffel,VK Sharma,MM Ali,Chennai Super Kings,Mumbai,"Wankhede Stadium, Mumbai",2021-04-19
1st innings,Chennai Super Kings,Rajasthan Royals,10.6,AT Rayudu,SK Raina,R Parag,0,2,2,,,,,CSK vs RR 2021-04-19,PR Reiffel,VK Sharma,MM Ali,Chennai Super Kings,Mumbai,"Wankhede Stadium, Mumbai",2021-04-19
1st innings,Chennai Super Kings,Rajasthan Royals,10.7,AT Rayudu,SK Raina,R Parag,0,6,6,,,,,CSK vs RR 2021-04-19,PR Reiffel,VK Sharma,MM Ali,Chennai Super Kings,Mumbai,"Wankhede Stadium, Mumbai",2021-04-19
1st innings,Chennai Super Kings,Rajasthan Royals,11.1,SK Raina,AT Rayudu,R Tewatia,0,0,0,,,,,CSK vs RR 2021-04-19,PR Reiffel,VK Sharma,MM Ali,Chennai Super Kings,Mumbai,"Wankhede Stadium, Mumbai",2021-04-19
1st innings,Chennai Super Kings,Rajasthan Royals,11.2,SK Raina,AT Rayudu,R Tewatia,0,1,1,,,,,CSK vs RR 2021-04-19,PR Reiffel,VK Sharma,MM Ali,Chennai Super Kings,Mumbai,"Wankhede Stadium, Mumbai",2021-04-19
1st innings,Chennai Super Kings,Rajasthan Royals,11.3,AT Rayudu,SK Raina,R Tewatia,0,1,1,,,,,CSK vs RR 2021-04-19,PR Reiffel,VK Sharma,MM Ali,Chennai Super Kings,Mumbai,"Wankhede Stadium, Mumbai",2021-04-19
1st innings,Chennai Super Kings,Rajasthan Royals,11.4,SK Raina,AT Rayudu,R Tewatia,0,6,6,,,,,CSK vs RR 2021-04-19,PR Reiffel,VK Sharma,MM Ali,Chennai Super Kings,Mumbai,"Wankhede Stadium, Mumbai",2021-04-19
1st innings,Chennai Super Kings,Rajasthan Royals,11.5,SK Raina,AT Rayudu,R Tewatia,0,6,6,,,,,CSK vs RR 2021-04-19,PR Reiffel,VK Sharma,MM Ali,Chennai Super Kings,Mumbai,"Wankhede Stadium, Mumbai",2021-04-19
1st innings,Chennai Super Kings,Rajasthan Royals,11.6,SK Raina,AT Rayudu,R Tewatia,0,0,0,,,,,CSK vs RR 2021-04-19,PR Reiffel,VK Sharma,MM Ali,Chennai Super Kings,Mumbai,"Wankhede Stadium, Mumbai",2021-04-19
1st innings,Chennai Super Kings,Rajasthan Royals,12.1,AT Rayudu,SK Raina,JD Unadkat,0,1,1,,,,,CSK vs RR 2021-04-19,PR Reiffel,VK Sharma,MM Ali,Chennai Super Kings,Mumbai,"Wankhede Stadium, Mumbai",2021-04-19
1st innings,Chennai Super Kings,Rajasthan Royals,12.2,SK Raina,AT Rayudu,JD Unadkat,0,0,0,,,,,CSK vs RR 2021-04-19,PR Reiffel,VK Sharma,MM Ali,Chennai Super Kings,Mumbai,"Wankhede Stadium, Mumbai",2021-04-19
1st innings,Chennai Super Kings,Rajasthan Royals,12.3,SK Raina,AT Rayudu,JD Unadkat,0,1,1,,,,,CSK vs RR 2021-04-19,PR Reiffel,VK Sharma,MM Ali,Chennai Super Kings,Mumbai,"Wankhede Stadium, Mumbai",2021-04-19
1st innings,Chennai Super Kings,Rajasthan Royals,12.4,AT Rayudu,SK Raina,JD Unadkat,0,1,1,,,,,CSK vs RR 2021-04-19,PR Reiffel,VK Sharma,MM Ali,Chennai Super Kings,Mumbai,"Wankhede Stadium, Mumbai",2021-04-19
1st innings,Chennai Super Kings,Rajasthan Royals,12.5,SK Raina,AT Rayudu,JD Unadkat,0,1,1,,,,,CSK vs RR 2021-04-19,PR Reiffel,VK Sharma,MM Ali,Chennai Super Kings,Mumbai,"Wankhede Stadium, Mumbai",2021-04-19
1st innings,Chennai Super Kings,Rajasthan Royals,12.6,AT Rayudu,SK Raina,JD Unadkat,0,4,4,,,,,CSK vs RR 2021-04-19,PR Reiffel,VK Sharma,MM Ali,Chennai Super Kings,Mumbai,"Wankhede Stadium, Mumbai",2021-04-19
1st innings,Chennai Super Kings,Rajasthan Royals,13.1,SK Raina,AT Rayudu,C Sakariya,0,2,2,,,,,CSK vs RR 2021-04-19,PR Reiffel,VK Sharma,MM Ali,Chennai Super Kings,Mumbai,"Wankhede Stadium, Mumbai",2021-04-19
1st innings,Chennai Super Kings,Rajasthan Royals,13.2,SK Raina,AT Rayudu,C Sakariya,1,0,1,wides,,,,CSK vs RR 2021-04-19,PR Reiffel,VK Sharma,MM Ali,Chennai Super Kings,Mumbai,"Wankhede Stadium, Mumbai",2021-04-19
1st innings,Chennai Super Kings,Rajasthan Royals,13.3,SK Raina,AT Rayudu,C Sakariya,0,0,0,,AT Rayudu,caught,R Parag,CSK vs RR 2021-04-19,PR Reiffel,VK Sharma,MM Ali,Chennai Super Kings,Mumbai,"Wankhede Stadium, Mumbai",2021-04-19
1st innings,Chennai Super Kings,Rajasthan Royals,13.4,SK Raina,RA Jadeja,C Sakariya,0,1,1,,,,,CSK vs RR 2021-04-19,PR Reiffel,VK Sharma,MM Ali,Chennai Super Kings,Mumbai,"Wankhede Stadium, Mumbai",2021-04-19
1st innings,Chennai Super Kings,Rajasthan Royals,13.5,RA Jadeja,SK Raina,C Sakariya,1,0,1,wides,,,,CSK vs RR 2021-04-19,PR Reiffel,VK Sharma,MM Ali,Chennai Super Kings,Mumbai,"Wankhede Stadium, Mumbai",2021-04-19
1st innings,Chennai Super Kings,Rajasthan Royals,13.6,RA Jadeja,SK Raina,C Sakariya,0,0,0,,,,,CSK vs RR 2021-04-19,PR Reiffel,VK Sharma,MM Ali,Chennai Super Kings,Mumbai,"Wankhede Stadium, Mumbai",2021-04-19
1st innings,Chennai Super Kings,Rajasthan Royals,13.7,RA Jadeja,SK Raina,C Sakariya,0,0,0,,SK Raina,caught,CH Morris,CSK vs RR 2021-04-19,PR Reiffel,VK Sharma,MM Ali,Chennai Super Kings,Mumbai,"Wankhede Stadium, Mumbai",2021-04-19
1st innings,Chennai Super Kings,Rajasthan Royals,13.8,RA Jadeja,MS Dhoni,C Sakariya,0,0,0,,,,,CSK vs RR 2021-04-19,PR Reiffel,VK Sharma,MM Ali,Chennai Super Kings,Mumbai,"Wankhede Stadium, Mumbai",2021-04-19
1st innings,Chennai Super Kings,Rajasthan Royals,14.1,MS Dhoni,RA Jadeja,R Tewatia,0,1,1,,,,,CSK vs RR 2021-04-19,PR Reiffel,VK Sharma,MM Ali,Chennai Super Kings,Mumbai,"Wankhede Stadium, Mumbai",2021-04-19
1st innings,Chennai Super Kings,Rajasthan Royals,14.2,RA Jadeja,MS Dhoni,R Tewatia,0,0,0,,,,,CSK vs RR 2021-04-19,PR Reiffel,VK Sharma,MM Ali,Chennai Super Kings,Mumbai,"Wankhede Stadium, Mumbai",2021-04-19
1st innings,Chennai Super Kings,Rajasthan Royals,14.3,RA Jadeja,MS Dhoni,R Tewatia,0,0,0,,,,,CSK vs RR 2021-04-19,PR Reiffel,VK Sharma,MM Ali,Chennai Super Kings,Mumbai,"Wankhede Stadium, Mumbai",2021-04-19
1st innings,Chennai Super Kings,Rajasthan Royals,14.4,RA Jadeja,MS Dhoni,R Tewatia,0,0,0,,,,,CSK vs RR 2021-04-19,PR Reiffel,VK Sharma,MM Ali,Chennai Super Kings,Mumbai,"Wankhede Stadium, Mumbai",2021-04-19
1st innings,Chennai Super Kings,Rajasthan Royals,14.5,RA Jadeja,MS Dhoni,R Tewatia,0,0,0,,,,,CSK vs RR 2021-04-19,PR Reiffel,VK Sharma,MM Ali,Chennai Super Kings,Mumbai,"Wankhede Stadium, Mumbai",2021-04-19
1st innings,Chennai Super Kings,Rajasthan Royals,14.6,RA Jadeja,MS Dhoni,R Tewatia,0,1,1,,,,,CSK vs RR 2021-04-19,PR Reiffel,VK Sharma,MM Ali,Chennai Super Kings,Mumbai,"Wankhede Stadium, Mumbai",2021-04-19
1st innings,Chennai Super Kings,Rajasthan Royals,15.1,RA Jadeja,MS Dhoni,Mustafizur Rahman,0,2,2,,,,,CSK vs RR 2021-04-19,PR Reiffel,VK Sharma,MM Ali,Chennai Super Kings,Mumbai,"Wankhede Stadium, Mumbai",2021-04-19
1st innings,Chennai Super Kings,Rajasthan Royals,15.2,RA Jadeja,MS Dhoni,Mustafizur Rahman,0,2,2,,,,,CSK vs RR 2021-04-19,PR Reiffel,VK Sharma,MM Ali,Chennai Super Kings,Mumbai,"Wankhede Stadium, Mumbai",2021-04-19
1st innings,Chennai Super Kings,Rajasthan Royals,15.3,RA Jadeja,MS Dhoni,Mustafizur Rahman,0,0,0,,,,,CSK vs RR 2021-04-19,PR Reiffel,VK Sharma,MM Ali,Chennai Super Kings,Mumbai,"Wankhede Stadium, Mumbai",2021-04-19
1st innings,Chennai Super Kings,Rajasthan Royals,15.4,RA Jadeja,MS Dhoni,Mustafizur Rahman,0,1,1,,,,,CSK vs RR 2021-04-19,PR Reiffel,VK Sharma,MM Ali,Chennai Super Kings,Mumbai,"Wankhede Stadium, Mumbai",2021-04-19
1st innings,Chennai Super Kings,Rajasthan Royals,15.5,MS Dhoni,RA Jadeja,Mustafizur Rahman,0,1,1,,,,,CSK vs RR 2021-04-19,PR Reiffel,VK Sharma,MM Ali,Chennai Super Kings,Mumbai,"Wankhede Stadium, Mumbai",2021-04-19
1st innings,Chennai Super Kings,Rajasthan Royals,15.6,RA Jadeja,MS Dhoni,Mustafizur Rahman,0,0,0,,,,,CSK vs RR 2021-04-19,PR Reiffel,VK Sharma,MM Ali,Chennai Super Kings,Mumbai,"Wankhede Stadium, Mumbai",2021-04-19
1st innings,Chennai Super Kings,Rajasthan Royals,16.1,MS Dhoni,RA Jadeja,CH Morris,0,1,1,,,,,CSK vs RR 2021-04-19,PR Reiffel,VK Sharma,MM Ali,Chennai Super Kings,Mumbai,"Wankhede Stadium, Mumbai",2021-04-19
1st innings,Chennai Super Kings,Rajasthan Royals,16.2,RA Jadeja,MS Dhoni,CH Morris,0,1,1,,,,,CSK vs RR 2021-04-19,PR Reiffel,VK Sharma,MM Ali,Chennai Super Kings,Mumbai,"Wankhede Stadium, Mumbai",2021-04-19
1st innings,Chennai Super Kings,Rajasthan Royals,16.3,MS Dhoni,RA Jadeja,CH Morris,1,0,1,byes,,,,CSK vs RR 2021-04-19,PR Reiffel,VK Sharma,MM Ali,Chennai Super Kings,Mumbai,"Wankhede Stadium, Mumbai",2021-04-19
1st innings,Chennai Super Kings,Rajasthan Royals,16.4,RA Jadeja,MS Dhoni,CH Morris,0,4,4,,,,,CSK vs RR 2021-04-19,PR Reiffel,VK Sharma,MM Ali,Chennai Super Kings,Mumbai,"Wankhede Stadium, Mumbai",2021-04-19
1st innings,Chennai Super Kings,Rajasthan Royals,16.5,RA Jadeja,MS Dhoni,CH Morris,0,2,2,,,,,CSK vs RR 2021-04-19,PR Reiffel,VK Sharma,MM Ali,Chennai Super Kings,Mumbai,"Wankhede Stadium, Mumbai",2021-04-19
1st innings,Chennai Super Kings,Rajasthan Royals,16.6,RA Jadeja,MS Dhoni,CH Morris,0,1,1,,,,,CSK vs RR 2021-04-19,PR Reiffel,VK Sharma,MM Ali,Chennai Super Kings,Mumbai,"Wankhede Stadium, Mumbai",2021-04-19
1st innings,Chennai Super Kings,Rajasthan Royals,17.1,RA Jadeja,MS Dhoni,C Sakariya,0,4,4,,,,,CSK vs RR 2021-04-19,PR Reiffel,VK Sharma,MM Ali,Chennai Super Kings,Mumbai,"Wankhede Stadium, Mumbai",2021-04-19
1st innings,Chennai Super Kings,Rajasthan Royals,17.2,RA Jadeja,MS Dhoni,C Sakariya,0,0,0,,MS Dhoni,caught,JC Buttler,CSK vs RR 2021-04-19,PR Reiffel,VK Sharma,MM Ali,Chennai Super Kings,Mumbai,"Wankhede Stadium, Mumbai",2021-04-19
1st innings,Chennai Super Kings,Rajasthan Royals,17.3,RA Jadeja,SM Curran,C Sakariya,0,2,2,,,,,CSK vs RR 2021-04-19,PR Reiffel,VK Sharma,MM Ali,Chennai Super Kings,Mumbai,"Wankhede Stadium, Mumbai",2021-04-19
1st innings,Chennai Super Kings,Rajasthan Royals,17.4,RA Jadeja,SM Curran,C Sakariya,0,6,6,,,,,CSK vs RR 2021-04-19,PR Reiffel,VK Sharma,MM Ali,Chennai Super Kings,Mumbai,"Wankhede Stadium, Mumbai",2021-04-19
1st innings,Chennai Super Kings,Rajasthan Royals,17.5,RA Jadeja,SM Curran,C Sakariya,0,2,2,,,,,CSK vs RR 2021-04-19,PR Reiffel,VK Sharma,MM Ali,Chennai Super Kings,Mumbai,"Wankhede Stadium, Mumbai",2021-04-19
1st innings,Chennai Super Kings,Rajasthan Royals,17.6,RA Jadeja,SM Curran,C Sakariya,0,1,1,,,,,CSK vs RR 2021-04-19,PR Reiffel,VK Sharma,MM Ali,Chennai Super Kings,Mumbai,"Wankhede Stadium, Mumbai",2021-04-19
1st innings,Chennai Super Kings,Rajasthan Royals,18.1,RA Jadeja,SM Curran,CH Morris,0,1,1,,,,,CSK vs RR 2021-04-19,PR Reiffel,VK Sharma,MM Ali,Chennai Super Kings,Mumbai,"Wankhede Stadium, Mumbai",2021-04-19
1st innings,Chennai Super Kings,Rajasthan Royals,18.2,SM Curran,RA Jadeja,CH Morris,0,4,4,,,,,CSK vs RR 2021-04-19,PR Reiffel,VK Sharma,MM Ali,Chennai Super Kings,Mumbai,"Wankhede Stadium, Mumbai",2021-04-19
1st innings,Chennai Super Kings,Rajasthan Royals,18.3,SM Curran,RA Jadeja,CH Morris,0,0,0,,RA Jadeja,caught,SV Samson,CSK vs RR 2021-04-19,PR Reiffel,VK Sharma,MM Ali,Chennai Super Kings,Mumbai,"Wankhede Stadium, Mumbai",2021-04-19
1st innings,Chennai Super Kings,Rajasthan Royals,18.4,SM Curran,DJ Bravo,CH Morris,0,4,4,,,,,CSK vs RR 2021-04-19,PR Reiffel,VK Sharma,MM Ali,Chennai Super Kings,Mumbai,"Wankhede Stadium, Mumbai",2021-04-19
1st innings,Chennai Super Kings,Rajasthan Royals,18.5,SM Curran,DJ Bravo,CH Morris,0,4,4,,,,,CSK vs RR 2021-04-19,PR Reiffel,VK Sharma,MM Ali,Chennai Super Kings,Mumbai,"Wankhede Stadium, Mumbai",2021-04-19
1st innings,Chennai Super Kings,Rajasthan Royals,18.6,SM Curran,DJ Bravo,CH Morris,1,0,1,wides,,,,CSK vs RR 2021-04-19,PR Reiffel,VK Sharma,MM Ali,Chennai Super Kings,Mumbai,"Wankhede Stadium, Mumbai",2021-04-19
1st innings,Chennai Super Kings,Rajasthan Royals,18.7,SM Curran,DJ Bravo,CH Morris,1,0,1,wides,,,,CSK vs RR 2021-04-19,PR Reiffel,VK Sharma,MM Ali,Chennai Super Kings,Mumbai,"Wankhede Stadium, Mumbai",2021-04-19
1st innings,Chennai Super Kings,Rajasthan Royals,18.8,SM Curran,DJ Bravo,CH Morris,0,0,0,,,,,CSK vs RR 2021-04-19,PR Reiffel,VK Sharma,MM Ali,Chennai Super Kings,Mumbai,"Wankhede Stadium, Mumbai",2021-04-19
1st innings,Chennai Super Kings,Rajasthan Royals,19.1,DJ Bravo,SM Curran,Mustafizur Rahman,0,1,1,,SM Curran,run out,,CSK vs RR 2021-04-19,PR Reiffel,VK Sharma,MM Ali,Chennai Super Kings,Mumbai,"Wankhede Stadium, Mumbai",2021-04-19
1st innings,Chennai Super Kings,Rajasthan Royals,19.2,DJ Bravo,SN Thakur,Mustafizur Rahman,1,1,2,noballs,,,,CSK vs RR 2021-04-19,PR Reiffel,VK Sharma,MM Ali,Chennai Super Kings,Mumbai,"Wankhede Stadium, Mumbai",2021-04-19
1st innings,Chennai Super Kings,Rajasthan Royals,19.3,SN Thakur,DJ Bravo,Mustafizur Rahman,0,2,2,,,,,CSK vs RR 2021-04-19,PR Reiffel,VK Sharma,MM Ali,Chennai Super Kings,Mumbai,"Wankhede Stadium, Mumbai",2021-04-19
1st innings,Chennai Super Kings,Rajasthan Royals,19.4,SN Thakur,DJ Bravo,Mustafizur Rahman,0,2,2,,,,,CSK vs RR 2021-04-19,PR Reiffel,VK Sharma,MM Ali,Chennai Super Kings,Mumbai,"Wankhede Stadium, Mumbai",2021-04-19
1st innings,Chennai Super Kings,Rajasthan Royals,19.5,SN Thakur,DJ Bravo,Mustafizur Rahman,0,0,0,,SN Thakur,run out,,CSK vs RR 2021-04-19,PR Reiffel,VK Sharma,MM Ali,Chennai Super Kings,Mumbai,"Wankhede Stadium, Mumbai",2021-04-19
1st innings,Chennai Super Kings,Rajasthan Royals,19.6,DL Chahar,DJ Bravo,Mustafizur Rahman,0,2,2,,,,,CSK vs RR 2021-04-19,PR Reiffel,VK Sharma,MM Ali,Chennai Super Kings,Mumbai,"Wankhede Stadium, Mumbai",2021-04-19
1st innings,Chennai Super Kings,Rajasthan Royals,19.7,DL Chahar,DJ Bravo,Mustafizur Rahman,0,6,6,,,,,CSK vs RR 2021-04-19,PR Reiffel,VK Sharma,MM Ali,Chennai Super Kings,Mumbai,"Wankhede Stadium, Mumbai",2021-04-19
2nd innings,Rajasthan Royals,Chennai Super Kings,0.1,M Vohra,JC Buttler,DL Chahar,0,4,4,,,,,CSK vs RR 2021-04-19,PR Reiffel,VK Sharma,MM Ali,Chennai Super Kings,Mumbai,"Wankhede Stadium, Mumbai",2021-04-19
2nd innings,Rajasthan Royals,Chennai Super Kings,0.2,M Vohra,JC Buttler,DL Chahar,0,2,2,,,,,CSK vs RR 2021-04-19,PR Reiffel,VK Sharma,MM Ali,Chennai Super Kings,Mumbai,"Wankhede Stadium, Mumbai",2021-04-19
2nd innings,Rajasthan Royals,Chennai Super Kings,0.3,M Vohra,JC Buttler,DL Chahar,0,1,1,,,,,CSK vs RR 2021-04-19,PR Reiffel,VK Sharma,MM Ali,Chennai Super Kings,Mumbai,"Wankhede Stadium, Mumbai",2021-04-19
2nd innings,Rajasthan Royals,Chennai Super Kings,0.4,JC Buttler,M Vohra,DL Chahar,0,0,0,,,,,CSK vs RR 2021-04-19,PR Reiffel,VK Sharma,MM Ali,Chennai Super Kings,Mumbai,"Wankhede Stadium, Mumbai",2021-04-19
2nd innings,Rajasthan Royals,Chennai Super Kings,0.5,JC Buttler,M Vohra,DL Chahar,0,4,4,,,,,CSK vs RR 2021-04-19,PR Reiffel,VK Sharma,MM Ali,Chennai Super Kings,Mumbai,"Wankhede Stadium, Mumbai",2021-04-19
2nd innings,Rajasthan Royals,Chennai Super Kings,0.6,JC Buttler,M Vohra,DL Chahar,0,0,0,,,,,CSK vs RR 2021-04-19,PR Reiffel,VK Sharma,MM Ali,Chennai Super Kings,Mumbai,"Wankhede Stadium, Mumbai",2021-04-19
2nd innings,Rajasthan Royals,Chennai Super Kings,1.1,M Vohra,JC Buttler,SM Curran,0,0,0,,,,,CSK vs RR 2021-04-19,PR Reiffel,VK Sharma,MM Ali,Chennai Super Kings,Mumbai,"Wankhede Stadium, Mumbai",2021-04-19
2nd innings,Rajasthan Royals,Chennai Super Kings,1.2,M Vohra,JC Buttler,SM Curran,0,0,0,,,,,CSK vs RR 2021-04-19,PR Reiffel,VK Sharma,MM Ali,Chennai Super Kings,Mumbai,"Wankhede Stadium, Mumbai",2021-04-19
2nd innings,Rajasthan Royals,Chennai Super Kings,1.3,M Vohra,JC Buttler,SM Curran,0,1,1,,,,,CSK vs RR 2021-04-19,PR Reiffel,VK Sharma,MM Ali,Chennai Super Kings,Mumbai,"Wankhede Stadium, Mumbai",2021-04-19
2nd innings,Rajasthan Royals,Chennai Super Kings,1.4,JC Buttler,M Vohra,SM Curran,0,0,0,,,,,CSK vs RR 2021-04-19,PR Reiffel,VK Sharma,MM Ali,Chennai Super Kings,Mumbai,"Wankhede Stadium, Mumbai",2021-04-19
2nd innings,Rajasthan Royals,Chennai Super Kings,1.5,JC Buttler,M Vohra,SM Curran,0,2,2,,,,,CSK vs RR 2021-04-19,PR Reiffel,VK Sharma,MM Ali,Chennai Super Kings,Mumbai,"Wankhede Stadium, Mumbai",2021-04-19
2nd innings,Rajasthan Royals,Chennai Super Kings,1.6,JC Buttler,M Vohra,SM Curran,0,0,0,,,,,CSK vs RR 2021-04-19,PR Reiffel,VK Sharma,MM Ali,Chennai Super Kings,Mumbai,"Wankhede Stadium, Mumbai",2021-04-19
2nd innings,Rajasthan Royals,Chennai Super Kings,2.1,M Vohra,JC Buttler,DL Chahar,0,1,1,,,,,CSK vs RR 2021-04-19,PR Reiffel,VK Sharma,MM Ali,Chennai Super Kings,Mumbai,"Wankhede Stadium, Mumbai",2021-04-19
2nd innings,Rajasthan Royals,Chennai Super Kings,2.2,JC Buttler,M Vohra,DL Chahar,0,1,1,,,,,CSK vs RR 2021-04-19,PR Reiffel,VK Sharma,MM Ali,Chennai Super Kings,Mumbai,"Wankhede Stadium, Mumbai",2021-04-19
2nd innings,Rajasthan Royals,Chennai Super Kings,2.3,M Vohra,JC Buttler,DL Chahar,0,0,0,,,,,CSK vs RR 2021-04-19,PR Reiffel,VK Sharma,MM Ali,Chennai Super Kings,Mumbai,"Wankhede Stadium, Mumbai",2021-04-19
2nd innings,Rajasthan Royals,Chennai Super Kings,2.4,M Vohra,JC Buttler,DL Chahar,0,4,4,,,,,CSK vs RR 2021-04-19,PR Reiffel,VK Sharma,MM Ali,Chennai Super Kings,Mumbai,"Wankhede Stadium, Mumbai",2021-04-19
2nd innings,Rajasthan Royals,Chennai Super Kings,2.5,M Vohra,JC Buttler,DL Chahar,0,0,0,,,,,CSK vs RR 2021-04-19,PR Reiffel,VK Sharma,MM Ali,Chennai Super Kings,Mumbai,"Wankhede Stadium, Mumbai",2021-04-19
2nd innings,Rajasthan Royals,Chennai Super Kings,2.6,M Vohra,JC Buttler,DL Chahar,0,2,2,,,,,CSK vs RR 2021-04-19,PR Reiffel,VK Sharma,MM Ali,Chennai Super Kings,Mumbai,"Wankhede Stadium, Mumbai",2021-04-19
2nd innings,Rajasthan Royals,Chennai Super Kings,3.1,JC Buttler,M Vohra,SM Curran,0,0,0,,,,,CSK vs RR 2021-04-19,PR Reiffel,VK Sharma,MM Ali,Chennai Super Kings,Mumbai,"Wankhede Stadium, Mumbai",2021-04-19
2nd innings,Rajasthan Royals,Chennai Super Kings,3.2,JC Buttler,M Vohra,SM Curran,0,1,1,,,,,CSK vs RR 2021-04-19,PR Reiffel,VK Sharma,MM Ali,Chennai Super Kings,Mumbai,"Wankhede Stadium, Mumbai",2021-04-19
2nd innings,Rajasthan Royals,Chennai Super Kings,3.3,M Vohra,JC Buttler,SM Curran,1,0,1,legbyes,,,,CSK vs RR 2021-04-19,PR Reiffel,VK Sharma,MM Ali,Chennai Super Kings,Mumbai,"Wankhede Stadium, Mumbai",2021-04-19
2nd innings,Rajasthan Royals,Chennai Super Kings,3.4,JC Buttler,M Vohra,SM Curran,0,6,6,,,,,CSK vs RR 2021-04-19,PR Reiffel,VK Sharma,MM Ali,Chennai Super Kings,Mumbai,"Wankhede Stadium, Mumbai",2021-04-19
2nd innings,Rajasthan Royals,Chennai Super Kings,3.5,JC Buttler,M Vohra,SM Curran,0,0,0,,M Vohra,caught,RA Jadeja,CSK vs RR 2021-04-19,PR Reiffel,VK Sharma,MM Ali,Chennai Super Kings,Mumbai,"Wankhede Stadium, Mumbai",2021-04-19
2nd innings,Rajasthan Royals,Chennai Super Kings,3.6,JC Buttler,SV Samson,SM Curran,0,0,0,,,,,CSK vs RR 2021-04-19,PR Reiffel,VK Sharma,MM Ali,Chennai Super Kings,Mumbai,"Wankhede Stadium, Mumbai",2021-04-19
2nd innings,Rajasthan Royals,Chennai Super Kings,4.1,SV Samson,JC Buttler,DL Chahar,1,0,1,wides,,,,CSK vs RR 2021-04-19,PR Reiffel,VK Sharma,MM Ali,Chennai Super Kings,Mumbai,"Wankhede Stadium, Mumbai",2021-04-19
2nd innings,Rajasthan Royals,Chennai Super Kings,4.2,SV Samson,JC Buttler,DL Chahar,0,4,4,,,,,CSK vs RR 2021-04-19,PR Reiffel,VK Sharma,MM Ali,Chennai Super Kings,Mumbai,"Wankhede Stadium, Mumbai",2021-04-19
2nd innings,Rajasthan Royals,Chennai Super Kings,4.3,SV Samson,JC Buttler,DL Chahar,0,6,6,,,,,CSK vs RR 2021-04-19,PR Reiffel,VK Sharma,MM Ali,Chennai Super Kings,Mumbai,"Wankhede Stadium, Mumbai",2021-04-19
2nd innings,Rajasthan Royals,Chennai Super Kings,4.4,SV Samson,JC Buttler,DL Chahar,0,0,0,,,,,CSK vs RR 2021-04-19,PR Reiffel,VK Sharma,MM Ali,Chennai Super Kings,Mumbai,"Wankhede Stadium, Mumbai",2021-04-19
2nd innings,Rajasthan Royals,Chennai Super Kings,4.5,SV Samson,JC Buttler,DL Chahar,0,0,0,,,,,CSK vs RR 2021-04-19,PR Reiffel,VK Sharma,MM Ali,Chennai Super Kings,Mumbai,"Wankhede Stadium, Mumbai",2021-04-19
2nd innings,Rajasthan Royals,Chennai Super Kings,4.6,SV Samson,JC Buttler,DL Chahar,0,2,2,,,,,CSK vs RR 2021-04-19,PR Reiffel,VK Sharma,MM Ali,Chennai Super Kings,Mumbai,"Wankhede Stadium, Mumbai",2021-04-19
2nd innings,Rajasthan Royals,Chennai Super Kings,4.7,SV Samson,JC Buttler,DL Chahar,0,0,0,,,,,CSK vs RR 2021-04-19,PR Reiffel,VK Sharma,MM Ali,Chennai Super Kings,Mumbai,"Wankhede Stadium, Mumbai",2021-04-19
2nd innings,Rajasthan Royals,Chennai Super Kings,5.1,JC Buttler,SV Samson,SM Curran,0,0,0,,,,,CSK vs RR 2021-04-19,PR Reiffel,VK Sharma,MM Ali,Chennai Super Kings,Mumbai,"Wankhede Stadium, Mumbai",2021-04-19
2nd innings,Rajasthan Royals,Chennai Super Kings,5.2,JC Buttler,SV Samson,SM Curran,0,1,1,,,,,CSK vs RR 2021-04-19,PR Reiffel,VK Sharma,MM Ali,Chennai Super Kings,Mumbai,"Wankhede Stadium, Mumbai",2021-04-19
2nd innings,Rajasthan Royals,Chennai Super Kings,5.3,SV Samson,JC Buttler,SM Curran,0,1,1,,,,,CSK vs RR 2021-04-19,PR Reiffel,VK Sharma,MM Ali,Chennai Super Kings,Mumbai,"Wankhede Stadium, Mumbai",2021-04-19
2nd innings,Rajasthan Royals,Chennai Super Kings,5.4,JC Buttler,SV Samson,SM Curran,0,0,0,,,,,CSK vs RR 2021-04-19,PR Reiffel,VK Sharma,MM Ali,Chennai Super Kings,Mumbai,"Wankhede Stadium, Mumbai",2021-04-19
2nd innings,Rajasthan Royals,Chennai Super Kings,5.5,JC Buttler,SV Samson,SM Curran,0,0,0,,SV Samson,caught,DJ Bravo,CSK vs RR 2021-04-19,PR Reiffel,VK Sharma,MM Ali,Chennai Super Kings,Mumbai,"Wankhede Stadium, Mumbai",2021-04-19
2nd innings,Rajasthan Royals,Chennai Super Kings,5.6,JC Buttler,S Dube,SM Curran,0,0,0,,,,,CSK vs RR 2021-04-19,PR Reiffel,VK Sharma,MM Ali,Chennai Super Kings,Mumbai,"Wankhede Stadium, Mumbai",2021-04-19
2nd innings,Rajasthan Royals,Chennai Super Kings,6.1,S Dube,JC Buttler,SN Thakur,0,0,0,,,,,CSK vs RR 2021-04-19,PR Reiffel,VK Sharma,MM Ali,Chennai Super Kings,Mumbai,"Wankhede Stadium, Mumbai",2021-04-19
2nd innings,Rajasthan Royals,Chennai Super Kings,6.2,S Dube,JC Buttler,SN Thakur,0,1,1,,,,,CSK vs RR 2021-04-19,PR Reiffel,VK Sharma,MM Ali,Chennai Super Kings,Mumbai,"Wankhede Stadium, Mumbai",2021-04-19
2nd innings,Rajasthan Royals,Chennai Super Kings,6.3,JC Buttler,S Dube,SN Thakur,0,0,0,,,,,CSK vs RR 2021-04-19,PR Reiffel,VK Sharma,MM Ali,Chennai Super Kings,Mumbai,"Wankhede Stadium, Mumbai",2021-04-19
2nd innings,Rajasthan Royals,Chennai Super Kings,6.4,JC Buttler,S Dube,SN Thakur,0,1,1,,,,,CSK vs RR 2021-04-19,PR Reiffel,VK Sharma,MM Ali,Chennai Super Kings,Mumbai,"Wankhede Stadium, Mumbai",2021-04-19
2nd innings,Rajasthan Royals,Chennai Super Kings,6.5,S Dube,JC Buttler,SN Thakur,0,1,1,,,,,CSK vs RR 2021-04-19,PR Reiffel,VK Sharma,MM Ali,Chennai Super Kings,Mumbai,"Wankhede Stadium, Mumbai",2021-04-19
2nd innings,Rajasthan Royals,Chennai Super Kings,6.6,JC Buttler,S Dube,SN Thakur,0,1,1,,,,,CSK vs RR 2021-04-19,PR Reiffel,VK Sharma,MM Ali,Chennai Super Kings,Mumbai,"Wankhede Stadium, Mumbai",2021-04-19
2nd innings,Rajasthan Royals,Chennai Super Kings,7.1,JC Buttler,S Dube,RA Jadeja,0,1,1,,,,,CSK vs RR 2021-04-19,PR Reiffel,VK Sharma,MM Ali,Chennai Super Kings,Mumbai,"Wankhede Stadium, Mumbai",2021-04-19
2nd innings,Rajasthan Royals,Chennai Super Kings,7.2,S Dube,JC Buttler,RA Jadeja,0,4,4,,,,,CSK vs RR 2021-04-19,PR Reiffel,VK Sharma,MM Ali,Chennai Super Kings,Mumbai,"Wankhede Stadium, Mumbai",2021-04-19
2nd innings,Rajasthan Royals,Chennai Super Kings,7.3,S Dube,JC Buttler,RA Jadeja,0,4,4,,,,,CSK vs RR 2021-04-19,PR Reiffel,VK Sharma,MM Ali,Chennai Super Kings,Mumbai,"Wankhede Stadium, Mumbai",2021-04-19
2nd innings,Rajasthan Royals,Chennai Super Kings,7.4,S Dube,JC Buttler,RA Jadeja,0,0,0,,,,,CSK vs RR 2021-04-19,PR Reiffel,VK Sharma,MM Ali,Chennai Super Kings,Mumbai,"Wankhede Stadium, Mumbai",2021-04-19
2nd innings,Rajasthan Royals,Chennai Super Kings,7.5,S Dube,JC Buttler,RA Jadeja,0,1,1,,,,,CSK vs RR 2021-04-19,PR Reiffel,VK Sharma,MM Ali,Chennai Super Kings,Mumbai,"Wankhede Stadium, Mumbai",2021-04-19
2nd innings,Rajasthan Royals,Chennai Super Kings,7.6,JC Buttler,S Dube,RA Jadeja,0,1,1,,,,,CSK vs RR 2021-04-19,PR Reiffel,VK Sharma,MM Ali,Chennai Super Kings,Mumbai,"Wankhede Stadium, Mumbai",2021-04-19
2nd innings,Rajasthan Royals,Chennai Super Kings,8.1,JC Buttler,S Dube,SN Thakur,0,4,4,,,,,CSK vs RR 2021-04-19,PR Reiffel,VK Sharma,MM Ali,Chennai Super Kings,Mumbai,"Wankhede Stadium, Mumbai",2021-04-19
2nd innings,Rajasthan Royals,Chennai Super Kings,8.2,JC Buttler,S Dube,SN Thakur,0,0,0,,,,,CSK vs RR 2021-04-19,PR Reiffel,VK Sharma,MM Ali,Chennai Super Kings,Mumbai,"Wankhede Stadium, Mumbai",2021-04-19
2nd innings,Rajasthan Royals,Chennai Super Kings,8.3,JC Buttler,S Dube,SN Thakur,0,0,0,,,,,CSK vs RR 2021-04-19,PR Reiffel,VK Sharma,MM Ali,Chennai Super Kings,Mumbai,"Wankhede Stadium, Mumbai",2021-04-19
2nd innings,Rajasthan Royals,Chennai Super Kings,8.4,JC Buttler,S Dube,SN Thakur,0,1,1,,,,,CSK vs RR 2021-04-19,PR Reiffel,VK Sharma,MM Ali,Chennai Super Kings,Mumbai,"Wankhede Stadium, Mumbai",2021-04-19
2nd innings,Rajasthan Royals,Chennai Super Kings,8.5,S Dube,JC Buttler,SN Thakur,0,1,1,,,,,CSK vs RR 2021-04-19,PR Reiffel,VK Sharma,MM Ali,Chennai Super Kings,Mumbai,"Wankhede Stadium, Mumbai",2021-04-19
2nd innings,Rajasthan Royals,Chennai Super Kings,8.6,JC Buttler,S Dube,SN Thakur,0,4,4,,,,,CSK vs RR 2021-04-19,PR Reiffel,VK Sharma,MM Ali,Chennai Super Kings,Mumbai,"Wankhede Stadium, Mumbai",2021-04-19
2nd innings,Rajasthan Royals,Chennai Super Kings,9.1,S Dube,JC Buttler,RA Jadeja,0,1,1,,,,,CSK vs RR 2021-04-19,PR Reiffel,VK Sharma,MM Ali,Chennai Super Kings,Mumbai,"Wankhede Stadium, Mumbai",2021-04-19
2nd innings,Rajasthan Royals,Chennai Super Kings,9.2,JC Buttler,S Dube,RA Jadeja,0,1,1,,,,,CSK vs RR 2021-04-19,PR Reiffel,VK Sharma,MM Ali,Chennai Super Kings,Mumbai,"Wankhede Stadium, Mumbai",2021-04-19
2nd innings,Rajasthan Royals,Chennai Super Kings,9.3,S Dube,JC Buttler,RA Jadeja,0,0,0,,,,,CSK vs RR 2021-04-19,PR Reiffel,VK Sharma,MM Ali,Chennai Super Kings,Mumbai,"Wankhede Stadium, Mumbai",2021-04-19
2nd innings,Rajasthan Royals,Chennai Super Kings,9.4,S Dube,JC Buttler,RA Jadeja,0,0,0,,,,,CSK vs RR 2021-04-19,PR Reiffel,VK Sharma,MM Ali,Chennai Super Kings,Mumbai,"Wankhede Stadium, Mumbai",2021-04-19
2nd innings,Rajasthan Royals,Chennai Super Kings,9.5,S Dube,JC Buttler,RA Jadeja,1,6,7,noballs,,,,CSK vs RR 2021-04-19,PR Reiffel,VK Sharma,MM Ali,Chennai Super Kings,Mumbai,"Wankhede Stadium, Mumbai",2021-04-19
2nd innings,Rajasthan Royals,Chennai Super Kings,9.6,S Dube,JC Buttler,RA Jadeja,0,1,1,,,,,CSK vs RR 2021-04-19,PR Reiffel,VK Sharma,MM Ali,Chennai Super Kings,Mumbai,"Wankhede Stadium, Mumbai",2021-04-19
2nd innings,Rajasthan Royals,Chennai Super Kings,9.7,JC Buttler,S Dube,RA Jadeja,0,1,1,,,,,CSK vs RR 2021-04-19,PR Reiffel,VK Sharma,MM Ali,Chennai Super Kings,Mumbai,"Wankhede Stadium, Mumbai",2021-04-19
2nd innings,Rajasthan Royals,Chennai Super Kings,10.1,JC Buttler,S Dube,DJ Bravo,1,0,1,wides,,,,CSK vs RR 2021-04-19,PR Reiffel,VK Sharma,MM Ali,Chennai Super Kings,Mumbai,"Wankhede Stadium, Mumbai",2021-04-19
2nd innings,Rajasthan Royals,Chennai Super Kings,10.2,JC Buttler,S Dube,DJ Bravo,1,0,1,wides,,,,CSK vs RR 2021-04-19,PR Reiffel,VK Sharma,MM Ali,Chennai Super Kings,Mumbai,"Wankhede Stadium, Mumbai",2021-04-19
2nd innings,Rajasthan Royals,Chennai Super Kings,10.3,JC Buttler,S Dube,DJ Bravo,0,0,0,,,,,CSK vs RR 2021-04-19,PR Reiffel,VK Sharma,MM Ali,Chennai Super Kings,Mumbai,"Wankhede Stadium, Mumbai",2021-04-19
2nd innings,Rajasthan Royals,Chennai Super Kings,10.4,JC Buttler,S Dube,DJ Bravo,0,0,0,,,,,CSK vs RR 2021-04-19,PR Reiffel,VK Sharma,MM Ali,Chennai Super Kings,Mumbai,"Wankhede Stadium, Mumbai",2021-04-19
2nd innings,Rajasthan Royals,Chennai Super Kings,10.5,JC Buttler,S Dube,DJ Bravo,0,1,1,,,,,CSK vs RR 2021-04-19,PR Reiffel,VK Sharma,MM Ali,Chennai Super Kings,Mumbai,"Wankhede Stadium, Mumbai",2021-04-19
2nd innings,Rajasthan Royals,Chennai Super Kings,10.6,S Dube,JC Buttler,DJ Bravo,0,0,0,,,,,CSK vs RR 2021-04-19,PR Reiffel,VK Sharma,MM Ali,Chennai Super Kings,Mumbai,"Wankhede Stadium, Mumbai",2021-04-19
2nd innings,Rajasthan Royals,Chennai Super Kings,10.7,S Dube,JC Buttler,DJ Bravo,0,1,1,,,,,CSK vs RR 2021-04-19,PR Reiffel,VK Sharma,MM Ali,Chennai Super Kings,Mumbai,"Wankhede Stadium, Mumbai",2021-04-19
2nd innings,Rajasthan Royals,Chennai Super Kings,10.8,JC Buttler,S Dube,DJ Bravo,1,0,1,wides,,,,CSK vs RR 2021-04-19,PR Reiffel,VK Sharma,MM Ali,Chennai Super Kings,Mumbai,"Wankhede Stadium, Mumbai",2021-04-19
2nd innings,Rajasthan Royals,Chennai Super Kings,10.9,JC Buttler,S Dube,DJ Bravo,1,0,1,wides,,,,CSK vs RR 2021-04-19,PR Reiffel,VK Sharma,MM Ali,Chennai Super Kings,Mumbai,"Wankhede Stadium, Mumbai",2021-04-19
2nd innings,Rajasthan Royals,Chennai Super Kings,10.1,JC Buttler,S Dube,DJ Bravo,0,0,0,,,,,CSK vs RR 2021-04-19,PR Reiffel,VK Sharma,MM Ali,Chennai Super Kings,Mumbai,"Wankhede Stadium, Mumbai",2021-04-19
2nd innings,Rajasthan Royals,Chennai Super Kings,11.1,S Dube,JC Buttler,RA Jadeja,0,0,0,,JC Buttler,bowled,,CSK vs RR 2021-04-19,PR Reiffel,VK Sharma,MM Ali,Chennai Super Kings,Mumbai,"Wankhede Stadium, Mumbai",2021-04-19
2nd innings,Rajasthan Royals,Chennai Super Kings,11.2,S Dube,DA Miller,RA Jadeja,0,1,1,,,,,CSK vs RR 2021-04-19,PR Reiffel,VK Sharma,MM Ali,Chennai Super Kings,Mumbai,"Wankhede Stadium, Mumbai",2021-04-19
2nd innings,Rajasthan Royals,Chennai Super Kings,11.3,DA Miller,S Dube,RA Jadeja,0,0,0,,,,,CSK vs RR 2021-04-19,PR Reiffel,VK Sharma,MM Ali,Chennai Super Kings,Mumbai,"Wankhede Stadium, Mumbai",2021-04-19
2nd innings,Rajasthan Royals,Chennai Super Kings,11.4,DA Miller,S Dube,RA Jadeja,0,1,1,,,,,CSK vs RR 2021-04-19,PR Reiffel,VK Sharma,MM Ali,Chennai Super Kings,Mumbai,"Wankhede Stadium, Mumbai",2021-04-19
2nd innings,Rajasthan Royals,Chennai Super Kings,11.5,S Dube,DA Miller,RA Jadeja,0,1,1,,,,,CSK vs RR 2021-04-19,PR Reiffel,VK Sharma,MM Ali,Chennai Super Kings,Mumbai,"Wankhede Stadium, Mumbai",2021-04-19
2nd innings,Rajasthan Royals,Chennai Super Kings,11.6,DA Miller,S Dube,RA Jadeja,0,0,0,,S Dube,lbw,,CSK vs RR 2021-04-19,PR Reiffel,VK Sharma,MM Ali,Chennai Super Kings,Mumbai,"Wankhede Stadium, Mumbai",2021-04-19
2nd innings,Rajasthan Royals,Chennai Super Kings,12.1,R Parag,DA Miller,MM Ali,0,0,0,,,,,CSK vs RR 2021-04-19,PR Reiffel,VK Sharma,MM Ali,Chennai Super Kings,Mumbai,"Wankhede Stadium, Mumbai",2021-04-19
2nd innings,Rajasthan Royals,Chennai Super Kings,12.2,R Parag,DA Miller,MM Ali,1,0,1,legbyes,,,,CSK vs RR 2021-04-19,PR Reiffel,VK Sharma,MM Ali,Chennai Super Kings,Mumbai,"Wankhede Stadium, Mumbai",2021-04-19
2nd innings,Rajasthan Royals,Chennai Super Kings,12.3,DA Miller,R Parag,MM Ali,0,0,0,,,,,CSK vs RR 2021-04-19,PR Reiffel,VK Sharma,MM Ali,Chennai Super Kings,Mumbai,"Wankhede Stadium, Mumbai",2021-04-19
2nd innings,Rajasthan Royals,Chennai Super Kings,12.4,DA Miller,R Parag,MM Ali,0,1,1,,,,,CSK vs RR 2021-04-19,PR Reiffel,VK Sharma,MM Ali,Chennai Super Kings,Mumbai,"Wankhede Stadium, Mumbai",2021-04-19
2nd innings,Rajasthan Royals,Chennai Super Kings,12.5,R Parag,DA Miller,MM Ali,0,0,0,,DA Miller,lbw,,CSK vs RR 2021-04-19,PR Reiffel,VK Sharma,MM Ali,Chennai Super Kings,Mumbai,"Wankhede Stadium, Mumbai",2021-04-19
2nd innings,Rajasthan Royals,Chennai Super Kings,12.6,R Parag,R Tewatia,MM Ali,0,0,0,,,,,CSK vs RR 2021-04-19,PR Reiffel,VK Sharma,MM Ali,Chennai Super Kings,Mumbai,"Wankhede Stadium, Mumbai",2021-04-19
2nd innings,Rajasthan Royals,Chennai Super Kings,13.1,R Tewatia,R Parag,RA Jadeja,0,1,1,,,,,CSK vs RR 2021-04-19,PR Reiffel,VK Sharma,MM Ali,Chennai Super Kings,Mumbai,"Wankhede Stadium, Mumbai",2021-04-19
2nd innings,Rajasthan Royals,Chennai Super Kings,13.2,R Parag,R Tewatia,RA Jadeja,0,0,0,,,,,CSK vs RR 2021-04-19,PR Reiffel,VK Sharma,MM Ali,Chennai Super Kings,Mumbai,"Wankhede Stadium, Mumbai",2021-04-19
2nd innings,Rajasthan Royals,Chennai Super Kings,13.3,R Parag,R Tewatia,RA Jadeja,0,1,1,,,,,CSK vs RR 2021-04-19,PR Reiffel,VK Sharma,MM Ali,Chennai Super Kings,Mumbai,"Wankhede Stadium, Mumbai",2021-04-19
2nd innings,Rajasthan Royals,Chennai Super Kings,13.4,R Tewatia,R Parag,RA Jadeja,0,0,0,,,,,CSK vs RR 2021-04-19,PR Reiffel,VK Sharma,MM Ali,Chennai Super Kings,Mumbai,"Wankhede Stadium, Mumbai",2021-04-19
2nd innings,Rajasthan Royals,Chennai Super Kings,13.5,R Tewatia,R Parag,RA Jadeja,0,0,0,,,,,CSK vs RR 2021-04-19,PR Reiffel,VK Sharma,MM Ali,Chennai Super Kings,Mumbai,"Wankhede Stadium, Mumbai",2021-04-19
2nd innings,Rajasthan Royals,Chennai Super Kings,13.6,R Tewatia,R Parag,RA Jadeja,0,1,1,,,,,CSK vs RR 2021-04-19,PR Reiffel,VK Sharma,MM Ali,Chennai Super Kings,Mumbai,"Wankhede Stadium, Mumbai",2021-04-19
2nd innings,Rajasthan Royals,Chennai Super Kings,14.1,R Tewatia,R Parag,MM Ali,0,0,0,,R Parag,caught,RA Jadeja,CSK vs RR 2021-04-19,PR Reiffel,VK Sharma,MM Ali,Chennai Super Kings,Mumbai,"Wankhede Stadium, Mumbai",2021-04-19
2nd innings,Rajasthan Royals,Chennai Super Kings,14.2,R Tewatia,CH Morris,MM Ali,0,0,0,,,,,CSK vs RR 2021-04-19,PR Reiffel,VK Sharma,MM Ali,Chennai Super Kings,Mumbai,"Wankhede Stadium, Mumbai",2021-04-19
2nd innings,Rajasthan Royals,Chennai Super Kings,14.3,R Tewatia,CH Morris,MM Ali,0,0,0,,CH Morris,caught,RA Jadeja,CSK vs RR 2021-04-19,PR Reiffel,VK Sharma,MM Ali,Chennai Super Kings,Mumbai,"Wankhede Stadium, Mumbai",2021-04-19
2nd innings,Rajasthan Royals,Chennai Super Kings,14.4,R Tewatia,JD Unadkat,MM Ali,0,1,1,,,,,CSK vs RR 2021-04-19,PR Reiffel,VK Sharma,MM Ali,Chennai Super Kings,Mumbai,"Wankhede Stadium, Mumbai",2021-04-19
2nd innings,Rajasthan Royals,Chennai Super Kings,14.5,JD Unadkat,R Tewatia,MM Ali,0,1,1,,,,,CSK vs RR 2021-04-19,PR Reiffel,VK Sharma,MM Ali,Chennai Super Kings,Mumbai,"Wankhede Stadium, Mumbai",2021-04-19
2nd innings,Rajasthan Royals,Chennai Super Kings,14.6,R Tewatia,JD Unadkat,MM Ali,0,0,0,,,,,CSK vs RR 2021-04-19,PR Reiffel,VK Sharma,MM Ali,Chennai Super Kings,Mumbai,"Wankhede Stadium, Mumbai",2021-04-19
2nd innings,Rajasthan Royals,Chennai Super Kings,15.1,JD Unadkat,R Tewatia,DJ Bravo,0,1,1,,,,,CSK vs RR 2021-04-19,PR Reiffel,VK Sharma,MM Ali,Chennai Super Kings,Mumbai,"Wankhede Stadium, Mumbai",2021-04-19
2nd innings,Rajasthan Royals,Chennai Super Kings,15.2,R Tewatia,JD Unadkat,DJ Bravo,1,0,1,wides,,,,CSK vs RR 2021-04-19,PR Reiffel,VK Sharma,MM Ali,Chennai Super Kings,Mumbai,"Wankhede Stadium, Mumbai",2021-04-19
2nd innings,Rajasthan Royals,Chennai Super Kings,15.3,R Tewatia,JD Unadkat,DJ Bravo,0,1,1,,,,,CSK vs RR 2021-04-19,PR Reiffel,VK Sharma,MM Ali,Chennai Super Kings,Mumbai,"Wankhede Stadium, Mumbai",2021-04-19
2nd innings,Rajasthan Royals,Chennai Super Kings,15.4,JD Unadkat,R Tewatia,DJ Bravo,1,0,1,legbyes,,,,CSK vs RR 2021-04-19,PR Reiffel,VK Sharma,MM Ali,Chennai Super Kings,Mumbai,"Wankhede Stadium, Mumbai",2021-04-19
2nd innings,Rajasthan Royals,Chennai Super Kings,15.5,R Tewatia,JD Unadkat,DJ Bravo,0,2,2,,,,,CSK vs RR 2021-04-19,PR Reiffel,VK Sharma,MM Ali,Chennai Super Kings,Mumbai,"Wankhede Stadium, Mumbai",2021-04-19
2nd innings,Rajasthan Royals,Chennai Super Kings,15.6,R Tewatia,JD Unadkat,DJ Bravo,0,2,2,,,,,CSK vs RR 2021-04-19,PR Reiffel,VK Sharma,MM Ali,Chennai Super Kings,Mumbai,"Wankhede Stadium, Mumbai",2021-04-19
2nd innings,Rajasthan Royals,Chennai Super Kings,15.7,R Tewatia,JD Unadkat,DJ Bravo,0,0,0,,,,,CSK vs RR 2021-04-19,PR Reiffel,VK Sharma,MM Ali,Chennai Super Kings,Mumbai,"Wankhede Stadium, Mumbai",2021-04-19
2nd innings,Rajasthan Royals,Chennai Super Kings,16.1,JD Unadkat,R Tewatia,MM Ali,0,0,0,,,,,CSK vs RR 2021-04-19,PR Reiffel,VK Sharma,MM Ali,Chennai Super Kings,Mumbai,"Wankhede Stadium, Mumbai",2021-04-19
2nd innings,Rajasthan Royals,Chennai Super Kings,16.2,JD Unadkat,R Tewatia,MM Ali,0,1,1,,,,,CSK vs RR 2021-04-19,PR Reiffel,VK Sharma,MM Ali,Chennai Super Kings,Mumbai,"Wankhede Stadium, Mumbai",2021-04-19
2nd innings,Rajasthan Royals,Chennai Super Kings,16.3,R Tewatia,JD Unadkat,MM Ali,0,1,1,,,,,CSK vs RR 2021-04-19,PR Reiffel,VK Sharma,MM Ali,Chennai Super Kings,Mumbai,"Wankhede Stadium, Mumbai",2021-04-19
2nd innings,Rajasthan Royals,Chennai Super Kings,16.4,JD Unadkat,R Tewatia,MM Ali,0,1,1,,,,,CSK vs RR 2021-04-19,PR Reiffel,VK Sharma,MM Ali,Chennai Super Kings,Mumbai,"Wankhede Stadium, Mumbai",2021-04-19
2nd innings,Rajasthan Royals,Chennai Super Kings,16.5,R Tewatia,JD Unadkat,MM Ali,0,0,0,,,,,CSK vs RR 2021-04-19,PR Reiffel,VK Sharma,MM Ali,Chennai Super Kings,Mumbai,"Wankhede Stadium, Mumbai",2021-04-19
2nd innings,Rajasthan Royals,Chennai Super Kings,16.6,R Tewatia,JD Unadkat,MM Ali,0,1,1,,,,,CSK vs RR 2021-04-19,PR Reiffel,VK Sharma,MM Ali,Chennai Super Kings,Mumbai,"Wankhede Stadium, Mumbai",2021-04-19
2nd innings,Rajasthan Royals,Chennai Super Kings,17.1,R Tewatia,JD Unadkat,SM Curran,0,0,0,,,,,CSK vs RR 2021-04-19,PR Reiffel,VK Sharma,MM Ali,Chennai Super Kings,Mumbai,"Wankhede Stadium, Mumbai",2021-04-19
2nd innings,Rajasthan Royals,Chennai Super Kings,17.2,R Tewatia,JD Unadkat,SM Curran,0,6,6,,,,,CSK vs RR 2021-04-19,PR Reiffel,VK Sharma,MM Ali,Chennai Super Kings,Mumbai,"Wankhede Stadium, Mumbai",2021-04-19
2nd innings,Rajasthan Royals,Chennai Super Kings,17.3,R Tewatia,JD Unadkat,SM Curran,1,0,1,byes,,,,CSK vs RR 2021-04-19,PR Reiffel,VK Sharma,MM Ali,Chennai Super Kings,Mumbai,"Wankhede Stadium, Mumbai",2021-04-19
2nd innings,Rajasthan Royals,Chennai Super Kings,17.4,JD Unadkat,R Tewatia,SM Curran,0,1,1,,,,,CSK vs RR 2021-04-19,PR Reiffel,VK Sharma,MM Ali,Chennai Super Kings,Mumbai,"Wankhede Stadium, Mumbai",2021-04-19
2nd innings,Rajasthan Royals,Chennai Super Kings,17.5,R Tewatia,JD Unadkat,SM Curran,0,4,4,,,,,CSK vs RR 2021-04-19,PR Reiffel,VK Sharma,MM Ali,Chennai Super Kings,Mumbai,"Wankhede Stadium, Mumbai",2021-04-19
2nd innings,Rajasthan Royals,Chennai Super Kings,17.6,R Tewatia,JD Unadkat,SM Curran,0,1,1,,,,,CSK vs RR 2021-04-19,PR Reiffel,VK Sharma,MM Ali,Chennai Super Kings,Mumbai,"Wankhede Stadium, Mumbai",2021-04-19
2nd innings,Rajasthan Royals,Chennai Super Kings,18.1,R Tewatia,JD Unadkat,DJ Bravo,0,1,1,,,,,CSK vs RR 2021-04-19,PR Reiffel,VK Sharma,MM Ali,Chennai Super Kings,Mumbai,"Wankhede Stadium, Mumbai",2021-04-19
2nd innings,Rajasthan Royals,Chennai Super Kings,18.2,JD Unadkat,R Tewatia,DJ Bravo,0,2,2,,,,,CSK vs RR 2021-04-19,PR Reiffel,VK Sharma,MM Ali,Chennai Super Kings,Mumbai,"Wankhede Stadium, Mumbai",2021-04-19
2nd innings,Rajasthan Royals,Chennai Super Kings,18.3,JD Unadkat,R Tewatia,DJ Bravo,0,6,6,,,,,CSK vs RR 2021-04-19,PR Reiffel,VK Sharma,MM Ali,Chennai Super Kings,Mumbai,"Wankhede Stadium, Mumbai",2021-04-19
2nd innings,Rajasthan Royals,Chennai Super Kings,18.4,JD Unadkat,R Tewatia,DJ Bravo,0,6,6,,,,,CSK vs RR 2021-04-19,PR Reiffel,VK Sharma,MM Ali,Chennai Super Kings,Mumbai,"Wankhede Stadium, Mumbai",2021-04-19
2nd innings,Rajasthan Royals,Chennai Super Kings,18.5,JD Unadkat,R Tewatia,DJ Bravo,0,0,0,,,,,CSK vs RR 2021-04-19,PR Reiffel,VK Sharma,MM Ali,Chennai Super Kings,Mumbai,"Wankhede Stadium, Mumbai",2021-04-19
2nd innings,Rajasthan Royals,Chennai Super Kings,18.6,JD Unadkat,R Tewatia,DJ Bravo,0,0,0,,R Tewatia,caught,RD Gaikwad,CSK vs RR 2021-04-19,PR Reiffel,VK Sharma,MM Ali,Chennai Super Kings,Mumbai,"Wankhede Stadium, Mumbai",2021-04-19
2nd innings,Rajasthan Royals,Chennai Super Kings,19.1,C Sakariya,JD Unadkat,SN Thakur,0,4,4,,,,,CSK vs RR 2021-04-19,PR Reiffel,VK Sharma,MM Ali,Chennai Super Kings,Mumbai,"Wankhede Stadium, Mumbai",2021-04-19
2nd innings,Rajasthan Royals,Chennai Super Kings,19.2,C Sakariya,JD Unadkat,SN Thakur,1,0,1,wides,,,,CSK vs RR 2021-04-19,PR Reiffel,VK Sharma,MM Ali,Chennai Super Kings,Mumbai,"Wankhede Stadium, Mumbai",2021-04-19
2nd innings,Rajasthan Royals,Chennai Super Kings,19.3,C Sakariya,JD Unadkat,SN Thakur,1,0,1,wides,,,,CSK vs RR 2021-04-19,PR Reiffel,VK Sharma,MM Ali,Chennai Super Kings,Mumbai,"Wankhede Stadium, Mumbai",2021-04-19
2nd innings,Rajasthan Royals,Chennai Super Kings,19.4,C Sakariya,JD Unadkat,SN Thakur,0,0,0,,JD Unadkat,caught,RA Jadeja,CSK vs RR 2021-04-19,PR Reiffel,VK Sharma,MM Ali,Chennai Super Kings,Mumbai,"Wankhede Stadium, Mumbai",2021-04-19
2nd innings,Rajasthan Royals,Chennai Super Kings,19.5,C Sakariya,Mustafizur Rahman,SN Thakur,0,0,0,,,,,CSK vs RR 2021-04-19,PR Reiffel,VK Sharma,MM Ali,Chennai Super Kings,Mumbai,"Wankhede Stadium, Mumbai",2021-04-19
2nd innings,Rajasthan Royals,Chennai Super Kings,19.6,C Sakariya,Mustafizur Rahman,SN Thakur,0,0,0,,,,,CSK vs RR 2021-04-19,PR Reiffel,VK Sharma,MM Ali,Chennai Super Kings,Mumbai,"Wankhede Stadium, Mumbai",2021-04-19
2nd innings,Rajasthan Royals,Chennai Super Kings,19.7,C Sakariya,Mustafizur Rahman,SN Thakur,0,0,0,,,,,CSK vs RR 2021-04-19,PR Reiffel,VK Sharma,MM Ali,Chennai Super Kings,Mumbai,"Wankhede Stadium, Mumbai",2021-04-19
2nd innings,Rajasthan Royals,Chennai Super Kings,19.8,C Sakariya,Mustafizur Rahman,SN Thakur,0,0,0,,,,,CSK vs RR 2021-04-19,PR Reiffel,VK Sharma,MM Ali,Chennai Super Kings,Mumbai,"Wankhede Stadium, Mumbai",2021-04-19
