inning,batting_team,bowling_team,ball,non_striker,batsman,bowler,extra_runs,batsman_run,total_runs,extras,player_out,elimination_kind,fielders_caught,match_name,umpires_1,umpires_2,player_of_match,winner,city,venue,dates
1st innings,Delhi Capitals,Kolkata Knight Riders,0.1,S Dhawan,SPD Smith,S Sandeep Warrier,0,1,1,,,,,DC vs KKR 2021-09-28,Nitin Menon,HAS Khalid,SP Narine,Kolkata Knight Riders,Sharjah,Sharjah Cricket Stadium,2021-09-28
1st innings,Delhi Capitals,Kolkata Knight Riders,0.2,SPD Smith,S Dhawan,S Sandeep Warrier,0,0,0,,,,,DC vs KKR 2021-09-28,Nitin Menon,HAS Khalid,SP Narine,Kolkata Knight Riders,Sharjah,Sharjah Cricket Stadium,2021-09-28
1st innings,Delhi Capitals,Kolkata Knight Riders,0.3,SPD Smith,S Dhawan,S Sandeep Warrier,0,0,0,,,,,DC vs KKR 2021-09-28,Nitin Menon,HAS Khalid,SP Narine,Kolkata Knight Riders,Sharjah,Sharjah Cricket Stadium,2021-09-28
1st innings,Delhi Capitals,Kolkata Knight Riders,0.4,SPD Smith,S Dhawan,S Sandeep Warrier,0,0,0,,,,,DC vs KKR 2021-09-28,Nitin Menon,HAS Khalid,SP Narine,Kolkata Knight Riders,Sharjah,Sharjah Cricket Stadium,2021-09-28
1st innings,Delhi Capitals,Kolkata Knight Riders,0.5,SPD Smith,S Dhawan,S Sandeep Warrier,0,4,4,,,,,DC vs KKR 2021-09-28,Nitin Menon,HAS Khalid,SP Narine,Kolkata Knight Riders,Sharjah,Sharjah Cricket Stadium,2021-09-28
1st innings,Delhi Capitals,Kolkata Knight Riders,0.6,SPD Smith,S Dhawan,S Sandeep Warrier,0,0,0,,,,,DC vs KKR 2021-09-28,Nitin Menon,HAS Khalid,SP Narine,Kolkata Knight Riders,Sharjah,Sharjah Cricket Stadium,2021-09-28
1st innings,Delhi Capitals,Kolkata Knight Riders,1.1,S Dhawan,SPD Smith,TG Southee,0,2,2,,,,,DC vs KKR 2021-09-28,Nitin Menon,HAS Khalid,SP Narine,Kolkata Knight Riders,Sharjah,Sharjah Cricket Stadium,2021-09-28
1st innings,Delhi Capitals,Kolkata Knight Riders,1.2,S Dhawan,SPD Smith,TG Southee,0,0,0,,,,,DC vs KKR 2021-09-28,Nitin Menon,HAS Khalid,SP Narine,Kolkata Knight Riders,Sharjah,Sharjah Cricket Stadium,2021-09-28
1st innings,Delhi Capitals,Kolkata Knight Riders,1.3,S Dhawan,SPD Smith,TG Southee,0,1,1,,,,,DC vs KKR 2021-09-28,Nitin Menon,HAS Khalid,SP Narine,Kolkata Knight Riders,Sharjah,Sharjah Cricket Stadium,2021-09-28
1st innings,Delhi Capitals,Kolkata Knight Riders,1.4,SPD Smith,S Dhawan,TG Southee,0,4,4,,,,,DC vs KKR 2021-09-28,Nitin Menon,HAS Khalid,SP Narine,Kolkata Knight Riders,Sharjah,Sharjah Cricket Stadium,2021-09-28
1st innings,Delhi Capitals,Kolkata Knight Riders,1.5,SPD Smith,S Dhawan,TG Southee,0,0,0,,,,,DC vs KKR 2021-09-28,Nitin Menon,HAS Khalid,SP Narine,Kolkata Knight Riders,Sharjah,Sharjah Cricket Stadium,2021-09-28
1st innings,Delhi Capitals,Kolkata Knight Riders,1.6,SPD Smith,S Dhawan,TG Southee,0,0,0,,,,,DC vs KKR 2021-09-28,Nitin Menon,HAS Khalid,SP Narine,Kolkata Knight Riders,Sharjah,Sharjah Cricket Stadium,2021-09-28
1st innings,Delhi Capitals,Kolkata Knight Riders,2.1,S Dhawan,SPD Smith,S Sandeep Warrier,0,1,1,,,,,DC vs KKR 2021-09-28,Nitin Menon,HAS Khalid,SP Narine,Kolkata Knight Riders,Sharjah,Sharjah Cricket Stadium,2021-09-28
1st innings,Delhi Capitals,Kolkata Knight Riders,2.2,SPD Smith,S Dhawan,S Sandeep Warrier,0,4,4,,,,,DC vs KKR 2021-09-28,Nitin Menon,HAS Khalid,SP Narine,Kolkata Knight Riders,Sharjah,Sharjah Cricket Stadium,2021-09-28
1st innings,Delhi Capitals,Kolkata Knight Riders,2.3,SPD Smith,S Dhawan,S Sandeep Warrier,0,4,4,,,,,DC vs KKR 2021-09-28,Nitin Menon,HAS Khalid,SP Narine,Kolkata Knight Riders,Sharjah,Sharjah Cricket Stadium,2021-09-28
1st innings,Delhi Capitals,Kolkata Knight Riders,2.4,SPD Smith,S Dhawan,S Sandeep Warrier,0,1,1,,,,,DC vs KKR 2021-09-28,Nitin Menon,HAS Khalid,SP Narine,Kolkata Knight Riders,Sharjah,Sharjah Cricket Stadium,2021-09-28
1st innings,Delhi Capitals,Kolkata Knight Riders,2.5,S Dhawan,SPD Smith,S Sandeep Warrier,0,0,0,,,,,DC vs KKR 2021-09-28,Nitin Menon,HAS Khalid,SP Narine,Kolkata Knight Riders,Sharjah,Sharjah Cricket Stadium,2021-09-28
1st innings,Delhi Capitals,Kolkata Knight Riders,2.6,S Dhawan,SPD Smith,S Sandeep Warrier,0,0,0,,,,,DC vs KKR 2021-09-28,Nitin Menon,HAS Khalid,SP Narine,Kolkata Knight Riders,Sharjah,Sharjah Cricket Stadium,2021-09-28
1st innings,Delhi Capitals,Kolkata Knight Riders,3.1,SPD Smith,S Dhawan,TG Southee,0,0,0,,,,,DC vs KKR 2021-09-28,Nitin Menon,HAS Khalid,SP Narine,Kolkata Knight Riders,Sharjah,Sharjah Cricket Stadium,2021-09-28
1st innings,Delhi Capitals,Kolkata Knight Riders,3.2,SPD Smith,S Dhawan,TG Southee,0,1,1,,,,,DC vs KKR 2021-09-28,Nitin Menon,HAS Khalid,SP Narine,Kolkata Knight Riders,Sharjah,Sharjah Cricket Stadium,2021-09-28
1st innings,Delhi Capitals,Kolkata Knight Riders,3.3,S Dhawan,SPD Smith,TG Southee,0,1,1,,,,,DC vs KKR 2021-09-28,Nitin Menon,HAS Khalid,SP Narine,Kolkata Knight Riders,Sharjah,Sharjah Cricket Stadium,2021-09-28
1st innings,Delhi Capitals,Kolkata Knight Riders,3.4,SPD Smith,S Dhawan,TG Southee,0,4,4,,,,,DC vs KKR 2021-09-28,Nitin Menon,HAS Khalid,SP Narine,Kolkata Knight Riders,Sharjah,Sharjah Cricket Stadium,2021-09-28
1st innings,Delhi Capitals,Kolkata Knight Riders,3.5,SPD Smith,S Dhawan,TG Southee,0,0,0,,,,,DC vs KKR 2021-09-28,Nitin Menon,HAS Khalid,SP Narine,Kolkata Knight Riders,Sharjah,Sharjah Cricket Stadium,2021-09-28
1st innings,Delhi Capitals,Kolkata Knight Riders,3.6,SPD Smith,S Dhawan,TG Southee,0,1,1,,,,,DC vs KKR 2021-09-28,Nitin Menon,HAS Khalid,SP Narine,Kolkata Knight Riders,Sharjah,Sharjah Cricket Stadium,2021-09-28
1st innings,Delhi Capitals,Kolkata Knight Riders,4.1,SPD Smith,S Dhawan,LH Ferguson,0,1,1,,,,,DC vs KKR 2021-09-28,Nitin Menon,HAS Khalid,SP Narine,Kolkata Knight Riders,Sharjah,Sharjah Cricket Stadium,2021-09-28
1st innings,Delhi Capitals,Kolkata Knight Riders,4.2,S Dhawan,SPD Smith,LH Ferguson,0,4,4,,,,,DC vs KKR 2021-09-28,Nitin Menon,HAS Khalid,SP Narine,Kolkata Knight Riders,Sharjah,Sharjah Cricket Stadium,2021-09-28
1st innings,Delhi Capitals,Kolkata Knight Riders,4.3,S Dhawan,SPD Smith,LH Ferguson,0,1,1,,,,,DC vs KKR 2021-09-28,Nitin Menon,HAS Khalid,SP Narine,Kolkata Knight Riders,Sharjah,Sharjah Cricket Stadium,2021-09-28
1st innings,Delhi Capitals,Kolkata Knight Riders,4.4,SPD Smith,S Dhawan,LH Ferguson,0,0,0,,,,,DC vs KKR 2021-09-28,Nitin Menon,HAS Khalid,SP Narine,Kolkata Knight Riders,Sharjah,Sharjah Cricket Stadium,2021-09-28
1st innings,Delhi Capitals,Kolkata Knight Riders,4.5,SPD Smith,S Dhawan,LH Ferguson,0,0,0,,,,,DC vs KKR 2021-09-28,Nitin Menon,HAS Khalid,SP Narine,Kolkata Knight Riders,Sharjah,Sharjah Cricket Stadium,2021-09-28
1st innings,Delhi Capitals,Kolkata Knight Riders,4.6,SPD Smith,S Dhawan,LH Ferguson,0,0,0,,S Dhawan,caught,VR Iyer,DC vs KKR 2021-09-28,Nitin Menon,HAS Khalid,SP Narine,Kolkata Knight Riders,Sharjah,Sharjah Cricket Stadium,2021-09-28
1st innings,Delhi Capitals,Kolkata Knight Riders,5.1,SS Iyer,SPD Smith,CV Varun,0,1,1,,,,,DC vs KKR 2021-09-28,Nitin Menon,HAS Khalid,SP Narine,Kolkata Knight Riders,Sharjah,Sharjah Cricket Stadium,2021-09-28
1st innings,Delhi Capitals,Kolkata Knight Riders,5.2,SPD Smith,SS Iyer,CV Varun,1,0,1,wides,,,,DC vs KKR 2021-09-28,Nitin Menon,HAS Khalid,SP Narine,Kolkata Knight Riders,Sharjah,Sharjah Cricket Stadium,2021-09-28
1st innings,Delhi Capitals,Kolkata Knight Riders,5.3,SPD Smith,SS Iyer,CV Varun,0,0,0,,,,,DC vs KKR 2021-09-28,Nitin Menon,HAS Khalid,SP Narine,Kolkata Knight Riders,Sharjah,Sharjah Cricket Stadium,2021-09-28
1st innings,Delhi Capitals,Kolkata Knight Riders,5.4,SPD Smith,SS Iyer,CV Varun,0,0,0,,,,,DC vs KKR 2021-09-28,Nitin Menon,HAS Khalid,SP Narine,Kolkata Knight Riders,Sharjah,Sharjah Cricket Stadium,2021-09-28
1st innings,Delhi Capitals,Kolkata Knight Riders,5.5,SPD Smith,SS Iyer,CV Varun,0,1,1,,,,,DC vs KKR 2021-09-28,Nitin Menon,HAS Khalid,SP Narine,Kolkata Knight Riders,Sharjah,Sharjah Cricket Stadium,2021-09-28
1st innings,Delhi Capitals,Kolkata Knight Riders,5.6,SS Iyer,SPD Smith,CV Varun,0,1,1,,,,,DC vs KKR 2021-09-28,Nitin Menon,HAS Khalid,SP Narine,Kolkata Knight Riders,Sharjah,Sharjah Cricket Stadium,2021-09-28
1st innings,Delhi Capitals,Kolkata Knight Riders,5.7,SPD Smith,SS Iyer,CV Varun,0,0,0,,,,,DC vs KKR 2021-09-28,Nitin Menon,HAS Khalid,SP Narine,Kolkata Knight Riders,Sharjah,Sharjah Cricket Stadium,2021-09-28
1st innings,Delhi Capitals,Kolkata Knight Riders,6.1,SS Iyer,SPD Smith,SP Narine,0,1,1,,,,,DC vs KKR 2021-09-28,Nitin Menon,HAS Khalid,SP Narine,Kolkata Knight Riders,Sharjah,Sharjah Cricket Stadium,2021-09-28
1st innings,Delhi Capitals,Kolkata Knight Riders,6.2,SPD Smith,SS Iyer,SP Narine,0,0,0,,SS Iyer,bowled,,DC vs KKR 2021-09-28,Nitin Menon,HAS Khalid,SP Narine,Kolkata Knight Riders,Sharjah,Sharjah Cricket Stadium,2021-09-28
1st innings,Delhi Capitals,Kolkata Knight Riders,6.3,SPD Smith,RR Pant,SP Narine,0,1,1,,,,,DC vs KKR 2021-09-28,Nitin Menon,HAS Khalid,SP Narine,Kolkata Knight Riders,Sharjah,Sharjah Cricket Stadium,2021-09-28
1st innings,Delhi Capitals,Kolkata Knight Riders,6.4,RR Pant,SPD Smith,SP Narine,0,1,1,,,,,DC vs KKR 2021-09-28,Nitin Menon,HAS Khalid,SP Narine,Kolkata Knight Riders,Sharjah,Sharjah Cricket Stadium,2021-09-28
1st innings,Delhi Capitals,Kolkata Knight Riders,6.5,SPD Smith,RR Pant,SP Narine,0,0,0,,,,,DC vs KKR 2021-09-28,Nitin Menon,HAS Khalid,SP Narine,Kolkata Knight Riders,Sharjah,Sharjah Cricket Stadium,2021-09-28
1st innings,Delhi Capitals,Kolkata Knight Riders,6.6,SPD Smith,RR Pant,SP Narine,0,0,0,,,,,DC vs KKR 2021-09-28,Nitin Menon,HAS Khalid,SP Narine,Kolkata Knight Riders,Sharjah,Sharjah Cricket Stadium,2021-09-28
1st innings,Delhi Capitals,Kolkata Knight Riders,7.1,RR Pant,SPD Smith,CV Varun,0,0,0,,,,,DC vs KKR 2021-09-28,Nitin Menon,HAS Khalid,SP Narine,Kolkata Knight Riders,Sharjah,Sharjah Cricket Stadium,2021-09-28
1st innings,Delhi Capitals,Kolkata Knight Riders,7.2,RR Pant,SPD Smith,CV Varun,0,1,1,,,,,DC vs KKR 2021-09-28,Nitin Menon,HAS Khalid,SP Narine,Kolkata Knight Riders,Sharjah,Sharjah Cricket Stadium,2021-09-28
1st innings,Delhi Capitals,Kolkata Knight Riders,7.3,SPD Smith,RR Pant,CV Varun,0,1,1,,,,,DC vs KKR 2021-09-28,Nitin Menon,HAS Khalid,SP Narine,Kolkata Knight Riders,Sharjah,Sharjah Cricket Stadium,2021-09-28
1st innings,Delhi Capitals,Kolkata Knight Riders,7.4,RR Pant,SPD Smith,CV Varun,0,1,1,,,,,DC vs KKR 2021-09-28,Nitin Menon,HAS Khalid,SP Narine,Kolkata Knight Riders,Sharjah,Sharjah Cricket Stadium,2021-09-28
1st innings,Delhi Capitals,Kolkata Knight Riders,7.5,SPD Smith,RR Pant,CV Varun,0,1,1,,,,,DC vs KKR 2021-09-28,Nitin Menon,HAS Khalid,SP Narine,Kolkata Knight Riders,Sharjah,Sharjah Cricket Stadium,2021-09-28
1st innings,Delhi Capitals,Kolkata Knight Riders,7.6,RR Pant,SPD Smith,CV Varun,0,1,1,,,,,DC vs KKR 2021-09-28,Nitin Menon,HAS Khalid,SP Narine,Kolkata Knight Riders,Sharjah,Sharjah Cricket Stadium,2021-09-28
1st innings,Delhi Capitals,Kolkata Knight Riders,8.1,RR Pant,SPD Smith,SP Narine,0,2,2,,,,,DC vs KKR 2021-09-28,Nitin Menon,HAS Khalid,SP Narine,Kolkata Knight Riders,Sharjah,Sharjah Cricket Stadium,2021-09-28
1st innings,Delhi Capitals,Kolkata Knight Riders,8.2,RR Pant,SPD Smith,SP Narine,0,1,1,,,,,DC vs KKR 2021-09-28,Nitin Menon,HAS Khalid,SP Narine,Kolkata Knight Riders,Sharjah,Sharjah Cricket Stadium,2021-09-28
1st innings,Delhi Capitals,Kolkata Knight Riders,8.3,SPD Smith,RR Pant,SP Narine,0,1,1,,,,,DC vs KKR 2021-09-28,Nitin Menon,HAS Khalid,SP Narine,Kolkata Knight Riders,Sharjah,Sharjah Cricket Stadium,2021-09-28
1st innings,Delhi Capitals,Kolkata Knight Riders,8.4,RR Pant,SPD Smith,SP Narine,0,0,0,,,,,DC vs KKR 2021-09-28,Nitin Menon,HAS Khalid,SP Narine,Kolkata Knight Riders,Sharjah,Sharjah Cricket Stadium,2021-09-28
1st innings,Delhi Capitals,Kolkata Knight Riders,8.5,RR Pant,SPD Smith,SP Narine,0,1,1,,,,,DC vs KKR 2021-09-28,Nitin Menon,HAS Khalid,SP Narine,Kolkata Knight Riders,Sharjah,Sharjah Cricket Stadium,2021-09-28
1st innings,Delhi Capitals,Kolkata Knight Riders,8.6,SPD Smith,RR Pant,SP Narine,0,0,0,,,,,DC vs KKR 2021-09-28,Nitin Menon,HAS Khalid,SP Narine,Kolkata Knight Riders,Sharjah,Sharjah Cricket Stadium,2021-09-28
1st innings,Delhi Capitals,Kolkata Knight Riders,9.1,RR Pant,SPD Smith,CV Varun,0,4,4,,,,,DC vs KKR 2021-09-28,Nitin Menon,HAS Khalid,SP Narine,Kolkata Knight Riders,Sharjah,Sharjah Cricket Stadium,2021-09-28
1st innings,Delhi Capitals,Kolkata Knight Riders,9.2,RR Pant,SPD Smith,CV Varun,0,4,4,,,,,DC vs KKR 2021-09-28,Nitin Menon,HAS Khalid,SP Narine,Kolkata Knight Riders,Sharjah,Sharjah Cricket Stadium,2021-09-28
1st innings,Delhi Capitals,Kolkata Knight Riders,9.3,RR Pant,SPD Smith,CV Varun,0,1,1,,,,,DC vs KKR 2021-09-28,Nitin Menon,HAS Khalid,SP Narine,Kolkata Knight Riders,Sharjah,Sharjah Cricket Stadium,2021-09-28
1st innings,Delhi Capitals,Kolkata Knight Riders,9.4,SPD Smith,RR Pant,CV Varun,0,2,2,,,,,DC vs KKR 2021-09-28,Nitin Menon,HAS Khalid,SP Narine,Kolkata Knight Riders,Sharjah,Sharjah Cricket Stadium,2021-09-28
1st innings,Delhi Capitals,Kolkata Knight Riders,9.5,SPD Smith,RR Pant,CV Varun,0,1,1,,,,,DC vs KKR 2021-09-28,Nitin Menon,HAS Khalid,SP Narine,Kolkata Knight Riders,Sharjah,Sharjah Cricket Stadium,2021-09-28
1st innings,Delhi Capitals,Kolkata Knight Riders,9.6,RR Pant,SPD Smith,CV Varun,0,0,0,,,,,DC vs KKR 2021-09-28,Nitin Menon,HAS Khalid,SP Narine,Kolkata Knight Riders,Sharjah,Sharjah Cricket Stadium,2021-09-28
1st innings,Delhi Capitals,Kolkata Knight Riders,10.1,SPD Smith,RR Pant,SP Narine,0,1,1,,,,,DC vs KKR 2021-09-28,Nitin Menon,HAS Khalid,SP Narine,Kolkata Knight Riders,Sharjah,Sharjah Cricket Stadium,2021-09-28
1st innings,Delhi Capitals,Kolkata Knight Riders,10.2,RR Pant,SPD Smith,SP Narine,0,4,4,,,,,DC vs KKR 2021-09-28,Nitin Menon,HAS Khalid,SP Narine,Kolkata Knight Riders,Sharjah,Sharjah Cricket Stadium,2021-09-28
1st innings,Delhi Capitals,Kolkata Knight Riders,10.3,RR Pant,SPD Smith,SP Narine,0,1,1,,,,,DC vs KKR 2021-09-28,Nitin Menon,HAS Khalid,SP Narine,Kolkata Knight Riders,Sharjah,Sharjah Cricket Stadium,2021-09-28
1st innings,Delhi Capitals,Kolkata Knight Riders,10.4,SPD Smith,RR Pant,SP Narine,0,1,1,,,,,DC vs KKR 2021-09-28,Nitin Menon,HAS Khalid,SP Narine,Kolkata Knight Riders,Sharjah,Sharjah Cricket Stadium,2021-09-28
1st innings,Delhi Capitals,Kolkata Knight Riders,10.5,RR Pant,SPD Smith,SP Narine,0,1,1,,,,,DC vs KKR 2021-09-28,Nitin Menon,HAS Khalid,SP Narine,Kolkata Knight Riders,Sharjah,Sharjah Cricket Stadium,2021-09-28
1st innings,Delhi Capitals,Kolkata Knight Riders,10.6,SPD Smith,RR Pant,SP Narine,0,1,1,,,,,DC vs KKR 2021-09-28,Nitin Menon,HAS Khalid,SP Narine,Kolkata Knight Riders,Sharjah,Sharjah Cricket Stadium,2021-09-28
1st innings,Delhi Capitals,Kolkata Knight Riders,11.1,SPD Smith,RR Pant,VR Iyer,0,0,0,,,,,DC vs KKR 2021-09-28,Nitin Menon,HAS Khalid,SP Narine,Kolkata Knight Riders,Sharjah,Sharjah Cricket Stadium,2021-09-28
1st innings,Delhi Capitals,Kolkata Knight Riders,11.2,SPD Smith,RR Pant,VR Iyer,0,1,1,,,,,DC vs KKR 2021-09-28,Nitin Menon,HAS Khalid,SP Narine,Kolkata Knight Riders,Sharjah,Sharjah Cricket Stadium,2021-09-28
1st innings,Delhi Capitals,Kolkata Knight Riders,11.3,RR Pant,SPD Smith,VR Iyer,0,0,0,,,,,DC vs KKR 2021-09-28,Nitin Menon,HAS Khalid,SP Narine,Kolkata Knight Riders,Sharjah,Sharjah Cricket Stadium,2021-09-28
1st innings,Delhi Capitals,Kolkata Knight Riders,11.4,RR Pant,SPD Smith,VR Iyer,0,1,1,,,,,DC vs KKR 2021-09-28,Nitin Menon,HAS Khalid,SP Narine,Kolkata Knight Riders,Sharjah,Sharjah Cricket Stadium,2021-09-28
1st innings,Delhi Capitals,Kolkata Knight Riders,11.5,SPD Smith,RR Pant,VR Iyer,1,0,1,legbyes,,,,DC vs KKR 2021-09-28,Nitin Menon,HAS Khalid,SP Narine,Kolkata Knight Riders,Sharjah,Sharjah Cricket Stadium,2021-09-28
1st innings,Delhi Capitals,Kolkata Knight Riders,11.6,RR Pant,SPD Smith,VR Iyer,0,1,1,,,,,DC vs KKR 2021-09-28,Nitin Menon,HAS Khalid,SP Narine,Kolkata Knight Riders,Sharjah,Sharjah Cricket Stadium,2021-09-28
1st innings,Delhi Capitals,Kolkata Knight Riders,12.1,RR Pant,SPD Smith,LH Ferguson,0,0,0,,,,,DC vs KKR 2021-09-28,Nitin Menon,HAS Khalid,SP Narine,Kolkata Knight Riders,Sharjah,Sharjah Cricket Stadium,2021-09-28
1st innings,Delhi Capitals,Kolkata Knight Riders,12.2,RR Pant,SPD Smith,LH Ferguson,0,0,0,,SPD Smith,bowled,,DC vs KKR 2021-09-28,Nitin Menon,HAS Khalid,SP Narine,Kolkata Knight Riders,Sharjah,Sharjah Cricket Stadium,2021-09-28
1st innings,Delhi Capitals,Kolkata Knight Riders,12.3,RR Pant,SO Hetmyer,LH Ferguson,0,2,2,,,,,DC vs KKR 2021-09-28,Nitin Menon,HAS Khalid,SP Narine,Kolkata Knight Riders,Sharjah,Sharjah Cricket Stadium,2021-09-28
1st innings,Delhi Capitals,Kolkata Knight Riders,12.4,RR Pant,SO Hetmyer,LH Ferguson,0,0,0,,,,,DC vs KKR 2021-09-28,Nitin Menon,HAS Khalid,SP Narine,Kolkata Knight Riders,Sharjah,Sharjah Cricket Stadium,2021-09-28
1st innings,Delhi Capitals,Kolkata Knight Riders,12.5,RR Pant,SO Hetmyer,LH Ferguson,0,1,1,,,,,DC vs KKR 2021-09-28,Nitin Menon,HAS Khalid,SP Narine,Kolkata Knight Riders,Sharjah,Sharjah Cricket Stadium,2021-09-28
1st innings,Delhi Capitals,Kolkata Knight Riders,12.6,SO Hetmyer,RR Pant,LH Ferguson,0,1,1,,,,,DC vs KKR 2021-09-28,Nitin Menon,HAS Khalid,SP Narine,Kolkata Knight Riders,Sharjah,Sharjah Cricket Stadium,2021-09-28
1st innings,Delhi Capitals,Kolkata Knight Riders,13.1,SO Hetmyer,RR Pant,VR Iyer,0,4,4,,,,,DC vs KKR 2021-09-28,Nitin Menon,HAS Khalid,SP Narine,Kolkata Knight Riders,Sharjah,Sharjah Cricket Stadium,2021-09-28
1st innings,Delhi Capitals,Kolkata Knight Riders,13.2,SO Hetmyer,RR Pant,VR Iyer,0,1,1,,,,,DC vs KKR 2021-09-28,Nitin Menon,HAS Khalid,SP Narine,Kolkata Knight Riders,Sharjah,Sharjah Cricket Stadium,2021-09-28
1st innings,Delhi Capitals,Kolkata Knight Riders,13.3,RR Pant,SO Hetmyer,VR Iyer,0,1,1,,,,,DC vs KKR 2021-09-28,Nitin Menon,HAS Khalid,SP Narine,Kolkata Knight Riders,Sharjah,Sharjah Cricket Stadium,2021-09-28
1st innings,Delhi Capitals,Kolkata Knight Riders,13.4,SO Hetmyer,RR Pant,VR Iyer,0,1,1,,,,,DC vs KKR 2021-09-28,Nitin Menon,HAS Khalid,SP Narine,Kolkata Knight Riders,Sharjah,Sharjah Cricket Stadium,2021-09-28
1st innings,Delhi Capitals,Kolkata Knight Riders,13.5,RR Pant,SO Hetmyer,VR Iyer,0,0,0,,SO Hetmyer,caught,TG Southee,DC vs KKR 2021-09-28,Nitin Menon,HAS Khalid,SP Narine,Kolkata Knight Riders,Sharjah,Sharjah Cricket Stadium,2021-09-28
1st innings,Delhi Capitals,Kolkata Knight Riders,13.6,RR Pant,Lalit Yadav,VR Iyer,0,0,0,,,,,DC vs KKR 2021-09-28,Nitin Menon,HAS Khalid,SP Narine,Kolkata Knight Riders,Sharjah,Sharjah Cricket Stadium,2021-09-28
1st innings,Delhi Capitals,Kolkata Knight Riders,14.1,Lalit Yadav,RR Pant,SP Narine,0,1,1,,,,,DC vs KKR 2021-09-28,Nitin Menon,HAS Khalid,SP Narine,Kolkata Knight Riders,Sharjah,Sharjah Cricket Stadium,2021-09-28
1st innings,Delhi Capitals,Kolkata Knight Riders,14.2,RR Pant,Lalit Yadav,SP Narine,0,0,0,,,,,DC vs KKR 2021-09-28,Nitin Menon,HAS Khalid,SP Narine,Kolkata Knight Riders,Sharjah,Sharjah Cricket Stadium,2021-09-28
1st innings,Delhi Capitals,Kolkata Knight Riders,14.3,RR Pant,Lalit Yadav,SP Narine,0,0,0,,Lalit Yadav,lbw,,DC vs KKR 2021-09-28,Nitin Menon,HAS Khalid,SP Narine,Kolkata Knight Riders,Sharjah,Sharjah Cricket Stadium,2021-09-28
1st innings,Delhi Capitals,Kolkata Knight Riders,14.4,RR Pant,AR Patel,SP Narine,0,0,0,,,,,DC vs KKR 2021-09-28,Nitin Menon,HAS Khalid,SP Narine,Kolkata Knight Riders,Sharjah,Sharjah Cricket Stadium,2021-09-28
1st innings,Delhi Capitals,Kolkata Knight Riders,14.5,RR Pant,AR Patel,SP Narine,0,0,0,,,,,DC vs KKR 2021-09-28,Nitin Menon,HAS Khalid,SP Narine,Kolkata Knight Riders,Sharjah,Sharjah Cricket Stadium,2021-09-28
1st innings,Delhi Capitals,Kolkata Knight Riders,14.6,RR Pant,AR Patel,SP Narine,0,0,0,,,,,DC vs KKR 2021-09-28,Nitin Menon,HAS Khalid,SP Narine,Kolkata Knight Riders,Sharjah,Sharjah Cricket Stadium,2021-09-28
1st innings,Delhi Capitals,Kolkata Knight Riders,15.1,AR Patel,RR Pant,VR Iyer,0,1,1,,,,,DC vs KKR 2021-09-28,Nitin Menon,HAS Khalid,SP Narine,Kolkata Knight Riders,Sharjah,Sharjah Cricket Stadium,2021-09-28
1st innings,Delhi Capitals,Kolkata Knight Riders,15.2,RR Pant,AR Patel,VR Iyer,1,0,1,wides,,,,DC vs KKR 2021-09-28,Nitin Menon,HAS Khalid,SP Narine,Kolkata Knight Riders,Sharjah,Sharjah Cricket Stadium,2021-09-28
1st innings,Delhi Capitals,Kolkata Knight Riders,15.3,RR Pant,AR Patel,VR Iyer,0,0,0,,,,,DC vs KKR 2021-09-28,Nitin Menon,HAS Khalid,SP Narine,Kolkata Knight Riders,Sharjah,Sharjah Cricket Stadium,2021-09-28
1st innings,Delhi Capitals,Kolkata Knight Riders,15.4,RR Pant,AR Patel,VR Iyer,1,0,1,wides,,,,DC vs KKR 2021-09-28,Nitin Menon,HAS Khalid,SP Narine,Kolkata Knight Riders,Sharjah,Sharjah Cricket Stadium,2021-09-28
1st innings,Delhi Capitals,Kolkata Knight Riders,15.5,RR Pant,AR Patel,VR Iyer,0,0,0,,AR Patel,caught,LH Ferguson,DC vs KKR 2021-09-28,Nitin Menon,HAS Khalid,SP Narine,Kolkata Knight Riders,Sharjah,Sharjah Cricket Stadium,2021-09-28
1st innings,Delhi Capitals,Kolkata Knight Riders,15.6,RR Pant,R Ashwin,VR Iyer,0,1,1,,,,,DC vs KKR 2021-09-28,Nitin Menon,HAS Khalid,SP Narine,Kolkata Knight Riders,Sharjah,Sharjah Cricket Stadium,2021-09-28
1st innings,Delhi Capitals,Kolkata Knight Riders,15.7,R Ashwin,RR Pant,VR Iyer,0,1,1,,,,,DC vs KKR 2021-09-28,Nitin Menon,HAS Khalid,SP Narine,Kolkata Knight Riders,Sharjah,Sharjah Cricket Stadium,2021-09-28
1st innings,Delhi Capitals,Kolkata Knight Riders,15.8,RR Pant,R Ashwin,VR Iyer,0,4,4,,,,,DC vs KKR 2021-09-28,Nitin Menon,HAS Khalid,SP Narine,Kolkata Knight Riders,Sharjah,Sharjah Cricket Stadium,2021-09-28
1st innings,Delhi Capitals,Kolkata Knight Riders,16.1,R Ashwin,RR Pant,CV Varun,0,0,0,,,,,DC vs KKR 2021-09-28,Nitin Menon,HAS Khalid,SP Narine,Kolkata Knight Riders,Sharjah,Sharjah Cricket Stadium,2021-09-28
1st innings,Delhi Capitals,Kolkata Knight Riders,16.2,R Ashwin,RR Pant,CV Varun,0,1,1,,,,,DC vs KKR 2021-09-28,Nitin Menon,HAS Khalid,SP Narine,Kolkata Knight Riders,Sharjah,Sharjah Cricket Stadium,2021-09-28
1st innings,Delhi Capitals,Kolkata Knight Riders,16.3,RR Pant,R Ashwin,CV Varun,1,0,1,legbyes,,,,DC vs KKR 2021-09-28,Nitin Menon,HAS Khalid,SP Narine,Kolkata Knight Riders,Sharjah,Sharjah Cricket Stadium,2021-09-28
1st innings,Delhi Capitals,Kolkata Knight Riders,16.4,R Ashwin,RR Pant,CV Varun,0,1,1,,,,,DC vs KKR 2021-09-28,Nitin Menon,HAS Khalid,SP Narine,Kolkata Knight Riders,Sharjah,Sharjah Cricket Stadium,2021-09-28
1st innings,Delhi Capitals,Kolkata Knight Riders,16.5,RR Pant,R Ashwin,CV Varun,0,1,1,,,,,DC vs KKR 2021-09-28,Nitin Menon,HAS Khalid,SP Narine,Kolkata Knight Riders,Sharjah,Sharjah Cricket Stadium,2021-09-28
1st innings,Delhi Capitals,Kolkata Knight Riders,16.6,R Ashwin,RR Pant,CV Varun,0,0,0,,,,,DC vs KKR 2021-09-28,Nitin Menon,HAS Khalid,SP Narine,Kolkata Knight Riders,Sharjah,Sharjah Cricket Stadium,2021-09-28
1st innings,Delhi Capitals,Kolkata Knight Riders,17.1,RR Pant,R Ashwin,TG Southee,0,1,1,,,,,DC vs KKR 2021-09-28,Nitin Menon,HAS Khalid,SP Narine,Kolkata Knight Riders,Sharjah,Sharjah Cricket Stadium,2021-09-28
1st innings,Delhi Capitals,Kolkata Knight Riders,17.2,R Ashwin,RR Pant,TG Southee,0,0,0,,,,,DC vs KKR 2021-09-28,Nitin Menon,HAS Khalid,SP Narine,Kolkata Knight Riders,Sharjah,Sharjah Cricket Stadium,2021-09-28
1st innings,Delhi Capitals,Kolkata Knight Riders,17.3,R Ashwin,RR Pant,TG Southee,0,1,1,,,,,DC vs KKR 2021-09-28,Nitin Menon,HAS Khalid,SP Narine,Kolkata Knight Riders,Sharjah,Sharjah Cricket Stadium,2021-09-28
1st innings,Delhi Capitals,Kolkata Knight Riders,17.4,RR Pant,R Ashwin,TG Southee,0,1,1,,,,,DC vs KKR 2021-09-28,Nitin Menon,HAS Khalid,SP Narine,Kolkata Knight Riders,Sharjah,Sharjah Cricket Stadium,2021-09-28
1st innings,Delhi Capitals,Kolkata Knight Riders,17.5,R Ashwin,RR Pant,TG Southee,0,4,4,,,,,DC vs KKR 2021-09-28,Nitin Menon,HAS Khalid,SP Narine,Kolkata Knight Riders,Sharjah,Sharjah Cricket Stadium,2021-09-28
1st innings,Delhi Capitals,Kolkata Knight Riders,17.6,R Ashwin,RR Pant,TG Southee,0,1,1,,,,,DC vs KKR 2021-09-28,Nitin Menon,HAS Khalid,SP Narine,Kolkata Knight Riders,Sharjah,Sharjah Cricket Stadium,2021-09-28
1st innings,Delhi Capitals,Kolkata Knight Riders,18.1,R Ashwin,RR Pant,VR Iyer,0,4,4,,,,,DC vs KKR 2021-09-28,Nitin Menon,HAS Khalid,SP Narine,Kolkata Knight Riders,Sharjah,Sharjah Cricket Stadium,2021-09-28
1st innings,Delhi Capitals,Kolkata Knight Riders,18.2,R Ashwin,RR Pant,VR Iyer,0,0,0,,,,,DC vs KKR 2021-09-28,Nitin Menon,HAS Khalid,SP Narine,Kolkata Knight Riders,Sharjah,Sharjah Cricket Stadium,2021-09-28
1st innings,Delhi Capitals,Kolkata Knight Riders,18.3,R Ashwin,RR Pant,VR Iyer,0,1,1,,,,,DC vs KKR 2021-09-28,Nitin Menon,HAS Khalid,SP Narine,Kolkata Knight Riders,Sharjah,Sharjah Cricket Stadium,2021-09-28
1st innings,Delhi Capitals,Kolkata Knight Riders,18.4,RR Pant,R Ashwin,VR Iyer,0,1,1,,,,,DC vs KKR 2021-09-28,Nitin Menon,HAS Khalid,SP Narine,Kolkata Knight Riders,Sharjah,Sharjah Cricket Stadium,2021-09-28
1st innings,Delhi Capitals,Kolkata Knight Riders,18.5,R Ashwin,RR Pant,VR Iyer,0,2,2,,,,,DC vs KKR 2021-09-28,Nitin Menon,HAS Khalid,SP Narine,Kolkata Knight Riders,Sharjah,Sharjah Cricket Stadium,2021-09-28
1st innings,Delhi Capitals,Kolkata Knight Riders,18.6,R Ashwin,RR Pant,VR Iyer,0,2,2,,,,,DC vs KKR 2021-09-28,Nitin Menon,HAS Khalid,SP Narine,Kolkata Knight Riders,Sharjah,Sharjah Cricket Stadium,2021-09-28
1st innings,Delhi Capitals,Kolkata Knight Riders,19.1,RR Pant,R Ashwin,TG Southee,0,0,0,,R Ashwin,caught,N Rana,DC vs KKR 2021-09-28,Nitin Menon,HAS Khalid,SP Narine,Kolkata Knight Riders,Sharjah,Sharjah Cricket Stadium,2021-09-28
1st innings,Delhi Capitals,Kolkata Knight Riders,19.2,K Rabada,RR Pant,TG Southee,1,0,1,wides,,,,DC vs KKR 2021-09-28,Nitin Menon,HAS Khalid,SP Narine,Kolkata Knight Riders,Sharjah,Sharjah Cricket Stadium,2021-09-28
1st innings,Delhi Capitals,Kolkata Knight Riders,19.3,K Rabada,RR Pant,TG Southee,0,1,1,,RR Pant,run out,,DC vs KKR 2021-09-28,Nitin Menon,HAS Khalid,SP Narine,Kolkata Knight Riders,Sharjah,Sharjah Cricket Stadium,2021-09-28
1st innings,Delhi Capitals,Kolkata Knight Riders,19.4,K Rabada,Avesh Khan,TG Southee,0,0,0,,,,,DC vs KKR 2021-09-28,Nitin Menon,HAS Khalid,SP Narine,Kolkata Knight Riders,Sharjah,Sharjah Cricket Stadium,2021-09-28
1st innings,Delhi Capitals,Kolkata Knight Riders,19.5,K Rabada,Avesh Khan,TG Southee,0,4,4,,,,,DC vs KKR 2021-09-28,Nitin Menon,HAS Khalid,SP Narine,Kolkata Knight Riders,Sharjah,Sharjah Cricket Stadium,2021-09-28
1st innings,Delhi Capitals,Kolkata Knight Riders,19.6,K Rabada,Avesh Khan,TG Southee,0,1,1,,,,,DC vs KKR 2021-09-28,Nitin Menon,HAS Khalid,SP Narine,Kolkata Knight Riders,Sharjah,Sharjah Cricket Stadium,2021-09-28
1st innings,Delhi Capitals,Kolkata Knight Riders,19.7,Avesh Khan,K Rabada,TG Southee,0,0,0,,Avesh Khan,run out,,DC vs KKR 2021-09-28,Nitin Menon,HAS Khalid,SP Narine,Kolkata Knight Riders,Sharjah,Sharjah Cricket Stadium,2021-09-28
2nd innings,Kolkata Knight Riders,Delhi Capitals,0.1,VR Iyer,Shubman Gill,A Nortje,0,1,1,,,,,DC vs KKR 2021-09-28,Nitin Menon,HAS Khalid,SP Narine,Kolkata Knight Riders,Sharjah,Sharjah Cricket Stadium,2021-09-28
2nd innings,Kolkata Knight Riders,Delhi Capitals,0.2,Shubman Gill,VR Iyer,A Nortje,0,0,0,,,,,DC vs KKR 2021-09-28,Nitin Menon,HAS Khalid,SP Narine,Kolkata Knight Riders,Sharjah,Sharjah Cricket Stadium,2021-09-28
2nd innings,Kolkata Knight Riders,Delhi Capitals,0.3,Shubman Gill,VR Iyer,A Nortje,0,0,0,,,,,DC vs KKR 2021-09-28,Nitin Menon,HAS Khalid,SP Narine,Kolkata Knight Riders,Sharjah,Sharjah Cricket Stadium,2021-09-28
2nd innings,Kolkata Knight Riders,Delhi Capitals,0.4,Shubman Gill,VR Iyer,A Nortje,0,4,4,,,,,DC vs KKR 2021-09-28,Nitin Menon,HAS Khalid,SP Narine,Kolkata Knight Riders,Sharjah,Sharjah Cricket Stadium,2021-09-28
2nd innings,Kolkata Knight Riders,Delhi Capitals,0.5,Shubman Gill,VR Iyer,A Nortje,0,4,4,,,,,DC vs KKR 2021-09-28,Nitin Menon,HAS Khalid,SP Narine,Kolkata Knight Riders,Sharjah,Sharjah Cricket Stadium,2021-09-28
2nd innings,Kolkata Knight Riders,Delhi Capitals,0.6,Shubman Gill,VR Iyer,A Nortje,0,0,0,,,,,DC vs KKR 2021-09-28,Nitin Menon,HAS Khalid,SP Narine,Kolkata Knight Riders,Sharjah,Sharjah Cricket Stadium,2021-09-28
2nd innings,Kolkata Knight Riders,Delhi Capitals,1.1,VR Iyer,Shubman Gill,AR Patel,0,0,0,,,,,DC vs KKR 2021-09-28,Nitin Menon,HAS Khalid,SP Narine,Kolkata Knight Riders,Sharjah,Sharjah Cricket Stadium,2021-09-28
2nd innings,Kolkata Knight Riders,Delhi Capitals,1.2,VR Iyer,Shubman Gill,AR Patel,0,6,6,,,,,DC vs KKR 2021-09-28,Nitin Menon,HAS Khalid,SP Narine,Kolkata Knight Riders,Sharjah,Sharjah Cricket Stadium,2021-09-28
2nd innings,Kolkata Knight Riders,Delhi Capitals,1.3,VR Iyer,Shubman Gill,AR Patel,0,0,0,,,,,DC vs KKR 2021-09-28,Nitin Menon,HAS Khalid,SP Narine,Kolkata Knight Riders,Sharjah,Sharjah Cricket Stadium,2021-09-28
2nd innings,Kolkata Knight Riders,Delhi Capitals,1.4,VR Iyer,Shubman Gill,AR Patel,0,0,0,,,,,DC vs KKR 2021-09-28,Nitin Menon,HAS Khalid,SP Narine,Kolkata Knight Riders,Sharjah,Sharjah Cricket Stadium,2021-09-28
2nd innings,Kolkata Knight Riders,Delhi Capitals,1.5,VR Iyer,Shubman Gill,AR Patel,0,1,1,,,,,DC vs KKR 2021-09-28,Nitin Menon,HAS Khalid,SP Narine,Kolkata Knight Riders,Sharjah,Sharjah Cricket Stadium,2021-09-28
2nd innings,Kolkata Knight Riders,Delhi Capitals,1.6,Shubman Gill,VR Iyer,AR Patel,0,0,0,,,,,DC vs KKR 2021-09-28,Nitin Menon,HAS Khalid,SP Narine,Kolkata Knight Riders,Sharjah,Sharjah Cricket Stadium,2021-09-28
2nd innings,Kolkata Knight Riders,Delhi Capitals,2.1,VR Iyer,Shubman Gill,R Ashwin,0,1,1,,,,,DC vs KKR 2021-09-28,Nitin Menon,HAS Khalid,SP Narine,Kolkata Knight Riders,Sharjah,Sharjah Cricket Stadium,2021-09-28
2nd innings,Kolkata Knight Riders,Delhi Capitals,2.2,Shubman Gill,VR Iyer,R Ashwin,0,1,1,,,,,DC vs KKR 2021-09-28,Nitin Menon,HAS Khalid,SP Narine,Kolkata Knight Riders,Sharjah,Sharjah Cricket Stadium,2021-09-28
2nd innings,Kolkata Knight Riders,Delhi Capitals,2.3,VR Iyer,Shubman Gill,R Ashwin,0,1,1,,,,,DC vs KKR 2021-09-28,Nitin Menon,HAS Khalid,SP Narine,Kolkata Knight Riders,Sharjah,Sharjah Cricket Stadium,2021-09-28
2nd innings,Kolkata Knight Riders,Delhi Capitals,2.4,Shubman Gill,VR Iyer,R Ashwin,0,0,0,,,,,DC vs KKR 2021-09-28,Nitin Menon,HAS Khalid,SP Narine,Kolkata Knight Riders,Sharjah,Sharjah Cricket Stadium,2021-09-28
2nd innings,Kolkata Knight Riders,Delhi Capitals,2.5,Shubman Gill,VR Iyer,R Ashwin,1,0,1,wides,,,,DC vs KKR 2021-09-28,Nitin Menon,HAS Khalid,SP Narine,Kolkata Knight Riders,Sharjah,Sharjah Cricket Stadium,2021-09-28
2nd innings,Kolkata Knight Riders,Delhi Capitals,2.6,Shubman Gill,VR Iyer,R Ashwin,0,2,2,,,,,DC vs KKR 2021-09-28,Nitin Menon,HAS Khalid,SP Narine,Kolkata Knight Riders,Sharjah,Sharjah Cricket Stadium,2021-09-28
2nd innings,Kolkata Knight Riders,Delhi Capitals,2.7,Shubman Gill,VR Iyer,R Ashwin,0,0,0,,,,,DC vs KKR 2021-09-28,Nitin Menon,HAS Khalid,SP Narine,Kolkata Knight Riders,Sharjah,Sharjah Cricket Stadium,2021-09-28
2nd innings,Kolkata Knight Riders,Delhi Capitals,3.1,VR Iyer,Shubman Gill,AR Patel,0,1,1,,,,,DC vs KKR 2021-09-28,Nitin Menon,HAS Khalid,SP Narine,Kolkata Knight Riders,Sharjah,Sharjah Cricket Stadium,2021-09-28
2nd innings,Kolkata Knight Riders,Delhi Capitals,3.2,Shubman Gill,VR Iyer,AR Patel,0,0,0,,,,,DC vs KKR 2021-09-28,Nitin Menon,HAS Khalid,SP Narine,Kolkata Knight Riders,Sharjah,Sharjah Cricket Stadium,2021-09-28
2nd innings,Kolkata Knight Riders,Delhi Capitals,3.3,Shubman Gill,VR Iyer,AR Patel,0,1,1,,,,,DC vs KKR 2021-09-28,Nitin Menon,HAS Khalid,SP Narine,Kolkata Knight Riders,Sharjah,Sharjah Cricket Stadium,2021-09-28
2nd innings,Kolkata Knight Riders,Delhi Capitals,3.4,VR Iyer,Shubman Gill,AR Patel,0,0,0,,,,,DC vs KKR 2021-09-28,Nitin Menon,HAS Khalid,SP Narine,Kolkata Knight Riders,Sharjah,Sharjah Cricket Stadium,2021-09-28
2nd innings,Kolkata Knight Riders,Delhi Capitals,3.5,VR Iyer,Shubman Gill,AR Patel,0,1,1,,,,,DC vs KKR 2021-09-28,Nitin Menon,HAS Khalid,SP Narine,Kolkata Knight Riders,Sharjah,Sharjah Cricket Stadium,2021-09-28
2nd innings,Kolkata Knight Riders,Delhi Capitals,3.6,Shubman Gill,VR Iyer,AR Patel,0,1,1,,,,,DC vs KKR 2021-09-28,Nitin Menon,HAS Khalid,SP Narine,Kolkata Knight Riders,Sharjah,Sharjah Cricket Stadium,2021-09-28
2nd innings,Kolkata Knight Riders,Delhi Capitals,4.1,Shubman Gill,VR Iyer,Lalit Yadav,0,1,1,,,,,DC vs KKR 2021-09-28,Nitin Menon,HAS Khalid,SP Narine,Kolkata Knight Riders,Sharjah,Sharjah Cricket Stadium,2021-09-28
2nd innings,Kolkata Knight Riders,Delhi Capitals,4.2,VR Iyer,Shubman Gill,Lalit Yadav,0,1,1,,,,,DC vs KKR 2021-09-28,Nitin Menon,HAS Khalid,SP Narine,Kolkata Knight Riders,Sharjah,Sharjah Cricket Stadium,2021-09-28
2nd innings,Kolkata Knight Riders,Delhi Capitals,4.3,Shubman Gill,VR Iyer,Lalit Yadav,0,0,0,,VR Iyer,bowled,,DC vs KKR 2021-09-28,Nitin Menon,HAS Khalid,SP Narine,Kolkata Knight Riders,Sharjah,Sharjah Cricket Stadium,2021-09-28
2nd innings,Kolkata Knight Riders,Delhi Capitals,4.4,Shubman Gill,RA Tripathi,Lalit Yadav,0,6,6,,,,,DC vs KKR 2021-09-28,Nitin Menon,HAS Khalid,SP Narine,Kolkata Knight Riders,Sharjah,Sharjah Cricket Stadium,2021-09-28
2nd innings,Kolkata Knight Riders,Delhi Capitals,4.5,Shubman Gill,RA Tripathi,Lalit Yadav,0,0,0,,,,,DC vs KKR 2021-09-28,Nitin Menon,HAS Khalid,SP Narine,Kolkata Knight Riders,Sharjah,Sharjah Cricket Stadium,2021-09-28
2nd innings,Kolkata Knight Riders,Delhi Capitals,4.6,Shubman Gill,RA Tripathi,Lalit Yadav,0,2,2,,,,,DC vs KKR 2021-09-28,Nitin Menon,HAS Khalid,SP Narine,Kolkata Knight Riders,Sharjah,Sharjah Cricket Stadium,2021-09-28
2nd innings,Kolkata Knight Riders,Delhi Capitals,5.1,RA Tripathi,Shubman Gill,Avesh Khan,0,4,4,,,,,DC vs KKR 2021-09-28,Nitin Menon,HAS Khalid,SP Narine,Kolkata Knight Riders,Sharjah,Sharjah Cricket Stadium,2021-09-28
2nd innings,Kolkata Knight Riders,Delhi Capitals,5.2,RA Tripathi,Shubman Gill,Avesh Khan,0,1,1,,,,,DC vs KKR 2021-09-28,Nitin Menon,HAS Khalid,SP Narine,Kolkata Knight Riders,Sharjah,Sharjah Cricket Stadium,2021-09-28
2nd innings,Kolkata Knight Riders,Delhi Capitals,5.3,Shubman Gill,RA Tripathi,Avesh Khan,0,1,1,,,,,DC vs KKR 2021-09-28,Nitin Menon,HAS Khalid,SP Narine,Kolkata Knight Riders,Sharjah,Sharjah Cricket Stadium,2021-09-28
2nd innings,Kolkata Knight Riders,Delhi Capitals,5.4,RA Tripathi,Shubman Gill,Avesh Khan,0,1,1,,,,,DC vs KKR 2021-09-28,Nitin Menon,HAS Khalid,SP Narine,Kolkata Knight Riders,Sharjah,Sharjah Cricket Stadium,2021-09-28
2nd innings,Kolkata Knight Riders,Delhi Capitals,5.5,Shubman Gill,RA Tripathi,Avesh Khan,0,0,0,,RA Tripathi,caught,SPD Smith,DC vs KKR 2021-09-28,Nitin Menon,HAS Khalid,SP Narine,Kolkata Knight Riders,Sharjah,Sharjah Cricket Stadium,2021-09-28
2nd innings,Kolkata Knight Riders,Delhi Capitals,5.6,Shubman Gill,N Rana,Avesh Khan,1,0,1,legbyes,,,,DC vs KKR 2021-09-28,Nitin Menon,HAS Khalid,SP Narine,Kolkata Knight Riders,Sharjah,Sharjah Cricket Stadium,2021-09-28
2nd innings,Kolkata Knight Riders,Delhi Capitals,6.1,Shubman Gill,N Rana,R Ashwin,0,1,1,,,,,DC vs KKR 2021-09-28,Nitin Menon,HAS Khalid,SP Narine,Kolkata Knight Riders,Sharjah,Sharjah Cricket Stadium,2021-09-28
2nd innings,Kolkata Knight Riders,Delhi Capitals,6.2,N Rana,Shubman Gill,R Ashwin,0,0,0,,,,,DC vs KKR 2021-09-28,Nitin Menon,HAS Khalid,SP Narine,Kolkata Knight Riders,Sharjah,Sharjah Cricket Stadium,2021-09-28
2nd innings,Kolkata Knight Riders,Delhi Capitals,6.3,N Rana,Shubman Gill,R Ashwin,0,0,0,,,,,DC vs KKR 2021-09-28,Nitin Menon,HAS Khalid,SP Narine,Kolkata Knight Riders,Sharjah,Sharjah Cricket Stadium,2021-09-28
2nd innings,Kolkata Knight Riders,Delhi Capitals,6.4,N Rana,Shubman Gill,R Ashwin,0,6,6,,,,,DC vs KKR 2021-09-28,Nitin Menon,HAS Khalid,SP Narine,Kolkata Knight Riders,Sharjah,Sharjah Cricket Stadium,2021-09-28
2nd innings,Kolkata Knight Riders,Delhi Capitals,6.5,N Rana,Shubman Gill,R Ashwin,0,0,0,,,,,DC vs KKR 2021-09-28,Nitin Menon,HAS Khalid,SP Narine,Kolkata Knight Riders,Sharjah,Sharjah Cricket Stadium,2021-09-28
2nd innings,Kolkata Knight Riders,Delhi Capitals,6.6,N Rana,Shubman Gill,R Ashwin,0,1,1,,,,,DC vs KKR 2021-09-28,Nitin Menon,HAS Khalid,SP Narine,Kolkata Knight Riders,Sharjah,Sharjah Cricket Stadium,2021-09-28
2nd innings,Kolkata Knight Riders,Delhi Capitals,7.1,N Rana,Shubman Gill,AR Patel,0,1,1,,,,,DC vs KKR 2021-09-28,Nitin Menon,HAS Khalid,SP Narine,Kolkata Knight Riders,Sharjah,Sharjah Cricket Stadium,2021-09-28
2nd innings,Kolkata Knight Riders,Delhi Capitals,7.2,Shubman Gill,N Rana,AR Patel,0,0,0,,,,,DC vs KKR 2021-09-28,Nitin Menon,HAS Khalid,SP Narine,Kolkata Knight Riders,Sharjah,Sharjah Cricket Stadium,2021-09-28
2nd innings,Kolkata Knight Riders,Delhi Capitals,7.3,Shubman Gill,N Rana,AR Patel,0,1,1,,,,,DC vs KKR 2021-09-28,Nitin Menon,HAS Khalid,SP Narine,Kolkata Knight Riders,Sharjah,Sharjah Cricket Stadium,2021-09-28
2nd innings,Kolkata Knight Riders,Delhi Capitals,7.4,N Rana,Shubman Gill,AR Patel,0,0,0,,,,,DC vs KKR 2021-09-28,Nitin Menon,HAS Khalid,SP Narine,Kolkata Knight Riders,Sharjah,Sharjah Cricket Stadium,2021-09-28
2nd innings,Kolkata Knight Riders,Delhi Capitals,7.5,N Rana,Shubman Gill,AR Patel,0,0,0,,,,,DC vs KKR 2021-09-28,Nitin Menon,HAS Khalid,SP Narine,Kolkata Knight Riders,Sharjah,Sharjah Cricket Stadium,2021-09-28
2nd innings,Kolkata Knight Riders,Delhi Capitals,7.6,N Rana,Shubman Gill,AR Patel,0,0,0,,,,,DC vs KKR 2021-09-28,Nitin Menon,HAS Khalid,SP Narine,Kolkata Knight Riders,Sharjah,Sharjah Cricket Stadium,2021-09-28
2nd innings,Kolkata Knight Riders,Delhi Capitals,8.1,Shubman Gill,N Rana,R Ashwin,0,0,0,,,,,DC vs KKR 2021-09-28,Nitin Menon,HAS Khalid,SP Narine,Kolkata Knight Riders,Sharjah,Sharjah Cricket Stadium,2021-09-28
2nd innings,Kolkata Knight Riders,Delhi Capitals,8.2,Shubman Gill,N Rana,R Ashwin,0,1,1,,,,,DC vs KKR 2021-09-28,Nitin Menon,HAS Khalid,SP Narine,Kolkata Knight Riders,Sharjah,Sharjah Cricket Stadium,2021-09-28
2nd innings,Kolkata Knight Riders,Delhi Capitals,8.3,N Rana,Shubman Gill,R Ashwin,0,1,1,,,,,DC vs KKR 2021-09-28,Nitin Menon,HAS Khalid,SP Narine,Kolkata Knight Riders,Sharjah,Sharjah Cricket Stadium,2021-09-28
2nd innings,Kolkata Knight Riders,Delhi Capitals,8.4,Shubman Gill,N Rana,R Ashwin,0,1,1,,,,,DC vs KKR 2021-09-28,Nitin Menon,HAS Khalid,SP Narine,Kolkata Knight Riders,Sharjah,Sharjah Cricket Stadium,2021-09-28
2nd innings,Kolkata Knight Riders,Delhi Capitals,8.5,N Rana,Shubman Gill,R Ashwin,0,1,1,,,,,DC vs KKR 2021-09-28,Nitin Menon,HAS Khalid,SP Narine,Kolkata Knight Riders,Sharjah,Sharjah Cricket Stadium,2021-09-28
2nd innings,Kolkata Knight Riders,Delhi Capitals,8.6,Shubman Gill,N Rana,R Ashwin,0,4,4,,,,,DC vs KKR 2021-09-28,Nitin Menon,HAS Khalid,SP Narine,Kolkata Knight Riders,Sharjah,Sharjah Cricket Stadium,2021-09-28
2nd innings,Kolkata Knight Riders,Delhi Capitals,9.1,N Rana,Shubman Gill,Lalit Yadav,0,1,1,,,,,DC vs KKR 2021-09-28,Nitin Menon,HAS Khalid,SP Narine,Kolkata Knight Riders,Sharjah,Sharjah Cricket Stadium,2021-09-28
2nd innings,Kolkata Knight Riders,Delhi Capitals,9.2,Shubman Gill,N Rana,Lalit Yadav,0,2,2,,,,,DC vs KKR 2021-09-28,Nitin Menon,HAS Khalid,SP Narine,Kolkata Knight Riders,Sharjah,Sharjah Cricket Stadium,2021-09-28
2nd innings,Kolkata Knight Riders,Delhi Capitals,9.3,Shubman Gill,N Rana,Lalit Yadav,0,0,0,,,,,DC vs KKR 2021-09-28,Nitin Menon,HAS Khalid,SP Narine,Kolkata Knight Riders,Sharjah,Sharjah Cricket Stadium,2021-09-28
2nd innings,Kolkata Knight Riders,Delhi Capitals,9.4,Shubman Gill,N Rana,Lalit Yadav,0,0,0,,,,,DC vs KKR 2021-09-28,Nitin Menon,HAS Khalid,SP Narine,Kolkata Knight Riders,Sharjah,Sharjah Cricket Stadium,2021-09-28
2nd innings,Kolkata Knight Riders,Delhi Capitals,9.5,Shubman Gill,N Rana,Lalit Yadav,0,2,2,,,,,DC vs KKR 2021-09-28,Nitin Menon,HAS Khalid,SP Narine,Kolkata Knight Riders,Sharjah,Sharjah Cricket Stadium,2021-09-28
2nd innings,Kolkata Knight Riders,Delhi Capitals,9.6,Shubman Gill,N Rana,Lalit Yadav,0,0,0,,,,,DC vs KKR 2021-09-28,Nitin Menon,HAS Khalid,SP Narine,Kolkata Knight Riders,Sharjah,Sharjah Cricket Stadium,2021-09-28
2nd innings,Kolkata Knight Riders,Delhi Capitals,10.1,N Rana,Shubman Gill,K Rabada,0,0,0,,,,,DC vs KKR 2021-09-28,Nitin Menon,HAS Khalid,SP Narine,Kolkata Knight Riders,Sharjah,Sharjah Cricket Stadium,2021-09-28
2nd innings,Kolkata Knight Riders,Delhi Capitals,10.2,N Rana,Shubman Gill,K Rabada,0,0,0,,,,,DC vs KKR 2021-09-28,Nitin Menon,HAS Khalid,SP Narine,Kolkata Knight Riders,Sharjah,Sharjah Cricket Stadium,2021-09-28
2nd innings,Kolkata Knight Riders,Delhi Capitals,10.3,N Rana,Shubman Gill,K Rabada,0,0,0,,,,,DC vs KKR 2021-09-28,Nitin Menon,HAS Khalid,SP Narine,Kolkata Knight Riders,Sharjah,Sharjah Cricket Stadium,2021-09-28
2nd innings,Kolkata Knight Riders,Delhi Capitals,10.4,N Rana,Shubman Gill,K Rabada,0,0,0,,,,,DC vs KKR 2021-09-28,Nitin Menon,HAS Khalid,SP Narine,Kolkata Knight Riders,Sharjah,Sharjah Cricket Stadium,2021-09-28
2nd innings,Kolkata Knight Riders,Delhi Capitals,10.5,N Rana,Shubman Gill,K Rabada,0,0,0,,,,,DC vs KKR 2021-09-28,Nitin Menon,HAS Khalid,SP Narine,Kolkata Knight Riders,Sharjah,Sharjah Cricket Stadium,2021-09-28
2nd innings,Kolkata Knight Riders,Delhi Capitals,10.6,N Rana,Shubman Gill,K Rabada,0,0,0,,Shubman Gill,caught,SS Iyer,DC vs KKR 2021-09-28,Nitin Menon,HAS Khalid,SP Narine,Kolkata Knight Riders,Sharjah,Sharjah Cricket Stadium,2021-09-28
2nd innings,Kolkata Knight Riders,Delhi Capitals,11.1,N Rana,EJG Morgan,R Ashwin,0,0,0,,,,,DC vs KKR 2021-09-28,Nitin Menon,HAS Khalid,SP Narine,Kolkata Knight Riders,Sharjah,Sharjah Cricket Stadium,2021-09-28
2nd innings,Kolkata Knight Riders,Delhi Capitals,11.2,N Rana,EJG Morgan,R Ashwin,0,0,0,,EJG Morgan,caught,Lalit Yadav,DC vs KKR 2021-09-28,Nitin Menon,HAS Khalid,SP Narine,Kolkata Knight Riders,Sharjah,Sharjah Cricket Stadium,2021-09-28
2nd innings,Kolkata Knight Riders,Delhi Capitals,11.3,N Rana,KD Karthik,R Ashwin,0,1,1,,,,,DC vs KKR 2021-09-28,Nitin Menon,HAS Khalid,SP Narine,Kolkata Knight Riders,Sharjah,Sharjah Cricket Stadium,2021-09-28
2nd innings,Kolkata Knight Riders,Delhi Capitals,11.4,KD Karthik,N Rana,R Ashwin,0,1,1,,,,,DC vs KKR 2021-09-28,Nitin Menon,HAS Khalid,SP Narine,Kolkata Knight Riders,Sharjah,Sharjah Cricket Stadium,2021-09-28
2nd innings,Kolkata Knight Riders,Delhi Capitals,11.5,N Rana,KD Karthik,R Ashwin,0,0,0,,,,,DC vs KKR 2021-09-28,Nitin Menon,HAS Khalid,SP Narine,Kolkata Knight Riders,Sharjah,Sharjah Cricket Stadium,2021-09-28
2nd innings,Kolkata Knight Riders,Delhi Capitals,11.6,N Rana,KD Karthik,R Ashwin,0,0,0,,,,,DC vs KKR 2021-09-28,Nitin Menon,HAS Khalid,SP Narine,Kolkata Knight Riders,Sharjah,Sharjah Cricket Stadium,2021-09-28
2nd innings,Kolkata Knight Riders,Delhi Capitals,12.1,KD Karthik,N Rana,K Rabada,0,1,1,,,,,DC vs KKR 2021-09-28,Nitin Menon,HAS Khalid,SP Narine,Kolkata Knight Riders,Sharjah,Sharjah Cricket Stadium,2021-09-28
2nd innings,Kolkata Knight Riders,Delhi Capitals,12.2,N Rana,KD Karthik,K Rabada,0,0,0,,,,,DC vs KKR 2021-09-28,Nitin Menon,HAS Khalid,SP Narine,Kolkata Knight Riders,Sharjah,Sharjah Cricket Stadium,2021-09-28
2nd innings,Kolkata Knight Riders,Delhi Capitals,12.3,N Rana,KD Karthik,K Rabada,0,2,2,,,,,DC vs KKR 2021-09-28,Nitin Menon,HAS Khalid,SP Narine,Kolkata Knight Riders,Sharjah,Sharjah Cricket Stadium,2021-09-28
2nd innings,Kolkata Knight Riders,Delhi Capitals,12.4,N Rana,KD Karthik,K Rabada,0,4,4,,,,,DC vs KKR 2021-09-28,Nitin Menon,HAS Khalid,SP Narine,Kolkata Knight Riders,Sharjah,Sharjah Cricket Stadium,2021-09-28
2nd innings,Kolkata Knight Riders,Delhi Capitals,12.5,N Rana,KD Karthik,K Rabada,0,0,0,,,,,DC vs KKR 2021-09-28,Nitin Menon,HAS Khalid,SP Narine,Kolkata Knight Riders,Sharjah,Sharjah Cricket Stadium,2021-09-28
2nd innings,Kolkata Knight Riders,Delhi Capitals,12.6,N Rana,KD Karthik,K Rabada,0,0,0,,,,,DC vs KKR 2021-09-28,Nitin Menon,HAS Khalid,SP Narine,Kolkata Knight Riders,Sharjah,Sharjah Cricket Stadium,2021-09-28
2nd innings,Kolkata Knight Riders,Delhi Capitals,13.1,KD Karthik,N Rana,Lalit Yadav,0,2,2,,,,,DC vs KKR 2021-09-28,Nitin Menon,HAS Khalid,SP Narine,Kolkata Knight Riders,Sharjah,Sharjah Cricket Stadium,2021-09-28
2nd innings,Kolkata Knight Riders,Delhi Capitals,13.2,KD Karthik,N Rana,Lalit Yadav,0,6,6,,,,,DC vs KKR 2021-09-28,Nitin Menon,HAS Khalid,SP Narine,Kolkata Knight Riders,Sharjah,Sharjah Cricket Stadium,2021-09-28
2nd innings,Kolkata Knight Riders,Delhi Capitals,13.3,KD Karthik,N Rana,Lalit Yadav,0,6,6,,,,,DC vs KKR 2021-09-28,Nitin Menon,HAS Khalid,SP Narine,Kolkata Knight Riders,Sharjah,Sharjah Cricket Stadium,2021-09-28
2nd innings,Kolkata Knight Riders,Delhi Capitals,13.4,KD Karthik,N Rana,Lalit Yadav,0,1,1,,,,,DC vs KKR 2021-09-28,Nitin Menon,HAS Khalid,SP Narine,Kolkata Knight Riders,Sharjah,Sharjah Cricket Stadium,2021-09-28
2nd innings,Kolkata Knight Riders,Delhi Capitals,13.5,N Rana,KD Karthik,Lalit Yadav,0,4,4,,,,,DC vs KKR 2021-09-28,Nitin Menon,HAS Khalid,SP Narine,Kolkata Knight Riders,Sharjah,Sharjah Cricket Stadium,2021-09-28
2nd innings,Kolkata Knight Riders,Delhi Capitals,13.6,N Rana,KD Karthik,Lalit Yadav,0,1,1,,,,,DC vs KKR 2021-09-28,Nitin Menon,HAS Khalid,SP Narine,Kolkata Knight Riders,Sharjah,Sharjah Cricket Stadium,2021-09-28
2nd innings,Kolkata Knight Riders,Delhi Capitals,14.1,N Rana,KD Karthik,Avesh Khan,0,0,0,,,,,DC vs KKR 2021-09-28,Nitin Menon,HAS Khalid,SP Narine,Kolkata Knight Riders,Sharjah,Sharjah Cricket Stadium,2021-09-28
2nd innings,Kolkata Knight Riders,Delhi Capitals,14.2,N Rana,KD Karthik,Avesh Khan,0,0,0,,,,,DC vs KKR 2021-09-28,Nitin Menon,HAS Khalid,SP Narine,Kolkata Knight Riders,Sharjah,Sharjah Cricket Stadium,2021-09-28
2nd innings,Kolkata Knight Riders,Delhi Capitals,14.3,N Rana,KD Karthik,Avesh Khan,0,0,0,,,,,DC vs KKR 2021-09-28,Nitin Menon,HAS Khalid,SP Narine,Kolkata Knight Riders,Sharjah,Sharjah Cricket Stadium,2021-09-28
2nd innings,Kolkata Knight Riders,Delhi Capitals,14.4,N Rana,KD Karthik,Avesh Khan,0,0,0,,KD Karthik,bowled,,DC vs KKR 2021-09-28,Nitin Menon,HAS Khalid,SP Narine,Kolkata Knight Riders,Sharjah,Sharjah Cricket Stadium,2021-09-28
2nd innings,Kolkata Knight Riders,Delhi Capitals,14.5,N Rana,SP Narine,Avesh Khan,0,1,1,,,,,DC vs KKR 2021-09-28,Nitin Menon,HAS Khalid,SP Narine,Kolkata Knight Riders,Sharjah,Sharjah Cricket Stadium,2021-09-28
2nd innings,Kolkata Knight Riders,Delhi Capitals,14.6,SP Narine,N Rana,Avesh Khan,0,1,1,,,,,DC vs KKR 2021-09-28,Nitin Menon,HAS Khalid,SP Narine,Kolkata Knight Riders,Sharjah,Sharjah Cricket Stadium,2021-09-28
2nd innings,Kolkata Knight Riders,Delhi Capitals,15.1,SP Narine,N Rana,K Rabada,0,0,0,,,,,DC vs KKR 2021-09-28,Nitin Menon,HAS Khalid,SP Narine,Kolkata Knight Riders,Sharjah,Sharjah Cricket Stadium,2021-09-28
2nd innings,Kolkata Knight Riders,Delhi Capitals,15.2,SP Narine,N Rana,K Rabada,1,1,2,noballs,,,,DC vs KKR 2021-09-28,Nitin Menon,HAS Khalid,SP Narine,Kolkata Knight Riders,Sharjah,Sharjah Cricket Stadium,2021-09-28
2nd innings,Kolkata Knight Riders,Delhi Capitals,15.3,N Rana,SP Narine,K Rabada,0,2,2,,,,,DC vs KKR 2021-09-28,Nitin Menon,HAS Khalid,SP Narine,Kolkata Knight Riders,Sharjah,Sharjah Cricket Stadium,2021-09-28
2nd innings,Kolkata Knight Riders,Delhi Capitals,15.4,N Rana,SP Narine,K Rabada,0,6,6,,,,,DC vs KKR 2021-09-28,Nitin Menon,HAS Khalid,SP Narine,Kolkata Knight Riders,Sharjah,Sharjah Cricket Stadium,2021-09-28
2nd innings,Kolkata Knight Riders,Delhi Capitals,15.5,N Rana,SP Narine,K Rabada,0,4,4,,,,,DC vs KKR 2021-09-28,Nitin Menon,HAS Khalid,SP Narine,Kolkata Knight Riders,Sharjah,Sharjah Cricket Stadium,2021-09-28
2nd innings,Kolkata Knight Riders,Delhi Capitals,15.6,N Rana,SP Narine,K Rabada,0,6,6,,,,,DC vs KKR 2021-09-28,Nitin Menon,HAS Khalid,SP Narine,Kolkata Knight Riders,Sharjah,Sharjah Cricket Stadium,2021-09-28
2nd innings,Kolkata Knight Riders,Delhi Capitals,15.7,N Rana,SP Narine,K Rabada,0,1,1,,,,,DC vs KKR 2021-09-28,Nitin Menon,HAS Khalid,SP Narine,Kolkata Knight Riders,Sharjah,Sharjah Cricket Stadium,2021-09-28
2nd innings,Kolkata Knight Riders,Delhi Capitals,16.1,N Rana,SP Narine,A Nortje,0,0,0,,,,,DC vs KKR 2021-09-28,Nitin Menon,HAS Khalid,SP Narine,Kolkata Knight Riders,Sharjah,Sharjah Cricket Stadium,2021-09-28
2nd innings,Kolkata Knight Riders,Delhi Capitals,16.2,N Rana,SP Narine,A Nortje,0,0,0,,,,,DC vs KKR 2021-09-28,Nitin Menon,HAS Khalid,SP Narine,Kolkata Knight Riders,Sharjah,Sharjah Cricket Stadium,2021-09-28
2nd innings,Kolkata Knight Riders,Delhi Capitals,16.3,N Rana,SP Narine,A Nortje,0,1,1,,,,,DC vs KKR 2021-09-28,Nitin Menon,HAS Khalid,SP Narine,Kolkata Knight Riders,Sharjah,Sharjah Cricket Stadium,2021-09-28
2nd innings,Kolkata Knight Riders,Delhi Capitals,16.4,SP Narine,N Rana,A Nortje,1,0,1,wides,,,,DC vs KKR 2021-09-28,Nitin Menon,HAS Khalid,SP Narine,Kolkata Knight Riders,Sharjah,Sharjah Cricket Stadium,2021-09-28
2nd innings,Kolkata Knight Riders,Delhi Capitals,16.5,SP Narine,N Rana,A Nortje,1,0,1,byes,,,,DC vs KKR 2021-09-28,Nitin Menon,HAS Khalid,SP Narine,Kolkata Knight Riders,Sharjah,Sharjah Cricket Stadium,2021-09-28
2nd innings,Kolkata Knight Riders,Delhi Capitals,16.6,N Rana,SP Narine,A Nortje,0,0,0,,SP Narine,caught,AR Patel,DC vs KKR 2021-09-28,Nitin Menon,HAS Khalid,SP Narine,Kolkata Knight Riders,Sharjah,Sharjah Cricket Stadium,2021-09-28
2nd innings,Kolkata Knight Riders,Delhi Capitals,16.7,TG Southee,N Rana,A Nortje,0,0,0,,,,,DC vs KKR 2021-09-28,Nitin Menon,HAS Khalid,SP Narine,Kolkata Knight Riders,Sharjah,Sharjah Cricket Stadium,2021-09-28
2nd innings,Kolkata Knight Riders,Delhi Capitals,17.1,N Rana,TG Southee,Avesh Khan,0,0,0,,,,,DC vs KKR 2021-09-28,Nitin Menon,HAS Khalid,SP Narine,Kolkata Knight Riders,Sharjah,Sharjah Cricket Stadium,2021-09-28
2nd innings,Kolkata Knight Riders,Delhi Capitals,17.2,N Rana,TG Southee,Avesh Khan,0,0,0,,,,,DC vs KKR 2021-09-28,Nitin Menon,HAS Khalid,SP Narine,Kolkata Knight Riders,Sharjah,Sharjah Cricket Stadium,2021-09-28
2nd innings,Kolkata Knight Riders,Delhi Capitals,17.3,N Rana,TG Southee,Avesh Khan,0,2,2,,,,,DC vs KKR 2021-09-28,Nitin Menon,HAS Khalid,SP Narine,Kolkata Knight Riders,Sharjah,Sharjah Cricket Stadium,2021-09-28
2nd innings,Kolkata Knight Riders,Delhi Capitals,17.4,N Rana,TG Southee,Avesh Khan,0,1,1,,,,,DC vs KKR 2021-09-28,Nitin Menon,HAS Khalid,SP Narine,Kolkata Knight Riders,Sharjah,Sharjah Cricket Stadium,2021-09-28
2nd innings,Kolkata Knight Riders,Delhi Capitals,17.5,TG Southee,N Rana,Avesh Khan,0,1,1,,,,,DC vs KKR 2021-09-28,Nitin Menon,HAS Khalid,SP Narine,Kolkata Knight Riders,Sharjah,Sharjah Cricket Stadium,2021-09-28
2nd innings,Kolkata Knight Riders,Delhi Capitals,17.6,N Rana,TG Southee,Avesh Khan,0,0,0,,TG Southee,bowled,,DC vs KKR 2021-09-28,Nitin Menon,HAS Khalid,SP Narine,Kolkata Knight Riders,Sharjah,Sharjah Cricket Stadium,2021-09-28
2nd innings,Kolkata Knight Riders,Delhi Capitals,18.1,LH Ferguson,N Rana,A Nortje,0,0,0,,,,,DC vs KKR 2021-09-28,Nitin Menon,HAS Khalid,SP Narine,Kolkata Knight Riders,Sharjah,Sharjah Cricket Stadium,2021-09-28
2nd innings,Kolkata Knight Riders,Delhi Capitals,18.2,LH Ferguson,N Rana,A Nortje,0,4,4,,,,,DC vs KKR 2021-09-28,Nitin Menon,HAS Khalid,SP Narine,Kolkata Knight Riders,Sharjah,Sharjah Cricket Stadium,2021-09-28
