inning,batting_team,bowling_team,ball,non_striker,batsman,bowler,extra_runs,batsman_run,total_runs,extras,player_out,elimination_kind,fielders_caught,match_name,umpires_1,umpires_2,player_of_match,winner,city,venue,dates
1st innings,Delhi Capitals,Kolkata Knight Riders,0.1,S Dhawan,PP Shaw,Shakib Al Hasan,0,0,0,,,,,DC vs KKR 2021-10-13,KN Ananthapadmanabhan,MA Gough,VR Iyer,Kolkata Knight Riders,Sharjah,Sharjah Cricket Stadium,2021-10-13
1st innings,Delhi Capitals,Kolkata Knight Riders,0.2,S Dhawan,PP Shaw,Shakib Al Hasan,0,1,1,,,,,DC vs KKR 2021-10-13,KN Ananthapadmanabhan,MA Gough,VR Iyer,Kolkata Knight Riders,Sharjah,Sharjah Cricket Stadium,2021-10-13
1st innings,Delhi Capitals,Kolkata Knight Riders,0.3,PP Shaw,S Dhawan,Shakib Al Hasan,0,0,0,,,,,DC vs KKR 2021-10-13,KN Ananthapadmanabhan,MA Gough,VR Iyer,Kolkata Knight Riders,Sharjah,Sharjah Cricket Stadium,2021-10-13
1st innings,Delhi Capitals,Kolkata Knight Riders,0.4,PP Shaw,S Dhawan,Shakib Al Hasan,0,0,0,,,,,DC vs KKR 2021-10-13,KN Ananthapadmanabhan,MA Gough,VR Iyer,Kolkata Knight Riders,Sharjah,Sharjah Cricket Stadium,2021-10-13
1st innings,Delhi Capitals,Kolkata Knight Riders,0.5,PP Shaw,S Dhawan,Shakib Al Hasan,0,0,0,,,,,DC vs KKR 2021-10-13,KN Ananthapadmanabhan,MA Gough,VR Iyer,Kolkata Knight Riders,Sharjah,Sharjah Cricket Stadium,2021-10-13
1st innings,Delhi Capitals,Kolkata Knight Riders,0.6,PP Shaw,S Dhawan,Shakib Al Hasan,0,0,0,,,,,DC vs KKR 2021-10-13,KN Ananthapadmanabhan,MA Gough,VR Iyer,Kolkata Knight Riders,Sharjah,Sharjah Cricket Stadium,2021-10-13
1st innings,Delhi Capitals,Kolkata Knight Riders,1.1,S Dhawan,PP Shaw,LH Ferguson,0,4,4,,,,,DC vs KKR 2021-10-13,KN Ananthapadmanabhan,MA Gough,VR Iyer,Kolkata Knight Riders,Sharjah,Sharjah Cricket Stadium,2021-10-13
1st innings,Delhi Capitals,Kolkata Knight Riders,1.2,S Dhawan,PP Shaw,LH Ferguson,0,0,0,,,,,DC vs KKR 2021-10-13,KN Ananthapadmanabhan,MA Gough,VR Iyer,Kolkata Knight Riders,Sharjah,Sharjah Cricket Stadium,2021-10-13
1st innings,Delhi Capitals,Kolkata Knight Riders,1.3,S Dhawan,PP Shaw,LH Ferguson,0,1,1,,,,,DC vs KKR 2021-10-13,KN Ananthapadmanabhan,MA Gough,VR Iyer,Kolkata Knight Riders,Sharjah,Sharjah Cricket Stadium,2021-10-13
1st innings,Delhi Capitals,Kolkata Knight Riders,1.4,PP Shaw,S Dhawan,LH Ferguson,0,0,0,,,,,DC vs KKR 2021-10-13,KN Ananthapadmanabhan,MA Gough,VR Iyer,Kolkata Knight Riders,Sharjah,Sharjah Cricket Stadium,2021-10-13
1st innings,Delhi Capitals,Kolkata Knight Riders,1.5,PP Shaw,S Dhawan,LH Ferguson,0,0,0,,,,,DC vs KKR 2021-10-13,KN Ananthapadmanabhan,MA Gough,VR Iyer,Kolkata Knight Riders,Sharjah,Sharjah Cricket Stadium,2021-10-13
1st innings,Delhi Capitals,Kolkata Knight Riders,1.6,PP Shaw,S Dhawan,LH Ferguson,0,0,0,,,,,DC vs KKR 2021-10-13,KN Ananthapadmanabhan,MA Gough,VR Iyer,Kolkata Knight Riders,Sharjah,Sharjah Cricket Stadium,2021-10-13
1st innings,Delhi Capitals,Kolkata Knight Riders,2.1,S Dhawan,PP Shaw,Shakib Al Hasan,0,6,6,,,,,DC vs KKR 2021-10-13,KN Ananthapadmanabhan,MA Gough,VR Iyer,Kolkata Knight Riders,Sharjah,Sharjah Cricket Stadium,2021-10-13
1st innings,Delhi Capitals,Kolkata Knight Riders,2.2,S Dhawan,PP Shaw,Shakib Al Hasan,0,4,4,,,,,DC vs KKR 2021-10-13,KN Ananthapadmanabhan,MA Gough,VR Iyer,Kolkata Knight Riders,Sharjah,Sharjah Cricket Stadium,2021-10-13
1st innings,Delhi Capitals,Kolkata Knight Riders,2.3,S Dhawan,PP Shaw,Shakib Al Hasan,0,0,0,,,,,DC vs KKR 2021-10-13,KN Ananthapadmanabhan,MA Gough,VR Iyer,Kolkata Knight Riders,Sharjah,Sharjah Cricket Stadium,2021-10-13
1st innings,Delhi Capitals,Kolkata Knight Riders,2.4,S Dhawan,PP Shaw,Shakib Al Hasan,0,1,1,,,,,DC vs KKR 2021-10-13,KN Ananthapadmanabhan,MA Gough,VR Iyer,Kolkata Knight Riders,Sharjah,Sharjah Cricket Stadium,2021-10-13
1st innings,Delhi Capitals,Kolkata Knight Riders,2.5,PP Shaw,S Dhawan,Shakib Al Hasan,0,1,1,,,,,DC vs KKR 2021-10-13,KN Ananthapadmanabhan,MA Gough,VR Iyer,Kolkata Knight Riders,Sharjah,Sharjah Cricket Stadium,2021-10-13
1st innings,Delhi Capitals,Kolkata Knight Riders,2.6,S Dhawan,PP Shaw,Shakib Al Hasan,0,0,0,,,,,DC vs KKR 2021-10-13,KN Ananthapadmanabhan,MA Gough,VR Iyer,Kolkata Knight Riders,Sharjah,Sharjah Cricket Stadium,2021-10-13
1st innings,Delhi Capitals,Kolkata Knight Riders,3.1,PP Shaw,S Dhawan,SP Narine,0,0,0,,,,,DC vs KKR 2021-10-13,KN Ananthapadmanabhan,MA Gough,VR Iyer,Kolkata Knight Riders,Sharjah,Sharjah Cricket Stadium,2021-10-13
1st innings,Delhi Capitals,Kolkata Knight Riders,3.2,PP Shaw,S Dhawan,SP Narine,0,6,6,,,,,DC vs KKR 2021-10-13,KN Ananthapadmanabhan,MA Gough,VR Iyer,Kolkata Knight Riders,Sharjah,Sharjah Cricket Stadium,2021-10-13
1st innings,Delhi Capitals,Kolkata Knight Riders,3.3,PP Shaw,S Dhawan,SP Narine,0,6,6,,,,,DC vs KKR 2021-10-13,KN Ananthapadmanabhan,MA Gough,VR Iyer,Kolkata Knight Riders,Sharjah,Sharjah Cricket Stadium,2021-10-13
1st innings,Delhi Capitals,Kolkata Knight Riders,3.4,PP Shaw,S Dhawan,SP Narine,0,1,1,,,,,DC vs KKR 2021-10-13,KN Ananthapadmanabhan,MA Gough,VR Iyer,Kolkata Knight Riders,Sharjah,Sharjah Cricket Stadium,2021-10-13
1st innings,Delhi Capitals,Kolkata Knight Riders,3.5,S Dhawan,PP Shaw,SP Narine,0,1,1,,,,,DC vs KKR 2021-10-13,KN Ananthapadmanabhan,MA Gough,VR Iyer,Kolkata Knight Riders,Sharjah,Sharjah Cricket Stadium,2021-10-13
1st innings,Delhi Capitals,Kolkata Knight Riders,3.6,PP Shaw,S Dhawan,SP Narine,0,0,0,,,,,DC vs KKR 2021-10-13,KN Ananthapadmanabhan,MA Gough,VR Iyer,Kolkata Knight Riders,Sharjah,Sharjah Cricket Stadium,2021-10-13
1st innings,Delhi Capitals,Kolkata Knight Riders,4.1,S Dhawan,PP Shaw,CV Varun,0,0,0,,PP Shaw,lbw,,DC vs KKR 2021-10-13,KN Ananthapadmanabhan,MA Gough,VR Iyer,Kolkata Knight Riders,Sharjah,Sharjah Cricket Stadium,2021-10-13
1st innings,Delhi Capitals,Kolkata Knight Riders,4.2,S Dhawan,MP Stoinis,CV Varun,0,0,0,,,,,DC vs KKR 2021-10-13,KN Ananthapadmanabhan,MA Gough,VR Iyer,Kolkata Knight Riders,Sharjah,Sharjah Cricket Stadium,2021-10-13
1st innings,Delhi Capitals,Kolkata Knight Riders,4.3,S Dhawan,MP Stoinis,CV Varun,0,0,0,,,,,DC vs KKR 2021-10-13,KN Ananthapadmanabhan,MA Gough,VR Iyer,Kolkata Knight Riders,Sharjah,Sharjah Cricket Stadium,2021-10-13
1st innings,Delhi Capitals,Kolkata Knight Riders,4.4,S Dhawan,MP Stoinis,CV Varun,0,1,1,,,,,DC vs KKR 2021-10-13,KN Ananthapadmanabhan,MA Gough,VR Iyer,Kolkata Knight Riders,Sharjah,Sharjah Cricket Stadium,2021-10-13
1st innings,Delhi Capitals,Kolkata Knight Riders,4.5,MP Stoinis,S Dhawan,CV Varun,0,0,0,,,,,DC vs KKR 2021-10-13,KN Ananthapadmanabhan,MA Gough,VR Iyer,Kolkata Knight Riders,Sharjah,Sharjah Cricket Stadium,2021-10-13
1st innings,Delhi Capitals,Kolkata Knight Riders,4.6,MP Stoinis,S Dhawan,CV Varun,0,1,1,,,,,DC vs KKR 2021-10-13,KN Ananthapadmanabhan,MA Gough,VR Iyer,Kolkata Knight Riders,Sharjah,Sharjah Cricket Stadium,2021-10-13
1st innings,Delhi Capitals,Kolkata Knight Riders,5.1,MP Stoinis,S Dhawan,LH Ferguson,0,1,1,,,,,DC vs KKR 2021-10-13,KN Ananthapadmanabhan,MA Gough,VR Iyer,Kolkata Knight Riders,Sharjah,Sharjah Cricket Stadium,2021-10-13
1st innings,Delhi Capitals,Kolkata Knight Riders,5.2,S Dhawan,MP Stoinis,LH Ferguson,0,1,1,,,,,DC vs KKR 2021-10-13,KN Ananthapadmanabhan,MA Gough,VR Iyer,Kolkata Knight Riders,Sharjah,Sharjah Cricket Stadium,2021-10-13
1st innings,Delhi Capitals,Kolkata Knight Riders,5.3,MP Stoinis,S Dhawan,LH Ferguson,0,0,0,,,,,DC vs KKR 2021-10-13,KN Ananthapadmanabhan,MA Gough,VR Iyer,Kolkata Knight Riders,Sharjah,Sharjah Cricket Stadium,2021-10-13
1st innings,Delhi Capitals,Kolkata Knight Riders,5.4,MP Stoinis,S Dhawan,LH Ferguson,0,0,0,,,,,DC vs KKR 2021-10-13,KN Ananthapadmanabhan,MA Gough,VR Iyer,Kolkata Knight Riders,Sharjah,Sharjah Cricket Stadium,2021-10-13
1st innings,Delhi Capitals,Kolkata Knight Riders,5.5,MP Stoinis,S Dhawan,LH Ferguson,0,1,1,,,,,DC vs KKR 2021-10-13,KN Ananthapadmanabhan,MA Gough,VR Iyer,Kolkata Knight Riders,Sharjah,Sharjah Cricket Stadium,2021-10-13
1st innings,Delhi Capitals,Kolkata Knight Riders,5.6,S Dhawan,MP Stoinis,LH Ferguson,0,1,1,,,,,DC vs KKR 2021-10-13,KN Ananthapadmanabhan,MA Gough,VR Iyer,Kolkata Knight Riders,Sharjah,Sharjah Cricket Stadium,2021-10-13
1st innings,Delhi Capitals,Kolkata Knight Riders,6.1,S Dhawan,MP Stoinis,Shakib Al Hasan,0,1,1,,,,,DC vs KKR 2021-10-13,KN Ananthapadmanabhan,MA Gough,VR Iyer,Kolkata Knight Riders,Sharjah,Sharjah Cricket Stadium,2021-10-13
1st innings,Delhi Capitals,Kolkata Knight Riders,6.2,MP Stoinis,S Dhawan,Shakib Al Hasan,2,0,2,wides,,,,DC vs KKR 2021-10-13,KN Ananthapadmanabhan,MA Gough,VR Iyer,Kolkata Knight Riders,Sharjah,Sharjah Cricket Stadium,2021-10-13
1st innings,Delhi Capitals,Kolkata Knight Riders,6.3,S Dhawan,MP Stoinis,Shakib Al Hasan,0,4,4,,,,,DC vs KKR 2021-10-13,KN Ananthapadmanabhan,MA Gough,VR Iyer,Kolkata Knight Riders,Sharjah,Sharjah Cricket Stadium,2021-10-13
1st innings,Delhi Capitals,Kolkata Knight Riders,6.4,S Dhawan,MP Stoinis,Shakib Al Hasan,0,1,1,,,,,DC vs KKR 2021-10-13,KN Ananthapadmanabhan,MA Gough,VR Iyer,Kolkata Knight Riders,Sharjah,Sharjah Cricket Stadium,2021-10-13
1st innings,Delhi Capitals,Kolkata Knight Riders,6.5,MP Stoinis,S Dhawan,Shakib Al Hasan,0,1,1,,,,,DC vs KKR 2021-10-13,KN Ananthapadmanabhan,MA Gough,VR Iyer,Kolkata Knight Riders,Sharjah,Sharjah Cricket Stadium,2021-10-13
1st innings,Delhi Capitals,Kolkata Knight Riders,6.6,S Dhawan,MP Stoinis,Shakib Al Hasan,0,1,1,,,,,DC vs KKR 2021-10-13,KN Ananthapadmanabhan,MA Gough,VR Iyer,Kolkata Knight Riders,Sharjah,Sharjah Cricket Stadium,2021-10-13
1st innings,Delhi Capitals,Kolkata Knight Riders,6.7,MP Stoinis,S Dhawan,Shakib Al Hasan,0,1,1,,,,,DC vs KKR 2021-10-13,KN Ananthapadmanabhan,MA Gough,VR Iyer,Kolkata Knight Riders,Sharjah,Sharjah Cricket Stadium,2021-10-13
1st innings,Delhi Capitals,Kolkata Knight Riders,7.1,MP Stoinis,S Dhawan,Shivam Mavi,0,1,1,,,,,DC vs KKR 2021-10-13,KN Ananthapadmanabhan,MA Gough,VR Iyer,Kolkata Knight Riders,Sharjah,Sharjah Cricket Stadium,2021-10-13
1st innings,Delhi Capitals,Kolkata Knight Riders,7.2,S Dhawan,MP Stoinis,Shivam Mavi,0,0,0,,,,,DC vs KKR 2021-10-13,KN Ananthapadmanabhan,MA Gough,VR Iyer,Kolkata Knight Riders,Sharjah,Sharjah Cricket Stadium,2021-10-13
1st innings,Delhi Capitals,Kolkata Knight Riders,7.3,S Dhawan,MP Stoinis,Shivam Mavi,0,0,0,,,,,DC vs KKR 2021-10-13,KN Ananthapadmanabhan,MA Gough,VR Iyer,Kolkata Knight Riders,Sharjah,Sharjah Cricket Stadium,2021-10-13
1st innings,Delhi Capitals,Kolkata Knight Riders,7.4,S Dhawan,MP Stoinis,Shivam Mavi,0,0,0,,,,,DC vs KKR 2021-10-13,KN Ananthapadmanabhan,MA Gough,VR Iyer,Kolkata Knight Riders,Sharjah,Sharjah Cricket Stadium,2021-10-13
1st innings,Delhi Capitals,Kolkata Knight Riders,7.5,S Dhawan,MP Stoinis,Shivam Mavi,1,0,1,wides,,,,DC vs KKR 2021-10-13,KN Ananthapadmanabhan,MA Gough,VR Iyer,Kolkata Knight Riders,Sharjah,Sharjah Cricket Stadium,2021-10-13
1st innings,Delhi Capitals,Kolkata Knight Riders,7.6,S Dhawan,MP Stoinis,Shivam Mavi,0,0,0,,,,,DC vs KKR 2021-10-13,KN Ananthapadmanabhan,MA Gough,VR Iyer,Kolkata Knight Riders,Sharjah,Sharjah Cricket Stadium,2021-10-13
1st innings,Delhi Capitals,Kolkata Knight Riders,7.7,S Dhawan,MP Stoinis,Shivam Mavi,0,1,1,,,,,DC vs KKR 2021-10-13,KN Ananthapadmanabhan,MA Gough,VR Iyer,Kolkata Knight Riders,Sharjah,Sharjah Cricket Stadium,2021-10-13
1st innings,Delhi Capitals,Kolkata Knight Riders,8.1,S Dhawan,MP Stoinis,SP Narine,0,1,1,,,,,DC vs KKR 2021-10-13,KN Ananthapadmanabhan,MA Gough,VR Iyer,Kolkata Knight Riders,Sharjah,Sharjah Cricket Stadium,2021-10-13
1st innings,Delhi Capitals,Kolkata Knight Riders,8.2,MP Stoinis,S Dhawan,SP Narine,0,0,0,,,,,DC vs KKR 2021-10-13,KN Ananthapadmanabhan,MA Gough,VR Iyer,Kolkata Knight Riders,Sharjah,Sharjah Cricket Stadium,2021-10-13
1st innings,Delhi Capitals,Kolkata Knight Riders,8.3,MP Stoinis,S Dhawan,SP Narine,0,0,0,,,,,DC vs KKR 2021-10-13,KN Ananthapadmanabhan,MA Gough,VR Iyer,Kolkata Knight Riders,Sharjah,Sharjah Cricket Stadium,2021-10-13
1st innings,Delhi Capitals,Kolkata Knight Riders,8.4,MP Stoinis,S Dhawan,SP Narine,0,0,0,,,,,DC vs KKR 2021-10-13,KN Ananthapadmanabhan,MA Gough,VR Iyer,Kolkata Knight Riders,Sharjah,Sharjah Cricket Stadium,2021-10-13
1st innings,Delhi Capitals,Kolkata Knight Riders,8.5,MP Stoinis,S Dhawan,SP Narine,0,1,1,,,,,DC vs KKR 2021-10-13,KN Ananthapadmanabhan,MA Gough,VR Iyer,Kolkata Knight Riders,Sharjah,Sharjah Cricket Stadium,2021-10-13
1st innings,Delhi Capitals,Kolkata Knight Riders,8.6,S Dhawan,MP Stoinis,SP Narine,0,1,1,,,,,DC vs KKR 2021-10-13,KN Ananthapadmanabhan,MA Gough,VR Iyer,Kolkata Knight Riders,Sharjah,Sharjah Cricket Stadium,2021-10-13
1st innings,Delhi Capitals,Kolkata Knight Riders,9.1,S Dhawan,MP Stoinis,CV Varun,0,1,1,,,,,DC vs KKR 2021-10-13,KN Ananthapadmanabhan,MA Gough,VR Iyer,Kolkata Knight Riders,Sharjah,Sharjah Cricket Stadium,2021-10-13
1st innings,Delhi Capitals,Kolkata Knight Riders,9.2,MP Stoinis,S Dhawan,CV Varun,0,2,2,,,,,DC vs KKR 2021-10-13,KN Ananthapadmanabhan,MA Gough,VR Iyer,Kolkata Knight Riders,Sharjah,Sharjah Cricket Stadium,2021-10-13
1st innings,Delhi Capitals,Kolkata Knight Riders,9.3,MP Stoinis,S Dhawan,CV Varun,0,4,4,,,,,DC vs KKR 2021-10-13,KN Ananthapadmanabhan,MA Gough,VR Iyer,Kolkata Knight Riders,Sharjah,Sharjah Cricket Stadium,2021-10-13
1st innings,Delhi Capitals,Kolkata Knight Riders,9.4,MP Stoinis,S Dhawan,CV Varun,0,1,1,,,,,DC vs KKR 2021-10-13,KN Ananthapadmanabhan,MA Gough,VR Iyer,Kolkata Knight Riders,Sharjah,Sharjah Cricket Stadium,2021-10-13
1st innings,Delhi Capitals,Kolkata Knight Riders,9.5,S Dhawan,MP Stoinis,CV Varun,0,1,1,,,,,DC vs KKR 2021-10-13,KN Ananthapadmanabhan,MA Gough,VR Iyer,Kolkata Knight Riders,Sharjah,Sharjah Cricket Stadium,2021-10-13
1st innings,Delhi Capitals,Kolkata Knight Riders,9.6,MP Stoinis,S Dhawan,CV Varun,0,1,1,,,,,DC vs KKR 2021-10-13,KN Ananthapadmanabhan,MA Gough,VR Iyer,Kolkata Knight Riders,Sharjah,Sharjah Cricket Stadium,2021-10-13
1st innings,Delhi Capitals,Kolkata Knight Riders,10.1,MP Stoinis,S Dhawan,SP Narine,0,1,1,,,,,DC vs KKR 2021-10-13,KN Ananthapadmanabhan,MA Gough,VR Iyer,Kolkata Knight Riders,Sharjah,Sharjah Cricket Stadium,2021-10-13
1st innings,Delhi Capitals,Kolkata Knight Riders,10.2,S Dhawan,MP Stoinis,SP Narine,0,2,2,,,,,DC vs KKR 2021-10-13,KN Ananthapadmanabhan,MA Gough,VR Iyer,Kolkata Knight Riders,Sharjah,Sharjah Cricket Stadium,2021-10-13
1st innings,Delhi Capitals,Kolkata Knight Riders,10.3,S Dhawan,MP Stoinis,SP Narine,0,0,0,,,,,DC vs KKR 2021-10-13,KN Ananthapadmanabhan,MA Gough,VR Iyer,Kolkata Knight Riders,Sharjah,Sharjah Cricket Stadium,2021-10-13
1st innings,Delhi Capitals,Kolkata Knight Riders,10.4,S Dhawan,MP Stoinis,SP Narine,0,0,0,,,,,DC vs KKR 2021-10-13,KN Ananthapadmanabhan,MA Gough,VR Iyer,Kolkata Knight Riders,Sharjah,Sharjah Cricket Stadium,2021-10-13
1st innings,Delhi Capitals,Kolkata Knight Riders,10.5,S Dhawan,MP Stoinis,SP Narine,0,1,1,,,,,DC vs KKR 2021-10-13,KN Ananthapadmanabhan,MA Gough,VR Iyer,Kolkata Knight Riders,Sharjah,Sharjah Cricket Stadium,2021-10-13
1st innings,Delhi Capitals,Kolkata Knight Riders,10.6,MP Stoinis,S Dhawan,SP Narine,0,1,1,,,,,DC vs KKR 2021-10-13,KN Ananthapadmanabhan,MA Gough,VR Iyer,Kolkata Knight Riders,Sharjah,Sharjah Cricket Stadium,2021-10-13
1st innings,Delhi Capitals,Kolkata Knight Riders,11.1,MP Stoinis,S Dhawan,Shivam Mavi,0,0,0,,,,,DC vs KKR 2021-10-13,KN Ananthapadmanabhan,MA Gough,VR Iyer,Kolkata Knight Riders,Sharjah,Sharjah Cricket Stadium,2021-10-13
1st innings,Delhi Capitals,Kolkata Knight Riders,11.2,MP Stoinis,S Dhawan,Shivam Mavi,0,1,1,,,,,DC vs KKR 2021-10-13,KN Ananthapadmanabhan,MA Gough,VR Iyer,Kolkata Knight Riders,Sharjah,Sharjah Cricket Stadium,2021-10-13
1st innings,Delhi Capitals,Kolkata Knight Riders,11.3,S Dhawan,MP Stoinis,Shivam Mavi,0,0,0,,MP Stoinis,bowled,,DC vs KKR 2021-10-13,KN Ananthapadmanabhan,MA Gough,VR Iyer,Kolkata Knight Riders,Sharjah,Sharjah Cricket Stadium,2021-10-13
1st innings,Delhi Capitals,Kolkata Knight Riders,11.4,S Dhawan,SS Iyer,Shivam Mavi,0,2,2,,,,,DC vs KKR 2021-10-13,KN Ananthapadmanabhan,MA Gough,VR Iyer,Kolkata Knight Riders,Sharjah,Sharjah Cricket Stadium,2021-10-13
1st innings,Delhi Capitals,Kolkata Knight Riders,11.5,S Dhawan,SS Iyer,Shivam Mavi,0,0,0,,,,,DC vs KKR 2021-10-13,KN Ananthapadmanabhan,MA Gough,VR Iyer,Kolkata Knight Riders,Sharjah,Sharjah Cricket Stadium,2021-10-13
1st innings,Delhi Capitals,Kolkata Knight Riders,11.6,S Dhawan,SS Iyer,Shivam Mavi,0,0,0,,,,,DC vs KKR 2021-10-13,KN Ananthapadmanabhan,MA Gough,VR Iyer,Kolkata Knight Riders,Sharjah,Sharjah Cricket Stadium,2021-10-13
1st innings,Delhi Capitals,Kolkata Knight Riders,12.1,SS Iyer,S Dhawan,Shakib Al Hasan,0,1,1,,,,,DC vs KKR 2021-10-13,KN Ananthapadmanabhan,MA Gough,VR Iyer,Kolkata Knight Riders,Sharjah,Sharjah Cricket Stadium,2021-10-13
1st innings,Delhi Capitals,Kolkata Knight Riders,12.2,S Dhawan,SS Iyer,Shakib Al Hasan,0,0,0,,,,,DC vs KKR 2021-10-13,KN Ananthapadmanabhan,MA Gough,VR Iyer,Kolkata Knight Riders,Sharjah,Sharjah Cricket Stadium,2021-10-13
1st innings,Delhi Capitals,Kolkata Knight Riders,12.3,S Dhawan,SS Iyer,Shakib Al Hasan,0,0,0,,,,,DC vs KKR 2021-10-13,KN Ananthapadmanabhan,MA Gough,VR Iyer,Kolkata Knight Riders,Sharjah,Sharjah Cricket Stadium,2021-10-13
1st innings,Delhi Capitals,Kolkata Knight Riders,12.4,S Dhawan,SS Iyer,Shakib Al Hasan,0,1,1,,,,,DC vs KKR 2021-10-13,KN Ananthapadmanabhan,MA Gough,VR Iyer,Kolkata Knight Riders,Sharjah,Sharjah Cricket Stadium,2021-10-13
1st innings,Delhi Capitals,Kolkata Knight Riders,12.5,SS Iyer,S Dhawan,Shakib Al Hasan,0,1,1,,,,,DC vs KKR 2021-10-13,KN Ananthapadmanabhan,MA Gough,VR Iyer,Kolkata Knight Riders,Sharjah,Sharjah Cricket Stadium,2021-10-13
1st innings,Delhi Capitals,Kolkata Knight Riders,12.6,S Dhawan,SS Iyer,Shakib Al Hasan,0,1,1,,,,,DC vs KKR 2021-10-13,KN Ananthapadmanabhan,MA Gough,VR Iyer,Kolkata Knight Riders,Sharjah,Sharjah Cricket Stadium,2021-10-13
1st innings,Delhi Capitals,Kolkata Knight Riders,13.1,S Dhawan,SS Iyer,Shivam Mavi,0,1,1,,,,,DC vs KKR 2021-10-13,KN Ananthapadmanabhan,MA Gough,VR Iyer,Kolkata Knight Riders,Sharjah,Sharjah Cricket Stadium,2021-10-13
1st innings,Delhi Capitals,Kolkata Knight Riders,13.2,SS Iyer,S Dhawan,Shivam Mavi,0,1,1,,,,,DC vs KKR 2021-10-13,KN Ananthapadmanabhan,MA Gough,VR Iyer,Kolkata Knight Riders,Sharjah,Sharjah Cricket Stadium,2021-10-13
1st innings,Delhi Capitals,Kolkata Knight Riders,13.3,S Dhawan,SS Iyer,Shivam Mavi,0,2,2,,,,,DC vs KKR 2021-10-13,KN Ananthapadmanabhan,MA Gough,VR Iyer,Kolkata Knight Riders,Sharjah,Sharjah Cricket Stadium,2021-10-13
1st innings,Delhi Capitals,Kolkata Knight Riders,13.4,S Dhawan,SS Iyer,Shivam Mavi,0,0,0,,,,,DC vs KKR 2021-10-13,KN Ananthapadmanabhan,MA Gough,VR Iyer,Kolkata Knight Riders,Sharjah,Sharjah Cricket Stadium,2021-10-13
1st innings,Delhi Capitals,Kolkata Knight Riders,13.5,S Dhawan,SS Iyer,Shivam Mavi,0,1,1,,,,,DC vs KKR 2021-10-13,KN Ananthapadmanabhan,MA Gough,VR Iyer,Kolkata Knight Riders,Sharjah,Sharjah Cricket Stadium,2021-10-13
1st innings,Delhi Capitals,Kolkata Knight Riders,13.6,SS Iyer,S Dhawan,Shivam Mavi,0,1,1,,,,,DC vs KKR 2021-10-13,KN Ananthapadmanabhan,MA Gough,VR Iyer,Kolkata Knight Riders,Sharjah,Sharjah Cricket Stadium,2021-10-13
1st innings,Delhi Capitals,Kolkata Knight Riders,14.1,SS Iyer,S Dhawan,CV Varun,0,0,0,,S Dhawan,caught,Shakib Al Hasan,DC vs KKR 2021-10-13,KN Ananthapadmanabhan,MA Gough,VR Iyer,Kolkata Knight Riders,Sharjah,Sharjah Cricket Stadium,2021-10-13
1st innings,Delhi Capitals,Kolkata Knight Riders,14.2,SS Iyer,RR Pant,CV Varun,0,0,0,,,,,DC vs KKR 2021-10-13,KN Ananthapadmanabhan,MA Gough,VR Iyer,Kolkata Knight Riders,Sharjah,Sharjah Cricket Stadium,2021-10-13
1st innings,Delhi Capitals,Kolkata Knight Riders,14.3,SS Iyer,RR Pant,CV Varun,0,4,4,,,,,DC vs KKR 2021-10-13,KN Ananthapadmanabhan,MA Gough,VR Iyer,Kolkata Knight Riders,Sharjah,Sharjah Cricket Stadium,2021-10-13
1st innings,Delhi Capitals,Kolkata Knight Riders,14.4,SS Iyer,RR Pant,CV Varun,0,1,1,,,,,DC vs KKR 2021-10-13,KN Ananthapadmanabhan,MA Gough,VR Iyer,Kolkata Knight Riders,Sharjah,Sharjah Cricket Stadium,2021-10-13
1st innings,Delhi Capitals,Kolkata Knight Riders,14.5,RR Pant,SS Iyer,CV Varun,0,1,1,,,,,DC vs KKR 2021-10-13,KN Ananthapadmanabhan,MA Gough,VR Iyer,Kolkata Knight Riders,Sharjah,Sharjah Cricket Stadium,2021-10-13
1st innings,Delhi Capitals,Kolkata Knight Riders,14.6,SS Iyer,RR Pant,CV Varun,0,1,1,,,,,DC vs KKR 2021-10-13,KN Ananthapadmanabhan,MA Gough,VR Iyer,Kolkata Knight Riders,Sharjah,Sharjah Cricket Stadium,2021-10-13
1st innings,Delhi Capitals,Kolkata Knight Riders,15.1,SS Iyer,RR Pant,LH Ferguson,0,0,0,,,,,DC vs KKR 2021-10-13,KN Ananthapadmanabhan,MA Gough,VR Iyer,Kolkata Knight Riders,Sharjah,Sharjah Cricket Stadium,2021-10-13
1st innings,Delhi Capitals,Kolkata Knight Riders,15.2,SS Iyer,RR Pant,LH Ferguson,0,0,0,,RR Pant,caught,RA Tripathi,DC vs KKR 2021-10-13,KN Ananthapadmanabhan,MA Gough,VR Iyer,Kolkata Knight Riders,Sharjah,Sharjah Cricket Stadium,2021-10-13
1st innings,Delhi Capitals,Kolkata Knight Riders,15.3,SS Iyer,SO Hetmyer,LH Ferguson,0,1,1,,,,,DC vs KKR 2021-10-13,KN Ananthapadmanabhan,MA Gough,VR Iyer,Kolkata Knight Riders,Sharjah,Sharjah Cricket Stadium,2021-10-13
1st innings,Delhi Capitals,Kolkata Knight Riders,15.4,SO Hetmyer,SS Iyer,LH Ferguson,0,1,1,,,,,DC vs KKR 2021-10-13,KN Ananthapadmanabhan,MA Gough,VR Iyer,Kolkata Knight Riders,Sharjah,Sharjah Cricket Stadium,2021-10-13
1st innings,Delhi Capitals,Kolkata Knight Riders,15.5,SS Iyer,SO Hetmyer,LH Ferguson,0,0,0,,,,,DC vs KKR 2021-10-13,KN Ananthapadmanabhan,MA Gough,VR Iyer,Kolkata Knight Riders,Sharjah,Sharjah Cricket Stadium,2021-10-13
1st innings,Delhi Capitals,Kolkata Knight Riders,15.6,SS Iyer,SO Hetmyer,LH Ferguson,0,0,0,,,,,DC vs KKR 2021-10-13,KN Ananthapadmanabhan,MA Gough,VR Iyer,Kolkata Knight Riders,Sharjah,Sharjah Cricket Stadium,2021-10-13
1st innings,Delhi Capitals,Kolkata Knight Riders,16.1,SO Hetmyer,SS Iyer,CV Varun,0,0,0,,,,,DC vs KKR 2021-10-13,KN Ananthapadmanabhan,MA Gough,VR Iyer,Kolkata Knight Riders,Sharjah,Sharjah Cricket Stadium,2021-10-13
1st innings,Delhi Capitals,Kolkata Knight Riders,16.2,SO Hetmyer,SS Iyer,CV Varun,0,1,1,,,,,DC vs KKR 2021-10-13,KN Ananthapadmanabhan,MA Gough,VR Iyer,Kolkata Knight Riders,Sharjah,Sharjah Cricket Stadium,2021-10-13
1st innings,Delhi Capitals,Kolkata Knight Riders,16.3,SS Iyer,SO Hetmyer,CV Varun,0,2,2,,,,,DC vs KKR 2021-10-13,KN Ananthapadmanabhan,MA Gough,VR Iyer,Kolkata Knight Riders,Sharjah,Sharjah Cricket Stadium,2021-10-13
1st innings,Delhi Capitals,Kolkata Knight Riders,16.4,SS Iyer,SO Hetmyer,CV Varun,1,0,1,noballs,,,,DC vs KKR 2021-10-13,KN Ananthapadmanabhan,MA Gough,VR Iyer,Kolkata Knight Riders,Sharjah,Sharjah Cricket Stadium,2021-10-13
1st innings,Delhi Capitals,Kolkata Knight Riders,16.5,SO Hetmyer,SS Iyer,CV Varun,0,1,1,,,,,DC vs KKR 2021-10-13,KN Ananthapadmanabhan,MA Gough,VR Iyer,Kolkata Knight Riders,Sharjah,Sharjah Cricket Stadium,2021-10-13
1st innings,Delhi Capitals,Kolkata Knight Riders,16.6,SS Iyer,SO Hetmyer,CV Varun,0,1,1,,,,,DC vs KKR 2021-10-13,KN Ananthapadmanabhan,MA Gough,VR Iyer,Kolkata Knight Riders,Sharjah,Sharjah Cricket Stadium,2021-10-13
1st innings,Delhi Capitals,Kolkata Knight Riders,16.7,SO Hetmyer,SS Iyer,CV Varun,0,1,1,,,,,DC vs KKR 2021-10-13,KN Ananthapadmanabhan,MA Gough,VR Iyer,Kolkata Knight Riders,Sharjah,Sharjah Cricket Stadium,2021-10-13
1st innings,Delhi Capitals,Kolkata Knight Riders,17.1,SO Hetmyer,SS Iyer,LH Ferguson,0,1,1,,,,,DC vs KKR 2021-10-13,KN Ananthapadmanabhan,MA Gough,VR Iyer,Kolkata Knight Riders,Sharjah,Sharjah Cricket Stadium,2021-10-13
1st innings,Delhi Capitals,Kolkata Knight Riders,17.2,SS Iyer,SO Hetmyer,LH Ferguson,0,6,6,,,,,DC vs KKR 2021-10-13,KN Ananthapadmanabhan,MA Gough,VR Iyer,Kolkata Knight Riders,Sharjah,Sharjah Cricket Stadium,2021-10-13
1st innings,Delhi Capitals,Kolkata Knight Riders,17.3,SS Iyer,SO Hetmyer,LH Ferguson,0,1,1,,,,,DC vs KKR 2021-10-13,KN Ananthapadmanabhan,MA Gough,VR Iyer,Kolkata Knight Riders,Sharjah,Sharjah Cricket Stadium,2021-10-13
1st innings,Delhi Capitals,Kolkata Knight Riders,17.4,SO Hetmyer,SS Iyer,LH Ferguson,0,0,0,,,,,DC vs KKR 2021-10-13,KN Ananthapadmanabhan,MA Gough,VR Iyer,Kolkata Knight Riders,Sharjah,Sharjah Cricket Stadium,2021-10-13
1st innings,Delhi Capitals,Kolkata Knight Riders,17.5,SO Hetmyer,SS Iyer,LH Ferguson,0,1,1,,,,,DC vs KKR 2021-10-13,KN Ananthapadmanabhan,MA Gough,VR Iyer,Kolkata Knight Riders,Sharjah,Sharjah Cricket Stadium,2021-10-13
1st innings,Delhi Capitals,Kolkata Knight Riders,17.6,SS Iyer,SO Hetmyer,LH Ferguson,0,6,6,,,,,DC vs KKR 2021-10-13,KN Ananthapadmanabhan,MA Gough,VR Iyer,Kolkata Knight Riders,Sharjah,Sharjah Cricket Stadium,2021-10-13
1st innings,Delhi Capitals,Kolkata Knight Riders,18.1,SO Hetmyer,SS Iyer,SP Narine,1,0,1,wides,,,,DC vs KKR 2021-10-13,KN Ananthapadmanabhan,MA Gough,VR Iyer,Kolkata Knight Riders,Sharjah,Sharjah Cricket Stadium,2021-10-13
1st innings,Delhi Capitals,Kolkata Knight Riders,18.2,SO Hetmyer,SS Iyer,SP Narine,0,1,1,,,,,DC vs KKR 2021-10-13,KN Ananthapadmanabhan,MA Gough,VR Iyer,Kolkata Knight Riders,Sharjah,Sharjah Cricket Stadium,2021-10-13
1st innings,Delhi Capitals,Kolkata Knight Riders,18.3,SS Iyer,SO Hetmyer,SP Narine,1,0,1,legbyes,,,,DC vs KKR 2021-10-13,KN Ananthapadmanabhan,MA Gough,VR Iyer,Kolkata Knight Riders,Sharjah,Sharjah Cricket Stadium,2021-10-13
1st innings,Delhi Capitals,Kolkata Knight Riders,18.4,SO Hetmyer,SS Iyer,SP Narine,0,0,0,,SO Hetmyer,run out,,DC vs KKR 2021-10-13,KN Ananthapadmanabhan,MA Gough,VR Iyer,Kolkata Knight Riders,Sharjah,Sharjah Cricket Stadium,2021-10-13
1st innings,Delhi Capitals,Kolkata Knight Riders,18.5,SS Iyer,AR Patel,SP Narine,0,1,1,,,,,DC vs KKR 2021-10-13,KN Ananthapadmanabhan,MA Gough,VR Iyer,Kolkata Knight Riders,Sharjah,Sharjah Cricket Stadium,2021-10-13
1st innings,Delhi Capitals,Kolkata Knight Riders,18.6,AR Patel,SS Iyer,SP Narine,0,1,1,,,,,DC vs KKR 2021-10-13,KN Ananthapadmanabhan,MA Gough,VR Iyer,Kolkata Knight Riders,Sharjah,Sharjah Cricket Stadium,2021-10-13
1st innings,Delhi Capitals,Kolkata Knight Riders,18.7,SS Iyer,AR Patel,SP Narine,0,1,1,,,,,DC vs KKR 2021-10-13,KN Ananthapadmanabhan,MA Gough,VR Iyer,Kolkata Knight Riders,Sharjah,Sharjah Cricket Stadium,2021-10-13
1st innings,Delhi Capitals,Kolkata Knight Riders,19.1,SS Iyer,AR Patel,Shivam Mavi,0,1,1,,,,,DC vs KKR 2021-10-13,KN Ananthapadmanabhan,MA Gough,VR Iyer,Kolkata Knight Riders,Sharjah,Sharjah Cricket Stadium,2021-10-13
1st innings,Delhi Capitals,Kolkata Knight Riders,19.2,AR Patel,SS Iyer,Shivam Mavi,0,4,4,,,,,DC vs KKR 2021-10-13,KN Ananthapadmanabhan,MA Gough,VR Iyer,Kolkata Knight Riders,Sharjah,Sharjah Cricket Stadium,2021-10-13
1st innings,Delhi Capitals,Kolkata Knight Riders,19.3,AR Patel,SS Iyer,Shivam Mavi,0,2,2,,,,,DC vs KKR 2021-10-13,KN Ananthapadmanabhan,MA Gough,VR Iyer,Kolkata Knight Riders,Sharjah,Sharjah Cricket Stadium,2021-10-13
1st innings,Delhi Capitals,Kolkata Knight Riders,19.4,AR Patel,SS Iyer,Shivam Mavi,0,1,1,,,,,DC vs KKR 2021-10-13,KN Ananthapadmanabhan,MA Gough,VR Iyer,Kolkata Knight Riders,Sharjah,Sharjah Cricket Stadium,2021-10-13
1st innings,Delhi Capitals,Kolkata Knight Riders,19.5,SS Iyer,AR Patel,Shivam Mavi,0,1,1,,,,,DC vs KKR 2021-10-13,KN Ananthapadmanabhan,MA Gough,VR Iyer,Kolkata Knight Riders,Sharjah,Sharjah Cricket Stadium,2021-10-13
1st innings,Delhi Capitals,Kolkata Knight Riders,19.6,AR Patel,SS Iyer,Shivam Mavi,0,6,6,,,,,DC vs KKR 2021-10-13,KN Ananthapadmanabhan,MA Gough,VR Iyer,Kolkata Knight Riders,Sharjah,Sharjah Cricket Stadium,2021-10-13
2nd innings,Kolkata Knight Riders,Delhi Capitals,0.1,VR Iyer,Shubman Gill,A Nortje,0,4,4,,,,,DC vs KKR 2021-10-13,KN Ananthapadmanabhan,MA Gough,VR Iyer,Kolkata Knight Riders,Sharjah,Sharjah Cricket Stadium,2021-10-13
2nd innings,Kolkata Knight Riders,Delhi Capitals,0.2,VR Iyer,Shubman Gill,A Nortje,0,1,1,,,,,DC vs KKR 2021-10-13,KN Ananthapadmanabhan,MA Gough,VR Iyer,Kolkata Knight Riders,Sharjah,Sharjah Cricket Stadium,2021-10-13
2nd innings,Kolkata Knight Riders,Delhi Capitals,0.3,Shubman Gill,VR Iyer,A Nortje,0,0,0,,,,,DC vs KKR 2021-10-13,KN Ananthapadmanabhan,MA Gough,VR Iyer,Kolkata Knight Riders,Sharjah,Sharjah Cricket Stadium,2021-10-13
2nd innings,Kolkata Knight Riders,Delhi Capitals,0.4,Shubman Gill,VR Iyer,A Nortje,0,0,0,,,,,DC vs KKR 2021-10-13,KN Ananthapadmanabhan,MA Gough,VR Iyer,Kolkata Knight Riders,Sharjah,Sharjah Cricket Stadium,2021-10-13
2nd innings,Kolkata Knight Riders,Delhi Capitals,0.5,Shubman Gill,VR Iyer,A Nortje,0,0,0,,,,,DC vs KKR 2021-10-13,KN Ananthapadmanabhan,MA Gough,VR Iyer,Kolkata Knight Riders,Sharjah,Sharjah Cricket Stadium,2021-10-13
2nd innings,Kolkata Knight Riders,Delhi Capitals,0.6,Shubman Gill,VR Iyer,A Nortje,0,1,1,,,,,DC vs KKR 2021-10-13,KN Ananthapadmanabhan,MA Gough,VR Iyer,Kolkata Knight Riders,Sharjah,Sharjah Cricket Stadium,2021-10-13
2nd innings,Kolkata Knight Riders,Delhi Capitals,1.1,Shubman Gill,VR Iyer,R Ashwin,0,1,1,,,,,DC vs KKR 2021-10-13,KN Ananthapadmanabhan,MA Gough,VR Iyer,Kolkata Knight Riders,Sharjah,Sharjah Cricket Stadium,2021-10-13
2nd innings,Kolkata Knight Riders,Delhi Capitals,1.2,VR Iyer,Shubman Gill,R Ashwin,0,1,1,,,,,DC vs KKR 2021-10-13,KN Ananthapadmanabhan,MA Gough,VR Iyer,Kolkata Knight Riders,Sharjah,Sharjah Cricket Stadium,2021-10-13
2nd innings,Kolkata Knight Riders,Delhi Capitals,1.3,Shubman Gill,VR Iyer,R Ashwin,0,4,4,,,,,DC vs KKR 2021-10-13,KN Ananthapadmanabhan,MA Gough,VR Iyer,Kolkata Knight Riders,Sharjah,Sharjah Cricket Stadium,2021-10-13
2nd innings,Kolkata Knight Riders,Delhi Capitals,1.4,Shubman Gill,VR Iyer,R Ashwin,0,1,1,,,,,DC vs KKR 2021-10-13,KN Ananthapadmanabhan,MA Gough,VR Iyer,Kolkata Knight Riders,Sharjah,Sharjah Cricket Stadium,2021-10-13
2nd innings,Kolkata Knight Riders,Delhi Capitals,1.5,VR Iyer,Shubman Gill,R Ashwin,0,1,1,,,,,DC vs KKR 2021-10-13,KN Ananthapadmanabhan,MA Gough,VR Iyer,Kolkata Knight Riders,Sharjah,Sharjah Cricket Stadium,2021-10-13
2nd innings,Kolkata Knight Riders,Delhi Capitals,1.6,Shubman Gill,VR Iyer,R Ashwin,0,1,1,,,,,DC vs KKR 2021-10-13,KN Ananthapadmanabhan,MA Gough,VR Iyer,Kolkata Knight Riders,Sharjah,Sharjah Cricket Stadium,2021-10-13
2nd innings,Kolkata Knight Riders,Delhi Capitals,2.1,Shubman Gill,VR Iyer,Avesh Khan,0,1,1,,,,,DC vs KKR 2021-10-13,KN Ananthapadmanabhan,MA Gough,VR Iyer,Kolkata Knight Riders,Sharjah,Sharjah Cricket Stadium,2021-10-13
2nd innings,Kolkata Knight Riders,Delhi Capitals,2.2,VR Iyer,Shubman Gill,Avesh Khan,0,0,0,,,,,DC vs KKR 2021-10-13,KN Ananthapadmanabhan,MA Gough,VR Iyer,Kolkata Knight Riders,Sharjah,Sharjah Cricket Stadium,2021-10-13
2nd innings,Kolkata Knight Riders,Delhi Capitals,2.3,VR Iyer,Shubman Gill,Avesh Khan,0,3,3,,,,,DC vs KKR 2021-10-13,KN Ananthapadmanabhan,MA Gough,VR Iyer,Kolkata Knight Riders,Sharjah,Sharjah Cricket Stadium,2021-10-13
2nd innings,Kolkata Knight Riders,Delhi Capitals,2.4,Shubman Gill,VR Iyer,Avesh Khan,0,1,1,,,,,DC vs KKR 2021-10-13,KN Ananthapadmanabhan,MA Gough,VR Iyer,Kolkata Knight Riders,Sharjah,Sharjah Cricket Stadium,2021-10-13
2nd innings,Kolkata Knight Riders,Delhi Capitals,2.5,VR Iyer,Shubman Gill,Avesh Khan,0,0,0,,,,,DC vs KKR 2021-10-13,KN Ananthapadmanabhan,MA Gough,VR Iyer,Kolkata Knight Riders,Sharjah,Sharjah Cricket Stadium,2021-10-13
2nd innings,Kolkata Knight Riders,Delhi Capitals,2.6,VR Iyer,Shubman Gill,Avesh Khan,0,1,1,,,,,DC vs KKR 2021-10-13,KN Ananthapadmanabhan,MA Gough,VR Iyer,Kolkata Knight Riders,Sharjah,Sharjah Cricket Stadium,2021-10-13
2nd innings,Kolkata Knight Riders,Delhi Capitals,3.1,VR Iyer,Shubman Gill,AR Patel,0,0,0,,,,,DC vs KKR 2021-10-13,KN Ananthapadmanabhan,MA Gough,VR Iyer,Kolkata Knight Riders,Sharjah,Sharjah Cricket Stadium,2021-10-13
2nd innings,Kolkata Knight Riders,Delhi Capitals,3.2,VR Iyer,Shubman Gill,AR Patel,0,1,1,,,,,DC vs KKR 2021-10-13,KN Ananthapadmanabhan,MA Gough,VR Iyer,Kolkata Knight Riders,Sharjah,Sharjah Cricket Stadium,2021-10-13
2nd innings,Kolkata Knight Riders,Delhi Capitals,3.3,Shubman Gill,VR Iyer,AR Patel,0,6,6,,,,,DC vs KKR 2021-10-13,KN Ananthapadmanabhan,MA Gough,VR Iyer,Kolkata Knight Riders,Sharjah,Sharjah Cricket Stadium,2021-10-13
2nd innings,Kolkata Knight Riders,Delhi Capitals,3.4,Shubman Gill,VR Iyer,AR Patel,0,0,0,,,,,DC vs KKR 2021-10-13,KN Ananthapadmanabhan,MA Gough,VR Iyer,Kolkata Knight Riders,Sharjah,Sharjah Cricket Stadium,2021-10-13
2nd innings,Kolkata Knight Riders,Delhi Capitals,3.5,Shubman Gill,VR Iyer,AR Patel,0,1,1,,,,,DC vs KKR 2021-10-13,KN Ananthapadmanabhan,MA Gough,VR Iyer,Kolkata Knight Riders,Sharjah,Sharjah Cricket Stadium,2021-10-13
2nd innings,Kolkata Knight Riders,Delhi Capitals,3.6,VR Iyer,Shubman Gill,AR Patel,0,1,1,,,,,DC vs KKR 2021-10-13,KN Ananthapadmanabhan,MA Gough,VR Iyer,Kolkata Knight Riders,Sharjah,Sharjah Cricket Stadium,2021-10-13
2nd innings,Kolkata Knight Riders,Delhi Capitals,4.1,VR Iyer,Shubman Gill,K Rabada,0,0,0,,,,,DC vs KKR 2021-10-13,KN Ananthapadmanabhan,MA Gough,VR Iyer,Kolkata Knight Riders,Sharjah,Sharjah Cricket Stadium,2021-10-13
2nd innings,Kolkata Knight Riders,Delhi Capitals,4.2,VR Iyer,Shubman Gill,K Rabada,0,1,1,,,,,DC vs KKR 2021-10-13,KN Ananthapadmanabhan,MA Gough,VR Iyer,Kolkata Knight Riders,Sharjah,Sharjah Cricket Stadium,2021-10-13
2nd innings,Kolkata Knight Riders,Delhi Capitals,4.3,Shubman Gill,VR Iyer,K Rabada,0,6,6,,,,,DC vs KKR 2021-10-13,KN Ananthapadmanabhan,MA Gough,VR Iyer,Kolkata Knight Riders,Sharjah,Sharjah Cricket Stadium,2021-10-13
2nd innings,Kolkata Knight Riders,Delhi Capitals,4.4,Shubman Gill,VR Iyer,K Rabada,1,0,1,wides,,,,DC vs KKR 2021-10-13,KN Ananthapadmanabhan,MA Gough,VR Iyer,Kolkata Knight Riders,Sharjah,Sharjah Cricket Stadium,2021-10-13
2nd innings,Kolkata Knight Riders,Delhi Capitals,4.5,Shubman Gill,VR Iyer,K Rabada,0,0,0,,,,,DC vs KKR 2021-10-13,KN Ananthapadmanabhan,MA Gough,VR Iyer,Kolkata Knight Riders,Sharjah,Sharjah Cricket Stadium,2021-10-13
2nd innings,Kolkata Knight Riders,Delhi Capitals,4.6,Shubman Gill,VR Iyer,K Rabada,1,0,1,legbyes,,,,DC vs KKR 2021-10-13,KN Ananthapadmanabhan,MA Gough,VR Iyer,Kolkata Knight Riders,Sharjah,Sharjah Cricket Stadium,2021-10-13
2nd innings,Kolkata Knight Riders,Delhi Capitals,4.7,VR Iyer,Shubman Gill,K Rabada,1,0,1,wides,,,,DC vs KKR 2021-10-13,KN Ananthapadmanabhan,MA Gough,VR Iyer,Kolkata Knight Riders,Sharjah,Sharjah Cricket Stadium,2021-10-13
2nd innings,Kolkata Knight Riders,Delhi Capitals,4.8,VR Iyer,Shubman Gill,K Rabada,0,2,2,,,,,DC vs KKR 2021-10-13,KN Ananthapadmanabhan,MA Gough,VR Iyer,Kolkata Knight Riders,Sharjah,Sharjah Cricket Stadium,2021-10-13
2nd innings,Kolkata Knight Riders,Delhi Capitals,5.1,Shubman Gill,VR Iyer,Avesh Khan,0,4,4,,,,,DC vs KKR 2021-10-13,KN Ananthapadmanabhan,MA Gough,VR Iyer,Kolkata Knight Riders,Sharjah,Sharjah Cricket Stadium,2021-10-13
2nd innings,Kolkata Knight Riders,Delhi Capitals,5.2,Shubman Gill,VR Iyer,Avesh Khan,0,1,1,,,,,DC vs KKR 2021-10-13,KN Ananthapadmanabhan,MA Gough,VR Iyer,Kolkata Knight Riders,Sharjah,Sharjah Cricket Stadium,2021-10-13
2nd innings,Kolkata Knight Riders,Delhi Capitals,5.3,VR Iyer,Shubman Gill,Avesh Khan,0,1,1,,,,,DC vs KKR 2021-10-13,KN Ananthapadmanabhan,MA Gough,VR Iyer,Kolkata Knight Riders,Sharjah,Sharjah Cricket Stadium,2021-10-13
2nd innings,Kolkata Knight Riders,Delhi Capitals,5.4,Shubman Gill,VR Iyer,Avesh Khan,0,2,2,,,,,DC vs KKR 2021-10-13,KN Ananthapadmanabhan,MA Gough,VR Iyer,Kolkata Knight Riders,Sharjah,Sharjah Cricket Stadium,2021-10-13
2nd innings,Kolkata Knight Riders,Delhi Capitals,5.5,Shubman Gill,VR Iyer,Avesh Khan,0,1,1,,,,,DC vs KKR 2021-10-13,KN Ananthapadmanabhan,MA Gough,VR Iyer,Kolkata Knight Riders,Sharjah,Sharjah Cricket Stadium,2021-10-13
2nd innings,Kolkata Knight Riders,Delhi Capitals,5.6,VR Iyer,Shubman Gill,Avesh Khan,0,0,0,,,,,DC vs KKR 2021-10-13,KN Ananthapadmanabhan,MA Gough,VR Iyer,Kolkata Knight Riders,Sharjah,Sharjah Cricket Stadium,2021-10-13
2nd innings,Kolkata Knight Riders,Delhi Capitals,6.1,Shubman Gill,VR Iyer,R Ashwin,0,0,0,,,,,DC vs KKR 2021-10-13,KN Ananthapadmanabhan,MA Gough,VR Iyer,Kolkata Knight Riders,Sharjah,Sharjah Cricket Stadium,2021-10-13
2nd innings,Kolkata Knight Riders,Delhi Capitals,6.2,Shubman Gill,VR Iyer,R Ashwin,0,0,0,,,,,DC vs KKR 2021-10-13,KN Ananthapadmanabhan,MA Gough,VR Iyer,Kolkata Knight Riders,Sharjah,Sharjah Cricket Stadium,2021-10-13
2nd innings,Kolkata Knight Riders,Delhi Capitals,6.3,Shubman Gill,VR Iyer,R Ashwin,0,1,1,,,,,DC vs KKR 2021-10-13,KN Ananthapadmanabhan,MA Gough,VR Iyer,Kolkata Knight Riders,Sharjah,Sharjah Cricket Stadium,2021-10-13
2nd innings,Kolkata Knight Riders,Delhi Capitals,6.4,VR Iyer,Shubman Gill,R Ashwin,0,1,1,,,,,DC vs KKR 2021-10-13,KN Ananthapadmanabhan,MA Gough,VR Iyer,Kolkata Knight Riders,Sharjah,Sharjah Cricket Stadium,2021-10-13
2nd innings,Kolkata Knight Riders,Delhi Capitals,6.5,Shubman Gill,VR Iyer,R Ashwin,0,1,1,,,,,DC vs KKR 2021-10-13,KN Ananthapadmanabhan,MA Gough,VR Iyer,Kolkata Knight Riders,Sharjah,Sharjah Cricket Stadium,2021-10-13
2nd innings,Kolkata Knight Riders,Delhi Capitals,6.6,VR Iyer,Shubman Gill,R Ashwin,0,2,2,,,,,DC vs KKR 2021-10-13,KN Ananthapadmanabhan,MA Gough,VR Iyer,Kolkata Knight Riders,Sharjah,Sharjah Cricket Stadium,2021-10-13
2nd innings,Kolkata Knight Riders,Delhi Capitals,7.1,Shubman Gill,VR Iyer,K Rabada,0,1,1,,,,,DC vs KKR 2021-10-13,KN Ananthapadmanabhan,MA Gough,VR Iyer,Kolkata Knight Riders,Sharjah,Sharjah Cricket Stadium,2021-10-13
2nd innings,Kolkata Knight Riders,Delhi Capitals,7.2,VR Iyer,Shubman Gill,K Rabada,0,2,2,,,,,DC vs KKR 2021-10-13,KN Ananthapadmanabhan,MA Gough,VR Iyer,Kolkata Knight Riders,Sharjah,Sharjah Cricket Stadium,2021-10-13
2nd innings,Kolkata Knight Riders,Delhi Capitals,7.3,VR Iyer,Shubman Gill,K Rabada,0,0,0,,,,,DC vs KKR 2021-10-13,KN Ananthapadmanabhan,MA Gough,VR Iyer,Kolkata Knight Riders,Sharjah,Sharjah Cricket Stadium,2021-10-13
2nd innings,Kolkata Knight Riders,Delhi Capitals,7.4,VR Iyer,Shubman Gill,K Rabada,0,1,1,,,,,DC vs KKR 2021-10-13,KN Ananthapadmanabhan,MA Gough,VR Iyer,Kolkata Knight Riders,Sharjah,Sharjah Cricket Stadium,2021-10-13
2nd innings,Kolkata Knight Riders,Delhi Capitals,7.5,Shubman Gill,VR Iyer,K Rabada,0,1,1,,,,,DC vs KKR 2021-10-13,KN Ananthapadmanabhan,MA Gough,VR Iyer,Kolkata Knight Riders,Sharjah,Sharjah Cricket Stadium,2021-10-13
2nd innings,Kolkata Knight Riders,Delhi Capitals,7.6,VR Iyer,Shubman Gill,K Rabada,0,0,0,,,,,DC vs KKR 2021-10-13,KN Ananthapadmanabhan,MA Gough,VR Iyer,Kolkata Knight Riders,Sharjah,Sharjah Cricket Stadium,2021-10-13
2nd innings,Kolkata Knight Riders,Delhi Capitals,8.1,Shubman Gill,VR Iyer,R Ashwin,0,1,1,,,,,DC vs KKR 2021-10-13,KN Ananthapadmanabhan,MA Gough,VR Iyer,Kolkata Knight Riders,Sharjah,Sharjah Cricket Stadium,2021-10-13
2nd innings,Kolkata Knight Riders,Delhi Capitals,8.2,VR Iyer,Shubman Gill,R Ashwin,1,0,1,wides,,,,DC vs KKR 2021-10-13,KN Ananthapadmanabhan,MA Gough,VR Iyer,Kolkata Knight Riders,Sharjah,Sharjah Cricket Stadium,2021-10-13
2nd innings,Kolkata Knight Riders,Delhi Capitals,8.3,VR Iyer,Shubman Gill,R Ashwin,0,1,1,,,,,DC vs KKR 2021-10-13,KN Ananthapadmanabhan,MA Gough,VR Iyer,Kolkata Knight Riders,Sharjah,Sharjah Cricket Stadium,2021-10-13
2nd innings,Kolkata Knight Riders,Delhi Capitals,8.4,Shubman Gill,VR Iyer,R Ashwin,0,0,0,,,,,DC vs KKR 2021-10-13,KN Ananthapadmanabhan,MA Gough,VR Iyer,Kolkata Knight Riders,Sharjah,Sharjah Cricket Stadium,2021-10-13
2nd innings,Kolkata Knight Riders,Delhi Capitals,8.5,Shubman Gill,VR Iyer,R Ashwin,0,1,1,,,,,DC vs KKR 2021-10-13,KN Ananthapadmanabhan,MA Gough,VR Iyer,Kolkata Knight Riders,Sharjah,Sharjah Cricket Stadium,2021-10-13
2nd innings,Kolkata Knight Riders,Delhi Capitals,8.6,VR Iyer,Shubman Gill,R Ashwin,0,0,0,,,,,DC vs KKR 2021-10-13,KN Ananthapadmanabhan,MA Gough,VR Iyer,Kolkata Knight Riders,Sharjah,Sharjah Cricket Stadium,2021-10-13
2nd innings,Kolkata Knight Riders,Delhi Capitals,8.7,VR Iyer,Shubman Gill,R Ashwin,0,2,2,,,,,DC vs KKR 2021-10-13,KN Ananthapadmanabhan,MA Gough,VR Iyer,Kolkata Knight Riders,Sharjah,Sharjah Cricket Stadium,2021-10-13
2nd innings,Kolkata Knight Riders,Delhi Capitals,9.1,Shubman Gill,VR Iyer,AR Patel,0,6,6,,,,,DC vs KKR 2021-10-13,KN Ananthapadmanabhan,MA Gough,VR Iyer,Kolkata Knight Riders,Sharjah,Sharjah Cricket Stadium,2021-10-13
2nd innings,Kolkata Knight Riders,Delhi Capitals,9.2,Shubman Gill,VR Iyer,AR Patel,1,0,1,wides,,,,DC vs KKR 2021-10-13,KN Ananthapadmanabhan,MA Gough,VR Iyer,Kolkata Knight Riders,Sharjah,Sharjah Cricket Stadium,2021-10-13
2nd innings,Kolkata Knight Riders,Delhi Capitals,9.3,Shubman Gill,VR Iyer,AR Patel,0,0,0,,,,,DC vs KKR 2021-10-13,KN Ananthapadmanabhan,MA Gough,VR Iyer,Kolkata Knight Riders,Sharjah,Sharjah Cricket Stadium,2021-10-13
2nd innings,Kolkata Knight Riders,Delhi Capitals,9.4,Shubman Gill,VR Iyer,AR Patel,0,0,0,,,,,DC vs KKR 2021-10-13,KN Ananthapadmanabhan,MA Gough,VR Iyer,Kolkata Knight Riders,Sharjah,Sharjah Cricket Stadium,2021-10-13
2nd innings,Kolkata Knight Riders,Delhi Capitals,9.5,Shubman Gill,VR Iyer,AR Patel,0,1,1,,,,,DC vs KKR 2021-10-13,KN Ananthapadmanabhan,MA Gough,VR Iyer,Kolkata Knight Riders,Sharjah,Sharjah Cricket Stadium,2021-10-13
2nd innings,Kolkata Knight Riders,Delhi Capitals,9.6,VR Iyer,Shubman Gill,AR Patel,0,0,0,,,,,DC vs KKR 2021-10-13,KN Ananthapadmanabhan,MA Gough,VR Iyer,Kolkata Knight Riders,Sharjah,Sharjah Cricket Stadium,2021-10-13
2nd innings,Kolkata Knight Riders,Delhi Capitals,9.7,VR Iyer,Shubman Gill,AR Patel,0,1,1,,,,,DC vs KKR 2021-10-13,KN Ananthapadmanabhan,MA Gough,VR Iyer,Kolkata Knight Riders,Sharjah,Sharjah Cricket Stadium,2021-10-13
2nd innings,Kolkata Knight Riders,Delhi Capitals,10.1,VR Iyer,Shubman Gill,A Nortje,0,1,1,,,,,DC vs KKR 2021-10-13,KN Ananthapadmanabhan,MA Gough,VR Iyer,Kolkata Knight Riders,Sharjah,Sharjah Cricket Stadium,2021-10-13
2nd innings,Kolkata Knight Riders,Delhi Capitals,10.2,Shubman Gill,VR Iyer,A Nortje,0,0,0,,,,,DC vs KKR 2021-10-13,KN Ananthapadmanabhan,MA Gough,VR Iyer,Kolkata Knight Riders,Sharjah,Sharjah Cricket Stadium,2021-10-13
2nd innings,Kolkata Knight Riders,Delhi Capitals,10.3,Shubman Gill,VR Iyer,A Nortje,0,4,4,,,,,DC vs KKR 2021-10-13,KN Ananthapadmanabhan,MA Gough,VR Iyer,Kolkata Knight Riders,Sharjah,Sharjah Cricket Stadium,2021-10-13
2nd innings,Kolkata Knight Riders,Delhi Capitals,10.4,Shubman Gill,VR Iyer,A Nortje,5,0,5,wides,,,,DC vs KKR 2021-10-13,KN Ananthapadmanabhan,MA Gough,VR Iyer,Kolkata Knight Riders,Sharjah,Sharjah Cricket Stadium,2021-10-13
2nd innings,Kolkata Knight Riders,Delhi Capitals,10.5,Shubman Gill,VR Iyer,A Nortje,0,1,1,,,,,DC vs KKR 2021-10-13,KN Ananthapadmanabhan,MA Gough,VR Iyer,Kolkata Knight Riders,Sharjah,Sharjah Cricket Stadium,2021-10-13
2nd innings,Kolkata Knight Riders,Delhi Capitals,10.6,VR Iyer,Shubman Gill,A Nortje,0,1,1,,,,,DC vs KKR 2021-10-13,KN Ananthapadmanabhan,MA Gough,VR Iyer,Kolkata Knight Riders,Sharjah,Sharjah Cricket Stadium,2021-10-13
2nd innings,Kolkata Knight Riders,Delhi Capitals,10.7,Shubman Gill,VR Iyer,A Nortje,0,0,0,,,,,DC vs KKR 2021-10-13,KN Ananthapadmanabhan,MA Gough,VR Iyer,Kolkata Knight Riders,Sharjah,Sharjah Cricket Stadium,2021-10-13
2nd innings,Kolkata Knight Riders,Delhi Capitals,11.1,VR Iyer,Shubman Gill,AR Patel,0,1,1,,,,,DC vs KKR 2021-10-13,KN Ananthapadmanabhan,MA Gough,VR Iyer,Kolkata Knight Riders,Sharjah,Sharjah Cricket Stadium,2021-10-13
2nd innings,Kolkata Knight Riders,Delhi Capitals,11.2,Shubman Gill,VR Iyer,AR Patel,0,1,1,,,,,DC vs KKR 2021-10-13,KN Ananthapadmanabhan,MA Gough,VR Iyer,Kolkata Knight Riders,Sharjah,Sharjah Cricket Stadium,2021-10-13
2nd innings,Kolkata Knight Riders,Delhi Capitals,11.3,VR Iyer,Shubman Gill,AR Patel,0,0,0,,,,,DC vs KKR 2021-10-13,KN Ananthapadmanabhan,MA Gough,VR Iyer,Kolkata Knight Riders,Sharjah,Sharjah Cricket Stadium,2021-10-13
2nd innings,Kolkata Knight Riders,Delhi Capitals,11.4,VR Iyer,Shubman Gill,AR Patel,0,1,1,,,,,DC vs KKR 2021-10-13,KN Ananthapadmanabhan,MA Gough,VR Iyer,Kolkata Knight Riders,Sharjah,Sharjah Cricket Stadium,2021-10-13
2nd innings,Kolkata Knight Riders,Delhi Capitals,11.5,Shubman Gill,VR Iyer,AR Patel,0,1,1,,,,,DC vs KKR 2021-10-13,KN Ananthapadmanabhan,MA Gough,VR Iyer,Kolkata Knight Riders,Sharjah,Sharjah Cricket Stadium,2021-10-13
2nd innings,Kolkata Knight Riders,Delhi Capitals,11.6,VR Iyer,Shubman Gill,AR Patel,0,0,0,,,,,DC vs KKR 2021-10-13,KN Ananthapadmanabhan,MA Gough,VR Iyer,Kolkata Knight Riders,Sharjah,Sharjah Cricket Stadium,2021-10-13
2nd innings,Kolkata Knight Riders,Delhi Capitals,12.1,Shubman Gill,VR Iyer,K Rabada,0,4,4,,,,,DC vs KKR 2021-10-13,KN Ananthapadmanabhan,MA Gough,VR Iyer,Kolkata Knight Riders,Sharjah,Sharjah Cricket Stadium,2021-10-13
2nd innings,Kolkata Knight Riders,Delhi Capitals,12.2,Shubman Gill,VR Iyer,K Rabada,0,0,0,,VR Iyer,caught,SPD Smith (sub),DC vs KKR 2021-10-13,KN Ananthapadmanabhan,MA Gough,VR Iyer,Kolkata Knight Riders,Sharjah,Sharjah Cricket Stadium,2021-10-13
2nd innings,Kolkata Knight Riders,Delhi Capitals,12.3,Shubman Gill,N Rana,K Rabada,0,0,0,,,,,DC vs KKR 2021-10-13,KN Ananthapadmanabhan,MA Gough,VR Iyer,Kolkata Knight Riders,Sharjah,Sharjah Cricket Stadium,2021-10-13
2nd innings,Kolkata Knight Riders,Delhi Capitals,12.4,Shubman Gill,N Rana,K Rabada,0,1,1,,,,,DC vs KKR 2021-10-13,KN Ananthapadmanabhan,MA Gough,VR Iyer,Kolkata Knight Riders,Sharjah,Sharjah Cricket Stadium,2021-10-13
2nd innings,Kolkata Knight Riders,Delhi Capitals,12.5,N Rana,Shubman Gill,K Rabada,0,1,1,,,,,DC vs KKR 2021-10-13,KN Ananthapadmanabhan,MA Gough,VR Iyer,Kolkata Knight Riders,Sharjah,Sharjah Cricket Stadium,2021-10-13
2nd innings,Kolkata Knight Riders,Delhi Capitals,12.6,Shubman Gill,N Rana,K Rabada,0,0,0,,,,,DC vs KKR 2021-10-13,KN Ananthapadmanabhan,MA Gough,VR Iyer,Kolkata Knight Riders,Sharjah,Sharjah Cricket Stadium,2021-10-13
2nd innings,Kolkata Knight Riders,Delhi Capitals,13.1,N Rana,Shubman Gill,AR Patel,0,1,1,,,,,DC vs KKR 2021-10-13,KN Ananthapadmanabhan,MA Gough,VR Iyer,Kolkata Knight Riders,Sharjah,Sharjah Cricket Stadium,2021-10-13
2nd innings,Kolkata Knight Riders,Delhi Capitals,13.2,Shubman Gill,N Rana,AR Patel,0,1,1,,,,,DC vs KKR 2021-10-13,KN Ananthapadmanabhan,MA Gough,VR Iyer,Kolkata Knight Riders,Sharjah,Sharjah Cricket Stadium,2021-10-13
2nd innings,Kolkata Knight Riders,Delhi Capitals,13.3,N Rana,Shubman Gill,AR Patel,0,1,1,,,,,DC vs KKR 2021-10-13,KN Ananthapadmanabhan,MA Gough,VR Iyer,Kolkata Knight Riders,Sharjah,Sharjah Cricket Stadium,2021-10-13
2nd innings,Kolkata Knight Riders,Delhi Capitals,13.4,Shubman Gill,N Rana,AR Patel,0,6,6,,,,,DC vs KKR 2021-10-13,KN Ananthapadmanabhan,MA Gough,VR Iyer,Kolkata Knight Riders,Sharjah,Sharjah Cricket Stadium,2021-10-13
2nd innings,Kolkata Knight Riders,Delhi Capitals,13.5,Shubman Gill,N Rana,AR Patel,0,1,1,,,,,DC vs KKR 2021-10-13,KN Ananthapadmanabhan,MA Gough,VR Iyer,Kolkata Knight Riders,Sharjah,Sharjah Cricket Stadium,2021-10-13
2nd innings,Kolkata Knight Riders,Delhi Capitals,13.6,N Rana,Shubman Gill,AR Patel,0,0,0,,,,,DC vs KKR 2021-10-13,KN Ananthapadmanabhan,MA Gough,VR Iyer,Kolkata Knight Riders,Sharjah,Sharjah Cricket Stadium,2021-10-13
2nd innings,Kolkata Knight Riders,Delhi Capitals,14.1,Shubman Gill,N Rana,Avesh Khan,0,1,1,,,,,DC vs KKR 2021-10-13,KN Ananthapadmanabhan,MA Gough,VR Iyer,Kolkata Knight Riders,Sharjah,Sharjah Cricket Stadium,2021-10-13
2nd innings,Kolkata Knight Riders,Delhi Capitals,14.2,N Rana,Shubman Gill,Avesh Khan,0,1,1,,,,,DC vs KKR 2021-10-13,KN Ananthapadmanabhan,MA Gough,VR Iyer,Kolkata Knight Riders,Sharjah,Sharjah Cricket Stadium,2021-10-13
2nd innings,Kolkata Knight Riders,Delhi Capitals,14.3,Shubman Gill,N Rana,Avesh Khan,0,0,0,,,,,DC vs KKR 2021-10-13,KN Ananthapadmanabhan,MA Gough,VR Iyer,Kolkata Knight Riders,Sharjah,Sharjah Cricket Stadium,2021-10-13
2nd innings,Kolkata Knight Riders,Delhi Capitals,14.4,Shubman Gill,N Rana,Avesh Khan,0,1,1,,,,,DC vs KKR 2021-10-13,KN Ananthapadmanabhan,MA Gough,VR Iyer,Kolkata Knight Riders,Sharjah,Sharjah Cricket Stadium,2021-10-13
2nd innings,Kolkata Knight Riders,Delhi Capitals,14.5,N Rana,Shubman Gill,Avesh Khan,0,0,0,,,,,DC vs KKR 2021-10-13,KN Ananthapadmanabhan,MA Gough,VR Iyer,Kolkata Knight Riders,Sharjah,Sharjah Cricket Stadium,2021-10-13
2nd innings,Kolkata Knight Riders,Delhi Capitals,14.6,N Rana,Shubman Gill,Avesh Khan,0,2,2,,,,,DC vs KKR 2021-10-13,KN Ananthapadmanabhan,MA Gough,VR Iyer,Kolkata Knight Riders,Sharjah,Sharjah Cricket Stadium,2021-10-13
2nd innings,Kolkata Knight Riders,Delhi Capitals,15.1,Shubman Gill,N Rana,A Nortje,0,1,1,,,,,DC vs KKR 2021-10-13,KN Ananthapadmanabhan,MA Gough,VR Iyer,Kolkata Knight Riders,Sharjah,Sharjah Cricket Stadium,2021-10-13
2nd innings,Kolkata Knight Riders,Delhi Capitals,15.2,N Rana,Shubman Gill,A Nortje,0,1,1,,,,,DC vs KKR 2021-10-13,KN Ananthapadmanabhan,MA Gough,VR Iyer,Kolkata Knight Riders,Sharjah,Sharjah Cricket Stadium,2021-10-13
2nd innings,Kolkata Knight Riders,Delhi Capitals,15.3,Shubman Gill,N Rana,A Nortje,0,1,1,,,,,DC vs KKR 2021-10-13,KN Ananthapadmanabhan,MA Gough,VR Iyer,Kolkata Knight Riders,Sharjah,Sharjah Cricket Stadium,2021-10-13
2nd innings,Kolkata Knight Riders,Delhi Capitals,15.4,N Rana,Shubman Gill,A Nortje,0,6,6,,,,,DC vs KKR 2021-10-13,KN Ananthapadmanabhan,MA Gough,VR Iyer,Kolkata Knight Riders,Sharjah,Sharjah Cricket Stadium,2021-10-13
2nd innings,Kolkata Knight Riders,Delhi Capitals,15.5,N Rana,Shubman Gill,A Nortje,0,1,1,,,,,DC vs KKR 2021-10-13,KN Ananthapadmanabhan,MA Gough,VR Iyer,Kolkata Knight Riders,Sharjah,Sharjah Cricket Stadium,2021-10-13
2nd innings,Kolkata Knight Riders,Delhi Capitals,15.6,Shubman Gill,N Rana,A Nortje,0,0,0,,N Rana,caught,SO Hetmyer,DC vs KKR 2021-10-13,KN Ananthapadmanabhan,MA Gough,VR Iyer,Kolkata Knight Riders,Sharjah,Sharjah Cricket Stadium,2021-10-13
2nd innings,Kolkata Knight Riders,Delhi Capitals,16.1,RA Tripathi,Shubman Gill,Avesh Khan,0,0,0,,,,,DC vs KKR 2021-10-13,KN Ananthapadmanabhan,MA Gough,VR Iyer,Kolkata Knight Riders,Sharjah,Sharjah Cricket Stadium,2021-10-13
2nd innings,Kolkata Knight Riders,Delhi Capitals,16.2,RA Tripathi,Shubman Gill,Avesh Khan,0,1,1,,,,,DC vs KKR 2021-10-13,KN Ananthapadmanabhan,MA Gough,VR Iyer,Kolkata Knight Riders,Sharjah,Sharjah Cricket Stadium,2021-10-13
2nd innings,Kolkata Knight Riders,Delhi Capitals,16.3,Shubman Gill,RA Tripathi,Avesh Khan,0,1,1,,,,,DC vs KKR 2021-10-13,KN Ananthapadmanabhan,MA Gough,VR Iyer,Kolkata Knight Riders,Sharjah,Sharjah Cricket Stadium,2021-10-13
2nd innings,Kolkata Knight Riders,Delhi Capitals,16.4,RA Tripathi,Shubman Gill,Avesh Khan,0,0,0,,Shubman Gill,caught,RR Pant,DC vs KKR 2021-10-13,KN Ananthapadmanabhan,MA Gough,VR Iyer,Kolkata Knight Riders,Sharjah,Sharjah Cricket Stadium,2021-10-13
2nd innings,Kolkata Knight Riders,Delhi Capitals,16.5,RA Tripathi,KD Karthik,Avesh Khan,0,0,0,,,,,DC vs KKR 2021-10-13,KN Ananthapadmanabhan,MA Gough,VR Iyer,Kolkata Knight Riders,Sharjah,Sharjah Cricket Stadium,2021-10-13
2nd innings,Kolkata Knight Riders,Delhi Capitals,16.6,RA Tripathi,KD Karthik,Avesh Khan,0,0,0,,,,,DC vs KKR 2021-10-13,KN Ananthapadmanabhan,MA Gough,VR Iyer,Kolkata Knight Riders,Sharjah,Sharjah Cricket Stadium,2021-10-13
2nd innings,Kolkata Knight Riders,Delhi Capitals,17.1,KD Karthik,RA Tripathi,K Rabada,0,0,0,,,,,DC vs KKR 2021-10-13,KN Ananthapadmanabhan,MA Gough,VR Iyer,Kolkata Knight Riders,Sharjah,Sharjah Cricket Stadium,2021-10-13
2nd innings,Kolkata Knight Riders,Delhi Capitals,17.2,KD Karthik,RA Tripathi,K Rabada,0,0,0,,,,,DC vs KKR 2021-10-13,KN Ananthapadmanabhan,MA Gough,VR Iyer,Kolkata Knight Riders,Sharjah,Sharjah Cricket Stadium,2021-10-13
2nd innings,Kolkata Knight Riders,Delhi Capitals,17.3,KD Karthik,RA Tripathi,K Rabada,0,0,0,,,,,DC vs KKR 2021-10-13,KN Ananthapadmanabhan,MA Gough,VR Iyer,Kolkata Knight Riders,Sharjah,Sharjah Cricket Stadium,2021-10-13
2nd innings,Kolkata Knight Riders,Delhi Capitals,17.4,KD Karthik,RA Tripathi,K Rabada,0,0,0,,,,,DC vs KKR 2021-10-13,KN Ananthapadmanabhan,MA Gough,VR Iyer,Kolkata Knight Riders,Sharjah,Sharjah Cricket Stadium,2021-10-13
2nd innings,Kolkata Knight Riders,Delhi Capitals,17.5,KD Karthik,RA Tripathi,K Rabada,0,1,1,,,,,DC vs KKR 2021-10-13,KN Ananthapadmanabhan,MA Gough,VR Iyer,Kolkata Knight Riders,Sharjah,Sharjah Cricket Stadium,2021-10-13
2nd innings,Kolkata Knight Riders,Delhi Capitals,17.6,RA Tripathi,KD Karthik,K Rabada,0,0,0,,KD Karthik,bowled,,DC vs KKR 2021-10-13,KN Ananthapadmanabhan,MA Gough,VR Iyer,Kolkata Knight Riders,Sharjah,Sharjah Cricket Stadium,2021-10-13
2nd innings,Kolkata Knight Riders,Delhi Capitals,18.1,EJG Morgan,RA Tripathi,A Nortje,0,2,2,,,,,DC vs KKR 2021-10-13,KN Ananthapadmanabhan,MA Gough,VR Iyer,Kolkata Knight Riders,Sharjah,Sharjah Cricket Stadium,2021-10-13
2nd innings,Kolkata Knight Riders,Delhi Capitals,18.2,EJG Morgan,RA Tripathi,A Nortje,0,0,0,,,,,DC vs KKR 2021-10-13,KN Ananthapadmanabhan,MA Gough,VR Iyer,Kolkata Knight Riders,Sharjah,Sharjah Cricket Stadium,2021-10-13
2nd innings,Kolkata Knight Riders,Delhi Capitals,18.3,EJG Morgan,RA Tripathi,A Nortje,0,1,1,,,,,DC vs KKR 2021-10-13,KN Ananthapadmanabhan,MA Gough,VR Iyer,Kolkata Knight Riders,Sharjah,Sharjah Cricket Stadium,2021-10-13
2nd innings,Kolkata Knight Riders,Delhi Capitals,18.4,RA Tripathi,EJG Morgan,A Nortje,0,0,0,,,,,DC vs KKR 2021-10-13,KN Ananthapadmanabhan,MA Gough,VR Iyer,Kolkata Knight Riders,Sharjah,Sharjah Cricket Stadium,2021-10-13
2nd innings,Kolkata Knight Riders,Delhi Capitals,18.5,RA Tripathi,EJG Morgan,A Nortje,0,0,0,,,,,DC vs KKR 2021-10-13,KN Ananthapadmanabhan,MA Gough,VR Iyer,Kolkata Knight Riders,Sharjah,Sharjah Cricket Stadium,2021-10-13
2nd innings,Kolkata Knight Riders,Delhi Capitals,18.6,RA Tripathi,EJG Morgan,A Nortje,0,0,0,,EJG Morgan,bowled,,DC vs KKR 2021-10-13,KN Ananthapadmanabhan,MA Gough,VR Iyer,Kolkata Knight Riders,Sharjah,Sharjah Cricket Stadium,2021-10-13
2nd innings,Kolkata Knight Riders,Delhi Capitals,19.1,Shakib Al Hasan,RA Tripathi,R Ashwin,0,1,1,,,,,DC vs KKR 2021-10-13,KN Ananthapadmanabhan,MA Gough,VR Iyer,Kolkata Knight Riders,Sharjah,Sharjah Cricket Stadium,2021-10-13
2nd innings,Kolkata Knight Riders,Delhi Capitals,19.2,RA Tripathi,Shakib Al Hasan,R Ashwin,0,0,0,,,,,DC vs KKR 2021-10-13,KN Ananthapadmanabhan,MA Gough,VR Iyer,Kolkata Knight Riders,Sharjah,Sharjah Cricket Stadium,2021-10-13
2nd innings,Kolkata Knight Riders,Delhi Capitals,19.3,RA Tripathi,Shakib Al Hasan,R Ashwin,0,0,0,,Shakib Al Hasan,lbw,,DC vs KKR 2021-10-13,KN Ananthapadmanabhan,MA Gough,VR Iyer,Kolkata Knight Riders,Sharjah,Sharjah Cricket Stadium,2021-10-13
2nd innings,Kolkata Knight Riders,Delhi Capitals,19.4,RA Tripathi,SP Narine,R Ashwin,0,0,0,,SP Narine,caught,AR Patel,DC vs KKR 2021-10-13,KN Ananthapadmanabhan,MA Gough,VR Iyer,Kolkata Knight Riders,Sharjah,Sharjah Cricket Stadium,2021-10-13
2nd innings,Kolkata Knight Riders,Delhi Capitals,19.5,LH Ferguson,RA Tripathi,R Ashwin,0,6,6,,,,,DC vs KKR 2021-10-13,KN Ananthapadmanabhan,MA Gough,VR Iyer,Kolkata Knight Riders,Sharjah,Sharjah Cricket Stadium,2021-10-13
