inning,batting_team,bowling_team,ball,non_striker,batsman,bowler,extra_runs,batsman_run,total_runs,extras,player_out,elimination_kind,fielders_caught,match_name,umpires_1,umpires_2,player_of_match,winner,city,venue,dates
1st innings,Delhi Capitals,Sunrisers Hyderabad,0.1,S Dhawan,PP Shaw,KK Ahmed,0,4,4,,,,,DC vs SH 2021-04-25,CB Gaffaney,KN Ananthapadmanabhan,PP Shaw,Delhi Capitals,Chennai,"MA Chidambaram Stadium, Chepauk, Chennai",2021-04-25
1st innings,Delhi Capitals,Sunrisers Hyderabad,0.2,S Dhawan,PP Shaw,KK Ahmed,0,4,4,,,,,DC vs SH 2021-04-25,CB Gaffaney,KN Ananthapadmanabhan,PP Shaw,Delhi Capitals,Chennai,"MA Chidambaram Stadium, Chepauk, Chennai",2021-04-25
1st innings,Delhi Capitals,Sunrisers Hyderabad,0.3,S Dhawan,PP Shaw,KK Ahmed,0,4,4,,,,,DC vs SH 2021-04-25,CB Gaffaney,KN Ananthapadmanabhan,PP Shaw,Delhi Capitals,Chennai,"MA Chidambaram Stadium, Chepauk, Chennai",2021-04-25
1st innings,Delhi Capitals,Sunrisers Hyderabad,0.4,S Dhawan,PP Shaw,KK Ahmed,0,0,0,,,,,DC vs SH 2021-04-25,CB Gaffaney,KN Ananthapadmanabhan,PP Shaw,Delhi Capitals,Chennai,"MA Chidambaram Stadium, Chepauk, Chennai",2021-04-25
1st innings,Delhi Capitals,Sunrisers Hyderabad,0.5,S Dhawan,PP Shaw,KK Ahmed,0,0,0,,,,,DC vs SH 2021-04-25,CB Gaffaney,KN Ananthapadmanabhan,PP Shaw,Delhi Capitals,Chennai,"MA Chidambaram Stadium, Chepauk, Chennai",2021-04-25
1st innings,Delhi Capitals,Sunrisers Hyderabad,0.6,S Dhawan,PP Shaw,KK Ahmed,0,0,0,,,,,DC vs SH 2021-04-25,CB Gaffaney,KN Ananthapadmanabhan,PP Shaw,Delhi Capitals,Chennai,"MA Chidambaram Stadium, Chepauk, Chennai",2021-04-25
1st innings,Delhi Capitals,Sunrisers Hyderabad,1.1,PP Shaw,S Dhawan,Abhishek Sharma,0,0,0,,,,,DC vs SH 2021-04-25,CB Gaffaney,KN Ananthapadmanabhan,PP Shaw,Delhi Capitals,Chennai,"MA Chidambaram Stadium, Chepauk, Chennai",2021-04-25
1st innings,Delhi Capitals,Sunrisers Hyderabad,1.2,PP Shaw,S Dhawan,Abhishek Sharma,1,0,1,wides,,,,DC vs SH 2021-04-25,CB Gaffaney,KN Ananthapadmanabhan,PP Shaw,Delhi Capitals,Chennai,"MA Chidambaram Stadium, Chepauk, Chennai",2021-04-25
1st innings,Delhi Capitals,Sunrisers Hyderabad,1.3,PP Shaw,S Dhawan,Abhishek Sharma,0,4,4,,,,,DC vs SH 2021-04-25,CB Gaffaney,KN Ananthapadmanabhan,PP Shaw,Delhi Capitals,Chennai,"MA Chidambaram Stadium, Chepauk, Chennai",2021-04-25
1st innings,Delhi Capitals,Sunrisers Hyderabad,1.4,PP Shaw,S Dhawan,Abhishek Sharma,0,1,1,,,,,DC vs SH 2021-04-25,CB Gaffaney,KN Ananthapadmanabhan,PP Shaw,Delhi Capitals,Chennai,"MA Chidambaram Stadium, Chepauk, Chennai",2021-04-25
1st innings,Delhi Capitals,Sunrisers Hyderabad,1.5,S Dhawan,PP Shaw,Abhishek Sharma,0,4,4,,,,,DC vs SH 2021-04-25,CB Gaffaney,KN Ananthapadmanabhan,PP Shaw,Delhi Capitals,Chennai,"MA Chidambaram Stadium, Chepauk, Chennai",2021-04-25
1st innings,Delhi Capitals,Sunrisers Hyderabad,1.6,S Dhawan,PP Shaw,Abhishek Sharma,0,0,0,,,,,DC vs SH 2021-04-25,CB Gaffaney,KN Ananthapadmanabhan,PP Shaw,Delhi Capitals,Chennai,"MA Chidambaram Stadium, Chepauk, Chennai",2021-04-25
1st innings,Delhi Capitals,Sunrisers Hyderabad,1.7,S Dhawan,PP Shaw,Abhishek Sharma,0,4,4,,,,,DC vs SH 2021-04-25,CB Gaffaney,KN Ananthapadmanabhan,PP Shaw,Delhi Capitals,Chennai,"MA Chidambaram Stadium, Chepauk, Chennai",2021-04-25
1st innings,Delhi Capitals,Sunrisers Hyderabad,2.1,PP Shaw,S Dhawan,S Kaul,0,0,0,,,,,DC vs SH 2021-04-25,CB Gaffaney,KN Ananthapadmanabhan,PP Shaw,Delhi Capitals,Chennai,"MA Chidambaram Stadium, Chepauk, Chennai",2021-04-25
1st innings,Delhi Capitals,Sunrisers Hyderabad,2.2,PP Shaw,S Dhawan,S Kaul,0,1,1,,,,,DC vs SH 2021-04-25,CB Gaffaney,KN Ananthapadmanabhan,PP Shaw,Delhi Capitals,Chennai,"MA Chidambaram Stadium, Chepauk, Chennai",2021-04-25
1st innings,Delhi Capitals,Sunrisers Hyderabad,2.3,S Dhawan,PP Shaw,S Kaul,0,0,0,,,,,DC vs SH 2021-04-25,CB Gaffaney,KN Ananthapadmanabhan,PP Shaw,Delhi Capitals,Chennai,"MA Chidambaram Stadium, Chepauk, Chennai",2021-04-25
1st innings,Delhi Capitals,Sunrisers Hyderabad,2.4,S Dhawan,PP Shaw,S Kaul,0,0,0,,,,,DC vs SH 2021-04-25,CB Gaffaney,KN Ananthapadmanabhan,PP Shaw,Delhi Capitals,Chennai,"MA Chidambaram Stadium, Chepauk, Chennai",2021-04-25
1st innings,Delhi Capitals,Sunrisers Hyderabad,2.5,S Dhawan,PP Shaw,S Kaul,0,0,0,,,,,DC vs SH 2021-04-25,CB Gaffaney,KN Ananthapadmanabhan,PP Shaw,Delhi Capitals,Chennai,"MA Chidambaram Stadium, Chepauk, Chennai",2021-04-25
1st innings,Delhi Capitals,Sunrisers Hyderabad,2.6,S Dhawan,PP Shaw,S Kaul,0,6,6,,,,,DC vs SH 2021-04-25,CB Gaffaney,KN Ananthapadmanabhan,PP Shaw,Delhi Capitals,Chennai,"MA Chidambaram Stadium, Chepauk, Chennai",2021-04-25
1st innings,Delhi Capitals,Sunrisers Hyderabad,3.1,PP Shaw,S Dhawan,KK Ahmed,0,1,1,,,,,DC vs SH 2021-04-25,CB Gaffaney,KN Ananthapadmanabhan,PP Shaw,Delhi Capitals,Chennai,"MA Chidambaram Stadium, Chepauk, Chennai",2021-04-25
1st innings,Delhi Capitals,Sunrisers Hyderabad,3.2,S Dhawan,PP Shaw,KK Ahmed,0,2,2,,,,,DC vs SH 2021-04-25,CB Gaffaney,KN Ananthapadmanabhan,PP Shaw,Delhi Capitals,Chennai,"MA Chidambaram Stadium, Chepauk, Chennai",2021-04-25
1st innings,Delhi Capitals,Sunrisers Hyderabad,3.3,S Dhawan,PP Shaw,KK Ahmed,0,1,1,,,,,DC vs SH 2021-04-25,CB Gaffaney,KN Ananthapadmanabhan,PP Shaw,Delhi Capitals,Chennai,"MA Chidambaram Stadium, Chepauk, Chennai",2021-04-25
1st innings,Delhi Capitals,Sunrisers Hyderabad,3.4,PP Shaw,S Dhawan,KK Ahmed,0,0,0,,,,,DC vs SH 2021-04-25,CB Gaffaney,KN Ananthapadmanabhan,PP Shaw,Delhi Capitals,Chennai,"MA Chidambaram Stadium, Chepauk, Chennai",2021-04-25
1st innings,Delhi Capitals,Sunrisers Hyderabad,3.5,PP Shaw,S Dhawan,KK Ahmed,0,1,1,,,,,DC vs SH 2021-04-25,CB Gaffaney,KN Ananthapadmanabhan,PP Shaw,Delhi Capitals,Chennai,"MA Chidambaram Stadium, Chepauk, Chennai",2021-04-25
1st innings,Delhi Capitals,Sunrisers Hyderabad,3.6,S Dhawan,PP Shaw,KK Ahmed,0,1,1,,,,,DC vs SH 2021-04-25,CB Gaffaney,KN Ananthapadmanabhan,PP Shaw,Delhi Capitals,Chennai,"MA Chidambaram Stadium, Chepauk, Chennai",2021-04-25
1st innings,Delhi Capitals,Sunrisers Hyderabad,4.1,S Dhawan,PP Shaw,S Kaul,0,1,1,,,,,DC vs SH 2021-04-25,CB Gaffaney,KN Ananthapadmanabhan,PP Shaw,Delhi Capitals,Chennai,"MA Chidambaram Stadium, Chepauk, Chennai",2021-04-25
1st innings,Delhi Capitals,Sunrisers Hyderabad,4.2,PP Shaw,S Dhawan,S Kaul,0,1,1,,,,,DC vs SH 2021-04-25,CB Gaffaney,KN Ananthapadmanabhan,PP Shaw,Delhi Capitals,Chennai,"MA Chidambaram Stadium, Chepauk, Chennai",2021-04-25
1st innings,Delhi Capitals,Sunrisers Hyderabad,4.3,S Dhawan,PP Shaw,S Kaul,0,1,1,,,,,DC vs SH 2021-04-25,CB Gaffaney,KN Ananthapadmanabhan,PP Shaw,Delhi Capitals,Chennai,"MA Chidambaram Stadium, Chepauk, Chennai",2021-04-25
1st innings,Delhi Capitals,Sunrisers Hyderabad,4.4,PP Shaw,S Dhawan,S Kaul,0,1,1,,,,,DC vs SH 2021-04-25,CB Gaffaney,KN Ananthapadmanabhan,PP Shaw,Delhi Capitals,Chennai,"MA Chidambaram Stadium, Chepauk, Chennai",2021-04-25
1st innings,Delhi Capitals,Sunrisers Hyderabad,4.5,S Dhawan,PP Shaw,S Kaul,0,4,4,,,,,DC vs SH 2021-04-25,CB Gaffaney,KN Ananthapadmanabhan,PP Shaw,Delhi Capitals,Chennai,"MA Chidambaram Stadium, Chepauk, Chennai",2021-04-25
1st innings,Delhi Capitals,Sunrisers Hyderabad,4.6,S Dhawan,PP Shaw,S Kaul,0,1,1,,,,,DC vs SH 2021-04-25,CB Gaffaney,KN Ananthapadmanabhan,PP Shaw,Delhi Capitals,Chennai,"MA Chidambaram Stadium, Chepauk, Chennai",2021-04-25
1st innings,Delhi Capitals,Sunrisers Hyderabad,5.1,S Dhawan,PP Shaw,J Suchith,0,1,1,,,,,DC vs SH 2021-04-25,CB Gaffaney,KN Ananthapadmanabhan,PP Shaw,Delhi Capitals,Chennai,"MA Chidambaram Stadium, Chepauk, Chennai",2021-04-25
1st innings,Delhi Capitals,Sunrisers Hyderabad,5.2,PP Shaw,S Dhawan,J Suchith,0,1,1,,,,,DC vs SH 2021-04-25,CB Gaffaney,KN Ananthapadmanabhan,PP Shaw,Delhi Capitals,Chennai,"MA Chidambaram Stadium, Chepauk, Chennai",2021-04-25
1st innings,Delhi Capitals,Sunrisers Hyderabad,5.3,S Dhawan,PP Shaw,J Suchith,0,0,0,,,,,DC vs SH 2021-04-25,CB Gaffaney,KN Ananthapadmanabhan,PP Shaw,Delhi Capitals,Chennai,"MA Chidambaram Stadium, Chepauk, Chennai",2021-04-25
1st innings,Delhi Capitals,Sunrisers Hyderabad,5.4,S Dhawan,PP Shaw,J Suchith,0,1,1,,,,,DC vs SH 2021-04-25,CB Gaffaney,KN Ananthapadmanabhan,PP Shaw,Delhi Capitals,Chennai,"MA Chidambaram Stadium, Chepauk, Chennai",2021-04-25
1st innings,Delhi Capitals,Sunrisers Hyderabad,5.5,PP Shaw,S Dhawan,J Suchith,0,0,0,,,,,DC vs SH 2021-04-25,CB Gaffaney,KN Ananthapadmanabhan,PP Shaw,Delhi Capitals,Chennai,"MA Chidambaram Stadium, Chepauk, Chennai",2021-04-25
1st innings,Delhi Capitals,Sunrisers Hyderabad,5.6,PP Shaw,S Dhawan,J Suchith,0,0,0,,,,,DC vs SH 2021-04-25,CB Gaffaney,KN Ananthapadmanabhan,PP Shaw,Delhi Capitals,Chennai,"MA Chidambaram Stadium, Chepauk, Chennai",2021-04-25
1st innings,Delhi Capitals,Sunrisers Hyderabad,6.1,S Dhawan,PP Shaw,V Shankar,0,0,0,,,,,DC vs SH 2021-04-25,CB Gaffaney,KN Ananthapadmanabhan,PP Shaw,Delhi Capitals,Chennai,"MA Chidambaram Stadium, Chepauk, Chennai",2021-04-25
1st innings,Delhi Capitals,Sunrisers Hyderabad,6.2,S Dhawan,PP Shaw,V Shankar,0,0,0,,,,,DC vs SH 2021-04-25,CB Gaffaney,KN Ananthapadmanabhan,PP Shaw,Delhi Capitals,Chennai,"MA Chidambaram Stadium, Chepauk, Chennai",2021-04-25
1st innings,Delhi Capitals,Sunrisers Hyderabad,6.3,S Dhawan,PP Shaw,V Shankar,1,0,1,wides,,,,DC vs SH 2021-04-25,CB Gaffaney,KN Ananthapadmanabhan,PP Shaw,Delhi Capitals,Chennai,"MA Chidambaram Stadium, Chepauk, Chennai",2021-04-25
1st innings,Delhi Capitals,Sunrisers Hyderabad,6.4,S Dhawan,PP Shaw,V Shankar,0,0,0,,,,,DC vs SH 2021-04-25,CB Gaffaney,KN Ananthapadmanabhan,PP Shaw,Delhi Capitals,Chennai,"MA Chidambaram Stadium, Chepauk, Chennai",2021-04-25
1st innings,Delhi Capitals,Sunrisers Hyderabad,6.5,S Dhawan,PP Shaw,V Shankar,0,1,1,,,,,DC vs SH 2021-04-25,CB Gaffaney,KN Ananthapadmanabhan,PP Shaw,Delhi Capitals,Chennai,"MA Chidambaram Stadium, Chepauk, Chennai",2021-04-25
1st innings,Delhi Capitals,Sunrisers Hyderabad,6.6,PP Shaw,S Dhawan,V Shankar,0,3,3,,,,,DC vs SH 2021-04-25,CB Gaffaney,KN Ananthapadmanabhan,PP Shaw,Delhi Capitals,Chennai,"MA Chidambaram Stadium, Chepauk, Chennai",2021-04-25
1st innings,Delhi Capitals,Sunrisers Hyderabad,6.7,S Dhawan,PP Shaw,V Shankar,0,0,0,,,,,DC vs SH 2021-04-25,CB Gaffaney,KN Ananthapadmanabhan,PP Shaw,Delhi Capitals,Chennai,"MA Chidambaram Stadium, Chepauk, Chennai",2021-04-25
1st innings,Delhi Capitals,Sunrisers Hyderabad,7.1,PP Shaw,S Dhawan,J Suchith,0,1,1,,,,,DC vs SH 2021-04-25,CB Gaffaney,KN Ananthapadmanabhan,PP Shaw,Delhi Capitals,Chennai,"MA Chidambaram Stadium, Chepauk, Chennai",2021-04-25
1st innings,Delhi Capitals,Sunrisers Hyderabad,7.2,S Dhawan,PP Shaw,J Suchith,0,1,1,,,,,DC vs SH 2021-04-25,CB Gaffaney,KN Ananthapadmanabhan,PP Shaw,Delhi Capitals,Chennai,"MA Chidambaram Stadium, Chepauk, Chennai",2021-04-25
1st innings,Delhi Capitals,Sunrisers Hyderabad,7.3,PP Shaw,S Dhawan,J Suchith,0,4,4,,,,,DC vs SH 2021-04-25,CB Gaffaney,KN Ananthapadmanabhan,PP Shaw,Delhi Capitals,Chennai,"MA Chidambaram Stadium, Chepauk, Chennai",2021-04-25
1st innings,Delhi Capitals,Sunrisers Hyderabad,7.4,PP Shaw,S Dhawan,J Suchith,0,4,4,,,,,DC vs SH 2021-04-25,CB Gaffaney,KN Ananthapadmanabhan,PP Shaw,Delhi Capitals,Chennai,"MA Chidambaram Stadium, Chepauk, Chennai",2021-04-25
1st innings,Delhi Capitals,Sunrisers Hyderabad,7.5,PP Shaw,S Dhawan,J Suchith,0,0,0,,,,,DC vs SH 2021-04-25,CB Gaffaney,KN Ananthapadmanabhan,PP Shaw,Delhi Capitals,Chennai,"MA Chidambaram Stadium, Chepauk, Chennai",2021-04-25
1st innings,Delhi Capitals,Sunrisers Hyderabad,7.6,PP Shaw,S Dhawan,J Suchith,0,1,1,,,,,DC vs SH 2021-04-25,CB Gaffaney,KN Ananthapadmanabhan,PP Shaw,Delhi Capitals,Chennai,"MA Chidambaram Stadium, Chepauk, Chennai",2021-04-25
1st innings,Delhi Capitals,Sunrisers Hyderabad,8.1,PP Shaw,S Dhawan,Rashid Khan,0,1,1,,,,,DC vs SH 2021-04-25,CB Gaffaney,KN Ananthapadmanabhan,PP Shaw,Delhi Capitals,Chennai,"MA Chidambaram Stadium, Chepauk, Chennai",2021-04-25
1st innings,Delhi Capitals,Sunrisers Hyderabad,8.2,S Dhawan,PP Shaw,Rashid Khan,0,1,1,,,,,DC vs SH 2021-04-25,CB Gaffaney,KN Ananthapadmanabhan,PP Shaw,Delhi Capitals,Chennai,"MA Chidambaram Stadium, Chepauk, Chennai",2021-04-25
1st innings,Delhi Capitals,Sunrisers Hyderabad,8.3,PP Shaw,S Dhawan,Rashid Khan,0,1,1,,,,,DC vs SH 2021-04-25,CB Gaffaney,KN Ananthapadmanabhan,PP Shaw,Delhi Capitals,Chennai,"MA Chidambaram Stadium, Chepauk, Chennai",2021-04-25
1st innings,Delhi Capitals,Sunrisers Hyderabad,8.4,S Dhawan,PP Shaw,Rashid Khan,0,2,2,,,,,DC vs SH 2021-04-25,CB Gaffaney,KN Ananthapadmanabhan,PP Shaw,Delhi Capitals,Chennai,"MA Chidambaram Stadium, Chepauk, Chennai",2021-04-25
1st innings,Delhi Capitals,Sunrisers Hyderabad,8.5,S Dhawan,PP Shaw,Rashid Khan,0,4,4,,,,,DC vs SH 2021-04-25,CB Gaffaney,KN Ananthapadmanabhan,PP Shaw,Delhi Capitals,Chennai,"MA Chidambaram Stadium, Chepauk, Chennai",2021-04-25
1st innings,Delhi Capitals,Sunrisers Hyderabad,8.6,S Dhawan,PP Shaw,Rashid Khan,0,0,0,,,,,DC vs SH 2021-04-25,CB Gaffaney,KN Ananthapadmanabhan,PP Shaw,Delhi Capitals,Chennai,"MA Chidambaram Stadium, Chepauk, Chennai",2021-04-25
1st innings,Delhi Capitals,Sunrisers Hyderabad,9.1,PP Shaw,S Dhawan,J Suchith,0,0,0,,,,,DC vs SH 2021-04-25,CB Gaffaney,KN Ananthapadmanabhan,PP Shaw,Delhi Capitals,Chennai,"MA Chidambaram Stadium, Chepauk, Chennai",2021-04-25
1st innings,Delhi Capitals,Sunrisers Hyderabad,9.2,PP Shaw,S Dhawan,J Suchith,0,1,1,,,,,DC vs SH 2021-04-25,CB Gaffaney,KN Ananthapadmanabhan,PP Shaw,Delhi Capitals,Chennai,"MA Chidambaram Stadium, Chepauk, Chennai",2021-04-25
1st innings,Delhi Capitals,Sunrisers Hyderabad,9.3,S Dhawan,PP Shaw,J Suchith,0,1,1,,,,,DC vs SH 2021-04-25,CB Gaffaney,KN Ananthapadmanabhan,PP Shaw,Delhi Capitals,Chennai,"MA Chidambaram Stadium, Chepauk, Chennai",2021-04-25
1st innings,Delhi Capitals,Sunrisers Hyderabad,9.4,PP Shaw,S Dhawan,J Suchith,0,0,0,,,,,DC vs SH 2021-04-25,CB Gaffaney,KN Ananthapadmanabhan,PP Shaw,Delhi Capitals,Chennai,"MA Chidambaram Stadium, Chepauk, Chennai",2021-04-25
1st innings,Delhi Capitals,Sunrisers Hyderabad,9.5,PP Shaw,S Dhawan,J Suchith,0,1,1,,,,,DC vs SH 2021-04-25,CB Gaffaney,KN Ananthapadmanabhan,PP Shaw,Delhi Capitals,Chennai,"MA Chidambaram Stadium, Chepauk, Chennai",2021-04-25
1st innings,Delhi Capitals,Sunrisers Hyderabad,9.6,S Dhawan,PP Shaw,J Suchith,0,1,1,,,,,DC vs SH 2021-04-25,CB Gaffaney,KN Ananthapadmanabhan,PP Shaw,Delhi Capitals,Chennai,"MA Chidambaram Stadium, Chepauk, Chennai",2021-04-25
1st innings,Delhi Capitals,Sunrisers Hyderabad,10.1,S Dhawan,PP Shaw,Rashid Khan,0,1,1,,,,,DC vs SH 2021-04-25,CB Gaffaney,KN Ananthapadmanabhan,PP Shaw,Delhi Capitals,Chennai,"MA Chidambaram Stadium, Chepauk, Chennai",2021-04-25
1st innings,Delhi Capitals,Sunrisers Hyderabad,10.2,PP Shaw,S Dhawan,Rashid Khan,0,0,0,,S Dhawan,bowled,,DC vs SH 2021-04-25,CB Gaffaney,KN Ananthapadmanabhan,PP Shaw,Delhi Capitals,Chennai,"MA Chidambaram Stadium, Chepauk, Chennai",2021-04-25
1st innings,Delhi Capitals,Sunrisers Hyderabad,10.3,PP Shaw,RR Pant,Rashid Khan,0,0,0,,,,,DC vs SH 2021-04-25,CB Gaffaney,KN Ananthapadmanabhan,PP Shaw,Delhi Capitals,Chennai,"MA Chidambaram Stadium, Chepauk, Chennai",2021-04-25
1st innings,Delhi Capitals,Sunrisers Hyderabad,10.4,PP Shaw,RR Pant,Rashid Khan,0,1,1,,,,,DC vs SH 2021-04-25,CB Gaffaney,KN Ananthapadmanabhan,PP Shaw,Delhi Capitals,Chennai,"MA Chidambaram Stadium, Chepauk, Chennai",2021-04-25
1st innings,Delhi Capitals,Sunrisers Hyderabad,10.5,RR Pant,PP Shaw,Rashid Khan,0,1,1,,,,,DC vs SH 2021-04-25,CB Gaffaney,KN Ananthapadmanabhan,PP Shaw,Delhi Capitals,Chennai,"MA Chidambaram Stadium, Chepauk, Chennai",2021-04-25
1st innings,Delhi Capitals,Sunrisers Hyderabad,10.6,PP Shaw,RR Pant,Rashid Khan,0,0,0,,,,,DC vs SH 2021-04-25,CB Gaffaney,KN Ananthapadmanabhan,PP Shaw,Delhi Capitals,Chennai,"MA Chidambaram Stadium, Chepauk, Chennai",2021-04-25
1st innings,Delhi Capitals,Sunrisers Hyderabad,11.1,RR Pant,PP Shaw,J Suchith,0,0,0,,,,,DC vs SH 2021-04-25,CB Gaffaney,KN Ananthapadmanabhan,PP Shaw,Delhi Capitals,Chennai,"MA Chidambaram Stadium, Chepauk, Chennai",2021-04-25
1st innings,Delhi Capitals,Sunrisers Hyderabad,11.2,RR Pant,PP Shaw,J Suchith,0,1,1,,,,,DC vs SH 2021-04-25,CB Gaffaney,KN Ananthapadmanabhan,PP Shaw,Delhi Capitals,Chennai,"MA Chidambaram Stadium, Chepauk, Chennai",2021-04-25
1st innings,Delhi Capitals,Sunrisers Hyderabad,11.3,PP Shaw,RR Pant,J Suchith,0,0,0,,PP Shaw,run out,,DC vs SH 2021-04-25,CB Gaffaney,KN Ananthapadmanabhan,PP Shaw,Delhi Capitals,Chennai,"MA Chidambaram Stadium, Chepauk, Chennai",2021-04-25
1st innings,Delhi Capitals,Sunrisers Hyderabad,11.4,SPD Smith,RR Pant,J Suchith,0,1,1,,,,,DC vs SH 2021-04-25,CB Gaffaney,KN Ananthapadmanabhan,PP Shaw,Delhi Capitals,Chennai,"MA Chidambaram Stadium, Chepauk, Chennai",2021-04-25
1st innings,Delhi Capitals,Sunrisers Hyderabad,11.5,RR Pant,SPD Smith,J Suchith,0,1,1,,,,,DC vs SH 2021-04-25,CB Gaffaney,KN Ananthapadmanabhan,PP Shaw,Delhi Capitals,Chennai,"MA Chidambaram Stadium, Chepauk, Chennai",2021-04-25
1st innings,Delhi Capitals,Sunrisers Hyderabad,11.6,SPD Smith,RR Pant,J Suchith,0,0,0,,,,,DC vs SH 2021-04-25,CB Gaffaney,KN Ananthapadmanabhan,PP Shaw,Delhi Capitals,Chennai,"MA Chidambaram Stadium, Chepauk, Chennai",2021-04-25
1st innings,Delhi Capitals,Sunrisers Hyderabad,12.1,RR Pant,SPD Smith,V Shankar,0,1,1,,,,,DC vs SH 2021-04-25,CB Gaffaney,KN Ananthapadmanabhan,PP Shaw,Delhi Capitals,Chennai,"MA Chidambaram Stadium, Chepauk, Chennai",2021-04-25
1st innings,Delhi Capitals,Sunrisers Hyderabad,12.2,SPD Smith,RR Pant,V Shankar,0,0,0,,,,,DC vs SH 2021-04-25,CB Gaffaney,KN Ananthapadmanabhan,PP Shaw,Delhi Capitals,Chennai,"MA Chidambaram Stadium, Chepauk, Chennai",2021-04-25
1st innings,Delhi Capitals,Sunrisers Hyderabad,12.3,SPD Smith,RR Pant,V Shankar,0,1,1,,,,,DC vs SH 2021-04-25,CB Gaffaney,KN Ananthapadmanabhan,PP Shaw,Delhi Capitals,Chennai,"MA Chidambaram Stadium, Chepauk, Chennai",2021-04-25
1st innings,Delhi Capitals,Sunrisers Hyderabad,12.4,RR Pant,SPD Smith,V Shankar,0,1,1,,,,,DC vs SH 2021-04-25,CB Gaffaney,KN Ananthapadmanabhan,PP Shaw,Delhi Capitals,Chennai,"MA Chidambaram Stadium, Chepauk, Chennai",2021-04-25
1st innings,Delhi Capitals,Sunrisers Hyderabad,12.5,SPD Smith,RR Pant,V Shankar,1,1,2,noballs,,,,DC vs SH 2021-04-25,CB Gaffaney,KN Ananthapadmanabhan,PP Shaw,Delhi Capitals,Chennai,"MA Chidambaram Stadium, Chepauk, Chennai",2021-04-25
1st innings,Delhi Capitals,Sunrisers Hyderabad,12.6,RR Pant,SPD Smith,V Shankar,0,4,4,,,,,DC vs SH 2021-04-25,CB Gaffaney,KN Ananthapadmanabhan,PP Shaw,Delhi Capitals,Chennai,"MA Chidambaram Stadium, Chepauk, Chennai",2021-04-25
1st innings,Delhi Capitals,Sunrisers Hyderabad,12.7,RR Pant,SPD Smith,V Shankar,0,1,1,,,,,DC vs SH 2021-04-25,CB Gaffaney,KN Ananthapadmanabhan,PP Shaw,Delhi Capitals,Chennai,"MA Chidambaram Stadium, Chepauk, Chennai",2021-04-25
1st innings,Delhi Capitals,Sunrisers Hyderabad,13.1,RR Pant,SPD Smith,Rashid Khan,0,0,0,,,,,DC vs SH 2021-04-25,CB Gaffaney,KN Ananthapadmanabhan,PP Shaw,Delhi Capitals,Chennai,"MA Chidambaram Stadium, Chepauk, Chennai",2021-04-25
1st innings,Delhi Capitals,Sunrisers Hyderabad,13.2,RR Pant,SPD Smith,Rashid Khan,0,2,2,,,,,DC vs SH 2021-04-25,CB Gaffaney,KN Ananthapadmanabhan,PP Shaw,Delhi Capitals,Chennai,"MA Chidambaram Stadium, Chepauk, Chennai",2021-04-25
1st innings,Delhi Capitals,Sunrisers Hyderabad,13.3,RR Pant,SPD Smith,Rashid Khan,0,0,0,,,,,DC vs SH 2021-04-25,CB Gaffaney,KN Ananthapadmanabhan,PP Shaw,Delhi Capitals,Chennai,"MA Chidambaram Stadium, Chepauk, Chennai",2021-04-25
1st innings,Delhi Capitals,Sunrisers Hyderabad,13.4,RR Pant,SPD Smith,Rashid Khan,0,1,1,,,,,DC vs SH 2021-04-25,CB Gaffaney,KN Ananthapadmanabhan,PP Shaw,Delhi Capitals,Chennai,"MA Chidambaram Stadium, Chepauk, Chennai",2021-04-25
1st innings,Delhi Capitals,Sunrisers Hyderabad,13.5,SPD Smith,RR Pant,Rashid Khan,0,4,4,,,,,DC vs SH 2021-04-25,CB Gaffaney,KN Ananthapadmanabhan,PP Shaw,Delhi Capitals,Chennai,"MA Chidambaram Stadium, Chepauk, Chennai",2021-04-25
1st innings,Delhi Capitals,Sunrisers Hyderabad,13.6,SPD Smith,RR Pant,Rashid Khan,0,1,1,,,,,DC vs SH 2021-04-25,CB Gaffaney,KN Ananthapadmanabhan,PP Shaw,Delhi Capitals,Chennai,"MA Chidambaram Stadium, Chepauk, Chennai",2021-04-25
1st innings,Delhi Capitals,Sunrisers Hyderabad,14.1,SPD Smith,RR Pant,S Kaul,0,0,0,,,,,DC vs SH 2021-04-25,CB Gaffaney,KN Ananthapadmanabhan,PP Shaw,Delhi Capitals,Chennai,"MA Chidambaram Stadium, Chepauk, Chennai",2021-04-25
1st innings,Delhi Capitals,Sunrisers Hyderabad,14.2,SPD Smith,RR Pant,S Kaul,0,6,6,,,,,DC vs SH 2021-04-25,CB Gaffaney,KN Ananthapadmanabhan,PP Shaw,Delhi Capitals,Chennai,"MA Chidambaram Stadium, Chepauk, Chennai",2021-04-25
1st innings,Delhi Capitals,Sunrisers Hyderabad,14.3,SPD Smith,RR Pant,S Kaul,0,2,2,,,,,DC vs SH 2021-04-25,CB Gaffaney,KN Ananthapadmanabhan,PP Shaw,Delhi Capitals,Chennai,"MA Chidambaram Stadium, Chepauk, Chennai",2021-04-25
1st innings,Delhi Capitals,Sunrisers Hyderabad,14.4,SPD Smith,RR Pant,S Kaul,0,2,2,,,,,DC vs SH 2021-04-25,CB Gaffaney,KN Ananthapadmanabhan,PP Shaw,Delhi Capitals,Chennai,"MA Chidambaram Stadium, Chepauk, Chennai",2021-04-25
1st innings,Delhi Capitals,Sunrisers Hyderabad,14.5,SPD Smith,RR Pant,S Kaul,0,1,1,,,,,DC vs SH 2021-04-25,CB Gaffaney,KN Ananthapadmanabhan,PP Shaw,Delhi Capitals,Chennai,"MA Chidambaram Stadium, Chepauk, Chennai",2021-04-25
1st innings,Delhi Capitals,Sunrisers Hyderabad,14.6,RR Pant,SPD Smith,S Kaul,0,1,1,,,,,DC vs SH 2021-04-25,CB Gaffaney,KN Ananthapadmanabhan,PP Shaw,Delhi Capitals,Chennai,"MA Chidambaram Stadium, Chepauk, Chennai",2021-04-25
1st innings,Delhi Capitals,Sunrisers Hyderabad,15.1,RR Pant,SPD Smith,Rashid Khan,0,0,0,,,,,DC vs SH 2021-04-25,CB Gaffaney,KN Ananthapadmanabhan,PP Shaw,Delhi Capitals,Chennai,"MA Chidambaram Stadium, Chepauk, Chennai",2021-04-25
1st innings,Delhi Capitals,Sunrisers Hyderabad,15.2,RR Pant,SPD Smith,Rashid Khan,0,1,1,,,,,DC vs SH 2021-04-25,CB Gaffaney,KN Ananthapadmanabhan,PP Shaw,Delhi Capitals,Chennai,"MA Chidambaram Stadium, Chepauk, Chennai",2021-04-25
1st innings,Delhi Capitals,Sunrisers Hyderabad,15.3,SPD Smith,RR Pant,Rashid Khan,0,4,4,,,,,DC vs SH 2021-04-25,CB Gaffaney,KN Ananthapadmanabhan,PP Shaw,Delhi Capitals,Chennai,"MA Chidambaram Stadium, Chepauk, Chennai",2021-04-25
1st innings,Delhi Capitals,Sunrisers Hyderabad,15.4,SPD Smith,RR Pant,Rashid Khan,0,4,4,,,,,DC vs SH 2021-04-25,CB Gaffaney,KN Ananthapadmanabhan,PP Shaw,Delhi Capitals,Chennai,"MA Chidambaram Stadium, Chepauk, Chennai",2021-04-25
1st innings,Delhi Capitals,Sunrisers Hyderabad,15.5,SPD Smith,RR Pant,Rashid Khan,0,1,1,,,,,DC vs SH 2021-04-25,CB Gaffaney,KN Ananthapadmanabhan,PP Shaw,Delhi Capitals,Chennai,"MA Chidambaram Stadium, Chepauk, Chennai",2021-04-25
1st innings,Delhi Capitals,Sunrisers Hyderabad,15.6,RR Pant,SPD Smith,Rashid Khan,0,1,1,,,,,DC vs SH 2021-04-25,CB Gaffaney,KN Ananthapadmanabhan,PP Shaw,Delhi Capitals,Chennai,"MA Chidambaram Stadium, Chepauk, Chennai",2021-04-25
1st innings,Delhi Capitals,Sunrisers Hyderabad,16.1,RR Pant,SPD Smith,V Shankar,0,1,1,,,,,DC vs SH 2021-04-25,CB Gaffaney,KN Ananthapadmanabhan,PP Shaw,Delhi Capitals,Chennai,"MA Chidambaram Stadium, Chepauk, Chennai",2021-04-25
1st innings,Delhi Capitals,Sunrisers Hyderabad,16.2,SPD Smith,RR Pant,V Shankar,0,1,1,,,,,DC vs SH 2021-04-25,CB Gaffaney,KN Ananthapadmanabhan,PP Shaw,Delhi Capitals,Chennai,"MA Chidambaram Stadium, Chepauk, Chennai",2021-04-25
1st innings,Delhi Capitals,Sunrisers Hyderabad,16.3,RR Pant,SPD Smith,V Shankar,0,1,1,,,,,DC vs SH 2021-04-25,CB Gaffaney,KN Ananthapadmanabhan,PP Shaw,Delhi Capitals,Chennai,"MA Chidambaram Stadium, Chepauk, Chennai",2021-04-25
1st innings,Delhi Capitals,Sunrisers Hyderabad,16.4,SPD Smith,RR Pant,V Shankar,0,0,0,,,,,DC vs SH 2021-04-25,CB Gaffaney,KN Ananthapadmanabhan,PP Shaw,Delhi Capitals,Chennai,"MA Chidambaram Stadium, Chepauk, Chennai",2021-04-25
1st innings,Delhi Capitals,Sunrisers Hyderabad,16.5,SPD Smith,RR Pant,V Shankar,0,1,1,,,,,DC vs SH 2021-04-25,CB Gaffaney,KN Ananthapadmanabhan,PP Shaw,Delhi Capitals,Chennai,"MA Chidambaram Stadium, Chepauk, Chennai",2021-04-25
1st innings,Delhi Capitals,Sunrisers Hyderabad,16.6,RR Pant,SPD Smith,V Shankar,0,0,0,,,,,DC vs SH 2021-04-25,CB Gaffaney,KN Ananthapadmanabhan,PP Shaw,Delhi Capitals,Chennai,"MA Chidambaram Stadium, Chepauk, Chennai",2021-04-25
1st innings,Delhi Capitals,Sunrisers Hyderabad,17.1,SPD Smith,RR Pant,KK Ahmed,0,1,1,,,,,DC vs SH 2021-04-25,CB Gaffaney,KN Ananthapadmanabhan,PP Shaw,Delhi Capitals,Chennai,"MA Chidambaram Stadium, Chepauk, Chennai",2021-04-25
1st innings,Delhi Capitals,Sunrisers Hyderabad,17.2,RR Pant,SPD Smith,KK Ahmed,0,0,0,,,,,DC vs SH 2021-04-25,CB Gaffaney,KN Ananthapadmanabhan,PP Shaw,Delhi Capitals,Chennai,"MA Chidambaram Stadium, Chepauk, Chennai",2021-04-25
1st innings,Delhi Capitals,Sunrisers Hyderabad,17.3,RR Pant,SPD Smith,KK Ahmed,0,4,4,,,,,DC vs SH 2021-04-25,CB Gaffaney,KN Ananthapadmanabhan,PP Shaw,Delhi Capitals,Chennai,"MA Chidambaram Stadium, Chepauk, Chennai",2021-04-25
1st innings,Delhi Capitals,Sunrisers Hyderabad,17.4,RR Pant,SPD Smith,KK Ahmed,0,1,1,,,,,DC vs SH 2021-04-25,CB Gaffaney,KN Ananthapadmanabhan,PP Shaw,Delhi Capitals,Chennai,"MA Chidambaram Stadium, Chepauk, Chennai",2021-04-25
1st innings,Delhi Capitals,Sunrisers Hyderabad,17.5,SPD Smith,RR Pant,KK Ahmed,0,4,4,,,,,DC vs SH 2021-04-25,CB Gaffaney,KN Ananthapadmanabhan,PP Shaw,Delhi Capitals,Chennai,"MA Chidambaram Stadium, Chepauk, Chennai",2021-04-25
1st innings,Delhi Capitals,Sunrisers Hyderabad,17.6,SPD Smith,RR Pant,KK Ahmed,0,1,1,,,,,DC vs SH 2021-04-25,CB Gaffaney,KN Ananthapadmanabhan,PP Shaw,Delhi Capitals,Chennai,"MA Chidambaram Stadium, Chepauk, Chennai",2021-04-25
1st innings,Delhi Capitals,Sunrisers Hyderabad,18.1,SPD Smith,RR Pant,S Kaul,0,0,0,,,,,DC vs SH 2021-04-25,CB Gaffaney,KN Ananthapadmanabhan,PP Shaw,Delhi Capitals,Chennai,"MA Chidambaram Stadium, Chepauk, Chennai",2021-04-25
1st innings,Delhi Capitals,Sunrisers Hyderabad,18.2,SPD Smith,RR Pant,S Kaul,0,0,0,,RR Pant,caught,J Suchith,DC vs SH 2021-04-25,CB Gaffaney,KN Ananthapadmanabhan,PP Shaw,Delhi Capitals,Chennai,"MA Chidambaram Stadium, Chepauk, Chennai",2021-04-25
1st innings,Delhi Capitals,Sunrisers Hyderabad,18.3,SO Hetmyer,SPD Smith,S Kaul,0,1,1,,,,,DC vs SH 2021-04-25,CB Gaffaney,KN Ananthapadmanabhan,PP Shaw,Delhi Capitals,Chennai,"MA Chidambaram Stadium, Chepauk, Chennai",2021-04-25
1st innings,Delhi Capitals,Sunrisers Hyderabad,18.4,SPD Smith,SO Hetmyer,S Kaul,0,1,1,,,,,DC vs SH 2021-04-25,CB Gaffaney,KN Ananthapadmanabhan,PP Shaw,Delhi Capitals,Chennai,"MA Chidambaram Stadium, Chepauk, Chennai",2021-04-25
1st innings,Delhi Capitals,Sunrisers Hyderabad,18.5,SO Hetmyer,SPD Smith,S Kaul,0,1,1,,,,,DC vs SH 2021-04-25,CB Gaffaney,KN Ananthapadmanabhan,PP Shaw,Delhi Capitals,Chennai,"MA Chidambaram Stadium, Chepauk, Chennai",2021-04-25
1st innings,Delhi Capitals,Sunrisers Hyderabad,18.6,SPD Smith,SO Hetmyer,S Kaul,0,0,0,,SO Hetmyer,caught,KS Williamson,DC vs SH 2021-04-25,CB Gaffaney,KN Ananthapadmanabhan,PP Shaw,Delhi Capitals,Chennai,"MA Chidambaram Stadium, Chepauk, Chennai",2021-04-25
1st innings,Delhi Capitals,Sunrisers Hyderabad,19.1,SPD Smith,MP Stoinis,KK Ahmed,0,1,1,,,,,DC vs SH 2021-04-25,CB Gaffaney,KN Ananthapadmanabhan,PP Shaw,Delhi Capitals,Chennai,"MA Chidambaram Stadium, Chepauk, Chennai",2021-04-25
1st innings,Delhi Capitals,Sunrisers Hyderabad,19.2,MP Stoinis,SPD Smith,KK Ahmed,0,1,1,,,,,DC vs SH 2021-04-25,CB Gaffaney,KN Ananthapadmanabhan,PP Shaw,Delhi Capitals,Chennai,"MA Chidambaram Stadium, Chepauk, Chennai",2021-04-25
1st innings,Delhi Capitals,Sunrisers Hyderabad,19.3,SPD Smith,MP Stoinis,KK Ahmed,0,1,1,,,,,DC vs SH 2021-04-25,CB Gaffaney,KN Ananthapadmanabhan,PP Shaw,Delhi Capitals,Chennai,"MA Chidambaram Stadium, Chepauk, Chennai",2021-04-25
1st innings,Delhi Capitals,Sunrisers Hyderabad,19.4,MP Stoinis,SPD Smith,KK Ahmed,0,4,4,,,,,DC vs SH 2021-04-25,CB Gaffaney,KN Ananthapadmanabhan,PP Shaw,Delhi Capitals,Chennai,"MA Chidambaram Stadium, Chepauk, Chennai",2021-04-25
1st innings,Delhi Capitals,Sunrisers Hyderabad,19.5,MP Stoinis,SPD Smith,KK Ahmed,0,6,6,,,,,DC vs SH 2021-04-25,CB Gaffaney,KN Ananthapadmanabhan,PP Shaw,Delhi Capitals,Chennai,"MA Chidambaram Stadium, Chepauk, Chennai",2021-04-25
1st innings,Delhi Capitals,Sunrisers Hyderabad,19.6,MP Stoinis,SPD Smith,KK Ahmed,1,0,1,byes,,,,DC vs SH 2021-04-25,CB Gaffaney,KN Ananthapadmanabhan,PP Shaw,Delhi Capitals,Chennai,"MA Chidambaram Stadium, Chepauk, Chennai",2021-04-25
2nd innings,Sunrisers Hyderabad,Delhi Capitals,0.1,JM Bairstow,DA Warner,K Rabada,0,0,0,,,,,DC vs SH 2021-04-25,CB Gaffaney,KN Ananthapadmanabhan,PP Shaw,Delhi Capitals,Chennai,"MA Chidambaram Stadium, Chepauk, Chennai",2021-04-25
2nd innings,Sunrisers Hyderabad,Delhi Capitals,0.2,JM Bairstow,DA Warner,K Rabada,0,2,2,,,,,DC vs SH 2021-04-25,CB Gaffaney,KN Ananthapadmanabhan,PP Shaw,Delhi Capitals,Chennai,"MA Chidambaram Stadium, Chepauk, Chennai",2021-04-25
2nd innings,Sunrisers Hyderabad,Delhi Capitals,0.3,JM Bairstow,DA Warner,K Rabada,0,1,1,,,,,DC vs SH 2021-04-25,CB Gaffaney,KN Ananthapadmanabhan,PP Shaw,Delhi Capitals,Chennai,"MA Chidambaram Stadium, Chepauk, Chennai",2021-04-25
2nd innings,Sunrisers Hyderabad,Delhi Capitals,0.4,DA Warner,JM Bairstow,K Rabada,0,1,1,,,,,DC vs SH 2021-04-25,CB Gaffaney,KN Ananthapadmanabhan,PP Shaw,Delhi Capitals,Chennai,"MA Chidambaram Stadium, Chepauk, Chennai",2021-04-25
2nd innings,Sunrisers Hyderabad,Delhi Capitals,0.5,JM Bairstow,DA Warner,K Rabada,0,1,1,,,,,DC vs SH 2021-04-25,CB Gaffaney,KN Ananthapadmanabhan,PP Shaw,Delhi Capitals,Chennai,"MA Chidambaram Stadium, Chepauk, Chennai",2021-04-25
2nd innings,Sunrisers Hyderabad,Delhi Capitals,0.6,DA Warner,JM Bairstow,K Rabada,0,0,0,,,,,DC vs SH 2021-04-25,CB Gaffaney,KN Ananthapadmanabhan,PP Shaw,Delhi Capitals,Chennai,"MA Chidambaram Stadium, Chepauk, Chennai",2021-04-25
2nd innings,Sunrisers Hyderabad,Delhi Capitals,1.1,JM Bairstow,DA Warner,R Ashwin,0,0,0,,,,,DC vs SH 2021-04-25,CB Gaffaney,KN Ananthapadmanabhan,PP Shaw,Delhi Capitals,Chennai,"MA Chidambaram Stadium, Chepauk, Chennai",2021-04-25
2nd innings,Sunrisers Hyderabad,Delhi Capitals,1.2,JM Bairstow,DA Warner,R Ashwin,0,1,1,,,,,DC vs SH 2021-04-25,CB Gaffaney,KN Ananthapadmanabhan,PP Shaw,Delhi Capitals,Chennai,"MA Chidambaram Stadium, Chepauk, Chennai",2021-04-25
2nd innings,Sunrisers Hyderabad,Delhi Capitals,1.3,DA Warner,JM Bairstow,R Ashwin,0,0,0,,,,,DC vs SH 2021-04-25,CB Gaffaney,KN Ananthapadmanabhan,PP Shaw,Delhi Capitals,Chennai,"MA Chidambaram Stadium, Chepauk, Chennai",2021-04-25
2nd innings,Sunrisers Hyderabad,Delhi Capitals,1.4,DA Warner,JM Bairstow,R Ashwin,0,0,0,,,,,DC vs SH 2021-04-25,CB Gaffaney,KN Ananthapadmanabhan,PP Shaw,Delhi Capitals,Chennai,"MA Chidambaram Stadium, Chepauk, Chennai",2021-04-25
2nd innings,Sunrisers Hyderabad,Delhi Capitals,1.5,DA Warner,JM Bairstow,R Ashwin,0,4,4,,,,,DC vs SH 2021-04-25,CB Gaffaney,KN Ananthapadmanabhan,PP Shaw,Delhi Capitals,Chennai,"MA Chidambaram Stadium, Chepauk, Chennai",2021-04-25
2nd innings,Sunrisers Hyderabad,Delhi Capitals,1.6,DA Warner,JM Bairstow,R Ashwin,0,0,0,,,,,DC vs SH 2021-04-25,CB Gaffaney,KN Ananthapadmanabhan,PP Shaw,Delhi Capitals,Chennai,"MA Chidambaram Stadium, Chepauk, Chennai",2021-04-25
2nd innings,Sunrisers Hyderabad,Delhi Capitals,2.1,JM Bairstow,DA Warner,MP Stoinis,0,0,0,,,,,DC vs SH 2021-04-25,CB Gaffaney,KN Ananthapadmanabhan,PP Shaw,Delhi Capitals,Chennai,"MA Chidambaram Stadium, Chepauk, Chennai",2021-04-25
2nd innings,Sunrisers Hyderabad,Delhi Capitals,2.2,JM Bairstow,DA Warner,MP Stoinis,0,1,1,,,,,DC vs SH 2021-04-25,CB Gaffaney,KN Ananthapadmanabhan,PP Shaw,Delhi Capitals,Chennai,"MA Chidambaram Stadium, Chepauk, Chennai",2021-04-25
2nd innings,Sunrisers Hyderabad,Delhi Capitals,2.3,DA Warner,JM Bairstow,MP Stoinis,0,4,4,,,,,DC vs SH 2021-04-25,CB Gaffaney,KN Ananthapadmanabhan,PP Shaw,Delhi Capitals,Chennai,"MA Chidambaram Stadium, Chepauk, Chennai",2021-04-25
2nd innings,Sunrisers Hyderabad,Delhi Capitals,2.4,DA Warner,JM Bairstow,MP Stoinis,0,6,6,,,,,DC vs SH 2021-04-25,CB Gaffaney,KN Ananthapadmanabhan,PP Shaw,Delhi Capitals,Chennai,"MA Chidambaram Stadium, Chepauk, Chennai",2021-04-25
2nd innings,Sunrisers Hyderabad,Delhi Capitals,2.5,DA Warner,JM Bairstow,MP Stoinis,0,0,0,,,,,DC vs SH 2021-04-25,CB Gaffaney,KN Ananthapadmanabhan,PP Shaw,Delhi Capitals,Chennai,"MA Chidambaram Stadium, Chepauk, Chennai",2021-04-25
2nd innings,Sunrisers Hyderabad,Delhi Capitals,2.6,DA Warner,JM Bairstow,MP Stoinis,0,1,1,,,,,DC vs SH 2021-04-25,CB Gaffaney,KN Ananthapadmanabhan,PP Shaw,Delhi Capitals,Chennai,"MA Chidambaram Stadium, Chepauk, Chennai",2021-04-25
2nd innings,Sunrisers Hyderabad,Delhi Capitals,3.1,DA Warner,JM Bairstow,R Ashwin,0,6,6,,,,,DC vs SH 2021-04-25,CB Gaffaney,KN Ananthapadmanabhan,PP Shaw,Delhi Capitals,Chennai,"MA Chidambaram Stadium, Chepauk, Chennai",2021-04-25
2nd innings,Sunrisers Hyderabad,Delhi Capitals,3.2,DA Warner,JM Bairstow,R Ashwin,0,0,0,,DA Warner,run out,,DC vs SH 2021-04-25,CB Gaffaney,KN Ananthapadmanabhan,PP Shaw,Delhi Capitals,Chennai,"MA Chidambaram Stadium, Chepauk, Chennai",2021-04-25
2nd innings,Sunrisers Hyderabad,Delhi Capitals,3.3,JM Bairstow,KS Williamson,R Ashwin,0,4,4,,,,,DC vs SH 2021-04-25,CB Gaffaney,KN Ananthapadmanabhan,PP Shaw,Delhi Capitals,Chennai,"MA Chidambaram Stadium, Chepauk, Chennai",2021-04-25
2nd innings,Sunrisers Hyderabad,Delhi Capitals,3.4,JM Bairstow,KS Williamson,R Ashwin,1,0,1,wides,,,,DC vs SH 2021-04-25,CB Gaffaney,KN Ananthapadmanabhan,PP Shaw,Delhi Capitals,Chennai,"MA Chidambaram Stadium, Chepauk, Chennai",2021-04-25
2nd innings,Sunrisers Hyderabad,Delhi Capitals,3.5,JM Bairstow,KS Williamson,R Ashwin,0,0,0,,,,,DC vs SH 2021-04-25,CB Gaffaney,KN Ananthapadmanabhan,PP Shaw,Delhi Capitals,Chennai,"MA Chidambaram Stadium, Chepauk, Chennai",2021-04-25
2nd innings,Sunrisers Hyderabad,Delhi Capitals,3.6,JM Bairstow,KS Williamson,R Ashwin,0,1,1,,,,,DC vs SH 2021-04-25,CB Gaffaney,KN Ananthapadmanabhan,PP Shaw,Delhi Capitals,Chennai,"MA Chidambaram Stadium, Chepauk, Chennai",2021-04-25
2nd innings,Sunrisers Hyderabad,Delhi Capitals,3.7,KS Williamson,JM Bairstow,R Ashwin,0,0,0,,,,,DC vs SH 2021-04-25,CB Gaffaney,KN Ananthapadmanabhan,PP Shaw,Delhi Capitals,Chennai,"MA Chidambaram Stadium, Chepauk, Chennai",2021-04-25
2nd innings,Sunrisers Hyderabad,Delhi Capitals,4.1,JM Bairstow,KS Williamson,AR Patel,0,0,0,,,,,DC vs SH 2021-04-25,CB Gaffaney,KN Ananthapadmanabhan,PP Shaw,Delhi Capitals,Chennai,"MA Chidambaram Stadium, Chepauk, Chennai",2021-04-25
2nd innings,Sunrisers Hyderabad,Delhi Capitals,4.2,JM Bairstow,KS Williamson,AR Patel,0,0,0,,,,,DC vs SH 2021-04-25,CB Gaffaney,KN Ananthapadmanabhan,PP Shaw,Delhi Capitals,Chennai,"MA Chidambaram Stadium, Chepauk, Chennai",2021-04-25
2nd innings,Sunrisers Hyderabad,Delhi Capitals,4.3,JM Bairstow,KS Williamson,AR Patel,0,1,1,,,,,DC vs SH 2021-04-25,CB Gaffaney,KN Ananthapadmanabhan,PP Shaw,Delhi Capitals,Chennai,"MA Chidambaram Stadium, Chepauk, Chennai",2021-04-25
2nd innings,Sunrisers Hyderabad,Delhi Capitals,4.4,KS Williamson,JM Bairstow,AR Patel,0,4,4,,,,,DC vs SH 2021-04-25,CB Gaffaney,KN Ananthapadmanabhan,PP Shaw,Delhi Capitals,Chennai,"MA Chidambaram Stadium, Chepauk, Chennai",2021-04-25
2nd innings,Sunrisers Hyderabad,Delhi Capitals,4.5,KS Williamson,JM Bairstow,AR Patel,0,6,6,,,,,DC vs SH 2021-04-25,CB Gaffaney,KN Ananthapadmanabhan,PP Shaw,Delhi Capitals,Chennai,"MA Chidambaram Stadium, Chepauk, Chennai",2021-04-25
2nd innings,Sunrisers Hyderabad,Delhi Capitals,4.6,KS Williamson,JM Bairstow,AR Patel,0,0,0,,,,,DC vs SH 2021-04-25,CB Gaffaney,KN Ananthapadmanabhan,PP Shaw,Delhi Capitals,Chennai,"MA Chidambaram Stadium, Chepauk, Chennai",2021-04-25
2nd innings,Sunrisers Hyderabad,Delhi Capitals,5.1,JM Bairstow,KS Williamson,Avesh Khan,0,4,4,,,,,DC vs SH 2021-04-25,CB Gaffaney,KN Ananthapadmanabhan,PP Shaw,Delhi Capitals,Chennai,"MA Chidambaram Stadium, Chepauk, Chennai",2021-04-25
2nd innings,Sunrisers Hyderabad,Delhi Capitals,5.2,JM Bairstow,KS Williamson,Avesh Khan,0,1,1,,,,,DC vs SH 2021-04-25,CB Gaffaney,KN Ananthapadmanabhan,PP Shaw,Delhi Capitals,Chennai,"MA Chidambaram Stadium, Chepauk, Chennai",2021-04-25
2nd innings,Sunrisers Hyderabad,Delhi Capitals,5.3,KS Williamson,JM Bairstow,Avesh Khan,0,6,6,,,,,DC vs SH 2021-04-25,CB Gaffaney,KN Ananthapadmanabhan,PP Shaw,Delhi Capitals,Chennai,"MA Chidambaram Stadium, Chepauk, Chennai",2021-04-25
2nd innings,Sunrisers Hyderabad,Delhi Capitals,5.4,KS Williamson,JM Bairstow,Avesh Khan,0,0,0,,JM Bairstow,caught,S Dhawan,DC vs SH 2021-04-25,CB Gaffaney,KN Ananthapadmanabhan,PP Shaw,Delhi Capitals,Chennai,"MA Chidambaram Stadium, Chepauk, Chennai",2021-04-25
2nd innings,Sunrisers Hyderabad,Delhi Capitals,5.5,KS Williamson,Virat Singh,Avesh Khan,0,0,0,,,,,DC vs SH 2021-04-25,CB Gaffaney,KN Ananthapadmanabhan,PP Shaw,Delhi Capitals,Chennai,"MA Chidambaram Stadium, Chepauk, Chennai",2021-04-25
2nd innings,Sunrisers Hyderabad,Delhi Capitals,5.6,KS Williamson,Virat Singh,Avesh Khan,0,0,0,,,,,DC vs SH 2021-04-25,CB Gaffaney,KN Ananthapadmanabhan,PP Shaw,Delhi Capitals,Chennai,"MA Chidambaram Stadium, Chepauk, Chennai",2021-04-25
2nd innings,Sunrisers Hyderabad,Delhi Capitals,6.1,Virat Singh,KS Williamson,A Mishra,0,2,2,,,,,DC vs SH 2021-04-25,CB Gaffaney,KN Ananthapadmanabhan,PP Shaw,Delhi Capitals,Chennai,"MA Chidambaram Stadium, Chepauk, Chennai",2021-04-25
2nd innings,Sunrisers Hyderabad,Delhi Capitals,6.2,Virat Singh,KS Williamson,A Mishra,0,0,0,,,,,DC vs SH 2021-04-25,CB Gaffaney,KN Ananthapadmanabhan,PP Shaw,Delhi Capitals,Chennai,"MA Chidambaram Stadium, Chepauk, Chennai",2021-04-25
2nd innings,Sunrisers Hyderabad,Delhi Capitals,6.3,Virat Singh,KS Williamson,A Mishra,0,0,0,,,,,DC vs SH 2021-04-25,CB Gaffaney,KN Ananthapadmanabhan,PP Shaw,Delhi Capitals,Chennai,"MA Chidambaram Stadium, Chepauk, Chennai",2021-04-25
2nd innings,Sunrisers Hyderabad,Delhi Capitals,6.4,Virat Singh,KS Williamson,A Mishra,0,2,2,,,,,DC vs SH 2021-04-25,CB Gaffaney,KN Ananthapadmanabhan,PP Shaw,Delhi Capitals,Chennai,"MA Chidambaram Stadium, Chepauk, Chennai",2021-04-25
2nd innings,Sunrisers Hyderabad,Delhi Capitals,6.5,Virat Singh,KS Williamson,A Mishra,0,1,1,,,,,DC vs SH 2021-04-25,CB Gaffaney,KN Ananthapadmanabhan,PP Shaw,Delhi Capitals,Chennai,"MA Chidambaram Stadium, Chepauk, Chennai",2021-04-25
2nd innings,Sunrisers Hyderabad,Delhi Capitals,6.6,KS Williamson,Virat Singh,A Mishra,0,1,1,,,,,DC vs SH 2021-04-25,CB Gaffaney,KN Ananthapadmanabhan,PP Shaw,Delhi Capitals,Chennai,"MA Chidambaram Stadium, Chepauk, Chennai",2021-04-25
2nd innings,Sunrisers Hyderabad,Delhi Capitals,7.1,KS Williamson,Virat Singh,R Ashwin,0,0,0,,,,,DC vs SH 2021-04-25,CB Gaffaney,KN Ananthapadmanabhan,PP Shaw,Delhi Capitals,Chennai,"MA Chidambaram Stadium, Chepauk, Chennai",2021-04-25
2nd innings,Sunrisers Hyderabad,Delhi Capitals,7.2,KS Williamson,Virat Singh,R Ashwin,0,0,0,,,,,DC vs SH 2021-04-25,CB Gaffaney,KN Ananthapadmanabhan,PP Shaw,Delhi Capitals,Chennai,"MA Chidambaram Stadium, Chepauk, Chennai",2021-04-25
2nd innings,Sunrisers Hyderabad,Delhi Capitals,7.3,KS Williamson,Virat Singh,R Ashwin,0,1,1,,,,,DC vs SH 2021-04-25,CB Gaffaney,KN Ananthapadmanabhan,PP Shaw,Delhi Capitals,Chennai,"MA Chidambaram Stadium, Chepauk, Chennai",2021-04-25
2nd innings,Sunrisers Hyderabad,Delhi Capitals,7.4,Virat Singh,KS Williamson,R Ashwin,0,0,0,,,,,DC vs SH 2021-04-25,CB Gaffaney,KN Ananthapadmanabhan,PP Shaw,Delhi Capitals,Chennai,"MA Chidambaram Stadium, Chepauk, Chennai",2021-04-25
2nd innings,Sunrisers Hyderabad,Delhi Capitals,7.5,Virat Singh,KS Williamson,R Ashwin,0,1,1,,,,,DC vs SH 2021-04-25,CB Gaffaney,KN Ananthapadmanabhan,PP Shaw,Delhi Capitals,Chennai,"MA Chidambaram Stadium, Chepauk, Chennai",2021-04-25
2nd innings,Sunrisers Hyderabad,Delhi Capitals,7.6,KS Williamson,Virat Singh,R Ashwin,0,0,0,,,,,DC vs SH 2021-04-25,CB Gaffaney,KN Ananthapadmanabhan,PP Shaw,Delhi Capitals,Chennai,"MA Chidambaram Stadium, Chepauk, Chennai",2021-04-25
2nd innings,Sunrisers Hyderabad,Delhi Capitals,8.1,Virat Singh,KS Williamson,A Mishra,0,0,0,,,,,DC vs SH 2021-04-25,CB Gaffaney,KN Ananthapadmanabhan,PP Shaw,Delhi Capitals,Chennai,"MA Chidambaram Stadium, Chepauk, Chennai",2021-04-25
2nd innings,Sunrisers Hyderabad,Delhi Capitals,8.2,Virat Singh,KS Williamson,A Mishra,0,0,0,,,,,DC vs SH 2021-04-25,CB Gaffaney,KN Ananthapadmanabhan,PP Shaw,Delhi Capitals,Chennai,"MA Chidambaram Stadium, Chepauk, Chennai",2021-04-25
2nd innings,Sunrisers Hyderabad,Delhi Capitals,8.3,Virat Singh,KS Williamson,A Mishra,0,4,4,,,,,DC vs SH 2021-04-25,CB Gaffaney,KN Ananthapadmanabhan,PP Shaw,Delhi Capitals,Chennai,"MA Chidambaram Stadium, Chepauk, Chennai",2021-04-25
2nd innings,Sunrisers Hyderabad,Delhi Capitals,8.4,Virat Singh,KS Williamson,A Mishra,0,4,4,,,,,DC vs SH 2021-04-25,CB Gaffaney,KN Ananthapadmanabhan,PP Shaw,Delhi Capitals,Chennai,"MA Chidambaram Stadium, Chepauk, Chennai",2021-04-25
2nd innings,Sunrisers Hyderabad,Delhi Capitals,8.5,Virat Singh,KS Williamson,A Mishra,0,0,0,,,,,DC vs SH 2021-04-25,CB Gaffaney,KN Ananthapadmanabhan,PP Shaw,Delhi Capitals,Chennai,"MA Chidambaram Stadium, Chepauk, Chennai",2021-04-25
2nd innings,Sunrisers Hyderabad,Delhi Capitals,8.6,Virat Singh,KS Williamson,A Mishra,0,0,0,,,,,DC vs SH 2021-04-25,CB Gaffaney,KN Ananthapadmanabhan,PP Shaw,Delhi Capitals,Chennai,"MA Chidambaram Stadium, Chepauk, Chennai",2021-04-25
2nd innings,Sunrisers Hyderabad,Delhi Capitals,9.1,KS Williamson,Virat Singh,R Ashwin,0,1,1,,,,,DC vs SH 2021-04-25,CB Gaffaney,KN Ananthapadmanabhan,PP Shaw,Delhi Capitals,Chennai,"MA Chidambaram Stadium, Chepauk, Chennai",2021-04-25
2nd innings,Sunrisers Hyderabad,Delhi Capitals,9.2,Virat Singh,KS Williamson,R Ashwin,0,1,1,,,,,DC vs SH 2021-04-25,CB Gaffaney,KN Ananthapadmanabhan,PP Shaw,Delhi Capitals,Chennai,"MA Chidambaram Stadium, Chepauk, Chennai",2021-04-25
2nd innings,Sunrisers Hyderabad,Delhi Capitals,9.3,KS Williamson,Virat Singh,R Ashwin,0,1,1,,,,,DC vs SH 2021-04-25,CB Gaffaney,KN Ananthapadmanabhan,PP Shaw,Delhi Capitals,Chennai,"MA Chidambaram Stadium, Chepauk, Chennai",2021-04-25
2nd innings,Sunrisers Hyderabad,Delhi Capitals,9.4,Virat Singh,KS Williamson,R Ashwin,0,4,4,,,,,DC vs SH 2021-04-25,CB Gaffaney,KN Ananthapadmanabhan,PP Shaw,Delhi Capitals,Chennai,"MA Chidambaram Stadium, Chepauk, Chennai",2021-04-25
2nd innings,Sunrisers Hyderabad,Delhi Capitals,9.5,Virat Singh,KS Williamson,R Ashwin,0,1,1,,,,,DC vs SH 2021-04-25,CB Gaffaney,KN Ananthapadmanabhan,PP Shaw,Delhi Capitals,Chennai,"MA Chidambaram Stadium, Chepauk, Chennai",2021-04-25
2nd innings,Sunrisers Hyderabad,Delhi Capitals,9.6,KS Williamson,Virat Singh,R Ashwin,0,0,0,,,,,DC vs SH 2021-04-25,CB Gaffaney,KN Ananthapadmanabhan,PP Shaw,Delhi Capitals,Chennai,"MA Chidambaram Stadium, Chepauk, Chennai",2021-04-25
2nd innings,Sunrisers Hyderabad,Delhi Capitals,10.1,Virat Singh,KS Williamson,AR Patel,0,0,0,,,,,DC vs SH 2021-04-25,CB Gaffaney,KN Ananthapadmanabhan,PP Shaw,Delhi Capitals,Chennai,"MA Chidambaram Stadium, Chepauk, Chennai",2021-04-25
2nd innings,Sunrisers Hyderabad,Delhi Capitals,10.2,Virat Singh,KS Williamson,AR Patel,0,2,2,,,,,DC vs SH 2021-04-25,CB Gaffaney,KN Ananthapadmanabhan,PP Shaw,Delhi Capitals,Chennai,"MA Chidambaram Stadium, Chepauk, Chennai",2021-04-25
2nd innings,Sunrisers Hyderabad,Delhi Capitals,10.3,Virat Singh,KS Williamson,AR Patel,0,0,0,,,,,DC vs SH 2021-04-25,CB Gaffaney,KN Ananthapadmanabhan,PP Shaw,Delhi Capitals,Chennai,"MA Chidambaram Stadium, Chepauk, Chennai",2021-04-25
2nd innings,Sunrisers Hyderabad,Delhi Capitals,10.4,Virat Singh,KS Williamson,AR Patel,0,1,1,,,,,DC vs SH 2021-04-25,CB Gaffaney,KN Ananthapadmanabhan,PP Shaw,Delhi Capitals,Chennai,"MA Chidambaram Stadium, Chepauk, Chennai",2021-04-25
2nd innings,Sunrisers Hyderabad,Delhi Capitals,10.5,KS Williamson,Virat Singh,AR Patel,0,0,0,,,,,DC vs SH 2021-04-25,CB Gaffaney,KN Ananthapadmanabhan,PP Shaw,Delhi Capitals,Chennai,"MA Chidambaram Stadium, Chepauk, Chennai",2021-04-25
2nd innings,Sunrisers Hyderabad,Delhi Capitals,10.6,KS Williamson,Virat Singh,AR Patel,1,0,1,legbyes,,,,DC vs SH 2021-04-25,CB Gaffaney,KN Ananthapadmanabhan,PP Shaw,Delhi Capitals,Chennai,"MA Chidambaram Stadium, Chepauk, Chennai",2021-04-25
2nd innings,Sunrisers Hyderabad,Delhi Capitals,11.1,KS Williamson,Virat Singh,Avesh Khan,0,0,0,,,,,DC vs SH 2021-04-25,CB Gaffaney,KN Ananthapadmanabhan,PP Shaw,Delhi Capitals,Chennai,"MA Chidambaram Stadium, Chepauk, Chennai",2021-04-25
2nd innings,Sunrisers Hyderabad,Delhi Capitals,11.2,KS Williamson,Virat Singh,Avesh Khan,0,0,0,,Virat Singh,caught,MP Stoinis,DC vs SH 2021-04-25,CB Gaffaney,KN Ananthapadmanabhan,PP Shaw,Delhi Capitals,Chennai,"MA Chidambaram Stadium, Chepauk, Chennai",2021-04-25
2nd innings,Sunrisers Hyderabad,Delhi Capitals,11.3,KS Williamson,KM Jadhav,Avesh Khan,0,0,0,,,,,DC vs SH 2021-04-25,CB Gaffaney,KN Ananthapadmanabhan,PP Shaw,Delhi Capitals,Chennai,"MA Chidambaram Stadium, Chepauk, Chennai",2021-04-25
2nd innings,Sunrisers Hyderabad,Delhi Capitals,11.4,KS Williamson,KM Jadhav,Avesh Khan,0,1,1,,,,,DC vs SH 2021-04-25,CB Gaffaney,KN Ananthapadmanabhan,PP Shaw,Delhi Capitals,Chennai,"MA Chidambaram Stadium, Chepauk, Chennai",2021-04-25
2nd innings,Sunrisers Hyderabad,Delhi Capitals,11.5,KM Jadhav,KS Williamson,Avesh Khan,0,1,1,,,,,DC vs SH 2021-04-25,CB Gaffaney,KN Ananthapadmanabhan,PP Shaw,Delhi Capitals,Chennai,"MA Chidambaram Stadium, Chepauk, Chennai",2021-04-25
2nd innings,Sunrisers Hyderabad,Delhi Capitals,11.6,KS Williamson,KM Jadhav,Avesh Khan,1,0,1,wides,,,,DC vs SH 2021-04-25,CB Gaffaney,KN Ananthapadmanabhan,PP Shaw,Delhi Capitals,Chennai,"MA Chidambaram Stadium, Chepauk, Chennai",2021-04-25
2nd innings,Sunrisers Hyderabad,Delhi Capitals,11.7,KS Williamson,KM Jadhav,Avesh Khan,0,1,1,,,,,DC vs SH 2021-04-25,CB Gaffaney,KN Ananthapadmanabhan,PP Shaw,Delhi Capitals,Chennai,"MA Chidambaram Stadium, Chepauk, Chennai",2021-04-25
2nd innings,Sunrisers Hyderabad,Delhi Capitals,12.1,KS Williamson,KM Jadhav,AR Patel,0,4,4,,,,,DC vs SH 2021-04-25,CB Gaffaney,KN Ananthapadmanabhan,PP Shaw,Delhi Capitals,Chennai,"MA Chidambaram Stadium, Chepauk, Chennai",2021-04-25
2nd innings,Sunrisers Hyderabad,Delhi Capitals,12.2,KS Williamson,KM Jadhav,AR Patel,0,1,1,,,,,DC vs SH 2021-04-25,CB Gaffaney,KN Ananthapadmanabhan,PP Shaw,Delhi Capitals,Chennai,"MA Chidambaram Stadium, Chepauk, Chennai",2021-04-25
2nd innings,Sunrisers Hyderabad,Delhi Capitals,12.3,KM Jadhav,KS Williamson,AR Patel,0,0,0,,,,,DC vs SH 2021-04-25,CB Gaffaney,KN Ananthapadmanabhan,PP Shaw,Delhi Capitals,Chennai,"MA Chidambaram Stadium, Chepauk, Chennai",2021-04-25
2nd innings,Sunrisers Hyderabad,Delhi Capitals,12.4,KM Jadhav,KS Williamson,AR Patel,0,1,1,,,,,DC vs SH 2021-04-25,CB Gaffaney,KN Ananthapadmanabhan,PP Shaw,Delhi Capitals,Chennai,"MA Chidambaram Stadium, Chepauk, Chennai",2021-04-25
2nd innings,Sunrisers Hyderabad,Delhi Capitals,12.5,KS Williamson,KM Jadhav,AR Patel,0,1,1,,,,,DC vs SH 2021-04-25,CB Gaffaney,KN Ananthapadmanabhan,PP Shaw,Delhi Capitals,Chennai,"MA Chidambaram Stadium, Chepauk, Chennai",2021-04-25
2nd innings,Sunrisers Hyderabad,Delhi Capitals,12.6,KM Jadhav,KS Williamson,AR Patel,0,1,1,,,,,DC vs SH 2021-04-25,CB Gaffaney,KN Ananthapadmanabhan,PP Shaw,Delhi Capitals,Chennai,"MA Chidambaram Stadium, Chepauk, Chennai",2021-04-25
2nd innings,Sunrisers Hyderabad,Delhi Capitals,13.1,KM Jadhav,KS Williamson,K Rabada,0,1,1,,,,,DC vs SH 2021-04-25,CB Gaffaney,KN Ananthapadmanabhan,PP Shaw,Delhi Capitals,Chennai,"MA Chidambaram Stadium, Chepauk, Chennai",2021-04-25
2nd innings,Sunrisers Hyderabad,Delhi Capitals,13.2,KS Williamson,KM Jadhav,K Rabada,0,1,1,,,,,DC vs SH 2021-04-25,CB Gaffaney,KN Ananthapadmanabhan,PP Shaw,Delhi Capitals,Chennai,"MA Chidambaram Stadium, Chepauk, Chennai",2021-04-25
2nd innings,Sunrisers Hyderabad,Delhi Capitals,13.3,KM Jadhav,KS Williamson,K Rabada,0,2,2,,,,,DC vs SH 2021-04-25,CB Gaffaney,KN Ananthapadmanabhan,PP Shaw,Delhi Capitals,Chennai,"MA Chidambaram Stadium, Chepauk, Chennai",2021-04-25
2nd innings,Sunrisers Hyderabad,Delhi Capitals,13.4,KM Jadhav,KS Williamson,K Rabada,0,0,0,,,,,DC vs SH 2021-04-25,CB Gaffaney,KN Ananthapadmanabhan,PP Shaw,Delhi Capitals,Chennai,"MA Chidambaram Stadium, Chepauk, Chennai",2021-04-25
2nd innings,Sunrisers Hyderabad,Delhi Capitals,13.5,KM Jadhav,KS Williamson,K Rabada,0,0,0,,,,,DC vs SH 2021-04-25,CB Gaffaney,KN Ananthapadmanabhan,PP Shaw,Delhi Capitals,Chennai,"MA Chidambaram Stadium, Chepauk, Chennai",2021-04-25
2nd innings,Sunrisers Hyderabad,Delhi Capitals,13.6,KM Jadhav,KS Williamson,K Rabada,0,4,4,,,,,DC vs SH 2021-04-25,CB Gaffaney,KN Ananthapadmanabhan,PP Shaw,Delhi Capitals,Chennai,"MA Chidambaram Stadium, Chepauk, Chennai",2021-04-25
2nd innings,Sunrisers Hyderabad,Delhi Capitals,14.1,KS Williamson,KM Jadhav,A Mishra,0,0,0,,,,,DC vs SH 2021-04-25,CB Gaffaney,KN Ananthapadmanabhan,PP Shaw,Delhi Capitals,Chennai,"MA Chidambaram Stadium, Chepauk, Chennai",2021-04-25
2nd innings,Sunrisers Hyderabad,Delhi Capitals,14.2,KS Williamson,KM Jadhav,A Mishra,0,0,0,,KM Jadhav,stumped,RR Pant,DC vs SH 2021-04-25,CB Gaffaney,KN Ananthapadmanabhan,PP Shaw,Delhi Capitals,Chennai,"MA Chidambaram Stadium, Chepauk, Chennai",2021-04-25
2nd innings,Sunrisers Hyderabad,Delhi Capitals,14.3,KS Williamson,Abhishek Sharma,A Mishra,0,1,1,,,,,DC vs SH 2021-04-25,CB Gaffaney,KN Ananthapadmanabhan,PP Shaw,Delhi Capitals,Chennai,"MA Chidambaram Stadium, Chepauk, Chennai",2021-04-25
2nd innings,Sunrisers Hyderabad,Delhi Capitals,14.4,Abhishek Sharma,KS Williamson,A Mishra,0,2,2,,,,,DC vs SH 2021-04-25,CB Gaffaney,KN Ananthapadmanabhan,PP Shaw,Delhi Capitals,Chennai,"MA Chidambaram Stadium, Chepauk, Chennai",2021-04-25
2nd innings,Sunrisers Hyderabad,Delhi Capitals,14.5,Abhishek Sharma,KS Williamson,A Mishra,0,1,1,,,,,DC vs SH 2021-04-25,CB Gaffaney,KN Ananthapadmanabhan,PP Shaw,Delhi Capitals,Chennai,"MA Chidambaram Stadium, Chepauk, Chennai",2021-04-25
2nd innings,Sunrisers Hyderabad,Delhi Capitals,14.6,KS Williamson,Abhishek Sharma,A Mishra,0,2,2,,,,,DC vs SH 2021-04-25,CB Gaffaney,KN Ananthapadmanabhan,PP Shaw,Delhi Capitals,Chennai,"MA Chidambaram Stadium, Chepauk, Chennai",2021-04-25
2nd innings,Sunrisers Hyderabad,Delhi Capitals,15.1,Abhishek Sharma,KS Williamson,Avesh Khan,0,1,1,,,,,DC vs SH 2021-04-25,CB Gaffaney,KN Ananthapadmanabhan,PP Shaw,Delhi Capitals,Chennai,"MA Chidambaram Stadium, Chepauk, Chennai",2021-04-25
2nd innings,Sunrisers Hyderabad,Delhi Capitals,15.2,KS Williamson,Abhishek Sharma,Avesh Khan,0,0,0,,,,,DC vs SH 2021-04-25,CB Gaffaney,KN Ananthapadmanabhan,PP Shaw,Delhi Capitals,Chennai,"MA Chidambaram Stadium, Chepauk, Chennai",2021-04-25
2nd innings,Sunrisers Hyderabad,Delhi Capitals,15.3,KS Williamson,Abhishek Sharma,Avesh Khan,1,0,1,wides,,,,DC vs SH 2021-04-25,CB Gaffaney,KN Ananthapadmanabhan,PP Shaw,Delhi Capitals,Chennai,"MA Chidambaram Stadium, Chepauk, Chennai",2021-04-25
2nd innings,Sunrisers Hyderabad,Delhi Capitals,15.4,KS Williamson,Abhishek Sharma,Avesh Khan,0,1,1,,,,,DC vs SH 2021-04-25,CB Gaffaney,KN Ananthapadmanabhan,PP Shaw,Delhi Capitals,Chennai,"MA Chidambaram Stadium, Chepauk, Chennai",2021-04-25
2nd innings,Sunrisers Hyderabad,Delhi Capitals,15.5,Abhishek Sharma,KS Williamson,Avesh Khan,0,1,1,,,,,DC vs SH 2021-04-25,CB Gaffaney,KN Ananthapadmanabhan,PP Shaw,Delhi Capitals,Chennai,"MA Chidambaram Stadium, Chepauk, Chennai",2021-04-25
2nd innings,Sunrisers Hyderabad,Delhi Capitals,15.6,KS Williamson,Abhishek Sharma,Avesh Khan,0,1,1,,,,,DC vs SH 2021-04-25,CB Gaffaney,KN Ananthapadmanabhan,PP Shaw,Delhi Capitals,Chennai,"MA Chidambaram Stadium, Chepauk, Chennai",2021-04-25
2nd innings,Sunrisers Hyderabad,Delhi Capitals,15.7,Abhishek Sharma,KS Williamson,Avesh Khan,0,2,2,,,,,DC vs SH 2021-04-25,CB Gaffaney,KN Ananthapadmanabhan,PP Shaw,Delhi Capitals,Chennai,"MA Chidambaram Stadium, Chepauk, Chennai",2021-04-25
2nd innings,Sunrisers Hyderabad,Delhi Capitals,16.1,KS Williamson,Abhishek Sharma,AR Patel,0,0,0,,Abhishek Sharma,lbw,,DC vs SH 2021-04-25,CB Gaffaney,KN Ananthapadmanabhan,PP Shaw,Delhi Capitals,Chennai,"MA Chidambaram Stadium, Chepauk, Chennai",2021-04-25
2nd innings,Sunrisers Hyderabad,Delhi Capitals,16.2,KS Williamson,Rashid Khan,AR Patel,0,0,0,,Rashid Khan,lbw,,DC vs SH 2021-04-25,CB Gaffaney,KN Ananthapadmanabhan,PP Shaw,Delhi Capitals,Chennai,"MA Chidambaram Stadium, Chepauk, Chennai",2021-04-25
2nd innings,Sunrisers Hyderabad,Delhi Capitals,16.3,KS Williamson,V Shankar,AR Patel,0,0,0,,,,,DC vs SH 2021-04-25,CB Gaffaney,KN Ananthapadmanabhan,PP Shaw,Delhi Capitals,Chennai,"MA Chidambaram Stadium, Chepauk, Chennai",2021-04-25
2nd innings,Sunrisers Hyderabad,Delhi Capitals,16.4,KS Williamson,V Shankar,AR Patel,0,2,2,,,,,DC vs SH 2021-04-25,CB Gaffaney,KN Ananthapadmanabhan,PP Shaw,Delhi Capitals,Chennai,"MA Chidambaram Stadium, Chepauk, Chennai",2021-04-25
2nd innings,Sunrisers Hyderabad,Delhi Capitals,16.5,KS Williamson,V Shankar,AR Patel,0,1,1,,,,,DC vs SH 2021-04-25,CB Gaffaney,KN Ananthapadmanabhan,PP Shaw,Delhi Capitals,Chennai,"MA Chidambaram Stadium, Chepauk, Chennai",2021-04-25
2nd innings,Sunrisers Hyderabad,Delhi Capitals,16.6,V Shankar,KS Williamson,AR Patel,0,1,1,,,,,DC vs SH 2021-04-25,CB Gaffaney,KN Ananthapadmanabhan,PP Shaw,Delhi Capitals,Chennai,"MA Chidambaram Stadium, Chepauk, Chennai",2021-04-25
2nd innings,Sunrisers Hyderabad,Delhi Capitals,17.1,V Shankar,KS Williamson,A Mishra,0,4,4,,,,,DC vs SH 2021-04-25,CB Gaffaney,KN Ananthapadmanabhan,PP Shaw,Delhi Capitals,Chennai,"MA Chidambaram Stadium, Chepauk, Chennai",2021-04-25
2nd innings,Sunrisers Hyderabad,Delhi Capitals,17.2,V Shankar,KS Williamson,A Mishra,0,1,1,,,,,DC vs SH 2021-04-25,CB Gaffaney,KN Ananthapadmanabhan,PP Shaw,Delhi Capitals,Chennai,"MA Chidambaram Stadium, Chepauk, Chennai",2021-04-25
2nd innings,Sunrisers Hyderabad,Delhi Capitals,17.3,KS Williamson,V Shankar,A Mishra,0,1,1,,,,,DC vs SH 2021-04-25,CB Gaffaney,KN Ananthapadmanabhan,PP Shaw,Delhi Capitals,Chennai,"MA Chidambaram Stadium, Chepauk, Chennai",2021-04-25
2nd innings,Sunrisers Hyderabad,Delhi Capitals,17.4,V Shankar,KS Williamson,A Mishra,0,2,2,,,,,DC vs SH 2021-04-25,CB Gaffaney,KN Ananthapadmanabhan,PP Shaw,Delhi Capitals,Chennai,"MA Chidambaram Stadium, Chepauk, Chennai",2021-04-25
2nd innings,Sunrisers Hyderabad,Delhi Capitals,17.5,V Shankar,KS Williamson,A Mishra,0,1,1,,,,,DC vs SH 2021-04-25,CB Gaffaney,KN Ananthapadmanabhan,PP Shaw,Delhi Capitals,Chennai,"MA Chidambaram Stadium, Chepauk, Chennai",2021-04-25
2nd innings,Sunrisers Hyderabad,Delhi Capitals,17.6,KS Williamson,V Shankar,A Mishra,0,2,2,,,,,DC vs SH 2021-04-25,CB Gaffaney,KN Ananthapadmanabhan,PP Shaw,Delhi Capitals,Chennai,"MA Chidambaram Stadium, Chepauk, Chennai",2021-04-25
2nd innings,Sunrisers Hyderabad,Delhi Capitals,18.1,V Shankar,KS Williamson,Avesh Khan,1,0,1,wides,,,,DC vs SH 2021-04-25,CB Gaffaney,KN Ananthapadmanabhan,PP Shaw,Delhi Capitals,Chennai,"MA Chidambaram Stadium, Chepauk, Chennai",2021-04-25
2nd innings,Sunrisers Hyderabad,Delhi Capitals,18.2,V Shankar,KS Williamson,Avesh Khan,0,1,1,,,,,DC vs SH 2021-04-25,CB Gaffaney,KN Ananthapadmanabhan,PP Shaw,Delhi Capitals,Chennai,"MA Chidambaram Stadium, Chepauk, Chennai",2021-04-25
2nd innings,Sunrisers Hyderabad,Delhi Capitals,18.3,KS Williamson,V Shankar,Avesh Khan,0,2,2,,,,,DC vs SH 2021-04-25,CB Gaffaney,KN Ananthapadmanabhan,PP Shaw,Delhi Capitals,Chennai,"MA Chidambaram Stadium, Chepauk, Chennai",2021-04-25
2nd innings,Sunrisers Hyderabad,Delhi Capitals,18.4,KS Williamson,V Shankar,Avesh Khan,0,0,0,,V Shankar,bowled,,DC vs SH 2021-04-25,CB Gaffaney,KN Ananthapadmanabhan,PP Shaw,Delhi Capitals,Chennai,"MA Chidambaram Stadium, Chepauk, Chennai",2021-04-25
2nd innings,Sunrisers Hyderabad,Delhi Capitals,18.5,KS Williamson,J Suchith,Avesh Khan,0,4,4,,,,,DC vs SH 2021-04-25,CB Gaffaney,KN Ananthapadmanabhan,PP Shaw,Delhi Capitals,Chennai,"MA Chidambaram Stadium, Chepauk, Chennai",2021-04-25
2nd innings,Sunrisers Hyderabad,Delhi Capitals,18.6,KS Williamson,J Suchith,Avesh Khan,0,0,0,,,,,DC vs SH 2021-04-25,CB Gaffaney,KN Ananthapadmanabhan,PP Shaw,Delhi Capitals,Chennai,"MA Chidambaram Stadium, Chepauk, Chennai",2021-04-25
2nd innings,Sunrisers Hyderabad,Delhi Capitals,18.7,KS Williamson,J Suchith,Avesh Khan,0,4,4,,,,,DC vs SH 2021-04-25,CB Gaffaney,KN Ananthapadmanabhan,PP Shaw,Delhi Capitals,Chennai,"MA Chidambaram Stadium, Chepauk, Chennai",2021-04-25
2nd innings,Sunrisers Hyderabad,Delhi Capitals,19.1,J Suchith,KS Williamson,K Rabada,1,0,1,wides,,,,DC vs SH 2021-04-25,CB Gaffaney,KN Ananthapadmanabhan,PP Shaw,Delhi Capitals,Chennai,"MA Chidambaram Stadium, Chepauk, Chennai",2021-04-25
2nd innings,Sunrisers Hyderabad,Delhi Capitals,19.2,J Suchith,KS Williamson,K Rabada,0,4,4,,,,,DC vs SH 2021-04-25,CB Gaffaney,KN Ananthapadmanabhan,PP Shaw,Delhi Capitals,Chennai,"MA Chidambaram Stadium, Chepauk, Chennai",2021-04-25
2nd innings,Sunrisers Hyderabad,Delhi Capitals,19.3,J Suchith,KS Williamson,K Rabada,1,0,1,byes,,,,DC vs SH 2021-04-25,CB Gaffaney,KN Ananthapadmanabhan,PP Shaw,Delhi Capitals,Chennai,"MA Chidambaram Stadium, Chepauk, Chennai",2021-04-25
2nd innings,Sunrisers Hyderabad,Delhi Capitals,19.4,KS Williamson,J Suchith,K Rabada,0,6,6,,,,,DC vs SH 2021-04-25,CB Gaffaney,KN Ananthapadmanabhan,PP Shaw,Delhi Capitals,Chennai,"MA Chidambaram Stadium, Chepauk, Chennai",2021-04-25
2nd innings,Sunrisers Hyderabad,Delhi Capitals,19.5,KS Williamson,J Suchith,K Rabada,1,0,1,byes,,,,DC vs SH 2021-04-25,CB Gaffaney,KN Ananthapadmanabhan,PP Shaw,Delhi Capitals,Chennai,"MA Chidambaram Stadium, Chepauk, Chennai",2021-04-25
2nd innings,Sunrisers Hyderabad,Delhi Capitals,19.6,J Suchith,KS Williamson,K Rabada,0,1,1,,,,,DC vs SH 2021-04-25,CB Gaffaney,KN Ananthapadmanabhan,PP Shaw,Delhi Capitals,Chennai,"MA Chidambaram Stadium, Chepauk, Chennai",2021-04-25
2nd innings,Sunrisers Hyderabad,Delhi Capitals,19.7,KS Williamson,J Suchith,K Rabada,1,0,1,legbyes,,,,DC vs SH 2021-04-25,CB Gaffaney,KN Ananthapadmanabhan,PP Shaw,Delhi Capitals,Chennai,"MA Chidambaram Stadium, Chepauk, Chennai",2021-04-25
