inning,batting_team,bowling_team,ball,non_striker,batsman,bowler,extra_runs,batsman_run,total_runs,extras,player_out,elimination_kind,fielders_caught,match_name,umpires_1,umpires_2,player_of_match,winner,city,venue,dates
1st innings,Kolkata Knight Riders,Delhi Capitals,0.1,Shubman Gill,N Rana,I Sharma,0,1,1,,,,,KKR vs DC 2021-04-29,AK Chaudhary,YC Barde,PP Shaw,Delhi Capitals,Ahmedabad,"Narendra Modi Stadium, Ahmedabad",2021-04-29
1st innings,Kolkata Knight Riders,Delhi Capitals,0.2,N Rana,Shubman Gill,I Sharma,0,1,1,,,,,KKR vs DC 2021-04-29,AK Chaudhary,YC Barde,PP Shaw,Delhi Capitals,Ahmedabad,"Narendra Modi Stadium, Ahmedabad",2021-04-29
1st innings,Kolkata Knight Riders,Delhi Capitals,0.3,Shubman Gill,N Rana,I Sharma,0,1,1,,,,,KKR vs DC 2021-04-29,AK Chaudhary,YC Barde,PP Shaw,Delhi Capitals,Ahmedabad,"Narendra Modi Stadium, Ahmedabad",2021-04-29
1st innings,Kolkata Knight Riders,Delhi Capitals,0.4,N Rana,Shubman Gill,I Sharma,0,0,0,,,,,KKR vs DC 2021-04-29,AK Chaudhary,YC Barde,PP Shaw,Delhi Capitals,Ahmedabad,"Narendra Modi Stadium, Ahmedabad",2021-04-29
1st innings,Kolkata Knight Riders,Delhi Capitals,0.5,N Rana,Shubman Gill,I Sharma,0,1,1,,,,,KKR vs DC 2021-04-29,AK Chaudhary,YC Barde,PP Shaw,Delhi Capitals,Ahmedabad,"Narendra Modi Stadium, Ahmedabad",2021-04-29
1st innings,Kolkata Knight Riders,Delhi Capitals,0.6,Shubman Gill,N Rana,I Sharma,0,0,0,,,,,KKR vs DC 2021-04-29,AK Chaudhary,YC Barde,PP Shaw,Delhi Capitals,Ahmedabad,"Narendra Modi Stadium, Ahmedabad",2021-04-29
1st innings,Kolkata Knight Riders,Delhi Capitals,1.1,N Rana,Shubman Gill,K Rabada,0,1,1,,,,,KKR vs DC 2021-04-29,AK Chaudhary,YC Barde,PP Shaw,Delhi Capitals,Ahmedabad,"Narendra Modi Stadium, Ahmedabad",2021-04-29
1st innings,Kolkata Knight Riders,Delhi Capitals,1.2,Shubman Gill,N Rana,K Rabada,0,0,0,,,,,KKR vs DC 2021-04-29,AK Chaudhary,YC Barde,PP Shaw,Delhi Capitals,Ahmedabad,"Narendra Modi Stadium, Ahmedabad",2021-04-29
1st innings,Kolkata Knight Riders,Delhi Capitals,1.3,Shubman Gill,N Rana,K Rabada,0,0,0,,,,,KKR vs DC 2021-04-29,AK Chaudhary,YC Barde,PP Shaw,Delhi Capitals,Ahmedabad,"Narendra Modi Stadium, Ahmedabad",2021-04-29
1st innings,Kolkata Knight Riders,Delhi Capitals,1.4,Shubman Gill,N Rana,K Rabada,0,0,0,,,,,KKR vs DC 2021-04-29,AK Chaudhary,YC Barde,PP Shaw,Delhi Capitals,Ahmedabad,"Narendra Modi Stadium, Ahmedabad",2021-04-29
1st innings,Kolkata Knight Riders,Delhi Capitals,1.5,Shubman Gill,N Rana,K Rabada,0,4,4,,,,,KKR vs DC 2021-04-29,AK Chaudhary,YC Barde,PP Shaw,Delhi Capitals,Ahmedabad,"Narendra Modi Stadium, Ahmedabad",2021-04-29
1st innings,Kolkata Knight Riders,Delhi Capitals,1.6,Shubman Gill,N Rana,K Rabada,0,1,1,,,,,KKR vs DC 2021-04-29,AK Chaudhary,YC Barde,PP Shaw,Delhi Capitals,Ahmedabad,"Narendra Modi Stadium, Ahmedabad",2021-04-29
1st innings,Kolkata Knight Riders,Delhi Capitals,2.1,Shubman Gill,N Rana,I Sharma,0,1,1,,,,,KKR vs DC 2021-04-29,AK Chaudhary,YC Barde,PP Shaw,Delhi Capitals,Ahmedabad,"Narendra Modi Stadium, Ahmedabad",2021-04-29
1st innings,Kolkata Knight Riders,Delhi Capitals,2.2,N Rana,Shubman Gill,I Sharma,0,1,1,,,,,KKR vs DC 2021-04-29,AK Chaudhary,YC Barde,PP Shaw,Delhi Capitals,Ahmedabad,"Narendra Modi Stadium, Ahmedabad",2021-04-29
1st innings,Kolkata Knight Riders,Delhi Capitals,2.3,Shubman Gill,N Rana,I Sharma,0,1,1,,,,,KKR vs DC 2021-04-29,AK Chaudhary,YC Barde,PP Shaw,Delhi Capitals,Ahmedabad,"Narendra Modi Stadium, Ahmedabad",2021-04-29
1st innings,Kolkata Knight Riders,Delhi Capitals,2.4,N Rana,Shubman Gill,I Sharma,0,4,4,,,,,KKR vs DC 2021-04-29,AK Chaudhary,YC Barde,PP Shaw,Delhi Capitals,Ahmedabad,"Narendra Modi Stadium, Ahmedabad",2021-04-29
1st innings,Kolkata Knight Riders,Delhi Capitals,2.5,N Rana,Shubman Gill,I Sharma,0,0,0,,,,,KKR vs DC 2021-04-29,AK Chaudhary,YC Barde,PP Shaw,Delhi Capitals,Ahmedabad,"Narendra Modi Stadium, Ahmedabad",2021-04-29
1st innings,Kolkata Knight Riders,Delhi Capitals,2.6,N Rana,Shubman Gill,I Sharma,0,1,1,,,,,KKR vs DC 2021-04-29,AK Chaudhary,YC Barde,PP Shaw,Delhi Capitals,Ahmedabad,"Narendra Modi Stadium, Ahmedabad",2021-04-29
1st innings,Kolkata Knight Riders,Delhi Capitals,3.1,N Rana,Shubman Gill,AR Patel,0,0,0,,,,,KKR vs DC 2021-04-29,AK Chaudhary,YC Barde,PP Shaw,Delhi Capitals,Ahmedabad,"Narendra Modi Stadium, Ahmedabad",2021-04-29
1st innings,Kolkata Knight Riders,Delhi Capitals,3.2,N Rana,Shubman Gill,AR Patel,0,1,1,,,,,KKR vs DC 2021-04-29,AK Chaudhary,YC Barde,PP Shaw,Delhi Capitals,Ahmedabad,"Narendra Modi Stadium, Ahmedabad",2021-04-29
1st innings,Kolkata Knight Riders,Delhi Capitals,3.3,Shubman Gill,N Rana,AR Patel,0,6,6,,,,,KKR vs DC 2021-04-29,AK Chaudhary,YC Barde,PP Shaw,Delhi Capitals,Ahmedabad,"Narendra Modi Stadium, Ahmedabad",2021-04-29
1st innings,Kolkata Knight Riders,Delhi Capitals,3.4,Shubman Gill,N Rana,AR Patel,0,0,0,,N Rana,stumped,RR Pant,KKR vs DC 2021-04-29,AK Chaudhary,YC Barde,PP Shaw,Delhi Capitals,Ahmedabad,"Narendra Modi Stadium, Ahmedabad",2021-04-29
1st innings,Kolkata Knight Riders,Delhi Capitals,3.5,Shubman Gill,RA Tripathi,AR Patel,0,0,0,,,,,KKR vs DC 2021-04-29,AK Chaudhary,YC Barde,PP Shaw,Delhi Capitals,Ahmedabad,"Narendra Modi Stadium, Ahmedabad",2021-04-29
1st innings,Kolkata Knight Riders,Delhi Capitals,3.6,Shubman Gill,RA Tripathi,AR Patel,0,0,0,,,,,KKR vs DC 2021-04-29,AK Chaudhary,YC Barde,PP Shaw,Delhi Capitals,Ahmedabad,"Narendra Modi Stadium, Ahmedabad",2021-04-29
1st innings,Kolkata Knight Riders,Delhi Capitals,4.1,RA Tripathi,Shubman Gill,Avesh Khan,0,0,0,,,,,KKR vs DC 2021-04-29,AK Chaudhary,YC Barde,PP Shaw,Delhi Capitals,Ahmedabad,"Narendra Modi Stadium, Ahmedabad",2021-04-29
1st innings,Kolkata Knight Riders,Delhi Capitals,4.2,RA Tripathi,Shubman Gill,Avesh Khan,0,1,1,,,,,KKR vs DC 2021-04-29,AK Chaudhary,YC Barde,PP Shaw,Delhi Capitals,Ahmedabad,"Narendra Modi Stadium, Ahmedabad",2021-04-29
1st innings,Kolkata Knight Riders,Delhi Capitals,4.3,Shubman Gill,RA Tripathi,Avesh Khan,0,1,1,,,,,KKR vs DC 2021-04-29,AK Chaudhary,YC Barde,PP Shaw,Delhi Capitals,Ahmedabad,"Narendra Modi Stadium, Ahmedabad",2021-04-29
1st innings,Kolkata Knight Riders,Delhi Capitals,4.4,RA Tripathi,Shubman Gill,Avesh Khan,0,0,0,,,,,KKR vs DC 2021-04-29,AK Chaudhary,YC Barde,PP Shaw,Delhi Capitals,Ahmedabad,"Narendra Modi Stadium, Ahmedabad",2021-04-29
1st innings,Kolkata Knight Riders,Delhi Capitals,4.5,RA Tripathi,Shubman Gill,Avesh Khan,0,1,1,,,,,KKR vs DC 2021-04-29,AK Chaudhary,YC Barde,PP Shaw,Delhi Capitals,Ahmedabad,"Narendra Modi Stadium, Ahmedabad",2021-04-29
1st innings,Kolkata Knight Riders,Delhi Capitals,4.6,Shubman Gill,RA Tripathi,Avesh Khan,0,4,4,,,,,KKR vs DC 2021-04-29,AK Chaudhary,YC Barde,PP Shaw,Delhi Capitals,Ahmedabad,"Narendra Modi Stadium, Ahmedabad",2021-04-29
1st innings,Kolkata Knight Riders,Delhi Capitals,5.1,RA Tripathi,Shubman Gill,I Sharma,0,2,2,,,,,KKR vs DC 2021-04-29,AK Chaudhary,YC Barde,PP Shaw,Delhi Capitals,Ahmedabad,"Narendra Modi Stadium, Ahmedabad",2021-04-29
1st innings,Kolkata Knight Riders,Delhi Capitals,5.2,RA Tripathi,Shubman Gill,I Sharma,0,4,4,,,,,KKR vs DC 2021-04-29,AK Chaudhary,YC Barde,PP Shaw,Delhi Capitals,Ahmedabad,"Narendra Modi Stadium, Ahmedabad",2021-04-29
1st innings,Kolkata Knight Riders,Delhi Capitals,5.3,RA Tripathi,Shubman Gill,I Sharma,0,1,1,,,,,KKR vs DC 2021-04-29,AK Chaudhary,YC Barde,PP Shaw,Delhi Capitals,Ahmedabad,"Narendra Modi Stadium, Ahmedabad",2021-04-29
1st innings,Kolkata Knight Riders,Delhi Capitals,5.4,Shubman Gill,RA Tripathi,I Sharma,0,1,1,,,,,KKR vs DC 2021-04-29,AK Chaudhary,YC Barde,PP Shaw,Delhi Capitals,Ahmedabad,"Narendra Modi Stadium, Ahmedabad",2021-04-29
1st innings,Kolkata Knight Riders,Delhi Capitals,5.5,RA Tripathi,Shubman Gill,I Sharma,0,4,4,,,,,KKR vs DC 2021-04-29,AK Chaudhary,YC Barde,PP Shaw,Delhi Capitals,Ahmedabad,"Narendra Modi Stadium, Ahmedabad",2021-04-29
1st innings,Kolkata Knight Riders,Delhi Capitals,5.6,RA Tripathi,Shubman Gill,I Sharma,1,0,1,legbyes,,,,KKR vs DC 2021-04-29,AK Chaudhary,YC Barde,PP Shaw,Delhi Capitals,Ahmedabad,"Narendra Modi Stadium, Ahmedabad",2021-04-29
1st innings,Kolkata Knight Riders,Delhi Capitals,6.1,RA Tripathi,Shubman Gill,Lalit Yadav,0,1,1,,,,,KKR vs DC 2021-04-29,AK Chaudhary,YC Barde,PP Shaw,Delhi Capitals,Ahmedabad,"Narendra Modi Stadium, Ahmedabad",2021-04-29
1st innings,Kolkata Knight Riders,Delhi Capitals,6.2,Shubman Gill,RA Tripathi,Lalit Yadav,0,1,1,,,,,KKR vs DC 2021-04-29,AK Chaudhary,YC Barde,PP Shaw,Delhi Capitals,Ahmedabad,"Narendra Modi Stadium, Ahmedabad",2021-04-29
1st innings,Kolkata Knight Riders,Delhi Capitals,6.3,RA Tripathi,Shubman Gill,Lalit Yadav,0,0,0,,,,,KKR vs DC 2021-04-29,AK Chaudhary,YC Barde,PP Shaw,Delhi Capitals,Ahmedabad,"Narendra Modi Stadium, Ahmedabad",2021-04-29
1st innings,Kolkata Knight Riders,Delhi Capitals,6.4,RA Tripathi,Shubman Gill,Lalit Yadav,0,1,1,,,,,KKR vs DC 2021-04-29,AK Chaudhary,YC Barde,PP Shaw,Delhi Capitals,Ahmedabad,"Narendra Modi Stadium, Ahmedabad",2021-04-29
1st innings,Kolkata Knight Riders,Delhi Capitals,6.5,Shubman Gill,RA Tripathi,Lalit Yadav,0,0,0,,,,,KKR vs DC 2021-04-29,AK Chaudhary,YC Barde,PP Shaw,Delhi Capitals,Ahmedabad,"Narendra Modi Stadium, Ahmedabad",2021-04-29
1st innings,Kolkata Knight Riders,Delhi Capitals,6.6,Shubman Gill,RA Tripathi,Lalit Yadav,0,1,1,,,,,KKR vs DC 2021-04-29,AK Chaudhary,YC Barde,PP Shaw,Delhi Capitals,Ahmedabad,"Narendra Modi Stadium, Ahmedabad",2021-04-29
1st innings,Kolkata Knight Riders,Delhi Capitals,7.1,Shubman Gill,RA Tripathi,AR Patel,0,1,1,,,,,KKR vs DC 2021-04-29,AK Chaudhary,YC Barde,PP Shaw,Delhi Capitals,Ahmedabad,"Narendra Modi Stadium, Ahmedabad",2021-04-29
1st innings,Kolkata Knight Riders,Delhi Capitals,7.2,RA Tripathi,Shubman Gill,AR Patel,0,0,0,,,,,KKR vs DC 2021-04-29,AK Chaudhary,YC Barde,PP Shaw,Delhi Capitals,Ahmedabad,"Narendra Modi Stadium, Ahmedabad",2021-04-29
1st innings,Kolkata Knight Riders,Delhi Capitals,7.3,RA Tripathi,Shubman Gill,AR Patel,0,1,1,,,,,KKR vs DC 2021-04-29,AK Chaudhary,YC Barde,PP Shaw,Delhi Capitals,Ahmedabad,"Narendra Modi Stadium, Ahmedabad",2021-04-29
1st innings,Kolkata Knight Riders,Delhi Capitals,7.4,Shubman Gill,RA Tripathi,AR Patel,0,1,1,,,,,KKR vs DC 2021-04-29,AK Chaudhary,YC Barde,PP Shaw,Delhi Capitals,Ahmedabad,"Narendra Modi Stadium, Ahmedabad",2021-04-29
1st innings,Kolkata Knight Riders,Delhi Capitals,7.5,RA Tripathi,Shubman Gill,AR Patel,0,0,0,,,,,KKR vs DC 2021-04-29,AK Chaudhary,YC Barde,PP Shaw,Delhi Capitals,Ahmedabad,"Narendra Modi Stadium, Ahmedabad",2021-04-29
1st innings,Kolkata Knight Riders,Delhi Capitals,7.6,RA Tripathi,Shubman Gill,AR Patel,0,6,6,,,,,KKR vs DC 2021-04-29,AK Chaudhary,YC Barde,PP Shaw,Delhi Capitals,Ahmedabad,"Narendra Modi Stadium, Ahmedabad",2021-04-29
1st innings,Kolkata Knight Riders,Delhi Capitals,8.1,Shubman Gill,RA Tripathi,Lalit Yadav,0,1,1,,,,,KKR vs DC 2021-04-29,AK Chaudhary,YC Barde,PP Shaw,Delhi Capitals,Ahmedabad,"Narendra Modi Stadium, Ahmedabad",2021-04-29
1st innings,Kolkata Knight Riders,Delhi Capitals,8.2,RA Tripathi,Shubman Gill,Lalit Yadav,0,1,1,,,,,KKR vs DC 2021-04-29,AK Chaudhary,YC Barde,PP Shaw,Delhi Capitals,Ahmedabad,"Narendra Modi Stadium, Ahmedabad",2021-04-29
1st innings,Kolkata Knight Riders,Delhi Capitals,8.3,Shubman Gill,RA Tripathi,Lalit Yadav,0,2,2,,,,,KKR vs DC 2021-04-29,AK Chaudhary,YC Barde,PP Shaw,Delhi Capitals,Ahmedabad,"Narendra Modi Stadium, Ahmedabad",2021-04-29
1st innings,Kolkata Knight Riders,Delhi Capitals,8.4,Shubman Gill,RA Tripathi,Lalit Yadav,0,1,1,,,,,KKR vs DC 2021-04-29,AK Chaudhary,YC Barde,PP Shaw,Delhi Capitals,Ahmedabad,"Narendra Modi Stadium, Ahmedabad",2021-04-29
1st innings,Kolkata Knight Riders,Delhi Capitals,8.5,RA Tripathi,Shubman Gill,Lalit Yadav,0,1,1,,,,,KKR vs DC 2021-04-29,AK Chaudhary,YC Barde,PP Shaw,Delhi Capitals,Ahmedabad,"Narendra Modi Stadium, Ahmedabad",2021-04-29
1st innings,Kolkata Knight Riders,Delhi Capitals,8.6,Shubman Gill,RA Tripathi,Lalit Yadav,0,1,1,,,,,KKR vs DC 2021-04-29,AK Chaudhary,YC Barde,PP Shaw,Delhi Capitals,Ahmedabad,"Narendra Modi Stadium, Ahmedabad",2021-04-29
1st innings,Kolkata Knight Riders,Delhi Capitals,9.1,Shubman Gill,RA Tripathi,MP Stoinis,0,0,0,,,,,KKR vs DC 2021-04-29,AK Chaudhary,YC Barde,PP Shaw,Delhi Capitals,Ahmedabad,"Narendra Modi Stadium, Ahmedabad",2021-04-29
1st innings,Kolkata Knight Riders,Delhi Capitals,9.2,Shubman Gill,RA Tripathi,MP Stoinis,0,4,4,,,,,KKR vs DC 2021-04-29,AK Chaudhary,YC Barde,PP Shaw,Delhi Capitals,Ahmedabad,"Narendra Modi Stadium, Ahmedabad",2021-04-29
1st innings,Kolkata Knight Riders,Delhi Capitals,9.3,Shubman Gill,RA Tripathi,MP Stoinis,0,0,0,,RA Tripathi,caught,Lalit Yadav,KKR vs DC 2021-04-29,AK Chaudhary,YC Barde,PP Shaw,Delhi Capitals,Ahmedabad,"Narendra Modi Stadium, Ahmedabad",2021-04-29
1st innings,Kolkata Knight Riders,Delhi Capitals,9.4,Shubman Gill,EJG Morgan,MP Stoinis,1,0,1,legbyes,,,,KKR vs DC 2021-04-29,AK Chaudhary,YC Barde,PP Shaw,Delhi Capitals,Ahmedabad,"Narendra Modi Stadium, Ahmedabad",2021-04-29
1st innings,Kolkata Knight Riders,Delhi Capitals,9.5,EJG Morgan,Shubman Gill,MP Stoinis,0,2,2,,,,,KKR vs DC 2021-04-29,AK Chaudhary,YC Barde,PP Shaw,Delhi Capitals,Ahmedabad,"Narendra Modi Stadium, Ahmedabad",2021-04-29
1st innings,Kolkata Knight Riders,Delhi Capitals,9.6,EJG Morgan,Shubman Gill,MP Stoinis,0,1,1,,,,,KKR vs DC 2021-04-29,AK Chaudhary,YC Barde,PP Shaw,Delhi Capitals,Ahmedabad,"Narendra Modi Stadium, Ahmedabad",2021-04-29
1st innings,Kolkata Knight Riders,Delhi Capitals,10.1,EJG Morgan,Shubman Gill,Lalit Yadav,0,1,1,,,,,KKR vs DC 2021-04-29,AK Chaudhary,YC Barde,PP Shaw,Delhi Capitals,Ahmedabad,"Narendra Modi Stadium, Ahmedabad",2021-04-29
1st innings,Kolkata Knight Riders,Delhi Capitals,10.2,Shubman Gill,EJG Morgan,Lalit Yadav,0,0,0,,EJG Morgan,caught,SPD Smith,KKR vs DC 2021-04-29,AK Chaudhary,YC Barde,PP Shaw,Delhi Capitals,Ahmedabad,"Narendra Modi Stadium, Ahmedabad",2021-04-29
1st innings,Kolkata Knight Riders,Delhi Capitals,10.3,SP Narine,Shubman Gill,Lalit Yadav,0,1,1,,,,,KKR vs DC 2021-04-29,AK Chaudhary,YC Barde,PP Shaw,Delhi Capitals,Ahmedabad,"Narendra Modi Stadium, Ahmedabad",2021-04-29
1st innings,Kolkata Knight Riders,Delhi Capitals,10.4,Shubman Gill,SP Narine,Lalit Yadav,0,0,0,,SP Narine,bowled,,KKR vs DC 2021-04-29,AK Chaudhary,YC Barde,PP Shaw,Delhi Capitals,Ahmedabad,"Narendra Modi Stadium, Ahmedabad",2021-04-29
1st innings,Kolkata Knight Riders,Delhi Capitals,10.5,Shubman Gill,AD Russell,Lalit Yadav,0,0,0,,,,,KKR vs DC 2021-04-29,AK Chaudhary,YC Barde,PP Shaw,Delhi Capitals,Ahmedabad,"Narendra Modi Stadium, Ahmedabad",2021-04-29
1st innings,Kolkata Knight Riders,Delhi Capitals,10.6,Shubman Gill,AD Russell,Lalit Yadav,0,0,0,,,,,KKR vs DC 2021-04-29,AK Chaudhary,YC Barde,PP Shaw,Delhi Capitals,Ahmedabad,"Narendra Modi Stadium, Ahmedabad",2021-04-29
1st innings,Kolkata Knight Riders,Delhi Capitals,11.1,AD Russell,Shubman Gill,K Rabada,0,1,1,,,,,KKR vs DC 2021-04-29,AK Chaudhary,YC Barde,PP Shaw,Delhi Capitals,Ahmedabad,"Narendra Modi Stadium, Ahmedabad",2021-04-29
1st innings,Kolkata Knight Riders,Delhi Capitals,11.2,Shubman Gill,AD Russell,K Rabada,0,1,1,,,,,KKR vs DC 2021-04-29,AK Chaudhary,YC Barde,PP Shaw,Delhi Capitals,Ahmedabad,"Narendra Modi Stadium, Ahmedabad",2021-04-29
1st innings,Kolkata Knight Riders,Delhi Capitals,11.3,AD Russell,Shubman Gill,K Rabada,0,0,0,,,,,KKR vs DC 2021-04-29,AK Chaudhary,YC Barde,PP Shaw,Delhi Capitals,Ahmedabad,"Narendra Modi Stadium, Ahmedabad",2021-04-29
1st innings,Kolkata Knight Riders,Delhi Capitals,11.4,AD Russell,Shubman Gill,K Rabada,0,1,1,,,,,KKR vs DC 2021-04-29,AK Chaudhary,YC Barde,PP Shaw,Delhi Capitals,Ahmedabad,"Narendra Modi Stadium, Ahmedabad",2021-04-29
1st innings,Kolkata Knight Riders,Delhi Capitals,11.5,Shubman Gill,AD Russell,K Rabada,0,0,0,,,,,KKR vs DC 2021-04-29,AK Chaudhary,YC Barde,PP Shaw,Delhi Capitals,Ahmedabad,"Narendra Modi Stadium, Ahmedabad",2021-04-29
1st innings,Kolkata Knight Riders,Delhi Capitals,11.6,Shubman Gill,AD Russell,K Rabada,0,0,0,,,,,KKR vs DC 2021-04-29,AK Chaudhary,YC Barde,PP Shaw,Delhi Capitals,Ahmedabad,"Narendra Modi Stadium, Ahmedabad",2021-04-29
1st innings,Kolkata Knight Riders,Delhi Capitals,12.1,AD Russell,Shubman Gill,Avesh Khan,0,1,1,,,,,KKR vs DC 2021-04-29,AK Chaudhary,YC Barde,PP Shaw,Delhi Capitals,Ahmedabad,"Narendra Modi Stadium, Ahmedabad",2021-04-29
1st innings,Kolkata Knight Riders,Delhi Capitals,12.2,Shubman Gill,AD Russell,Avesh Khan,0,1,1,,,,,KKR vs DC 2021-04-29,AK Chaudhary,YC Barde,PP Shaw,Delhi Capitals,Ahmedabad,"Narendra Modi Stadium, Ahmedabad",2021-04-29
1st innings,Kolkata Knight Riders,Delhi Capitals,12.3,AD Russell,Shubman Gill,Avesh Khan,0,1,1,,,,,KKR vs DC 2021-04-29,AK Chaudhary,YC Barde,PP Shaw,Delhi Capitals,Ahmedabad,"Narendra Modi Stadium, Ahmedabad",2021-04-29
1st innings,Kolkata Knight Riders,Delhi Capitals,12.4,Shubman Gill,AD Russell,Avesh Khan,0,0,0,,,,,KKR vs DC 2021-04-29,AK Chaudhary,YC Barde,PP Shaw,Delhi Capitals,Ahmedabad,"Narendra Modi Stadium, Ahmedabad",2021-04-29
1st innings,Kolkata Knight Riders,Delhi Capitals,12.5,Shubman Gill,AD Russell,Avesh Khan,0,1,1,,,,,KKR vs DC 2021-04-29,AK Chaudhary,YC Barde,PP Shaw,Delhi Capitals,Ahmedabad,"Narendra Modi Stadium, Ahmedabad",2021-04-29
1st innings,Kolkata Knight Riders,Delhi Capitals,12.6,AD Russell,Shubman Gill,Avesh Khan,0,0,0,,Shubman Gill,caught,SPD Smith,KKR vs DC 2021-04-29,AK Chaudhary,YC Barde,PP Shaw,Delhi Capitals,Ahmedabad,"Narendra Modi Stadium, Ahmedabad",2021-04-29
1st innings,Kolkata Knight Riders,Delhi Capitals,13.1,AD Russell,KD Karthik,K Rabada,0,0,0,,,,,KKR vs DC 2021-04-29,AK Chaudhary,YC Barde,PP Shaw,Delhi Capitals,Ahmedabad,"Narendra Modi Stadium, Ahmedabad",2021-04-29
1st innings,Kolkata Knight Riders,Delhi Capitals,13.2,AD Russell,KD Karthik,K Rabada,0,1,1,,,,,KKR vs DC 2021-04-29,AK Chaudhary,YC Barde,PP Shaw,Delhi Capitals,Ahmedabad,"Narendra Modi Stadium, Ahmedabad",2021-04-29
1st innings,Kolkata Knight Riders,Delhi Capitals,13.3,KD Karthik,AD Russell,K Rabada,0,1,1,,,,,KKR vs DC 2021-04-29,AK Chaudhary,YC Barde,PP Shaw,Delhi Capitals,Ahmedabad,"Narendra Modi Stadium, Ahmedabad",2021-04-29
1st innings,Kolkata Knight Riders,Delhi Capitals,13.4,AD Russell,KD Karthik,K Rabada,0,1,1,,,,,KKR vs DC 2021-04-29,AK Chaudhary,YC Barde,PP Shaw,Delhi Capitals,Ahmedabad,"Narendra Modi Stadium, Ahmedabad",2021-04-29
1st innings,Kolkata Knight Riders,Delhi Capitals,13.5,KD Karthik,AD Russell,K Rabada,0,0,0,,,,,KKR vs DC 2021-04-29,AK Chaudhary,YC Barde,PP Shaw,Delhi Capitals,Ahmedabad,"Narendra Modi Stadium, Ahmedabad",2021-04-29
1st innings,Kolkata Knight Riders,Delhi Capitals,13.6,KD Karthik,AD Russell,K Rabada,0,1,1,,,,,KKR vs DC 2021-04-29,AK Chaudhary,YC Barde,PP Shaw,Delhi Capitals,Ahmedabad,"Narendra Modi Stadium, Ahmedabad",2021-04-29
1st innings,Kolkata Knight Riders,Delhi Capitals,14.1,KD Karthik,AD Russell,AR Patel,0,0,0,,,,,KKR vs DC 2021-04-29,AK Chaudhary,YC Barde,PP Shaw,Delhi Capitals,Ahmedabad,"Narendra Modi Stadium, Ahmedabad",2021-04-29
1st innings,Kolkata Knight Riders,Delhi Capitals,14.2,KD Karthik,AD Russell,AR Patel,0,1,1,,,,,KKR vs DC 2021-04-29,AK Chaudhary,YC Barde,PP Shaw,Delhi Capitals,Ahmedabad,"Narendra Modi Stadium, Ahmedabad",2021-04-29
1st innings,Kolkata Knight Riders,Delhi Capitals,14.3,AD Russell,KD Karthik,AR Patel,0,1,1,,,,,KKR vs DC 2021-04-29,AK Chaudhary,YC Barde,PP Shaw,Delhi Capitals,Ahmedabad,"Narendra Modi Stadium, Ahmedabad",2021-04-29
1st innings,Kolkata Knight Riders,Delhi Capitals,14.4,KD Karthik,AD Russell,AR Patel,0,1,1,,,,,KKR vs DC 2021-04-29,AK Chaudhary,YC Barde,PP Shaw,Delhi Capitals,Ahmedabad,"Narendra Modi Stadium, Ahmedabad",2021-04-29
1st innings,Kolkata Knight Riders,Delhi Capitals,14.5,AD Russell,KD Karthik,AR Patel,0,0,0,,,,,KKR vs DC 2021-04-29,AK Chaudhary,YC Barde,PP Shaw,Delhi Capitals,Ahmedabad,"Narendra Modi Stadium, Ahmedabad",2021-04-29
1st innings,Kolkata Knight Riders,Delhi Capitals,14.6,AD Russell,KD Karthik,AR Patel,0,6,6,,,,,KKR vs DC 2021-04-29,AK Chaudhary,YC Barde,PP Shaw,Delhi Capitals,Ahmedabad,"Narendra Modi Stadium, Ahmedabad",2021-04-29
1st innings,Kolkata Knight Riders,Delhi Capitals,15.1,KD Karthik,AD Russell,I Sharma,0,2,2,,,,,KKR vs DC 2021-04-29,AK Chaudhary,YC Barde,PP Shaw,Delhi Capitals,Ahmedabad,"Narendra Modi Stadium, Ahmedabad",2021-04-29
1st innings,Kolkata Knight Riders,Delhi Capitals,15.2,KD Karthik,AD Russell,I Sharma,0,6,6,,,,,KKR vs DC 2021-04-29,AK Chaudhary,YC Barde,PP Shaw,Delhi Capitals,Ahmedabad,"Narendra Modi Stadium, Ahmedabad",2021-04-29
1st innings,Kolkata Knight Riders,Delhi Capitals,15.3,KD Karthik,AD Russell,I Sharma,0,0,0,,,,,KKR vs DC 2021-04-29,AK Chaudhary,YC Barde,PP Shaw,Delhi Capitals,Ahmedabad,"Narendra Modi Stadium, Ahmedabad",2021-04-29
1st innings,Kolkata Knight Riders,Delhi Capitals,15.4,KD Karthik,AD Russell,I Sharma,0,1,1,,,,,KKR vs DC 2021-04-29,AK Chaudhary,YC Barde,PP Shaw,Delhi Capitals,Ahmedabad,"Narendra Modi Stadium, Ahmedabad",2021-04-29
1st innings,Kolkata Knight Riders,Delhi Capitals,15.5,AD Russell,KD Karthik,I Sharma,0,0,0,,,,,KKR vs DC 2021-04-29,AK Chaudhary,YC Barde,PP Shaw,Delhi Capitals,Ahmedabad,"Narendra Modi Stadium, Ahmedabad",2021-04-29
1st innings,Kolkata Knight Riders,Delhi Capitals,15.6,AD Russell,KD Karthik,I Sharma,0,1,1,,,,,KKR vs DC 2021-04-29,AK Chaudhary,YC Barde,PP Shaw,Delhi Capitals,Ahmedabad,"Narendra Modi Stadium, Ahmedabad",2021-04-29
1st innings,Kolkata Knight Riders,Delhi Capitals,16.1,AD Russell,KD Karthik,AR Patel,0,4,4,,,,,KKR vs DC 2021-04-29,AK Chaudhary,YC Barde,PP Shaw,Delhi Capitals,Ahmedabad,"Narendra Modi Stadium, Ahmedabad",2021-04-29
1st innings,Kolkata Knight Riders,Delhi Capitals,16.2,AD Russell,KD Karthik,AR Patel,0,0,0,,KD Karthik,lbw,,KKR vs DC 2021-04-29,AK Chaudhary,YC Barde,PP Shaw,Delhi Capitals,Ahmedabad,"Narendra Modi Stadium, Ahmedabad",2021-04-29
1st innings,Kolkata Knight Riders,Delhi Capitals,16.3,AD Russell,PJ Cummins,AR Patel,0,0,0,,,,,KKR vs DC 2021-04-29,AK Chaudhary,YC Barde,PP Shaw,Delhi Capitals,Ahmedabad,"Narendra Modi Stadium, Ahmedabad",2021-04-29
1st innings,Kolkata Knight Riders,Delhi Capitals,16.4,AD Russell,PJ Cummins,AR Patel,0,0,0,,,,,KKR vs DC 2021-04-29,AK Chaudhary,YC Barde,PP Shaw,Delhi Capitals,Ahmedabad,"Narendra Modi Stadium, Ahmedabad",2021-04-29
1st innings,Kolkata Knight Riders,Delhi Capitals,16.5,AD Russell,PJ Cummins,AR Patel,0,2,2,,,,,KKR vs DC 2021-04-29,AK Chaudhary,YC Barde,PP Shaw,Delhi Capitals,Ahmedabad,"Narendra Modi Stadium, Ahmedabad",2021-04-29
1st innings,Kolkata Knight Riders,Delhi Capitals,16.6,AD Russell,PJ Cummins,AR Patel,0,1,1,,,,,KKR vs DC 2021-04-29,AK Chaudhary,YC Barde,PP Shaw,Delhi Capitals,Ahmedabad,"Narendra Modi Stadium, Ahmedabad",2021-04-29
1st innings,Kolkata Knight Riders,Delhi Capitals,17.1,AD Russell,PJ Cummins,Avesh Khan,4,0,4,legbyes,,,,KKR vs DC 2021-04-29,AK Chaudhary,YC Barde,PP Shaw,Delhi Capitals,Ahmedabad,"Narendra Modi Stadium, Ahmedabad",2021-04-29
1st innings,Kolkata Knight Riders,Delhi Capitals,17.2,AD Russell,PJ Cummins,Avesh Khan,0,0,0,,,,,KKR vs DC 2021-04-29,AK Chaudhary,YC Barde,PP Shaw,Delhi Capitals,Ahmedabad,"Narendra Modi Stadium, Ahmedabad",2021-04-29
1st innings,Kolkata Knight Riders,Delhi Capitals,17.3,AD Russell,PJ Cummins,Avesh Khan,0,0,0,,,,,KKR vs DC 2021-04-29,AK Chaudhary,YC Barde,PP Shaw,Delhi Capitals,Ahmedabad,"Narendra Modi Stadium, Ahmedabad",2021-04-29
1st innings,Kolkata Knight Riders,Delhi Capitals,17.4,AD Russell,PJ Cummins,Avesh Khan,0,1,1,,,,,KKR vs DC 2021-04-29,AK Chaudhary,YC Barde,PP Shaw,Delhi Capitals,Ahmedabad,"Narendra Modi Stadium, Ahmedabad",2021-04-29
1st innings,Kolkata Knight Riders,Delhi Capitals,17.5,PJ Cummins,AD Russell,Avesh Khan,0,4,4,,,,,KKR vs DC 2021-04-29,AK Chaudhary,YC Barde,PP Shaw,Delhi Capitals,Ahmedabad,"Narendra Modi Stadium, Ahmedabad",2021-04-29
1st innings,Kolkata Knight Riders,Delhi Capitals,17.6,PJ Cummins,AD Russell,Avesh Khan,0,2,2,,,,,KKR vs DC 2021-04-29,AK Chaudhary,YC Barde,PP Shaw,Delhi Capitals,Ahmedabad,"Narendra Modi Stadium, Ahmedabad",2021-04-29
1st innings,Kolkata Knight Riders,Delhi Capitals,18.1,AD Russell,PJ Cummins,K Rabada,1,0,1,wides,,,,KKR vs DC 2021-04-29,AK Chaudhary,YC Barde,PP Shaw,Delhi Capitals,Ahmedabad,"Narendra Modi Stadium, Ahmedabad",2021-04-29
1st innings,Kolkata Knight Riders,Delhi Capitals,18.2,AD Russell,PJ Cummins,K Rabada,0,1,1,,,,,KKR vs DC 2021-04-29,AK Chaudhary,YC Barde,PP Shaw,Delhi Capitals,Ahmedabad,"Narendra Modi Stadium, Ahmedabad",2021-04-29
1st innings,Kolkata Knight Riders,Delhi Capitals,18.3,PJ Cummins,AD Russell,K Rabada,0,0,0,,,,,KKR vs DC 2021-04-29,AK Chaudhary,YC Barde,PP Shaw,Delhi Capitals,Ahmedabad,"Narendra Modi Stadium, Ahmedabad",2021-04-29
1st innings,Kolkata Knight Riders,Delhi Capitals,18.4,PJ Cummins,AD Russell,K Rabada,0,4,4,,,,,KKR vs DC 2021-04-29,AK Chaudhary,YC Barde,PP Shaw,Delhi Capitals,Ahmedabad,"Narendra Modi Stadium, Ahmedabad",2021-04-29
1st innings,Kolkata Knight Riders,Delhi Capitals,18.5,PJ Cummins,AD Russell,K Rabada,0,0,0,,,,,KKR vs DC 2021-04-29,AK Chaudhary,YC Barde,PP Shaw,Delhi Capitals,Ahmedabad,"Narendra Modi Stadium, Ahmedabad",2021-04-29
1st innings,Kolkata Knight Riders,Delhi Capitals,18.6,PJ Cummins,AD Russell,K Rabada,0,6,6,,,,,KKR vs DC 2021-04-29,AK Chaudhary,YC Barde,PP Shaw,Delhi Capitals,Ahmedabad,"Narendra Modi Stadium, Ahmedabad",2021-04-29
1st innings,Kolkata Knight Riders,Delhi Capitals,18.7,PJ Cummins,AD Russell,K Rabada,0,6,6,,,,,KKR vs DC 2021-04-29,AK Chaudhary,YC Barde,PP Shaw,Delhi Capitals,Ahmedabad,"Narendra Modi Stadium, Ahmedabad",2021-04-29
1st innings,Kolkata Knight Riders,Delhi Capitals,19.1,AD Russell,PJ Cummins,Avesh Khan,0,0,0,,,,,KKR vs DC 2021-04-29,AK Chaudhary,YC Barde,PP Shaw,Delhi Capitals,Ahmedabad,"Narendra Modi Stadium, Ahmedabad",2021-04-29
1st innings,Kolkata Knight Riders,Delhi Capitals,19.2,AD Russell,PJ Cummins,Avesh Khan,0,4,4,,,,,KKR vs DC 2021-04-29,AK Chaudhary,YC Barde,PP Shaw,Delhi Capitals,Ahmedabad,"Narendra Modi Stadium, Ahmedabad",2021-04-29
1st innings,Kolkata Knight Riders,Delhi Capitals,19.3,AD Russell,PJ Cummins,Avesh Khan,0,1,1,,,,,KKR vs DC 2021-04-29,AK Chaudhary,YC Barde,PP Shaw,Delhi Capitals,Ahmedabad,"Narendra Modi Stadium, Ahmedabad",2021-04-29
1st innings,Kolkata Knight Riders,Delhi Capitals,19.4,PJ Cummins,AD Russell,Avesh Khan,0,1,1,,,,,KKR vs DC 2021-04-29,AK Chaudhary,YC Barde,PP Shaw,Delhi Capitals,Ahmedabad,"Narendra Modi Stadium, Ahmedabad",2021-04-29
1st innings,Kolkata Knight Riders,Delhi Capitals,19.5,AD Russell,PJ Cummins,Avesh Khan,0,1,1,,,,,KKR vs DC 2021-04-29,AK Chaudhary,YC Barde,PP Shaw,Delhi Capitals,Ahmedabad,"Narendra Modi Stadium, Ahmedabad",2021-04-29
1st innings,Kolkata Knight Riders,Delhi Capitals,19.6,PJ Cummins,AD Russell,Avesh Khan,0,6,6,,,,,KKR vs DC 2021-04-29,AK Chaudhary,YC Barde,PP Shaw,Delhi Capitals,Ahmedabad,"Narendra Modi Stadium, Ahmedabad",2021-04-29
2nd innings,Delhi Capitals,Kolkata Knight Riders,0.1,S Dhawan,PP Shaw,Shivam Mavi,1,0,1,wides,,,,KKR vs DC 2021-04-29,AK Chaudhary,YC Barde,PP Shaw,Delhi Capitals,Ahmedabad,"Narendra Modi Stadium, Ahmedabad",2021-04-29
2nd innings,Delhi Capitals,Kolkata Knight Riders,0.2,S Dhawan,PP Shaw,Shivam Mavi,0,4,4,,,,,KKR vs DC 2021-04-29,AK Chaudhary,YC Barde,PP Shaw,Delhi Capitals,Ahmedabad,"Narendra Modi Stadium, Ahmedabad",2021-04-29
2nd innings,Delhi Capitals,Kolkata Knight Riders,0.3,S Dhawan,PP Shaw,Shivam Mavi,0,4,4,,,,,KKR vs DC 2021-04-29,AK Chaudhary,YC Barde,PP Shaw,Delhi Capitals,Ahmedabad,"Narendra Modi Stadium, Ahmedabad",2021-04-29
2nd innings,Delhi Capitals,Kolkata Knight Riders,0.4,S Dhawan,PP Shaw,Shivam Mavi,0,4,4,,,,,KKR vs DC 2021-04-29,AK Chaudhary,YC Barde,PP Shaw,Delhi Capitals,Ahmedabad,"Narendra Modi Stadium, Ahmedabad",2021-04-29
2nd innings,Delhi Capitals,Kolkata Knight Riders,0.5,S Dhawan,PP Shaw,Shivam Mavi,0,4,4,,,,,KKR vs DC 2021-04-29,AK Chaudhary,YC Barde,PP Shaw,Delhi Capitals,Ahmedabad,"Narendra Modi Stadium, Ahmedabad",2021-04-29
2nd innings,Delhi Capitals,Kolkata Knight Riders,0.6,S Dhawan,PP Shaw,Shivam Mavi,0,4,4,,,,,KKR vs DC 2021-04-29,AK Chaudhary,YC Barde,PP Shaw,Delhi Capitals,Ahmedabad,"Narendra Modi Stadium, Ahmedabad",2021-04-29
2nd innings,Delhi Capitals,Kolkata Knight Riders,0.7,S Dhawan,PP Shaw,Shivam Mavi,0,4,4,,,,,KKR vs DC 2021-04-29,AK Chaudhary,YC Barde,PP Shaw,Delhi Capitals,Ahmedabad,"Narendra Modi Stadium, Ahmedabad",2021-04-29
2nd innings,Delhi Capitals,Kolkata Knight Riders,1.1,PP Shaw,S Dhawan,CV Varun,0,1,1,,,,,KKR vs DC 2021-04-29,AK Chaudhary,YC Barde,PP Shaw,Delhi Capitals,Ahmedabad,"Narendra Modi Stadium, Ahmedabad",2021-04-29
2nd innings,Delhi Capitals,Kolkata Knight Riders,1.2,S Dhawan,PP Shaw,CV Varun,0,1,1,,,,,KKR vs DC 2021-04-29,AK Chaudhary,YC Barde,PP Shaw,Delhi Capitals,Ahmedabad,"Narendra Modi Stadium, Ahmedabad",2021-04-29
2nd innings,Delhi Capitals,Kolkata Knight Riders,1.3,PP Shaw,S Dhawan,CV Varun,1,0,1,wides,,,,KKR vs DC 2021-04-29,AK Chaudhary,YC Barde,PP Shaw,Delhi Capitals,Ahmedabad,"Narendra Modi Stadium, Ahmedabad",2021-04-29
2nd innings,Delhi Capitals,Kolkata Knight Riders,1.4,PP Shaw,S Dhawan,CV Varun,0,1,1,,,,,KKR vs DC 2021-04-29,AK Chaudhary,YC Barde,PP Shaw,Delhi Capitals,Ahmedabad,"Narendra Modi Stadium, Ahmedabad",2021-04-29
2nd innings,Delhi Capitals,Kolkata Knight Riders,1.5,S Dhawan,PP Shaw,CV Varun,0,4,4,,,,,KKR vs DC 2021-04-29,AK Chaudhary,YC Barde,PP Shaw,Delhi Capitals,Ahmedabad,"Narendra Modi Stadium, Ahmedabad",2021-04-29
2nd innings,Delhi Capitals,Kolkata Knight Riders,1.6,S Dhawan,PP Shaw,CV Varun,0,0,0,,,,,KKR vs DC 2021-04-29,AK Chaudhary,YC Barde,PP Shaw,Delhi Capitals,Ahmedabad,"Narendra Modi Stadium, Ahmedabad",2021-04-29
2nd innings,Delhi Capitals,Kolkata Knight Riders,1.7,S Dhawan,PP Shaw,CV Varun,0,2,2,,,,,KKR vs DC 2021-04-29,AK Chaudhary,YC Barde,PP Shaw,Delhi Capitals,Ahmedabad,"Narendra Modi Stadium, Ahmedabad",2021-04-29
2nd innings,Delhi Capitals,Kolkata Knight Riders,2.1,PP Shaw,S Dhawan,M Prasidh Krishna,0,4,4,,,,,KKR vs DC 2021-04-29,AK Chaudhary,YC Barde,PP Shaw,Delhi Capitals,Ahmedabad,"Narendra Modi Stadium, Ahmedabad",2021-04-29
2nd innings,Delhi Capitals,Kolkata Knight Riders,2.2,PP Shaw,S Dhawan,M Prasidh Krishna,0,0,0,,,,,KKR vs DC 2021-04-29,AK Chaudhary,YC Barde,PP Shaw,Delhi Capitals,Ahmedabad,"Narendra Modi Stadium, Ahmedabad",2021-04-29
2nd innings,Delhi Capitals,Kolkata Knight Riders,2.3,PP Shaw,S Dhawan,M Prasidh Krishna,0,2,2,,,,,KKR vs DC 2021-04-29,AK Chaudhary,YC Barde,PP Shaw,Delhi Capitals,Ahmedabad,"Narendra Modi Stadium, Ahmedabad",2021-04-29
2nd innings,Delhi Capitals,Kolkata Knight Riders,2.4,PP Shaw,S Dhawan,M Prasidh Krishna,0,0,0,,,,,KKR vs DC 2021-04-29,AK Chaudhary,YC Barde,PP Shaw,Delhi Capitals,Ahmedabad,"Narendra Modi Stadium, Ahmedabad",2021-04-29
2nd innings,Delhi Capitals,Kolkata Knight Riders,2.5,PP Shaw,S Dhawan,M Prasidh Krishna,0,2,2,,,,,KKR vs DC 2021-04-29,AK Chaudhary,YC Barde,PP Shaw,Delhi Capitals,Ahmedabad,"Narendra Modi Stadium, Ahmedabad",2021-04-29
2nd innings,Delhi Capitals,Kolkata Knight Riders,2.6,PP Shaw,S Dhawan,M Prasidh Krishna,0,0,0,,,,,KKR vs DC 2021-04-29,AK Chaudhary,YC Barde,PP Shaw,Delhi Capitals,Ahmedabad,"Narendra Modi Stadium, Ahmedabad",2021-04-29
2nd innings,Delhi Capitals,Kolkata Knight Riders,3.1,S Dhawan,PP Shaw,SP Narine,0,1,1,,,,,KKR vs DC 2021-04-29,AK Chaudhary,YC Barde,PP Shaw,Delhi Capitals,Ahmedabad,"Narendra Modi Stadium, Ahmedabad",2021-04-29
2nd innings,Delhi Capitals,Kolkata Knight Riders,3.2,PP Shaw,S Dhawan,SP Narine,0,0,0,,,,,KKR vs DC 2021-04-29,AK Chaudhary,YC Barde,PP Shaw,Delhi Capitals,Ahmedabad,"Narendra Modi Stadium, Ahmedabad",2021-04-29
2nd innings,Delhi Capitals,Kolkata Knight Riders,3.3,PP Shaw,S Dhawan,SP Narine,0,1,1,,,,,KKR vs DC 2021-04-29,AK Chaudhary,YC Barde,PP Shaw,Delhi Capitals,Ahmedabad,"Narendra Modi Stadium, Ahmedabad",2021-04-29
2nd innings,Delhi Capitals,Kolkata Knight Riders,3.4,S Dhawan,PP Shaw,SP Narine,0,6,6,,,,,KKR vs DC 2021-04-29,AK Chaudhary,YC Barde,PP Shaw,Delhi Capitals,Ahmedabad,"Narendra Modi Stadium, Ahmedabad",2021-04-29
2nd innings,Delhi Capitals,Kolkata Knight Riders,3.5,S Dhawan,PP Shaw,SP Narine,0,4,4,,,,,KKR vs DC 2021-04-29,AK Chaudhary,YC Barde,PP Shaw,Delhi Capitals,Ahmedabad,"Narendra Modi Stadium, Ahmedabad",2021-04-29
2nd innings,Delhi Capitals,Kolkata Knight Riders,3.6,S Dhawan,PP Shaw,SP Narine,0,2,2,,,,,KKR vs DC 2021-04-29,AK Chaudhary,YC Barde,PP Shaw,Delhi Capitals,Ahmedabad,"Narendra Modi Stadium, Ahmedabad",2021-04-29
2nd innings,Delhi Capitals,Kolkata Knight Riders,4.1,PP Shaw,S Dhawan,M Prasidh Krishna,0,4,4,,,,,KKR vs DC 2021-04-29,AK Chaudhary,YC Barde,PP Shaw,Delhi Capitals,Ahmedabad,"Narendra Modi Stadium, Ahmedabad",2021-04-29
2nd innings,Delhi Capitals,Kolkata Knight Riders,4.2,PP Shaw,S Dhawan,M Prasidh Krishna,0,0,0,,,,,KKR vs DC 2021-04-29,AK Chaudhary,YC Barde,PP Shaw,Delhi Capitals,Ahmedabad,"Narendra Modi Stadium, Ahmedabad",2021-04-29
2nd innings,Delhi Capitals,Kolkata Knight Riders,4.3,PP Shaw,S Dhawan,M Prasidh Krishna,0,0,0,,,,,KKR vs DC 2021-04-29,AK Chaudhary,YC Barde,PP Shaw,Delhi Capitals,Ahmedabad,"Narendra Modi Stadium, Ahmedabad",2021-04-29
2nd innings,Delhi Capitals,Kolkata Knight Riders,4.4,PP Shaw,S Dhawan,M Prasidh Krishna,0,0,0,,,,,KKR vs DC 2021-04-29,AK Chaudhary,YC Barde,PP Shaw,Delhi Capitals,Ahmedabad,"Narendra Modi Stadium, Ahmedabad",2021-04-29
2nd innings,Delhi Capitals,Kolkata Knight Riders,4.5,PP Shaw,S Dhawan,M Prasidh Krishna,0,1,1,,,,,KKR vs DC 2021-04-29,AK Chaudhary,YC Barde,PP Shaw,Delhi Capitals,Ahmedabad,"Narendra Modi Stadium, Ahmedabad",2021-04-29
2nd innings,Delhi Capitals,Kolkata Knight Riders,4.6,S Dhawan,PP Shaw,M Prasidh Krishna,0,4,4,,,,,KKR vs DC 2021-04-29,AK Chaudhary,YC Barde,PP Shaw,Delhi Capitals,Ahmedabad,"Narendra Modi Stadium, Ahmedabad",2021-04-29
2nd innings,Delhi Capitals,Kolkata Knight Riders,5.1,PP Shaw,S Dhawan,PJ Cummins,0,0,0,,,,,KKR vs DC 2021-04-29,AK Chaudhary,YC Barde,PP Shaw,Delhi Capitals,Ahmedabad,"Narendra Modi Stadium, Ahmedabad",2021-04-29
2nd innings,Delhi Capitals,Kolkata Knight Riders,5.2,PP Shaw,S Dhawan,PJ Cummins,0,0,0,,,,,KKR vs DC 2021-04-29,AK Chaudhary,YC Barde,PP Shaw,Delhi Capitals,Ahmedabad,"Narendra Modi Stadium, Ahmedabad",2021-04-29
2nd innings,Delhi Capitals,Kolkata Knight Riders,5.3,PP Shaw,S Dhawan,PJ Cummins,0,0,0,,,,,KKR vs DC 2021-04-29,AK Chaudhary,YC Barde,PP Shaw,Delhi Capitals,Ahmedabad,"Narendra Modi Stadium, Ahmedabad",2021-04-29
2nd innings,Delhi Capitals,Kolkata Knight Riders,5.4,PP Shaw,S Dhawan,PJ Cummins,0,0,0,,,,,KKR vs DC 2021-04-29,AK Chaudhary,YC Barde,PP Shaw,Delhi Capitals,Ahmedabad,"Narendra Modi Stadium, Ahmedabad",2021-04-29
2nd innings,Delhi Capitals,Kolkata Knight Riders,5.5,PP Shaw,S Dhawan,PJ Cummins,0,1,1,,,,,KKR vs DC 2021-04-29,AK Chaudhary,YC Barde,PP Shaw,Delhi Capitals,Ahmedabad,"Narendra Modi Stadium, Ahmedabad",2021-04-29
2nd innings,Delhi Capitals,Kolkata Knight Riders,5.6,S Dhawan,PP Shaw,PJ Cummins,0,0,0,,,,,KKR vs DC 2021-04-29,AK Chaudhary,YC Barde,PP Shaw,Delhi Capitals,Ahmedabad,"Narendra Modi Stadium, Ahmedabad",2021-04-29
2nd innings,Delhi Capitals,Kolkata Knight Riders,6.1,PP Shaw,S Dhawan,CV Varun,0,0,0,,,,,KKR vs DC 2021-04-29,AK Chaudhary,YC Barde,PP Shaw,Delhi Capitals,Ahmedabad,"Narendra Modi Stadium, Ahmedabad",2021-04-29
2nd innings,Delhi Capitals,Kolkata Knight Riders,6.2,PP Shaw,S Dhawan,CV Varun,0,1,1,,,,,KKR vs DC 2021-04-29,AK Chaudhary,YC Barde,PP Shaw,Delhi Capitals,Ahmedabad,"Narendra Modi Stadium, Ahmedabad",2021-04-29
2nd innings,Delhi Capitals,Kolkata Knight Riders,6.3,S Dhawan,PP Shaw,CV Varun,0,1,1,,,,,KKR vs DC 2021-04-29,AK Chaudhary,YC Barde,PP Shaw,Delhi Capitals,Ahmedabad,"Narendra Modi Stadium, Ahmedabad",2021-04-29
2nd innings,Delhi Capitals,Kolkata Knight Riders,6.4,PP Shaw,S Dhawan,CV Varun,0,2,2,,,,,KKR vs DC 2021-04-29,AK Chaudhary,YC Barde,PP Shaw,Delhi Capitals,Ahmedabad,"Narendra Modi Stadium, Ahmedabad",2021-04-29
2nd innings,Delhi Capitals,Kolkata Knight Riders,6.5,PP Shaw,S Dhawan,CV Varun,0,0,0,,,,,KKR vs DC 2021-04-29,AK Chaudhary,YC Barde,PP Shaw,Delhi Capitals,Ahmedabad,"Narendra Modi Stadium, Ahmedabad",2021-04-29
2nd innings,Delhi Capitals,Kolkata Knight Riders,6.6,PP Shaw,S Dhawan,CV Varun,0,0,0,,,,,KKR vs DC 2021-04-29,AK Chaudhary,YC Barde,PP Shaw,Delhi Capitals,Ahmedabad,"Narendra Modi Stadium, Ahmedabad",2021-04-29
2nd innings,Delhi Capitals,Kolkata Knight Riders,7.1,S Dhawan,PP Shaw,PJ Cummins,0,1,1,,,,,KKR vs DC 2021-04-29,AK Chaudhary,YC Barde,PP Shaw,Delhi Capitals,Ahmedabad,"Narendra Modi Stadium, Ahmedabad",2021-04-29
2nd innings,Delhi Capitals,Kolkata Knight Riders,7.2,PP Shaw,S Dhawan,PJ Cummins,0,4,4,,,,,KKR vs DC 2021-04-29,AK Chaudhary,YC Barde,PP Shaw,Delhi Capitals,Ahmedabad,"Narendra Modi Stadium, Ahmedabad",2021-04-29
2nd innings,Delhi Capitals,Kolkata Knight Riders,7.3,PP Shaw,S Dhawan,PJ Cummins,0,1,1,,,,,KKR vs DC 2021-04-29,AK Chaudhary,YC Barde,PP Shaw,Delhi Capitals,Ahmedabad,"Narendra Modi Stadium, Ahmedabad",2021-04-29
2nd innings,Delhi Capitals,Kolkata Knight Riders,7.4,S Dhawan,PP Shaw,PJ Cummins,0,4,4,,,,,KKR vs DC 2021-04-29,AK Chaudhary,YC Barde,PP Shaw,Delhi Capitals,Ahmedabad,"Narendra Modi Stadium, Ahmedabad",2021-04-29
2nd innings,Delhi Capitals,Kolkata Knight Riders,7.5,S Dhawan,PP Shaw,PJ Cummins,0,0,0,,,,,KKR vs DC 2021-04-29,AK Chaudhary,YC Barde,PP Shaw,Delhi Capitals,Ahmedabad,"Narendra Modi Stadium, Ahmedabad",2021-04-29
2nd innings,Delhi Capitals,Kolkata Knight Riders,7.6,S Dhawan,PP Shaw,PJ Cummins,0,0,0,,,,,KKR vs DC 2021-04-29,AK Chaudhary,YC Barde,PP Shaw,Delhi Capitals,Ahmedabad,"Narendra Modi Stadium, Ahmedabad",2021-04-29
2nd innings,Delhi Capitals,Kolkata Knight Riders,8.1,PP Shaw,S Dhawan,SP Narine,0,0,0,,,,,KKR vs DC 2021-04-29,AK Chaudhary,YC Barde,PP Shaw,Delhi Capitals,Ahmedabad,"Narendra Modi Stadium, Ahmedabad",2021-04-29
2nd innings,Delhi Capitals,Kolkata Knight Riders,8.2,PP Shaw,S Dhawan,SP Narine,0,0,0,,,,,KKR vs DC 2021-04-29,AK Chaudhary,YC Barde,PP Shaw,Delhi Capitals,Ahmedabad,"Narendra Modi Stadium, Ahmedabad",2021-04-29
2nd innings,Delhi Capitals,Kolkata Knight Riders,8.3,PP Shaw,S Dhawan,SP Narine,0,0,0,,,,,KKR vs DC 2021-04-29,AK Chaudhary,YC Barde,PP Shaw,Delhi Capitals,Ahmedabad,"Narendra Modi Stadium, Ahmedabad",2021-04-29
2nd innings,Delhi Capitals,Kolkata Knight Riders,8.4,PP Shaw,S Dhawan,SP Narine,0,1,1,,,,,KKR vs DC 2021-04-29,AK Chaudhary,YC Barde,PP Shaw,Delhi Capitals,Ahmedabad,"Narendra Modi Stadium, Ahmedabad",2021-04-29
2nd innings,Delhi Capitals,Kolkata Knight Riders,8.5,S Dhawan,PP Shaw,SP Narine,0,1,1,,,,,KKR vs DC 2021-04-29,AK Chaudhary,YC Barde,PP Shaw,Delhi Capitals,Ahmedabad,"Narendra Modi Stadium, Ahmedabad",2021-04-29
2nd innings,Delhi Capitals,Kolkata Knight Riders,8.6,PP Shaw,S Dhawan,SP Narine,0,1,1,,,,,KKR vs DC 2021-04-29,AK Chaudhary,YC Barde,PP Shaw,Delhi Capitals,Ahmedabad,"Narendra Modi Stadium, Ahmedabad",2021-04-29
2nd innings,Delhi Capitals,Kolkata Knight Riders,9.1,PP Shaw,S Dhawan,CV Varun,0,1,1,,,,,KKR vs DC 2021-04-29,AK Chaudhary,YC Barde,PP Shaw,Delhi Capitals,Ahmedabad,"Narendra Modi Stadium, Ahmedabad",2021-04-29
2nd innings,Delhi Capitals,Kolkata Knight Riders,9.2,S Dhawan,PP Shaw,CV Varun,0,6,6,,,,,KKR vs DC 2021-04-29,AK Chaudhary,YC Barde,PP Shaw,Delhi Capitals,Ahmedabad,"Narendra Modi Stadium, Ahmedabad",2021-04-29
2nd innings,Delhi Capitals,Kolkata Knight Riders,9.3,S Dhawan,PP Shaw,CV Varun,0,1,1,,,,,KKR vs DC 2021-04-29,AK Chaudhary,YC Barde,PP Shaw,Delhi Capitals,Ahmedabad,"Narendra Modi Stadium, Ahmedabad",2021-04-29
2nd innings,Delhi Capitals,Kolkata Knight Riders,9.4,PP Shaw,S Dhawan,CV Varun,0,1,1,,,,,KKR vs DC 2021-04-29,AK Chaudhary,YC Barde,PP Shaw,Delhi Capitals,Ahmedabad,"Narendra Modi Stadium, Ahmedabad",2021-04-29
2nd innings,Delhi Capitals,Kolkata Knight Riders,9.5,S Dhawan,PP Shaw,CV Varun,0,1,1,,,,,KKR vs DC 2021-04-29,AK Chaudhary,YC Barde,PP Shaw,Delhi Capitals,Ahmedabad,"Narendra Modi Stadium, Ahmedabad",2021-04-29
2nd innings,Delhi Capitals,Kolkata Knight Riders,9.6,PP Shaw,S Dhawan,CV Varun,0,1,1,,,,,KKR vs DC 2021-04-29,AK Chaudhary,YC Barde,PP Shaw,Delhi Capitals,Ahmedabad,"Narendra Modi Stadium, Ahmedabad",2021-04-29
2nd innings,Delhi Capitals,Kolkata Knight Riders,10.1,PP Shaw,S Dhawan,SP Narine,0,1,1,,,,,KKR vs DC 2021-04-29,AK Chaudhary,YC Barde,PP Shaw,Delhi Capitals,Ahmedabad,"Narendra Modi Stadium, Ahmedabad",2021-04-29
2nd innings,Delhi Capitals,Kolkata Knight Riders,10.2,S Dhawan,PP Shaw,SP Narine,0,4,4,,,,,KKR vs DC 2021-04-29,AK Chaudhary,YC Barde,PP Shaw,Delhi Capitals,Ahmedabad,"Narendra Modi Stadium, Ahmedabad",2021-04-29
2nd innings,Delhi Capitals,Kolkata Knight Riders,10.3,S Dhawan,PP Shaw,SP Narine,0,1,1,,,,,KKR vs DC 2021-04-29,AK Chaudhary,YC Barde,PP Shaw,Delhi Capitals,Ahmedabad,"Narendra Modi Stadium, Ahmedabad",2021-04-29
2nd innings,Delhi Capitals,Kolkata Knight Riders,10.4,PP Shaw,S Dhawan,SP Narine,0,1,1,,,,,KKR vs DC 2021-04-29,AK Chaudhary,YC Barde,PP Shaw,Delhi Capitals,Ahmedabad,"Narendra Modi Stadium, Ahmedabad",2021-04-29
2nd innings,Delhi Capitals,Kolkata Knight Riders,10.5,S Dhawan,PP Shaw,SP Narine,0,1,1,,,,,KKR vs DC 2021-04-29,AK Chaudhary,YC Barde,PP Shaw,Delhi Capitals,Ahmedabad,"Narendra Modi Stadium, Ahmedabad",2021-04-29
2nd innings,Delhi Capitals,Kolkata Knight Riders,10.6,PP Shaw,S Dhawan,SP Narine,0,1,1,,,,,KKR vs DC 2021-04-29,AK Chaudhary,YC Barde,PP Shaw,Delhi Capitals,Ahmedabad,"Narendra Modi Stadium, Ahmedabad",2021-04-29
2nd innings,Delhi Capitals,Kolkata Knight Riders,11.1,PP Shaw,S Dhawan,CV Varun,0,4,4,,,,,KKR vs DC 2021-04-29,AK Chaudhary,YC Barde,PP Shaw,Delhi Capitals,Ahmedabad,"Narendra Modi Stadium, Ahmedabad",2021-04-29
2nd innings,Delhi Capitals,Kolkata Knight Riders,11.2,PP Shaw,S Dhawan,CV Varun,0,0,0,,,,,KKR vs DC 2021-04-29,AK Chaudhary,YC Barde,PP Shaw,Delhi Capitals,Ahmedabad,"Narendra Modi Stadium, Ahmedabad",2021-04-29
2nd innings,Delhi Capitals,Kolkata Knight Riders,11.3,PP Shaw,S Dhawan,CV Varun,1,0,1,wides,,,,KKR vs DC 2021-04-29,AK Chaudhary,YC Barde,PP Shaw,Delhi Capitals,Ahmedabad,"Narendra Modi Stadium, Ahmedabad",2021-04-29
2nd innings,Delhi Capitals,Kolkata Knight Riders,11.4,PP Shaw,S Dhawan,CV Varun,0,1,1,,,,,KKR vs DC 2021-04-29,AK Chaudhary,YC Barde,PP Shaw,Delhi Capitals,Ahmedabad,"Narendra Modi Stadium, Ahmedabad",2021-04-29
2nd innings,Delhi Capitals,Kolkata Knight Riders,11.5,S Dhawan,PP Shaw,CV Varun,0,1,1,,,,,KKR vs DC 2021-04-29,AK Chaudhary,YC Barde,PP Shaw,Delhi Capitals,Ahmedabad,"Narendra Modi Stadium, Ahmedabad",2021-04-29
2nd innings,Delhi Capitals,Kolkata Knight Riders,11.6,PP Shaw,S Dhawan,CV Varun,0,1,1,,,,,KKR vs DC 2021-04-29,AK Chaudhary,YC Barde,PP Shaw,Delhi Capitals,Ahmedabad,"Narendra Modi Stadium, Ahmedabad",2021-04-29
2nd innings,Delhi Capitals,Kolkata Knight Riders,11.7,S Dhawan,PP Shaw,CV Varun,0,1,1,,,,,KKR vs DC 2021-04-29,AK Chaudhary,YC Barde,PP Shaw,Delhi Capitals,Ahmedabad,"Narendra Modi Stadium, Ahmedabad",2021-04-29
2nd innings,Delhi Capitals,Kolkata Knight Riders,12.1,S Dhawan,PP Shaw,SP Narine,0,6,6,,,,,KKR vs DC 2021-04-29,AK Chaudhary,YC Barde,PP Shaw,Delhi Capitals,Ahmedabad,"Narendra Modi Stadium, Ahmedabad",2021-04-29
2nd innings,Delhi Capitals,Kolkata Knight Riders,12.2,S Dhawan,PP Shaw,SP Narine,0,0,0,,,,,KKR vs DC 2021-04-29,AK Chaudhary,YC Barde,PP Shaw,Delhi Capitals,Ahmedabad,"Narendra Modi Stadium, Ahmedabad",2021-04-29
2nd innings,Delhi Capitals,Kolkata Knight Riders,12.3,S Dhawan,PP Shaw,SP Narine,0,1,1,,,,,KKR vs DC 2021-04-29,AK Chaudhary,YC Barde,PP Shaw,Delhi Capitals,Ahmedabad,"Narendra Modi Stadium, Ahmedabad",2021-04-29
2nd innings,Delhi Capitals,Kolkata Knight Riders,12.4,PP Shaw,S Dhawan,SP Narine,0,0,0,,,,,KKR vs DC 2021-04-29,AK Chaudhary,YC Barde,PP Shaw,Delhi Capitals,Ahmedabad,"Narendra Modi Stadium, Ahmedabad",2021-04-29
2nd innings,Delhi Capitals,Kolkata Knight Riders,12.5,PP Shaw,S Dhawan,SP Narine,0,1,1,,,,,KKR vs DC 2021-04-29,AK Chaudhary,YC Barde,PP Shaw,Delhi Capitals,Ahmedabad,"Narendra Modi Stadium, Ahmedabad",2021-04-29
2nd innings,Delhi Capitals,Kolkata Knight Riders,12.6,S Dhawan,PP Shaw,SP Narine,1,0,1,wides,,,,KKR vs DC 2021-04-29,AK Chaudhary,YC Barde,PP Shaw,Delhi Capitals,Ahmedabad,"Narendra Modi Stadium, Ahmedabad",2021-04-29
2nd innings,Delhi Capitals,Kolkata Knight Riders,12.7,S Dhawan,PP Shaw,SP Narine,0,1,1,,,,,KKR vs DC 2021-04-29,AK Chaudhary,YC Barde,PP Shaw,Delhi Capitals,Ahmedabad,"Narendra Modi Stadium, Ahmedabad",2021-04-29
2nd innings,Delhi Capitals,Kolkata Knight Riders,13.1,S Dhawan,PP Shaw,PJ Cummins,0,2,2,,,,,KKR vs DC 2021-04-29,AK Chaudhary,YC Barde,PP Shaw,Delhi Capitals,Ahmedabad,"Narendra Modi Stadium, Ahmedabad",2021-04-29
2nd innings,Delhi Capitals,Kolkata Knight Riders,13.2,S Dhawan,PP Shaw,PJ Cummins,0,1,1,,,,,KKR vs DC 2021-04-29,AK Chaudhary,YC Barde,PP Shaw,Delhi Capitals,Ahmedabad,"Narendra Modi Stadium, Ahmedabad",2021-04-29
2nd innings,Delhi Capitals,Kolkata Knight Riders,13.3,PP Shaw,S Dhawan,PJ Cummins,0,6,6,,,,,KKR vs DC 2021-04-29,AK Chaudhary,YC Barde,PP Shaw,Delhi Capitals,Ahmedabad,"Narendra Modi Stadium, Ahmedabad",2021-04-29
2nd innings,Delhi Capitals,Kolkata Knight Riders,13.4,PP Shaw,S Dhawan,PJ Cummins,0,0,0,,,,,KKR vs DC 2021-04-29,AK Chaudhary,YC Barde,PP Shaw,Delhi Capitals,Ahmedabad,"Narendra Modi Stadium, Ahmedabad",2021-04-29
2nd innings,Delhi Capitals,Kolkata Knight Riders,13.5,PP Shaw,S Dhawan,PJ Cummins,0,0,0,,S Dhawan,lbw,,KKR vs DC 2021-04-29,AK Chaudhary,YC Barde,PP Shaw,Delhi Capitals,Ahmedabad,"Narendra Modi Stadium, Ahmedabad",2021-04-29
2nd innings,Delhi Capitals,Kolkata Knight Riders,13.6,PP Shaw,RR Pant,PJ Cummins,0,0,0,,,,,KKR vs DC 2021-04-29,AK Chaudhary,YC Barde,PP Shaw,Delhi Capitals,Ahmedabad,"Narendra Modi Stadium, Ahmedabad",2021-04-29
2nd innings,Delhi Capitals,Kolkata Knight Riders,14.1,RR Pant,PP Shaw,M Prasidh Krishna,0,0,0,,,,,KKR vs DC 2021-04-29,AK Chaudhary,YC Barde,PP Shaw,Delhi Capitals,Ahmedabad,"Narendra Modi Stadium, Ahmedabad",2021-04-29
2nd innings,Delhi Capitals,Kolkata Knight Riders,14.2,RR Pant,PP Shaw,M Prasidh Krishna,1,0,1,noballs,,,,KKR vs DC 2021-04-29,AK Chaudhary,YC Barde,PP Shaw,Delhi Capitals,Ahmedabad,"Narendra Modi Stadium, Ahmedabad",2021-04-29
2nd innings,Delhi Capitals,Kolkata Knight Riders,14.3,RR Pant,PP Shaw,M Prasidh Krishna,1,0,1,byes,,,,KKR vs DC 2021-04-29,AK Chaudhary,YC Barde,PP Shaw,Delhi Capitals,Ahmedabad,"Narendra Modi Stadium, Ahmedabad",2021-04-29
2nd innings,Delhi Capitals,Kolkata Knight Riders,14.4,PP Shaw,RR Pant,M Prasidh Krishna,0,2,2,,,,,KKR vs DC 2021-04-29,AK Chaudhary,YC Barde,PP Shaw,Delhi Capitals,Ahmedabad,"Narendra Modi Stadium, Ahmedabad",2021-04-29
2nd innings,Delhi Capitals,Kolkata Knight Riders,14.5,PP Shaw,RR Pant,M Prasidh Krishna,0,4,4,,,,,KKR vs DC 2021-04-29,AK Chaudhary,YC Barde,PP Shaw,Delhi Capitals,Ahmedabad,"Narendra Modi Stadium, Ahmedabad",2021-04-29
2nd innings,Delhi Capitals,Kolkata Knight Riders,14.6,PP Shaw,RR Pant,M Prasidh Krishna,0,6,6,,,,,KKR vs DC 2021-04-29,AK Chaudhary,YC Barde,PP Shaw,Delhi Capitals,Ahmedabad,"Narendra Modi Stadium, Ahmedabad",2021-04-29
2nd innings,Delhi Capitals,Kolkata Knight Riders,14.7,PP Shaw,RR Pant,M Prasidh Krishna,0,0,0,,,,,KKR vs DC 2021-04-29,AK Chaudhary,YC Barde,PP Shaw,Delhi Capitals,Ahmedabad,"Narendra Modi Stadium, Ahmedabad",2021-04-29
2nd innings,Delhi Capitals,Kolkata Knight Riders,15.1,RR Pant,PP Shaw,PJ Cummins,0,0,0,,,,,KKR vs DC 2021-04-29,AK Chaudhary,YC Barde,PP Shaw,Delhi Capitals,Ahmedabad,"Narendra Modi Stadium, Ahmedabad",2021-04-29
2nd innings,Delhi Capitals,Kolkata Knight Riders,15.2,RR Pant,PP Shaw,PJ Cummins,0,0,0,,PP Shaw,caught,N Rana,KKR vs DC 2021-04-29,AK Chaudhary,YC Barde,PP Shaw,Delhi Capitals,Ahmedabad,"Narendra Modi Stadium, Ahmedabad",2021-04-29
2nd innings,Delhi Capitals,Kolkata Knight Riders,15.3,MP Stoinis,RR Pant,PJ Cummins,0,0,0,,,,,KKR vs DC 2021-04-29,AK Chaudhary,YC Barde,PP Shaw,Delhi Capitals,Ahmedabad,"Narendra Modi Stadium, Ahmedabad",2021-04-29
2nd innings,Delhi Capitals,Kolkata Knight Riders,15.4,MP Stoinis,RR Pant,PJ Cummins,0,4,4,,,,,KKR vs DC 2021-04-29,AK Chaudhary,YC Barde,PP Shaw,Delhi Capitals,Ahmedabad,"Narendra Modi Stadium, Ahmedabad",2021-04-29
2nd innings,Delhi Capitals,Kolkata Knight Riders,15.5,MP Stoinis,RR Pant,PJ Cummins,0,0,0,,RR Pant,caught,Shivam Mavi,KKR vs DC 2021-04-29,AK Chaudhary,YC Barde,PP Shaw,Delhi Capitals,Ahmedabad,"Narendra Modi Stadium, Ahmedabad",2021-04-29
2nd innings,Delhi Capitals,Kolkata Knight Riders,15.6,MP Stoinis,SO Hetmyer,PJ Cummins,0,0,0,,,,,KKR vs DC 2021-04-29,AK Chaudhary,YC Barde,PP Shaw,Delhi Capitals,Ahmedabad,"Narendra Modi Stadium, Ahmedabad",2021-04-29
2nd innings,Delhi Capitals,Kolkata Knight Riders,16.1,SO Hetmyer,MP Stoinis,M Prasidh Krishna,0,2,2,,,,,KKR vs DC 2021-04-29,AK Chaudhary,YC Barde,PP Shaw,Delhi Capitals,Ahmedabad,"Narendra Modi Stadium, Ahmedabad",2021-04-29
2nd innings,Delhi Capitals,Kolkata Knight Riders,16.2,SO Hetmyer,MP Stoinis,M Prasidh Krishna,0,0,0,,,,,KKR vs DC 2021-04-29,AK Chaudhary,YC Barde,PP Shaw,Delhi Capitals,Ahmedabad,"Narendra Modi Stadium, Ahmedabad",2021-04-29
2nd innings,Delhi Capitals,Kolkata Knight Riders,16.3,SO Hetmyer,MP Stoinis,M Prasidh Krishna,0,4,4,,,,,KKR vs DC 2021-04-29,AK Chaudhary,YC Barde,PP Shaw,Delhi Capitals,Ahmedabad,"Narendra Modi Stadium, Ahmedabad",2021-04-29
