inning,batting_team,bowling_team,ball,non_striker,batsman,bowler,extra_runs,batsman_run,total_runs,extras,player_out,elimination_kind,fielders_caught,match_name,umpires_1,umpires_2,player_of_match,winner,city,venue,dates
1st innings,Kolkata Knight Riders,Chennai Super Kings,0.1,VR Iyer,Shubman Gill,DL Chahar,0,1,1,,,,,KKR vs CSK 2021-09-26,CB Gaffaney,Tapan Sharma,RA Jadeja,Chennai Super Kings,Abu Dhabi,"Zayed Cricket Stadium, Abu Dhabi",2021-09-26
1st innings,Kolkata Knight Riders,Chennai Super Kings,0.2,Shubman Gill,VR Iyer,DL Chahar,0,1,1,,,,,KKR vs CSK 2021-09-26,CB Gaffaney,Tapan Sharma,RA Jadeja,Chennai Super Kings,Abu Dhabi,"Zayed Cricket Stadium, Abu Dhabi",2021-09-26
1st innings,Kolkata Knight Riders,Chennai Super Kings,0.3,VR Iyer,Shubman Gill,DL Chahar,0,4,4,,,,,KKR vs CSK 2021-09-26,CB Gaffaney,Tapan Sharma,RA Jadeja,Chennai Super Kings,Abu Dhabi,"Zayed Cricket Stadium, Abu Dhabi",2021-09-26
1st innings,Kolkata Knight Riders,Chennai Super Kings,0.4,VR Iyer,Shubman Gill,DL Chahar,0,4,4,,,,,KKR vs CSK 2021-09-26,CB Gaffaney,Tapan Sharma,RA Jadeja,Chennai Super Kings,Abu Dhabi,"Zayed Cricket Stadium, Abu Dhabi",2021-09-26
1st innings,Kolkata Knight Riders,Chennai Super Kings,0.5,VR Iyer,Shubman Gill,DL Chahar,0,0,0,,,,,KKR vs CSK 2021-09-26,CB Gaffaney,Tapan Sharma,RA Jadeja,Chennai Super Kings,Abu Dhabi,"Zayed Cricket Stadium, Abu Dhabi",2021-09-26
1st innings,Kolkata Knight Riders,Chennai Super Kings,0.6,VR Iyer,Shubman Gill,DL Chahar,0,0,0,,Shubman Gill,run out,,KKR vs CSK 2021-09-26,CB Gaffaney,Tapan Sharma,RA Jadeja,Chennai Super Kings,Abu Dhabi,"Zayed Cricket Stadium, Abu Dhabi",2021-09-26
1st innings,Kolkata Knight Riders,Chennai Super Kings,1.1,RA Tripathi,VR Iyer,SM Curran,1,0,1,wides,,,,KKR vs CSK 2021-09-26,CB Gaffaney,Tapan Sharma,RA Jadeja,Chennai Super Kings,Abu Dhabi,"Zayed Cricket Stadium, Abu Dhabi",2021-09-26
1st innings,Kolkata Knight Riders,Chennai Super Kings,1.2,RA Tripathi,VR Iyer,SM Curran,0,1,1,,,,,KKR vs CSK 2021-09-26,CB Gaffaney,Tapan Sharma,RA Jadeja,Chennai Super Kings,Abu Dhabi,"Zayed Cricket Stadium, Abu Dhabi",2021-09-26
1st innings,Kolkata Knight Riders,Chennai Super Kings,1.3,VR Iyer,RA Tripathi,SM Curran,0,1,1,,,,,KKR vs CSK 2021-09-26,CB Gaffaney,Tapan Sharma,RA Jadeja,Chennai Super Kings,Abu Dhabi,"Zayed Cricket Stadium, Abu Dhabi",2021-09-26
1st innings,Kolkata Knight Riders,Chennai Super Kings,1.4,RA Tripathi,VR Iyer,SM Curran,0,0,0,,,,,KKR vs CSK 2021-09-26,CB Gaffaney,Tapan Sharma,RA Jadeja,Chennai Super Kings,Abu Dhabi,"Zayed Cricket Stadium, Abu Dhabi",2021-09-26
1st innings,Kolkata Knight Riders,Chennai Super Kings,1.5,RA Tripathi,VR Iyer,SM Curran,0,1,1,,,,,KKR vs CSK 2021-09-26,CB Gaffaney,Tapan Sharma,RA Jadeja,Chennai Super Kings,Abu Dhabi,"Zayed Cricket Stadium, Abu Dhabi",2021-09-26
1st innings,Kolkata Knight Riders,Chennai Super Kings,1.6,VR Iyer,RA Tripathi,SM Curran,0,4,4,,,,,KKR vs CSK 2021-09-26,CB Gaffaney,Tapan Sharma,RA Jadeja,Chennai Super Kings,Abu Dhabi,"Zayed Cricket Stadium, Abu Dhabi",2021-09-26
1st innings,Kolkata Knight Riders,Chennai Super Kings,1.7,VR Iyer,RA Tripathi,SM Curran,0,1,1,,,,,KKR vs CSK 2021-09-26,CB Gaffaney,Tapan Sharma,RA Jadeja,Chennai Super Kings,Abu Dhabi,"Zayed Cricket Stadium, Abu Dhabi",2021-09-26
1st innings,Kolkata Knight Riders,Chennai Super Kings,2.1,VR Iyer,RA Tripathi,DL Chahar,0,1,1,,,,,KKR vs CSK 2021-09-26,CB Gaffaney,Tapan Sharma,RA Jadeja,Chennai Super Kings,Abu Dhabi,"Zayed Cricket Stadium, Abu Dhabi",2021-09-26
1st innings,Kolkata Knight Riders,Chennai Super Kings,2.2,RA Tripathi,VR Iyer,DL Chahar,0,1,1,,,,,KKR vs CSK 2021-09-26,CB Gaffaney,Tapan Sharma,RA Jadeja,Chennai Super Kings,Abu Dhabi,"Zayed Cricket Stadium, Abu Dhabi",2021-09-26
1st innings,Kolkata Knight Riders,Chennai Super Kings,2.3,VR Iyer,RA Tripathi,DL Chahar,0,1,1,,,,,KKR vs CSK 2021-09-26,CB Gaffaney,Tapan Sharma,RA Jadeja,Chennai Super Kings,Abu Dhabi,"Zayed Cricket Stadium, Abu Dhabi",2021-09-26
1st innings,Kolkata Knight Riders,Chennai Super Kings,2.4,RA Tripathi,VR Iyer,DL Chahar,0,0,0,,,,,KKR vs CSK 2021-09-26,CB Gaffaney,Tapan Sharma,RA Jadeja,Chennai Super Kings,Abu Dhabi,"Zayed Cricket Stadium, Abu Dhabi",2021-09-26
1st innings,Kolkata Knight Riders,Chennai Super Kings,2.5,RA Tripathi,VR Iyer,DL Chahar,0,0,0,,,,,KKR vs CSK 2021-09-26,CB Gaffaney,Tapan Sharma,RA Jadeja,Chennai Super Kings,Abu Dhabi,"Zayed Cricket Stadium, Abu Dhabi",2021-09-26
1st innings,Kolkata Knight Riders,Chennai Super Kings,2.6,RA Tripathi,VR Iyer,DL Chahar,0,4,4,,,,,KKR vs CSK 2021-09-26,CB Gaffaney,Tapan Sharma,RA Jadeja,Chennai Super Kings,Abu Dhabi,"Zayed Cricket Stadium, Abu Dhabi",2021-09-26
1st innings,Kolkata Knight Riders,Chennai Super Kings,3.1,VR Iyer,RA Tripathi,SM Curran,0,0,0,,,,,KKR vs CSK 2021-09-26,CB Gaffaney,Tapan Sharma,RA Jadeja,Chennai Super Kings,Abu Dhabi,"Zayed Cricket Stadium, Abu Dhabi",2021-09-26
1st innings,Kolkata Knight Riders,Chennai Super Kings,3.2,VR Iyer,RA Tripathi,SM Curran,0,4,4,,,,,KKR vs CSK 2021-09-26,CB Gaffaney,Tapan Sharma,RA Jadeja,Chennai Super Kings,Abu Dhabi,"Zayed Cricket Stadium, Abu Dhabi",2021-09-26
1st innings,Kolkata Knight Riders,Chennai Super Kings,3.3,VR Iyer,RA Tripathi,SM Curran,0,1,1,,,,,KKR vs CSK 2021-09-26,CB Gaffaney,Tapan Sharma,RA Jadeja,Chennai Super Kings,Abu Dhabi,"Zayed Cricket Stadium, Abu Dhabi",2021-09-26
1st innings,Kolkata Knight Riders,Chennai Super Kings,3.4,RA Tripathi,VR Iyer,SM Curran,0,1,1,,,,,KKR vs CSK 2021-09-26,CB Gaffaney,Tapan Sharma,RA Jadeja,Chennai Super Kings,Abu Dhabi,"Zayed Cricket Stadium, Abu Dhabi",2021-09-26
1st innings,Kolkata Knight Riders,Chennai Super Kings,3.5,VR Iyer,RA Tripathi,SM Curran,1,0,1,noballs,,,,KKR vs CSK 2021-09-26,CB Gaffaney,Tapan Sharma,RA Jadeja,Chennai Super Kings,Abu Dhabi,"Zayed Cricket Stadium, Abu Dhabi",2021-09-26
1st innings,Kolkata Knight Riders,Chennai Super Kings,3.6,VR Iyer,RA Tripathi,SM Curran,0,6,6,,,,,KKR vs CSK 2021-09-26,CB Gaffaney,Tapan Sharma,RA Jadeja,Chennai Super Kings,Abu Dhabi,"Zayed Cricket Stadium, Abu Dhabi",2021-09-26
1st innings,Kolkata Knight Riders,Chennai Super Kings,3.7,VR Iyer,RA Tripathi,SM Curran,0,1,1,,,,,KKR vs CSK 2021-09-26,CB Gaffaney,Tapan Sharma,RA Jadeja,Chennai Super Kings,Abu Dhabi,"Zayed Cricket Stadium, Abu Dhabi",2021-09-26
1st innings,Kolkata Knight Riders,Chennai Super Kings,4.1,VR Iyer,RA Tripathi,JR Hazlewood,0,1,1,,,,,KKR vs CSK 2021-09-26,CB Gaffaney,Tapan Sharma,RA Jadeja,Chennai Super Kings,Abu Dhabi,"Zayed Cricket Stadium, Abu Dhabi",2021-09-26
1st innings,Kolkata Knight Riders,Chennai Super Kings,4.2,RA Tripathi,VR Iyer,JR Hazlewood,0,4,4,,,,,KKR vs CSK 2021-09-26,CB Gaffaney,Tapan Sharma,RA Jadeja,Chennai Super Kings,Abu Dhabi,"Zayed Cricket Stadium, Abu Dhabi",2021-09-26
1st innings,Kolkata Knight Riders,Chennai Super Kings,4.3,RA Tripathi,VR Iyer,JR Hazlewood,0,0,0,,,,,KKR vs CSK 2021-09-26,CB Gaffaney,Tapan Sharma,RA Jadeja,Chennai Super Kings,Abu Dhabi,"Zayed Cricket Stadium, Abu Dhabi",2021-09-26
1st innings,Kolkata Knight Riders,Chennai Super Kings,4.4,RA Tripathi,VR Iyer,JR Hazlewood,0,4,4,,,,,KKR vs CSK 2021-09-26,CB Gaffaney,Tapan Sharma,RA Jadeja,Chennai Super Kings,Abu Dhabi,"Zayed Cricket Stadium, Abu Dhabi",2021-09-26
1st innings,Kolkata Knight Riders,Chennai Super Kings,4.5,RA Tripathi,VR Iyer,JR Hazlewood,0,0,0,,,,,KKR vs CSK 2021-09-26,CB Gaffaney,Tapan Sharma,RA Jadeja,Chennai Super Kings,Abu Dhabi,"Zayed Cricket Stadium, Abu Dhabi",2021-09-26
1st innings,Kolkata Knight Riders,Chennai Super Kings,4.6,RA Tripathi,VR Iyer,JR Hazlewood,0,1,1,,,,,KKR vs CSK 2021-09-26,CB Gaffaney,Tapan Sharma,RA Jadeja,Chennai Super Kings,Abu Dhabi,"Zayed Cricket Stadium, Abu Dhabi",2021-09-26
1st innings,Kolkata Knight Riders,Chennai Super Kings,5.1,RA Tripathi,VR Iyer,SN Thakur,0,0,0,,VR Iyer,caught,MS Dhoni,KKR vs CSK 2021-09-26,CB Gaffaney,Tapan Sharma,RA Jadeja,Chennai Super Kings,Abu Dhabi,"Zayed Cricket Stadium, Abu Dhabi",2021-09-26
1st innings,Kolkata Knight Riders,Chennai Super Kings,5.2,RA Tripathi,EJG Morgan,SN Thakur,0,0,0,,,,,KKR vs CSK 2021-09-26,CB Gaffaney,Tapan Sharma,RA Jadeja,Chennai Super Kings,Abu Dhabi,"Zayed Cricket Stadium, Abu Dhabi",2021-09-26
1st innings,Kolkata Knight Riders,Chennai Super Kings,5.3,RA Tripathi,EJG Morgan,SN Thakur,0,0,0,,,,,KKR vs CSK 2021-09-26,CB Gaffaney,Tapan Sharma,RA Jadeja,Chennai Super Kings,Abu Dhabi,"Zayed Cricket Stadium, Abu Dhabi",2021-09-26
1st innings,Kolkata Knight Riders,Chennai Super Kings,5.4,RA Tripathi,EJG Morgan,SN Thakur,0,0,0,,,,,KKR vs CSK 2021-09-26,CB Gaffaney,Tapan Sharma,RA Jadeja,Chennai Super Kings,Abu Dhabi,"Zayed Cricket Stadium, Abu Dhabi",2021-09-26
1st innings,Kolkata Knight Riders,Chennai Super Kings,5.5,RA Tripathi,EJG Morgan,SN Thakur,0,0,0,,,,,KKR vs CSK 2021-09-26,CB Gaffaney,Tapan Sharma,RA Jadeja,Chennai Super Kings,Abu Dhabi,"Zayed Cricket Stadium, Abu Dhabi",2021-09-26
1st innings,Kolkata Knight Riders,Chennai Super Kings,5.6,RA Tripathi,EJG Morgan,SN Thakur,0,0,0,,,,,KKR vs CSK 2021-09-26,CB Gaffaney,Tapan Sharma,RA Jadeja,Chennai Super Kings,Abu Dhabi,"Zayed Cricket Stadium, Abu Dhabi",2021-09-26
1st innings,Kolkata Knight Riders,Chennai Super Kings,6.1,EJG Morgan,RA Tripathi,RA Jadeja,0,0,0,,,,,KKR vs CSK 2021-09-26,CB Gaffaney,Tapan Sharma,RA Jadeja,Chennai Super Kings,Abu Dhabi,"Zayed Cricket Stadium, Abu Dhabi",2021-09-26
1st innings,Kolkata Knight Riders,Chennai Super Kings,6.2,EJG Morgan,RA Tripathi,RA Jadeja,0,1,1,,,,,KKR vs CSK 2021-09-26,CB Gaffaney,Tapan Sharma,RA Jadeja,Chennai Super Kings,Abu Dhabi,"Zayed Cricket Stadium, Abu Dhabi",2021-09-26
1st innings,Kolkata Knight Riders,Chennai Super Kings,6.3,RA Tripathi,EJG Morgan,RA Jadeja,0,1,1,,,,,KKR vs CSK 2021-09-26,CB Gaffaney,Tapan Sharma,RA Jadeja,Chennai Super Kings,Abu Dhabi,"Zayed Cricket Stadium, Abu Dhabi",2021-09-26
1st innings,Kolkata Knight Riders,Chennai Super Kings,6.4,EJG Morgan,RA Tripathi,RA Jadeja,0,1,1,,,,,KKR vs CSK 2021-09-26,CB Gaffaney,Tapan Sharma,RA Jadeja,Chennai Super Kings,Abu Dhabi,"Zayed Cricket Stadium, Abu Dhabi",2021-09-26
1st innings,Kolkata Knight Riders,Chennai Super Kings,6.5,RA Tripathi,EJG Morgan,RA Jadeja,0,0,0,,,,,KKR vs CSK 2021-09-26,CB Gaffaney,Tapan Sharma,RA Jadeja,Chennai Super Kings,Abu Dhabi,"Zayed Cricket Stadium, Abu Dhabi",2021-09-26
1st innings,Kolkata Knight Riders,Chennai Super Kings,6.6,RA Tripathi,EJG Morgan,RA Jadeja,0,2,2,,,,,KKR vs CSK 2021-09-26,CB Gaffaney,Tapan Sharma,RA Jadeja,Chennai Super Kings,Abu Dhabi,"Zayed Cricket Stadium, Abu Dhabi",2021-09-26
1st innings,Kolkata Knight Riders,Chennai Super Kings,7.1,EJG Morgan,RA Tripathi,SN Thakur,0,1,1,,,,,KKR vs CSK 2021-09-26,CB Gaffaney,Tapan Sharma,RA Jadeja,Chennai Super Kings,Abu Dhabi,"Zayed Cricket Stadium, Abu Dhabi",2021-09-26
1st innings,Kolkata Knight Riders,Chennai Super Kings,7.2,RA Tripathi,EJG Morgan,SN Thakur,0,1,1,,,,,KKR vs CSK 2021-09-26,CB Gaffaney,Tapan Sharma,RA Jadeja,Chennai Super Kings,Abu Dhabi,"Zayed Cricket Stadium, Abu Dhabi",2021-09-26
1st innings,Kolkata Knight Riders,Chennai Super Kings,7.3,EJG Morgan,RA Tripathi,SN Thakur,0,2,2,,,,,KKR vs CSK 2021-09-26,CB Gaffaney,Tapan Sharma,RA Jadeja,Chennai Super Kings,Abu Dhabi,"Zayed Cricket Stadium, Abu Dhabi",2021-09-26
1st innings,Kolkata Knight Riders,Chennai Super Kings,7.4,EJG Morgan,RA Tripathi,SN Thakur,0,4,4,,,,,KKR vs CSK 2021-09-26,CB Gaffaney,Tapan Sharma,RA Jadeja,Chennai Super Kings,Abu Dhabi,"Zayed Cricket Stadium, Abu Dhabi",2021-09-26
1st innings,Kolkata Knight Riders,Chennai Super Kings,7.5,EJG Morgan,RA Tripathi,SN Thakur,0,1,1,,,,,KKR vs CSK 2021-09-26,CB Gaffaney,Tapan Sharma,RA Jadeja,Chennai Super Kings,Abu Dhabi,"Zayed Cricket Stadium, Abu Dhabi",2021-09-26
1st innings,Kolkata Knight Riders,Chennai Super Kings,7.6,RA Tripathi,EJG Morgan,SN Thakur,0,0,0,,,,,KKR vs CSK 2021-09-26,CB Gaffaney,Tapan Sharma,RA Jadeja,Chennai Super Kings,Abu Dhabi,"Zayed Cricket Stadium, Abu Dhabi",2021-09-26
1st innings,Kolkata Knight Riders,Chennai Super Kings,8.1,EJG Morgan,RA Tripathi,RA Jadeja,0,1,1,,,,,KKR vs CSK 2021-09-26,CB Gaffaney,Tapan Sharma,RA Jadeja,Chennai Super Kings,Abu Dhabi,"Zayed Cricket Stadium, Abu Dhabi",2021-09-26
1st innings,Kolkata Knight Riders,Chennai Super Kings,8.2,RA Tripathi,EJG Morgan,RA Jadeja,0,1,1,,,,,KKR vs CSK 2021-09-26,CB Gaffaney,Tapan Sharma,RA Jadeja,Chennai Super Kings,Abu Dhabi,"Zayed Cricket Stadium, Abu Dhabi",2021-09-26
1st innings,Kolkata Knight Riders,Chennai Super Kings,8.3,EJG Morgan,RA Tripathi,RA Jadeja,0,1,1,,,,,KKR vs CSK 2021-09-26,CB Gaffaney,Tapan Sharma,RA Jadeja,Chennai Super Kings,Abu Dhabi,"Zayed Cricket Stadium, Abu Dhabi",2021-09-26
1st innings,Kolkata Knight Riders,Chennai Super Kings,8.4,RA Tripathi,EJG Morgan,RA Jadeja,0,2,2,,,,,KKR vs CSK 2021-09-26,CB Gaffaney,Tapan Sharma,RA Jadeja,Chennai Super Kings,Abu Dhabi,"Zayed Cricket Stadium, Abu Dhabi",2021-09-26
1st innings,Kolkata Knight Riders,Chennai Super Kings,8.5,RA Tripathi,EJG Morgan,RA Jadeja,0,1,1,,,,,KKR vs CSK 2021-09-26,CB Gaffaney,Tapan Sharma,RA Jadeja,Chennai Super Kings,Abu Dhabi,"Zayed Cricket Stadium, Abu Dhabi",2021-09-26
1st innings,Kolkata Knight Riders,Chennai Super Kings,8.6,EJG Morgan,RA Tripathi,RA Jadeja,0,0,0,,,,,KKR vs CSK 2021-09-26,CB Gaffaney,Tapan Sharma,RA Jadeja,Chennai Super Kings,Abu Dhabi,"Zayed Cricket Stadium, Abu Dhabi",2021-09-26
1st innings,Kolkata Knight Riders,Chennai Super Kings,9.1,RA Tripathi,EJG Morgan,JR Hazlewood,0,0,0,,EJG Morgan,caught,F du Plessis,KKR vs CSK 2021-09-26,CB Gaffaney,Tapan Sharma,RA Jadeja,Chennai Super Kings,Abu Dhabi,"Zayed Cricket Stadium, Abu Dhabi",2021-09-26
1st innings,Kolkata Knight Riders,Chennai Super Kings,9.2,N Rana,RA Tripathi,JR Hazlewood,0,0,0,,,,,KKR vs CSK 2021-09-26,CB Gaffaney,Tapan Sharma,RA Jadeja,Chennai Super Kings,Abu Dhabi,"Zayed Cricket Stadium, Abu Dhabi",2021-09-26
1st innings,Kolkata Knight Riders,Chennai Super Kings,9.3,N Rana,RA Tripathi,JR Hazlewood,0,4,4,,,,,KKR vs CSK 2021-09-26,CB Gaffaney,Tapan Sharma,RA Jadeja,Chennai Super Kings,Abu Dhabi,"Zayed Cricket Stadium, Abu Dhabi",2021-09-26
1st innings,Kolkata Knight Riders,Chennai Super Kings,9.4,N Rana,RA Tripathi,JR Hazlewood,0,1,1,,,,,KKR vs CSK 2021-09-26,CB Gaffaney,Tapan Sharma,RA Jadeja,Chennai Super Kings,Abu Dhabi,"Zayed Cricket Stadium, Abu Dhabi",2021-09-26
1st innings,Kolkata Knight Riders,Chennai Super Kings,9.5,RA Tripathi,N Rana,JR Hazlewood,0,1,1,,,,,KKR vs CSK 2021-09-26,CB Gaffaney,Tapan Sharma,RA Jadeja,Chennai Super Kings,Abu Dhabi,"Zayed Cricket Stadium, Abu Dhabi",2021-09-26
1st innings,Kolkata Knight Riders,Chennai Super Kings,9.6,N Rana,RA Tripathi,JR Hazlewood,0,2,2,,,,,KKR vs CSK 2021-09-26,CB Gaffaney,Tapan Sharma,RA Jadeja,Chennai Super Kings,Abu Dhabi,"Zayed Cricket Stadium, Abu Dhabi",2021-09-26
1st innings,Kolkata Knight Riders,Chennai Super Kings,10.1,RA Tripathi,N Rana,RA Jadeja,0,1,1,,,,,KKR vs CSK 2021-09-26,CB Gaffaney,Tapan Sharma,RA Jadeja,Chennai Super Kings,Abu Dhabi,"Zayed Cricket Stadium, Abu Dhabi",2021-09-26
1st innings,Kolkata Knight Riders,Chennai Super Kings,10.2,N Rana,RA Tripathi,RA Jadeja,0,1,1,,,,,KKR vs CSK 2021-09-26,CB Gaffaney,Tapan Sharma,RA Jadeja,Chennai Super Kings,Abu Dhabi,"Zayed Cricket Stadium, Abu Dhabi",2021-09-26
1st innings,Kolkata Knight Riders,Chennai Super Kings,10.3,RA Tripathi,N Rana,RA Jadeja,0,1,1,,,,,KKR vs CSK 2021-09-26,CB Gaffaney,Tapan Sharma,RA Jadeja,Chennai Super Kings,Abu Dhabi,"Zayed Cricket Stadium, Abu Dhabi",2021-09-26
1st innings,Kolkata Knight Riders,Chennai Super Kings,10.4,N Rana,RA Tripathi,RA Jadeja,0,1,1,,,,,KKR vs CSK 2021-09-26,CB Gaffaney,Tapan Sharma,RA Jadeja,Chennai Super Kings,Abu Dhabi,"Zayed Cricket Stadium, Abu Dhabi",2021-09-26
1st innings,Kolkata Knight Riders,Chennai Super Kings,10.5,RA Tripathi,N Rana,RA Jadeja,0,1,1,,,,,KKR vs CSK 2021-09-26,CB Gaffaney,Tapan Sharma,RA Jadeja,Chennai Super Kings,Abu Dhabi,"Zayed Cricket Stadium, Abu Dhabi",2021-09-26
1st innings,Kolkata Knight Riders,Chennai Super Kings,10.6,N Rana,RA Tripathi,RA Jadeja,0,1,1,,,,,KKR vs CSK 2021-09-26,CB Gaffaney,Tapan Sharma,RA Jadeja,Chennai Super Kings,Abu Dhabi,"Zayed Cricket Stadium, Abu Dhabi",2021-09-26
1st innings,Kolkata Knight Riders,Chennai Super Kings,11.1,N Rana,RA Tripathi,SN Thakur,0,1,1,,,,,KKR vs CSK 2021-09-26,CB Gaffaney,Tapan Sharma,RA Jadeja,Chennai Super Kings,Abu Dhabi,"Zayed Cricket Stadium, Abu Dhabi",2021-09-26
1st innings,Kolkata Knight Riders,Chennai Super Kings,11.2,RA Tripathi,N Rana,SN Thakur,0,2,2,,,,,KKR vs CSK 2021-09-26,CB Gaffaney,Tapan Sharma,RA Jadeja,Chennai Super Kings,Abu Dhabi,"Zayed Cricket Stadium, Abu Dhabi",2021-09-26
1st innings,Kolkata Knight Riders,Chennai Super Kings,11.3,RA Tripathi,N Rana,SN Thakur,0,1,1,,,,,KKR vs CSK 2021-09-26,CB Gaffaney,Tapan Sharma,RA Jadeja,Chennai Super Kings,Abu Dhabi,"Zayed Cricket Stadium, Abu Dhabi",2021-09-26
1st innings,Kolkata Knight Riders,Chennai Super Kings,11.4,N Rana,RA Tripathi,SN Thakur,0,1,1,,,,,KKR vs CSK 2021-09-26,CB Gaffaney,Tapan Sharma,RA Jadeja,Chennai Super Kings,Abu Dhabi,"Zayed Cricket Stadium, Abu Dhabi",2021-09-26
1st innings,Kolkata Knight Riders,Chennai Super Kings,11.5,RA Tripathi,N Rana,SN Thakur,0,0,0,,,,,KKR vs CSK 2021-09-26,CB Gaffaney,Tapan Sharma,RA Jadeja,Chennai Super Kings,Abu Dhabi,"Zayed Cricket Stadium, Abu Dhabi",2021-09-26
1st innings,Kolkata Knight Riders,Chennai Super Kings,11.6,RA Tripathi,N Rana,SN Thakur,0,0,0,,,,,KKR vs CSK 2021-09-26,CB Gaffaney,Tapan Sharma,RA Jadeja,Chennai Super Kings,Abu Dhabi,"Zayed Cricket Stadium, Abu Dhabi",2021-09-26
1st innings,Kolkata Knight Riders,Chennai Super Kings,12.1,N Rana,RA Tripathi,RA Jadeja,0,0,0,,,,,KKR vs CSK 2021-09-26,CB Gaffaney,Tapan Sharma,RA Jadeja,Chennai Super Kings,Abu Dhabi,"Zayed Cricket Stadium, Abu Dhabi",2021-09-26
1st innings,Kolkata Knight Riders,Chennai Super Kings,12.2,N Rana,RA Tripathi,RA Jadeja,0,0,0,,RA Tripathi,bowled,,KKR vs CSK 2021-09-26,CB Gaffaney,Tapan Sharma,RA Jadeja,Chennai Super Kings,Abu Dhabi,"Zayed Cricket Stadium, Abu Dhabi",2021-09-26
1st innings,Kolkata Knight Riders,Chennai Super Kings,12.3,N Rana,AD Russell,RA Jadeja,0,1,1,,,,,KKR vs CSK 2021-09-26,CB Gaffaney,Tapan Sharma,RA Jadeja,Chennai Super Kings,Abu Dhabi,"Zayed Cricket Stadium, Abu Dhabi",2021-09-26
1st innings,Kolkata Knight Riders,Chennai Super Kings,12.4,AD Russell,N Rana,RA Jadeja,0,1,1,,,,,KKR vs CSK 2021-09-26,CB Gaffaney,Tapan Sharma,RA Jadeja,Chennai Super Kings,Abu Dhabi,"Zayed Cricket Stadium, Abu Dhabi",2021-09-26
1st innings,Kolkata Knight Riders,Chennai Super Kings,12.5,N Rana,AD Russell,RA Jadeja,0,1,1,,,,,KKR vs CSK 2021-09-26,CB Gaffaney,Tapan Sharma,RA Jadeja,Chennai Super Kings,Abu Dhabi,"Zayed Cricket Stadium, Abu Dhabi",2021-09-26
1st innings,Kolkata Knight Riders,Chennai Super Kings,12.6,AD Russell,N Rana,RA Jadeja,0,1,1,,,,,KKR vs CSK 2021-09-26,CB Gaffaney,Tapan Sharma,RA Jadeja,Chennai Super Kings,Abu Dhabi,"Zayed Cricket Stadium, Abu Dhabi",2021-09-26
1st innings,Kolkata Knight Riders,Chennai Super Kings,13.1,AD Russell,N Rana,JR Hazlewood,1,0,1,legbyes,,,,KKR vs CSK 2021-09-26,CB Gaffaney,Tapan Sharma,RA Jadeja,Chennai Super Kings,Abu Dhabi,"Zayed Cricket Stadium, Abu Dhabi",2021-09-26
1st innings,Kolkata Knight Riders,Chennai Super Kings,13.2,N Rana,AD Russell,JR Hazlewood,0,0,0,,,,,KKR vs CSK 2021-09-26,CB Gaffaney,Tapan Sharma,RA Jadeja,Chennai Super Kings,Abu Dhabi,"Zayed Cricket Stadium, Abu Dhabi",2021-09-26
1st innings,Kolkata Knight Riders,Chennai Super Kings,13.3,N Rana,AD Russell,JR Hazlewood,0,1,1,,,,,KKR vs CSK 2021-09-26,CB Gaffaney,Tapan Sharma,RA Jadeja,Chennai Super Kings,Abu Dhabi,"Zayed Cricket Stadium, Abu Dhabi",2021-09-26
1st innings,Kolkata Knight Riders,Chennai Super Kings,13.4,AD Russell,N Rana,JR Hazlewood,1,0,1,wides,,,,KKR vs CSK 2021-09-26,CB Gaffaney,Tapan Sharma,RA Jadeja,Chennai Super Kings,Abu Dhabi,"Zayed Cricket Stadium, Abu Dhabi",2021-09-26
1st innings,Kolkata Knight Riders,Chennai Super Kings,13.5,AD Russell,N Rana,JR Hazlewood,0,6,6,,,,,KKR vs CSK 2021-09-26,CB Gaffaney,Tapan Sharma,RA Jadeja,Chennai Super Kings,Abu Dhabi,"Zayed Cricket Stadium, Abu Dhabi",2021-09-26
1st innings,Kolkata Knight Riders,Chennai Super Kings,13.6,AD Russell,N Rana,JR Hazlewood,0,1,1,,,,,KKR vs CSK 2021-09-26,CB Gaffaney,Tapan Sharma,RA Jadeja,Chennai Super Kings,Abu Dhabi,"Zayed Cricket Stadium, Abu Dhabi",2021-09-26
1st innings,Kolkata Knight Riders,Chennai Super Kings,13.7,N Rana,AD Russell,JR Hazlewood,0,1,1,,,,,KKR vs CSK 2021-09-26,CB Gaffaney,Tapan Sharma,RA Jadeja,Chennai Super Kings,Abu Dhabi,"Zayed Cricket Stadium, Abu Dhabi",2021-09-26
1st innings,Kolkata Knight Riders,Chennai Super Kings,14.1,N Rana,AD Russell,SM Curran,0,0,0,,,,,KKR vs CSK 2021-09-26,CB Gaffaney,Tapan Sharma,RA Jadeja,Chennai Super Kings,Abu Dhabi,"Zayed Cricket Stadium, Abu Dhabi",2021-09-26
1st innings,Kolkata Knight Riders,Chennai Super Kings,14.2,N Rana,AD Russell,SM Curran,0,4,4,,,,,KKR vs CSK 2021-09-26,CB Gaffaney,Tapan Sharma,RA Jadeja,Chennai Super Kings,Abu Dhabi,"Zayed Cricket Stadium, Abu Dhabi",2021-09-26
1st innings,Kolkata Knight Riders,Chennai Super Kings,14.3,N Rana,AD Russell,SM Curran,0,0,0,,,,,KKR vs CSK 2021-09-26,CB Gaffaney,Tapan Sharma,RA Jadeja,Chennai Super Kings,Abu Dhabi,"Zayed Cricket Stadium, Abu Dhabi",2021-09-26
1st innings,Kolkata Knight Riders,Chennai Super Kings,14.4,N Rana,AD Russell,SM Curran,0,4,4,,,,,KKR vs CSK 2021-09-26,CB Gaffaney,Tapan Sharma,RA Jadeja,Chennai Super Kings,Abu Dhabi,"Zayed Cricket Stadium, Abu Dhabi",2021-09-26
1st innings,Kolkata Knight Riders,Chennai Super Kings,14.5,N Rana,AD Russell,SM Curran,0,0,0,,,,,KKR vs CSK 2021-09-26,CB Gaffaney,Tapan Sharma,RA Jadeja,Chennai Super Kings,Abu Dhabi,"Zayed Cricket Stadium, Abu Dhabi",2021-09-26
1st innings,Kolkata Knight Riders,Chennai Super Kings,14.6,N Rana,AD Russell,SM Curran,0,6,6,,,,,KKR vs CSK 2021-09-26,CB Gaffaney,Tapan Sharma,RA Jadeja,Chennai Super Kings,Abu Dhabi,"Zayed Cricket Stadium, Abu Dhabi",2021-09-26
1st innings,Kolkata Knight Riders,Chennai Super Kings,15.1,AD Russell,N Rana,DL Chahar,0,0,0,,,,,KKR vs CSK 2021-09-26,CB Gaffaney,Tapan Sharma,RA Jadeja,Chennai Super Kings,Abu Dhabi,"Zayed Cricket Stadium, Abu Dhabi",2021-09-26
1st innings,Kolkata Knight Riders,Chennai Super Kings,15.2,AD Russell,N Rana,DL Chahar,0,1,1,,,,,KKR vs CSK 2021-09-26,CB Gaffaney,Tapan Sharma,RA Jadeja,Chennai Super Kings,Abu Dhabi,"Zayed Cricket Stadium, Abu Dhabi",2021-09-26
1st innings,Kolkata Knight Riders,Chennai Super Kings,15.3,N Rana,AD Russell,DL Chahar,0,0,0,,,,,KKR vs CSK 2021-09-26,CB Gaffaney,Tapan Sharma,RA Jadeja,Chennai Super Kings,Abu Dhabi,"Zayed Cricket Stadium, Abu Dhabi",2021-09-26
1st innings,Kolkata Knight Riders,Chennai Super Kings,15.4,N Rana,AD Russell,DL Chahar,0,1,1,,,,,KKR vs CSK 2021-09-26,CB Gaffaney,Tapan Sharma,RA Jadeja,Chennai Super Kings,Abu Dhabi,"Zayed Cricket Stadium, Abu Dhabi",2021-09-26
1st innings,Kolkata Knight Riders,Chennai Super Kings,15.5,AD Russell,N Rana,DL Chahar,0,0,0,,,,,KKR vs CSK 2021-09-26,CB Gaffaney,Tapan Sharma,RA Jadeja,Chennai Super Kings,Abu Dhabi,"Zayed Cricket Stadium, Abu Dhabi",2021-09-26
1st innings,Kolkata Knight Riders,Chennai Super Kings,15.6,AD Russell,N Rana,DL Chahar,1,0,1,wides,,,,KKR vs CSK 2021-09-26,CB Gaffaney,Tapan Sharma,RA Jadeja,Chennai Super Kings,Abu Dhabi,"Zayed Cricket Stadium, Abu Dhabi",2021-09-26
1st innings,Kolkata Knight Riders,Chennai Super Kings,15.7,AD Russell,N Rana,DL Chahar,0,0,0,,,,,KKR vs CSK 2021-09-26,CB Gaffaney,Tapan Sharma,RA Jadeja,Chennai Super Kings,Abu Dhabi,"Zayed Cricket Stadium, Abu Dhabi",2021-09-26
1st innings,Kolkata Knight Riders,Chennai Super Kings,16.1,N Rana,AD Russell,SN Thakur,0,1,1,,,,,KKR vs CSK 2021-09-26,CB Gaffaney,Tapan Sharma,RA Jadeja,Chennai Super Kings,Abu Dhabi,"Zayed Cricket Stadium, Abu Dhabi",2021-09-26
1st innings,Kolkata Knight Riders,Chennai Super Kings,16.2,AD Russell,N Rana,SN Thakur,0,2,2,,,,,KKR vs CSK 2021-09-26,CB Gaffaney,Tapan Sharma,RA Jadeja,Chennai Super Kings,Abu Dhabi,"Zayed Cricket Stadium, Abu Dhabi",2021-09-26
1st innings,Kolkata Knight Riders,Chennai Super Kings,16.3,AD Russell,N Rana,SN Thakur,0,1,1,,,,,KKR vs CSK 2021-09-26,CB Gaffaney,Tapan Sharma,RA Jadeja,Chennai Super Kings,Abu Dhabi,"Zayed Cricket Stadium, Abu Dhabi",2021-09-26
1st innings,Kolkata Knight Riders,Chennai Super Kings,16.4,N Rana,AD Russell,SN Thakur,0,0,0,,AD Russell,bowled,,KKR vs CSK 2021-09-26,CB Gaffaney,Tapan Sharma,RA Jadeja,Chennai Super Kings,Abu Dhabi,"Zayed Cricket Stadium, Abu Dhabi",2021-09-26
1st innings,Kolkata Knight Riders,Chennai Super Kings,16.5,N Rana,KD Karthik,SN Thakur,0,1,1,,,,,KKR vs CSK 2021-09-26,CB Gaffaney,Tapan Sharma,RA Jadeja,Chennai Super Kings,Abu Dhabi,"Zayed Cricket Stadium, Abu Dhabi",2021-09-26
1st innings,Kolkata Knight Riders,Chennai Super Kings,16.6,KD Karthik,N Rana,SN Thakur,0,1,1,,,,,KKR vs CSK 2021-09-26,CB Gaffaney,Tapan Sharma,RA Jadeja,Chennai Super Kings,Abu Dhabi,"Zayed Cricket Stadium, Abu Dhabi",2021-09-26
1st innings,Kolkata Knight Riders,Chennai Super Kings,17.1,KD Karthik,N Rana,DL Chahar,0,1,1,,,,,KKR vs CSK 2021-09-26,CB Gaffaney,Tapan Sharma,RA Jadeja,Chennai Super Kings,Abu Dhabi,"Zayed Cricket Stadium, Abu Dhabi",2021-09-26
1st innings,Kolkata Knight Riders,Chennai Super Kings,17.2,N Rana,KD Karthik,DL Chahar,0,1,1,,,,,KKR vs CSK 2021-09-26,CB Gaffaney,Tapan Sharma,RA Jadeja,Chennai Super Kings,Abu Dhabi,"Zayed Cricket Stadium, Abu Dhabi",2021-09-26
1st innings,Kolkata Knight Riders,Chennai Super Kings,17.3,KD Karthik,N Rana,DL Chahar,0,4,4,,,,,KKR vs CSK 2021-09-26,CB Gaffaney,Tapan Sharma,RA Jadeja,Chennai Super Kings,Abu Dhabi,"Zayed Cricket Stadium, Abu Dhabi",2021-09-26
1st innings,Kolkata Knight Riders,Chennai Super Kings,17.4,KD Karthik,N Rana,DL Chahar,0,4,4,,,,,KKR vs CSK 2021-09-26,CB Gaffaney,Tapan Sharma,RA Jadeja,Chennai Super Kings,Abu Dhabi,"Zayed Cricket Stadium, Abu Dhabi",2021-09-26
1st innings,Kolkata Knight Riders,Chennai Super Kings,17.5,KD Karthik,N Rana,DL Chahar,0,1,1,,,,,KKR vs CSK 2021-09-26,CB Gaffaney,Tapan Sharma,RA Jadeja,Chennai Super Kings,Abu Dhabi,"Zayed Cricket Stadium, Abu Dhabi",2021-09-26
1st innings,Kolkata Knight Riders,Chennai Super Kings,17.6,N Rana,KD Karthik,DL Chahar,0,1,1,,,,,KKR vs CSK 2021-09-26,CB Gaffaney,Tapan Sharma,RA Jadeja,Chennai Super Kings,Abu Dhabi,"Zayed Cricket Stadium, Abu Dhabi",2021-09-26
1st innings,Kolkata Knight Riders,Chennai Super Kings,18.1,N Rana,KD Karthik,SM Curran,0,6,6,,,,,KKR vs CSK 2021-09-26,CB Gaffaney,Tapan Sharma,RA Jadeja,Chennai Super Kings,Abu Dhabi,"Zayed Cricket Stadium, Abu Dhabi",2021-09-26
1st innings,Kolkata Knight Riders,Chennai Super Kings,18.2,N Rana,KD Karthik,SM Curran,0,4,4,,,,,KKR vs CSK 2021-09-26,CB Gaffaney,Tapan Sharma,RA Jadeja,Chennai Super Kings,Abu Dhabi,"Zayed Cricket Stadium, Abu Dhabi",2021-09-26
1st innings,Kolkata Knight Riders,Chennai Super Kings,18.3,N Rana,KD Karthik,SM Curran,1,0,1,wides,,,,KKR vs CSK 2021-09-26,CB Gaffaney,Tapan Sharma,RA Jadeja,Chennai Super Kings,Abu Dhabi,"Zayed Cricket Stadium, Abu Dhabi",2021-09-26
1st innings,Kolkata Knight Riders,Chennai Super Kings,18.4,N Rana,KD Karthik,SM Curran,0,2,2,,,,,KKR vs CSK 2021-09-26,CB Gaffaney,Tapan Sharma,RA Jadeja,Chennai Super Kings,Abu Dhabi,"Zayed Cricket Stadium, Abu Dhabi",2021-09-26
1st innings,Kolkata Knight Riders,Chennai Super Kings,18.5,N Rana,KD Karthik,SM Curran,0,1,1,,,,,KKR vs CSK 2021-09-26,CB Gaffaney,Tapan Sharma,RA Jadeja,Chennai Super Kings,Abu Dhabi,"Zayed Cricket Stadium, Abu Dhabi",2021-09-26
1st innings,Kolkata Knight Riders,Chennai Super Kings,18.6,KD Karthik,N Rana,SM Curran,0,1,1,,,,,KKR vs CSK 2021-09-26,CB Gaffaney,Tapan Sharma,RA Jadeja,Chennai Super Kings,Abu Dhabi,"Zayed Cricket Stadium, Abu Dhabi",2021-09-26
1st innings,Kolkata Knight Riders,Chennai Super Kings,18.7,N Rana,KD Karthik,SM Curran,0,4,4,,,,,KKR vs CSK 2021-09-26,CB Gaffaney,Tapan Sharma,RA Jadeja,Chennai Super Kings,Abu Dhabi,"Zayed Cricket Stadium, Abu Dhabi",2021-09-26
1st innings,Kolkata Knight Riders,Chennai Super Kings,19.1,KD Karthik,N Rana,JR Hazlewood,1,0,1,wides,,,,KKR vs CSK 2021-09-26,CB Gaffaney,Tapan Sharma,RA Jadeja,Chennai Super Kings,Abu Dhabi,"Zayed Cricket Stadium, Abu Dhabi",2021-09-26
1st innings,Kolkata Knight Riders,Chennai Super Kings,19.2,KD Karthik,N Rana,JR Hazlewood,0,1,1,,,,,KKR vs CSK 2021-09-26,CB Gaffaney,Tapan Sharma,RA Jadeja,Chennai Super Kings,Abu Dhabi,"Zayed Cricket Stadium, Abu Dhabi",2021-09-26
1st innings,Kolkata Knight Riders,Chennai Super Kings,19.3,N Rana,KD Karthik,JR Hazlewood,0,2,2,,,,,KKR vs CSK 2021-09-26,CB Gaffaney,Tapan Sharma,RA Jadeja,Chennai Super Kings,Abu Dhabi,"Zayed Cricket Stadium, Abu Dhabi",2021-09-26
1st innings,Kolkata Knight Riders,Chennai Super Kings,19.4,N Rana,KD Karthik,JR Hazlewood,0,4,4,,,,,KKR vs CSK 2021-09-26,CB Gaffaney,Tapan Sharma,RA Jadeja,Chennai Super Kings,Abu Dhabi,"Zayed Cricket Stadium, Abu Dhabi",2021-09-26
1st innings,Kolkata Knight Riders,Chennai Super Kings,19.5,N Rana,KD Karthik,JR Hazlewood,0,0,0,,KD Karthik,caught,MS Dhoni,KKR vs CSK 2021-09-26,CB Gaffaney,Tapan Sharma,RA Jadeja,Chennai Super Kings,Abu Dhabi,"Zayed Cricket Stadium, Abu Dhabi",2021-09-26
1st innings,Kolkata Knight Riders,Chennai Super Kings,19.6,N Rana,SP Narine,JR Hazlewood,1,0,1,byes,,,,KKR vs CSK 2021-09-26,CB Gaffaney,Tapan Sharma,RA Jadeja,Chennai Super Kings,Abu Dhabi,"Zayed Cricket Stadium, Abu Dhabi",2021-09-26
1st innings,Kolkata Knight Riders,Chennai Super Kings,19.7,SP Narine,N Rana,JR Hazlewood,0,4,4,,,,,KKR vs CSK 2021-09-26,CB Gaffaney,Tapan Sharma,RA Jadeja,Chennai Super Kings,Abu Dhabi,"Zayed Cricket Stadium, Abu Dhabi",2021-09-26
2nd innings,Chennai Super Kings,Kolkata Knight Riders,0.1,F du Plessis,RD Gaikwad,M Prasidh Krishna,0,0,0,,,,,KKR vs CSK 2021-09-26,CB Gaffaney,Tapan Sharma,RA Jadeja,Chennai Super Kings,Abu Dhabi,"Zayed Cricket Stadium, Abu Dhabi",2021-09-26
2nd innings,Chennai Super Kings,Kolkata Knight Riders,0.2,F du Plessis,RD Gaikwad,M Prasidh Krishna,0,0,0,,,,,KKR vs CSK 2021-09-26,CB Gaffaney,Tapan Sharma,RA Jadeja,Chennai Super Kings,Abu Dhabi,"Zayed Cricket Stadium, Abu Dhabi",2021-09-26
2nd innings,Chennai Super Kings,Kolkata Knight Riders,0.3,F du Plessis,RD Gaikwad,M Prasidh Krishna,0,4,4,,,,,KKR vs CSK 2021-09-26,CB Gaffaney,Tapan Sharma,RA Jadeja,Chennai Super Kings,Abu Dhabi,"Zayed Cricket Stadium, Abu Dhabi",2021-09-26
2nd innings,Chennai Super Kings,Kolkata Knight Riders,0.4,F du Plessis,RD Gaikwad,M Prasidh Krishna,0,0,0,,,,,KKR vs CSK 2021-09-26,CB Gaffaney,Tapan Sharma,RA Jadeja,Chennai Super Kings,Abu Dhabi,"Zayed Cricket Stadium, Abu Dhabi",2021-09-26
2nd innings,Chennai Super Kings,Kolkata Knight Riders,0.5,F du Plessis,RD Gaikwad,M Prasidh Krishna,0,1,1,,,,,KKR vs CSK 2021-09-26,CB Gaffaney,Tapan Sharma,RA Jadeja,Chennai Super Kings,Abu Dhabi,"Zayed Cricket Stadium, Abu Dhabi",2021-09-26
2nd innings,Chennai Super Kings,Kolkata Knight Riders,0.6,RD Gaikwad,F du Plessis,M Prasidh Krishna,0,0,0,,,,,KKR vs CSK 2021-09-26,CB Gaffaney,Tapan Sharma,RA Jadeja,Chennai Super Kings,Abu Dhabi,"Zayed Cricket Stadium, Abu Dhabi",2021-09-26
2nd innings,Chennai Super Kings,Kolkata Knight Riders,1.1,F du Plessis,RD Gaikwad,LH Ferguson,0,2,2,,,,,KKR vs CSK 2021-09-26,CB Gaffaney,Tapan Sharma,RA Jadeja,Chennai Super Kings,Abu Dhabi,"Zayed Cricket Stadium, Abu Dhabi",2021-09-26
2nd innings,Chennai Super Kings,Kolkata Knight Riders,1.2,F du Plessis,RD Gaikwad,LH Ferguson,0,1,1,,,,,KKR vs CSK 2021-09-26,CB Gaffaney,Tapan Sharma,RA Jadeja,Chennai Super Kings,Abu Dhabi,"Zayed Cricket Stadium, Abu Dhabi",2021-09-26
2nd innings,Chennai Super Kings,Kolkata Knight Riders,1.3,RD Gaikwad,F du Plessis,LH Ferguson,0,1,1,,,,,KKR vs CSK 2021-09-26,CB Gaffaney,Tapan Sharma,RA Jadeja,Chennai Super Kings,Abu Dhabi,"Zayed Cricket Stadium, Abu Dhabi",2021-09-26
2nd innings,Chennai Super Kings,Kolkata Knight Riders,1.4,F du Plessis,RD Gaikwad,LH Ferguson,0,0,0,,,,,KKR vs CSK 2021-09-26,CB Gaffaney,Tapan Sharma,RA Jadeja,Chennai Super Kings,Abu Dhabi,"Zayed Cricket Stadium, Abu Dhabi",2021-09-26
2nd innings,Chennai Super Kings,Kolkata Knight Riders,1.5,F du Plessis,RD Gaikwad,LH Ferguson,0,0,0,,,,,KKR vs CSK 2021-09-26,CB Gaffaney,Tapan Sharma,RA Jadeja,Chennai Super Kings,Abu Dhabi,"Zayed Cricket Stadium, Abu Dhabi",2021-09-26
2nd innings,Chennai Super Kings,Kolkata Knight Riders,1.6,F du Plessis,RD Gaikwad,LH Ferguson,0,0,0,,,,,KKR vs CSK 2021-09-26,CB Gaffaney,Tapan Sharma,RA Jadeja,Chennai Super Kings,Abu Dhabi,"Zayed Cricket Stadium, Abu Dhabi",2021-09-26
2nd innings,Chennai Super Kings,Kolkata Knight Riders,2.1,RD Gaikwad,F du Plessis,M Prasidh Krishna,0,4,4,,,,,KKR vs CSK 2021-09-26,CB Gaffaney,Tapan Sharma,RA Jadeja,Chennai Super Kings,Abu Dhabi,"Zayed Cricket Stadium, Abu Dhabi",2021-09-26
2nd innings,Chennai Super Kings,Kolkata Knight Riders,2.2,RD Gaikwad,F du Plessis,M Prasidh Krishna,0,0,0,,,,,KKR vs CSK 2021-09-26,CB Gaffaney,Tapan Sharma,RA Jadeja,Chennai Super Kings,Abu Dhabi,"Zayed Cricket Stadium, Abu Dhabi",2021-09-26
2nd innings,Chennai Super Kings,Kolkata Knight Riders,2.3,RD Gaikwad,F du Plessis,M Prasidh Krishna,0,4,4,,,,,KKR vs CSK 2021-09-26,CB Gaffaney,Tapan Sharma,RA Jadeja,Chennai Super Kings,Abu Dhabi,"Zayed Cricket Stadium, Abu Dhabi",2021-09-26
2nd innings,Chennai Super Kings,Kolkata Knight Riders,2.4,RD Gaikwad,F du Plessis,M Prasidh Krishna,0,0,0,,,,,KKR vs CSK 2021-09-26,CB Gaffaney,Tapan Sharma,RA Jadeja,Chennai Super Kings,Abu Dhabi,"Zayed Cricket Stadium, Abu Dhabi",2021-09-26
2nd innings,Chennai Super Kings,Kolkata Knight Riders,2.5,RD Gaikwad,F du Plessis,M Prasidh Krishna,0,1,1,,,,,KKR vs CSK 2021-09-26,CB Gaffaney,Tapan Sharma,RA Jadeja,Chennai Super Kings,Abu Dhabi,"Zayed Cricket Stadium, Abu Dhabi",2021-09-26
2nd innings,Chennai Super Kings,Kolkata Knight Riders,2.6,F du Plessis,RD Gaikwad,M Prasidh Krishna,0,0,0,,,,,KKR vs CSK 2021-09-26,CB Gaffaney,Tapan Sharma,RA Jadeja,Chennai Super Kings,Abu Dhabi,"Zayed Cricket Stadium, Abu Dhabi",2021-09-26
2nd innings,Chennai Super Kings,Kolkata Knight Riders,3.1,RD Gaikwad,F du Plessis,CV Varun,1,0,1,legbyes,,,,KKR vs CSK 2021-09-26,CB Gaffaney,Tapan Sharma,RA Jadeja,Chennai Super Kings,Abu Dhabi,"Zayed Cricket Stadium, Abu Dhabi",2021-09-26
2nd innings,Chennai Super Kings,Kolkata Knight Riders,3.2,F du Plessis,RD Gaikwad,CV Varun,0,1,1,,,,,KKR vs CSK 2021-09-26,CB Gaffaney,Tapan Sharma,RA Jadeja,Chennai Super Kings,Abu Dhabi,"Zayed Cricket Stadium, Abu Dhabi",2021-09-26
2nd innings,Chennai Super Kings,Kolkata Knight Riders,3.3,RD Gaikwad,F du Plessis,CV Varun,0,4,4,,,,,KKR vs CSK 2021-09-26,CB Gaffaney,Tapan Sharma,RA Jadeja,Chennai Super Kings,Abu Dhabi,"Zayed Cricket Stadium, Abu Dhabi",2021-09-26
2nd innings,Chennai Super Kings,Kolkata Knight Riders,3.4,RD Gaikwad,F du Plessis,CV Varun,0,4,4,,,,,KKR vs CSK 2021-09-26,CB Gaffaney,Tapan Sharma,RA Jadeja,Chennai Super Kings,Abu Dhabi,"Zayed Cricket Stadium, Abu Dhabi",2021-09-26
2nd innings,Chennai Super Kings,Kolkata Knight Riders,3.5,RD Gaikwad,F du Plessis,CV Varun,0,0,0,,,,,KKR vs CSK 2021-09-26,CB Gaffaney,Tapan Sharma,RA Jadeja,Chennai Super Kings,Abu Dhabi,"Zayed Cricket Stadium, Abu Dhabi",2021-09-26
2nd innings,Chennai Super Kings,Kolkata Knight Riders,3.6,RD Gaikwad,F du Plessis,CV Varun,0,0,0,,,,,KKR vs CSK 2021-09-26,CB Gaffaney,Tapan Sharma,RA Jadeja,Chennai Super Kings,Abu Dhabi,"Zayed Cricket Stadium, Abu Dhabi",2021-09-26
2nd innings,Chennai Super Kings,Kolkata Knight Riders,4.1,F du Plessis,RD Gaikwad,SP Narine,0,2,2,,,,,KKR vs CSK 2021-09-26,CB Gaffaney,Tapan Sharma,RA Jadeja,Chennai Super Kings,Abu Dhabi,"Zayed Cricket Stadium, Abu Dhabi",2021-09-26
2nd innings,Chennai Super Kings,Kolkata Knight Riders,4.2,F du Plessis,RD Gaikwad,SP Narine,0,4,4,,,,,KKR vs CSK 2021-09-26,CB Gaffaney,Tapan Sharma,RA Jadeja,Chennai Super Kings,Abu Dhabi,"Zayed Cricket Stadium, Abu Dhabi",2021-09-26
2nd innings,Chennai Super Kings,Kolkata Knight Riders,4.3,F du Plessis,RD Gaikwad,SP Narine,0,0,0,,,,,KKR vs CSK 2021-09-26,CB Gaffaney,Tapan Sharma,RA Jadeja,Chennai Super Kings,Abu Dhabi,"Zayed Cricket Stadium, Abu Dhabi",2021-09-26
2nd innings,Chennai Super Kings,Kolkata Knight Riders,4.4,F du Plessis,RD Gaikwad,SP Narine,0,6,6,,,,,KKR vs CSK 2021-09-26,CB Gaffaney,Tapan Sharma,RA Jadeja,Chennai Super Kings,Abu Dhabi,"Zayed Cricket Stadium, Abu Dhabi",2021-09-26
2nd innings,Chennai Super Kings,Kolkata Knight Riders,4.5,F du Plessis,RD Gaikwad,SP Narine,0,1,1,,,,,KKR vs CSK 2021-09-26,CB Gaffaney,Tapan Sharma,RA Jadeja,Chennai Super Kings,Abu Dhabi,"Zayed Cricket Stadium, Abu Dhabi",2021-09-26
2nd innings,Chennai Super Kings,Kolkata Knight Riders,4.6,RD Gaikwad,F du Plessis,SP Narine,0,1,1,,,,,KKR vs CSK 2021-09-26,CB Gaffaney,Tapan Sharma,RA Jadeja,Chennai Super Kings,Abu Dhabi,"Zayed Cricket Stadium, Abu Dhabi",2021-09-26
2nd innings,Chennai Super Kings,Kolkata Knight Riders,5.1,RD Gaikwad,F du Plessis,LH Ferguson,0,4,4,,,,,KKR vs CSK 2021-09-26,CB Gaffaney,Tapan Sharma,RA Jadeja,Chennai Super Kings,Abu Dhabi,"Zayed Cricket Stadium, Abu Dhabi",2021-09-26
2nd innings,Chennai Super Kings,Kolkata Knight Riders,5.2,RD Gaikwad,F du Plessis,LH Ferguson,0,1,1,,,,,KKR vs CSK 2021-09-26,CB Gaffaney,Tapan Sharma,RA Jadeja,Chennai Super Kings,Abu Dhabi,"Zayed Cricket Stadium, Abu Dhabi",2021-09-26
2nd innings,Chennai Super Kings,Kolkata Knight Riders,5.3,F du Plessis,RD Gaikwad,LH Ferguson,0,1,1,,,,,KKR vs CSK 2021-09-26,CB Gaffaney,Tapan Sharma,RA Jadeja,Chennai Super Kings,Abu Dhabi,"Zayed Cricket Stadium, Abu Dhabi",2021-09-26
2nd innings,Chennai Super Kings,Kolkata Knight Riders,5.4,RD Gaikwad,F du Plessis,LH Ferguson,0,4,4,,,,,KKR vs CSK 2021-09-26,CB Gaffaney,Tapan Sharma,RA Jadeja,Chennai Super Kings,Abu Dhabi,"Zayed Cricket Stadium, Abu Dhabi",2021-09-26
2nd innings,Chennai Super Kings,Kolkata Knight Riders,5.5,RD Gaikwad,F du Plessis,LH Ferguson,0,0,0,,,,,KKR vs CSK 2021-09-26,CB Gaffaney,Tapan Sharma,RA Jadeja,Chennai Super Kings,Abu Dhabi,"Zayed Cricket Stadium, Abu Dhabi",2021-09-26
2nd innings,Chennai Super Kings,Kolkata Knight Riders,5.6,RD Gaikwad,F du Plessis,LH Ferguson,0,0,0,,,,,KKR vs CSK 2021-09-26,CB Gaffaney,Tapan Sharma,RA Jadeja,Chennai Super Kings,Abu Dhabi,"Zayed Cricket Stadium, Abu Dhabi",2021-09-26
2nd innings,Chennai Super Kings,Kolkata Knight Riders,6.1,F du Plessis,RD Gaikwad,SP Narine,0,0,0,,,,,KKR vs CSK 2021-09-26,CB Gaffaney,Tapan Sharma,RA Jadeja,Chennai Super Kings,Abu Dhabi,"Zayed Cricket Stadium, Abu Dhabi",2021-09-26
2nd innings,Chennai Super Kings,Kolkata Knight Riders,6.2,F du Plessis,RD Gaikwad,SP Narine,0,6,6,,,,,KKR vs CSK 2021-09-26,CB Gaffaney,Tapan Sharma,RA Jadeja,Chennai Super Kings,Abu Dhabi,"Zayed Cricket Stadium, Abu Dhabi",2021-09-26
2nd innings,Chennai Super Kings,Kolkata Knight Riders,6.3,F du Plessis,RD Gaikwad,SP Narine,0,1,1,,,,,KKR vs CSK 2021-09-26,CB Gaffaney,Tapan Sharma,RA Jadeja,Chennai Super Kings,Abu Dhabi,"Zayed Cricket Stadium, Abu Dhabi",2021-09-26
2nd innings,Chennai Super Kings,Kolkata Knight Riders,6.4,RD Gaikwad,F du Plessis,SP Narine,0,1,1,,,,,KKR vs CSK 2021-09-26,CB Gaffaney,Tapan Sharma,RA Jadeja,Chennai Super Kings,Abu Dhabi,"Zayed Cricket Stadium, Abu Dhabi",2021-09-26
2nd innings,Chennai Super Kings,Kolkata Knight Riders,6.5,F du Plessis,RD Gaikwad,SP Narine,0,1,1,,,,,KKR vs CSK 2021-09-26,CB Gaffaney,Tapan Sharma,RA Jadeja,Chennai Super Kings,Abu Dhabi,"Zayed Cricket Stadium, Abu Dhabi",2021-09-26
2nd innings,Chennai Super Kings,Kolkata Knight Riders,6.6,RD Gaikwad,F du Plessis,SP Narine,0,2,2,,,,,KKR vs CSK 2021-09-26,CB Gaffaney,Tapan Sharma,RA Jadeja,Chennai Super Kings,Abu Dhabi,"Zayed Cricket Stadium, Abu Dhabi",2021-09-26
2nd innings,Chennai Super Kings,Kolkata Knight Riders,7.1,F du Plessis,RD Gaikwad,CV Varun,0,0,0,,,,,KKR vs CSK 2021-09-26,CB Gaffaney,Tapan Sharma,RA Jadeja,Chennai Super Kings,Abu Dhabi,"Zayed Cricket Stadium, Abu Dhabi",2021-09-26
2nd innings,Chennai Super Kings,Kolkata Knight Riders,7.2,F du Plessis,RD Gaikwad,CV Varun,0,1,1,,,,,KKR vs CSK 2021-09-26,CB Gaffaney,Tapan Sharma,RA Jadeja,Chennai Super Kings,Abu Dhabi,"Zayed Cricket Stadium, Abu Dhabi",2021-09-26
2nd innings,Chennai Super Kings,Kolkata Knight Riders,7.3,RD Gaikwad,F du Plessis,CV Varun,0,1,1,,,,,KKR vs CSK 2021-09-26,CB Gaffaney,Tapan Sharma,RA Jadeja,Chennai Super Kings,Abu Dhabi,"Zayed Cricket Stadium, Abu Dhabi",2021-09-26
2nd innings,Chennai Super Kings,Kolkata Knight Riders,7.4,F du Plessis,RD Gaikwad,CV Varun,0,1,1,,,,,KKR vs CSK 2021-09-26,CB Gaffaney,Tapan Sharma,RA Jadeja,Chennai Super Kings,Abu Dhabi,"Zayed Cricket Stadium, Abu Dhabi",2021-09-26
2nd innings,Chennai Super Kings,Kolkata Knight Riders,7.5,RD Gaikwad,F du Plessis,CV Varun,0,1,1,,,,,KKR vs CSK 2021-09-26,CB Gaffaney,Tapan Sharma,RA Jadeja,Chennai Super Kings,Abu Dhabi,"Zayed Cricket Stadium, Abu Dhabi",2021-09-26
2nd innings,Chennai Super Kings,Kolkata Knight Riders,7.6,F du Plessis,RD Gaikwad,CV Varun,0,1,1,,,,,KKR vs CSK 2021-09-26,CB Gaffaney,Tapan Sharma,RA Jadeja,Chennai Super Kings,Abu Dhabi,"Zayed Cricket Stadium, Abu Dhabi",2021-09-26
2nd innings,Chennai Super Kings,Kolkata Knight Riders,8.1,F du Plessis,RD Gaikwad,AD Russell,0,6,6,,,,,KKR vs CSK 2021-09-26,CB Gaffaney,Tapan Sharma,RA Jadeja,Chennai Super Kings,Abu Dhabi,"Zayed Cricket Stadium, Abu Dhabi",2021-09-26
2nd innings,Chennai Super Kings,Kolkata Knight Riders,8.2,F du Plessis,RD Gaikwad,AD Russell,0,0,0,,RD Gaikwad,caught,EJG Morgan,KKR vs CSK 2021-09-26,CB Gaffaney,Tapan Sharma,RA Jadeja,Chennai Super Kings,Abu Dhabi,"Zayed Cricket Stadium, Abu Dhabi",2021-09-26
2nd innings,Chennai Super Kings,Kolkata Knight Riders,8.3,F du Plessis,MM Ali,AD Russell,0,0,0,,,,,KKR vs CSK 2021-09-26,CB Gaffaney,Tapan Sharma,RA Jadeja,Chennai Super Kings,Abu Dhabi,"Zayed Cricket Stadium, Abu Dhabi",2021-09-26
2nd innings,Chennai Super Kings,Kolkata Knight Riders,8.4,F du Plessis,MM Ali,AD Russell,0,1,1,,,,,KKR vs CSK 2021-09-26,CB Gaffaney,Tapan Sharma,RA Jadeja,Chennai Super Kings,Abu Dhabi,"Zayed Cricket Stadium, Abu Dhabi",2021-09-26
2nd innings,Chennai Super Kings,Kolkata Knight Riders,8.5,MM Ali,F du Plessis,AD Russell,0,2,2,,,,,KKR vs CSK 2021-09-26,CB Gaffaney,Tapan Sharma,RA Jadeja,Chennai Super Kings,Abu Dhabi,"Zayed Cricket Stadium, Abu Dhabi",2021-09-26
2nd innings,Chennai Super Kings,Kolkata Knight Riders,8.6,MM Ali,F du Plessis,AD Russell,0,1,1,,,,,KKR vs CSK 2021-09-26,CB Gaffaney,Tapan Sharma,RA Jadeja,Chennai Super Kings,Abu Dhabi,"Zayed Cricket Stadium, Abu Dhabi",2021-09-26
2nd innings,Chennai Super Kings,Kolkata Knight Riders,9.1,MM Ali,F du Plessis,LH Ferguson,0,1,1,,,,,KKR vs CSK 2021-09-26,CB Gaffaney,Tapan Sharma,RA Jadeja,Chennai Super Kings,Abu Dhabi,"Zayed Cricket Stadium, Abu Dhabi",2021-09-26
2nd innings,Chennai Super Kings,Kolkata Knight Riders,9.2,F du Plessis,MM Ali,LH Ferguson,0,0,0,,,,,KKR vs CSK 2021-09-26,CB Gaffaney,Tapan Sharma,RA Jadeja,Chennai Super Kings,Abu Dhabi,"Zayed Cricket Stadium, Abu Dhabi",2021-09-26
2nd innings,Chennai Super Kings,Kolkata Knight Riders,9.3,F du Plessis,MM Ali,LH Ferguson,0,0,0,,,,,KKR vs CSK 2021-09-26,CB Gaffaney,Tapan Sharma,RA Jadeja,Chennai Super Kings,Abu Dhabi,"Zayed Cricket Stadium, Abu Dhabi",2021-09-26
2nd innings,Chennai Super Kings,Kolkata Knight Riders,9.4,F du Plessis,MM Ali,LH Ferguson,0,0,0,,,,,KKR vs CSK 2021-09-26,CB Gaffaney,Tapan Sharma,RA Jadeja,Chennai Super Kings,Abu Dhabi,"Zayed Cricket Stadium, Abu Dhabi",2021-09-26
2nd innings,Chennai Super Kings,Kolkata Knight Riders,9.5,F du Plessis,MM Ali,LH Ferguson,0,4,4,,,,,KKR vs CSK 2021-09-26,CB Gaffaney,Tapan Sharma,RA Jadeja,Chennai Super Kings,Abu Dhabi,"Zayed Cricket Stadium, Abu Dhabi",2021-09-26
2nd innings,Chennai Super Kings,Kolkata Knight Riders,9.6,F du Plessis,MM Ali,LH Ferguson,0,6,6,,,,,KKR vs CSK 2021-09-26,CB Gaffaney,Tapan Sharma,RA Jadeja,Chennai Super Kings,Abu Dhabi,"Zayed Cricket Stadium, Abu Dhabi",2021-09-26
2nd innings,Chennai Super Kings,Kolkata Knight Riders,10.1,MM Ali,F du Plessis,AD Russell,0,1,1,,,,,KKR vs CSK 2021-09-26,CB Gaffaney,Tapan Sharma,RA Jadeja,Chennai Super Kings,Abu Dhabi,"Zayed Cricket Stadium, Abu Dhabi",2021-09-26
2nd innings,Chennai Super Kings,Kolkata Knight Riders,10.2,F du Plessis,MM Ali,AD Russell,0,4,4,,,,,KKR vs CSK 2021-09-26,CB Gaffaney,Tapan Sharma,RA Jadeja,Chennai Super Kings,Abu Dhabi,"Zayed Cricket Stadium, Abu Dhabi",2021-09-26
2nd innings,Chennai Super Kings,Kolkata Knight Riders,10.3,F du Plessis,MM Ali,AD Russell,0,1,1,,,,,KKR vs CSK 2021-09-26,CB Gaffaney,Tapan Sharma,RA Jadeja,Chennai Super Kings,Abu Dhabi,"Zayed Cricket Stadium, Abu Dhabi",2021-09-26
2nd innings,Chennai Super Kings,Kolkata Knight Riders,10.4,MM Ali,F du Plessis,AD Russell,0,4,4,,,,,KKR vs CSK 2021-09-26,CB Gaffaney,Tapan Sharma,RA Jadeja,Chennai Super Kings,Abu Dhabi,"Zayed Cricket Stadium, Abu Dhabi",2021-09-26
2nd innings,Chennai Super Kings,Kolkata Knight Riders,10.5,MM Ali,F du Plessis,AD Russell,0,1,1,,,,,KKR vs CSK 2021-09-26,CB Gaffaney,Tapan Sharma,RA Jadeja,Chennai Super Kings,Abu Dhabi,"Zayed Cricket Stadium, Abu Dhabi",2021-09-26
2nd innings,Chennai Super Kings,Kolkata Knight Riders,10.6,F du Plessis,MM Ali,AD Russell,0,1,1,,,,,KKR vs CSK 2021-09-26,CB Gaffaney,Tapan Sharma,RA Jadeja,Chennai Super Kings,Abu Dhabi,"Zayed Cricket Stadium, Abu Dhabi",2021-09-26
2nd innings,Chennai Super Kings,Kolkata Knight Riders,11.1,F du Plessis,MM Ali,M Prasidh Krishna,0,1,1,,,,,KKR vs CSK 2021-09-26,CB Gaffaney,Tapan Sharma,RA Jadeja,Chennai Super Kings,Abu Dhabi,"Zayed Cricket Stadium, Abu Dhabi",2021-09-26
2nd innings,Chennai Super Kings,Kolkata Knight Riders,11.2,MM Ali,F du Plessis,M Prasidh Krishna,0,0,0,,,,,KKR vs CSK 2021-09-26,CB Gaffaney,Tapan Sharma,RA Jadeja,Chennai Super Kings,Abu Dhabi,"Zayed Cricket Stadium, Abu Dhabi",2021-09-26
2nd innings,Chennai Super Kings,Kolkata Knight Riders,11.3,MM Ali,F du Plessis,M Prasidh Krishna,0,0,0,,F du Plessis,caught,LH Ferguson,KKR vs CSK 2021-09-26,CB Gaffaney,Tapan Sharma,RA Jadeja,Chennai Super Kings,Abu Dhabi,"Zayed Cricket Stadium, Abu Dhabi",2021-09-26
2nd innings,Chennai Super Kings,Kolkata Knight Riders,11.4,AT Rayudu,MM Ali,M Prasidh Krishna,0,1,1,,,,,KKR vs CSK 2021-09-26,CB Gaffaney,Tapan Sharma,RA Jadeja,Chennai Super Kings,Abu Dhabi,"Zayed Cricket Stadium, Abu Dhabi",2021-09-26
2nd innings,Chennai Super Kings,Kolkata Knight Riders,11.5,MM Ali,AT Rayudu,M Prasidh Krishna,0,1,1,,,,,KKR vs CSK 2021-09-26,CB Gaffaney,Tapan Sharma,RA Jadeja,Chennai Super Kings,Abu Dhabi,"Zayed Cricket Stadium, Abu Dhabi",2021-09-26
2nd innings,Chennai Super Kings,Kolkata Knight Riders,11.6,AT Rayudu,MM Ali,M Prasidh Krishna,0,2,2,,,,,KKR vs CSK 2021-09-26,CB Gaffaney,Tapan Sharma,RA Jadeja,Chennai Super Kings,Abu Dhabi,"Zayed Cricket Stadium, Abu Dhabi",2021-09-26
2nd innings,Chennai Super Kings,Kolkata Knight Riders,12.1,MM Ali,AT Rayudu,AD Russell,1,0,1,wides,,,,KKR vs CSK 2021-09-26,CB Gaffaney,Tapan Sharma,RA Jadeja,Chennai Super Kings,Abu Dhabi,"Zayed Cricket Stadium, Abu Dhabi",2021-09-26
2nd innings,Chennai Super Kings,Kolkata Knight Riders,12.2,MM Ali,AT Rayudu,AD Russell,0,1,1,,,,,KKR vs CSK 2021-09-26,CB Gaffaney,Tapan Sharma,RA Jadeja,Chennai Super Kings,Abu Dhabi,"Zayed Cricket Stadium, Abu Dhabi",2021-09-26
2nd innings,Chennai Super Kings,Kolkata Knight Riders,12.3,AT Rayudu,MM Ali,AD Russell,0,1,1,,,,,KKR vs CSK 2021-09-26,CB Gaffaney,Tapan Sharma,RA Jadeja,Chennai Super Kings,Abu Dhabi,"Zayed Cricket Stadium, Abu Dhabi",2021-09-26
2nd innings,Chennai Super Kings,Kolkata Knight Riders,12.4,MM Ali,AT Rayudu,AD Russell,0,0,0,,,,,KKR vs CSK 2021-09-26,CB Gaffaney,Tapan Sharma,RA Jadeja,Chennai Super Kings,Abu Dhabi,"Zayed Cricket Stadium, Abu Dhabi",2021-09-26
2nd innings,Chennai Super Kings,Kolkata Knight Riders,12.5,MM Ali,AT Rayudu,AD Russell,0,1,1,,,,,KKR vs CSK 2021-09-26,CB Gaffaney,Tapan Sharma,RA Jadeja,Chennai Super Kings,Abu Dhabi,"Zayed Cricket Stadium, Abu Dhabi",2021-09-26
2nd innings,Chennai Super Kings,Kolkata Knight Riders,12.6,AT Rayudu,MM Ali,AD Russell,0,1,1,,,,,KKR vs CSK 2021-09-26,CB Gaffaney,Tapan Sharma,RA Jadeja,Chennai Super Kings,Abu Dhabi,"Zayed Cricket Stadium, Abu Dhabi",2021-09-26
2nd innings,Chennai Super Kings,Kolkata Knight Riders,12.7,MM Ali,AT Rayudu,AD Russell,0,1,1,,,,,KKR vs CSK 2021-09-26,CB Gaffaney,Tapan Sharma,RA Jadeja,Chennai Super Kings,Abu Dhabi,"Zayed Cricket Stadium, Abu Dhabi",2021-09-26
2nd innings,Chennai Super Kings,Kolkata Knight Riders,13.1,MM Ali,AT Rayudu,CV Varun,0,1,1,,,,,KKR vs CSK 2021-09-26,CB Gaffaney,Tapan Sharma,RA Jadeja,Chennai Super Kings,Abu Dhabi,"Zayed Cricket Stadium, Abu Dhabi",2021-09-26
2nd innings,Chennai Super Kings,Kolkata Knight Riders,13.2,AT Rayudu,MM Ali,CV Varun,0,0,0,,,,,KKR vs CSK 2021-09-26,CB Gaffaney,Tapan Sharma,RA Jadeja,Chennai Super Kings,Abu Dhabi,"Zayed Cricket Stadium, Abu Dhabi",2021-09-26
2nd innings,Chennai Super Kings,Kolkata Knight Riders,13.3,AT Rayudu,MM Ali,CV Varun,0,0,0,,,,,KKR vs CSK 2021-09-26,CB Gaffaney,Tapan Sharma,RA Jadeja,Chennai Super Kings,Abu Dhabi,"Zayed Cricket Stadium, Abu Dhabi",2021-09-26
2nd innings,Chennai Super Kings,Kolkata Knight Riders,13.4,AT Rayudu,MM Ali,CV Varun,0,1,1,,,,,KKR vs CSK 2021-09-26,CB Gaffaney,Tapan Sharma,RA Jadeja,Chennai Super Kings,Abu Dhabi,"Zayed Cricket Stadium, Abu Dhabi",2021-09-26
2nd innings,Chennai Super Kings,Kolkata Knight Riders,13.5,MM Ali,AT Rayudu,CV Varun,0,1,1,,,,,KKR vs CSK 2021-09-26,CB Gaffaney,Tapan Sharma,RA Jadeja,Chennai Super Kings,Abu Dhabi,"Zayed Cricket Stadium, Abu Dhabi",2021-09-26
2nd innings,Chennai Super Kings,Kolkata Knight Riders,13.6,AT Rayudu,MM Ali,CV Varun,0,0,0,,,,,KKR vs CSK 2021-09-26,CB Gaffaney,Tapan Sharma,RA Jadeja,Chennai Super Kings,Abu Dhabi,"Zayed Cricket Stadium, Abu Dhabi",2021-09-26
2nd innings,Chennai Super Kings,Kolkata Knight Riders,14.1,MM Ali,AT Rayudu,SP Narine,0,4,4,,,,,KKR vs CSK 2021-09-26,CB Gaffaney,Tapan Sharma,RA Jadeja,Chennai Super Kings,Abu Dhabi,"Zayed Cricket Stadium, Abu Dhabi",2021-09-26
2nd innings,Chennai Super Kings,Kolkata Knight Riders,14.2,MM Ali,AT Rayudu,SP Narine,0,0,0,,AT Rayudu,bowled,,KKR vs CSK 2021-09-26,CB Gaffaney,Tapan Sharma,RA Jadeja,Chennai Super Kings,Abu Dhabi,"Zayed Cricket Stadium, Abu Dhabi",2021-09-26
2nd innings,Chennai Super Kings,Kolkata Knight Riders,14.3,MM Ali,SK Raina,SP Narine,0,4,4,,,,,KKR vs CSK 2021-09-26,CB Gaffaney,Tapan Sharma,RA Jadeja,Chennai Super Kings,Abu Dhabi,"Zayed Cricket Stadium, Abu Dhabi",2021-09-26
2nd innings,Chennai Super Kings,Kolkata Knight Riders,14.4,MM Ali,SK Raina,SP Narine,0,2,2,,,,,KKR vs CSK 2021-09-26,CB Gaffaney,Tapan Sharma,RA Jadeja,Chennai Super Kings,Abu Dhabi,"Zayed Cricket Stadium, Abu Dhabi",2021-09-26
2nd innings,Chennai Super Kings,Kolkata Knight Riders,14.5,MM Ali,SK Raina,SP Narine,0,1,1,,,,,KKR vs CSK 2021-09-26,CB Gaffaney,Tapan Sharma,RA Jadeja,Chennai Super Kings,Abu Dhabi,"Zayed Cricket Stadium, Abu Dhabi",2021-09-26
2nd innings,Chennai Super Kings,Kolkata Knight Riders,14.6,SK Raina,MM Ali,SP Narine,0,1,1,,,,,KKR vs CSK 2021-09-26,CB Gaffaney,Tapan Sharma,RA Jadeja,Chennai Super Kings,Abu Dhabi,"Zayed Cricket Stadium, Abu Dhabi",2021-09-26
2nd innings,Chennai Super Kings,Kolkata Knight Riders,15.1,SK Raina,MM Ali,VR Iyer,0,1,1,,,,,KKR vs CSK 2021-09-26,CB Gaffaney,Tapan Sharma,RA Jadeja,Chennai Super Kings,Abu Dhabi,"Zayed Cricket Stadium, Abu Dhabi",2021-09-26
2nd innings,Chennai Super Kings,Kolkata Knight Riders,15.2,MM Ali,SK Raina,VR Iyer,0,1,1,,,,,KKR vs CSK 2021-09-26,CB Gaffaney,Tapan Sharma,RA Jadeja,Chennai Super Kings,Abu Dhabi,"Zayed Cricket Stadium, Abu Dhabi",2021-09-26
2nd innings,Chennai Super Kings,Kolkata Knight Riders,15.3,SK Raina,MM Ali,VR Iyer,0,2,2,,,,,KKR vs CSK 2021-09-26,CB Gaffaney,Tapan Sharma,RA Jadeja,Chennai Super Kings,Abu Dhabi,"Zayed Cricket Stadium, Abu Dhabi",2021-09-26
2nd innings,Chennai Super Kings,Kolkata Knight Riders,15.4,SK Raina,MM Ali,VR Iyer,0,0,0,,,,,KKR vs CSK 2021-09-26,CB Gaffaney,Tapan Sharma,RA Jadeja,Chennai Super Kings,Abu Dhabi,"Zayed Cricket Stadium, Abu Dhabi",2021-09-26
2nd innings,Chennai Super Kings,Kolkata Knight Riders,15.5,SK Raina,MM Ali,VR Iyer,0,0,0,,,,,KKR vs CSK 2021-09-26,CB Gaffaney,Tapan Sharma,RA Jadeja,Chennai Super Kings,Abu Dhabi,"Zayed Cricket Stadium, Abu Dhabi",2021-09-26
2nd innings,Chennai Super Kings,Kolkata Knight Riders,15.6,SK Raina,MM Ali,VR Iyer,0,1,1,,,,,KKR vs CSK 2021-09-26,CB Gaffaney,Tapan Sharma,RA Jadeja,Chennai Super Kings,Abu Dhabi,"Zayed Cricket Stadium, Abu Dhabi",2021-09-26
2nd innings,Chennai Super Kings,Kolkata Knight Riders,16.1,SK Raina,MM Ali,LH Ferguson,0,1,1,,,,,KKR vs CSK 2021-09-26,CB Gaffaney,Tapan Sharma,RA Jadeja,Chennai Super Kings,Abu Dhabi,"Zayed Cricket Stadium, Abu Dhabi",2021-09-26
2nd innings,Chennai Super Kings,Kolkata Knight Riders,16.2,MM Ali,SK Raina,LH Ferguson,1,0,1,noballs,,,,KKR vs CSK 2021-09-26,CB Gaffaney,Tapan Sharma,RA Jadeja,Chennai Super Kings,Abu Dhabi,"Zayed Cricket Stadium, Abu Dhabi",2021-09-26
2nd innings,Chennai Super Kings,Kolkata Knight Riders,16.3,MM Ali,SK Raina,LH Ferguson,0,1,1,,,,,KKR vs CSK 2021-09-26,CB Gaffaney,Tapan Sharma,RA Jadeja,Chennai Super Kings,Abu Dhabi,"Zayed Cricket Stadium, Abu Dhabi",2021-09-26
2nd innings,Chennai Super Kings,Kolkata Knight Riders,16.4,SK Raina,MM Ali,LH Ferguson,1,0,1,wides,,,,KKR vs CSK 2021-09-26,CB Gaffaney,Tapan Sharma,RA Jadeja,Chennai Super Kings,Abu Dhabi,"Zayed Cricket Stadium, Abu Dhabi",2021-09-26
2nd innings,Chennai Super Kings,Kolkata Knight Riders,16.5,SK Raina,MM Ali,LH Ferguson,0,2,2,,,,,KKR vs CSK 2021-09-26,CB Gaffaney,Tapan Sharma,RA Jadeja,Chennai Super Kings,Abu Dhabi,"Zayed Cricket Stadium, Abu Dhabi",2021-09-26
2nd innings,Chennai Super Kings,Kolkata Knight Riders,16.6,SK Raina,MM Ali,LH Ferguson,0,0,0,,MM Ali,caught,VR Iyer,KKR vs CSK 2021-09-26,CB Gaffaney,Tapan Sharma,RA Jadeja,Chennai Super Kings,Abu Dhabi,"Zayed Cricket Stadium, Abu Dhabi",2021-09-26
2nd innings,Chennai Super Kings,Kolkata Knight Riders,16.7,SK Raina,MS Dhoni,LH Ferguson,1,0,1,legbyes,,,,KKR vs CSK 2021-09-26,CB Gaffaney,Tapan Sharma,RA Jadeja,Chennai Super Kings,Abu Dhabi,"Zayed Cricket Stadium, Abu Dhabi",2021-09-26
2nd innings,Chennai Super Kings,Kolkata Knight Riders,16.8,MS Dhoni,SK Raina,LH Ferguson,0,2,2,,,,,KKR vs CSK 2021-09-26,CB Gaffaney,Tapan Sharma,RA Jadeja,Chennai Super Kings,Abu Dhabi,"Zayed Cricket Stadium, Abu Dhabi",2021-09-26
2nd innings,Chennai Super Kings,Kolkata Knight Riders,17.1,SK Raina,MS Dhoni,CV Varun,0,1,1,,SK Raina,run out,,KKR vs CSK 2021-09-26,CB Gaffaney,Tapan Sharma,RA Jadeja,Chennai Super Kings,Abu Dhabi,"Zayed Cricket Stadium, Abu Dhabi",2021-09-26
2nd innings,Chennai Super Kings,Kolkata Knight Riders,17.2,RA Jadeja,MS Dhoni,CV Varun,0,0,0,,,,,KKR vs CSK 2021-09-26,CB Gaffaney,Tapan Sharma,RA Jadeja,Chennai Super Kings,Abu Dhabi,"Zayed Cricket Stadium, Abu Dhabi",2021-09-26
2nd innings,Chennai Super Kings,Kolkata Knight Riders,17.3,RA Jadeja,MS Dhoni,CV Varun,0,0,0,,MS Dhoni,bowled,,KKR vs CSK 2021-09-26,CB Gaffaney,Tapan Sharma,RA Jadeja,Chennai Super Kings,Abu Dhabi,"Zayed Cricket Stadium, Abu Dhabi",2021-09-26
2nd innings,Chennai Super Kings,Kolkata Knight Riders,17.4,RA Jadeja,SM Curran,CV Varun,0,2,2,,,,,KKR vs CSK 2021-09-26,CB Gaffaney,Tapan Sharma,RA Jadeja,Chennai Super Kings,Abu Dhabi,"Zayed Cricket Stadium, Abu Dhabi",2021-09-26
2nd innings,Chennai Super Kings,Kolkata Knight Riders,17.5,RA Jadeja,SM Curran,CV Varun,0,1,1,,,,,KKR vs CSK 2021-09-26,CB Gaffaney,Tapan Sharma,RA Jadeja,Chennai Super Kings,Abu Dhabi,"Zayed Cricket Stadium, Abu Dhabi",2021-09-26
2nd innings,Chennai Super Kings,Kolkata Knight Riders,17.6,SM Curran,RA Jadeja,CV Varun,0,1,1,,,,,KKR vs CSK 2021-09-26,CB Gaffaney,Tapan Sharma,RA Jadeja,Chennai Super Kings,Abu Dhabi,"Zayed Cricket Stadium, Abu Dhabi",2021-09-26
2nd innings,Chennai Super Kings,Kolkata Knight Riders,18.1,SM Curran,RA Jadeja,M Prasidh Krishna,0,1,1,,,,,KKR vs CSK 2021-09-26,CB Gaffaney,Tapan Sharma,RA Jadeja,Chennai Super Kings,Abu Dhabi,"Zayed Cricket Stadium, Abu Dhabi",2021-09-26
2nd innings,Chennai Super Kings,Kolkata Knight Riders,18.2,RA Jadeja,SM Curran,M Prasidh Krishna,0,1,1,,,,,KKR vs CSK 2021-09-26,CB Gaffaney,Tapan Sharma,RA Jadeja,Chennai Super Kings,Abu Dhabi,"Zayed Cricket Stadium, Abu Dhabi",2021-09-26
2nd innings,Chennai Super Kings,Kolkata Knight Riders,18.3,SM Curran,RA Jadeja,M Prasidh Krishna,0,6,6,,,,,KKR vs CSK 2021-09-26,CB Gaffaney,Tapan Sharma,RA Jadeja,Chennai Super Kings,Abu Dhabi,"Zayed Cricket Stadium, Abu Dhabi",2021-09-26
2nd innings,Chennai Super Kings,Kolkata Knight Riders,18.4,SM Curran,RA Jadeja,M Prasidh Krishna,0,6,6,,,,,KKR vs CSK 2021-09-26,CB Gaffaney,Tapan Sharma,RA Jadeja,Chennai Super Kings,Abu Dhabi,"Zayed Cricket Stadium, Abu Dhabi",2021-09-26
2nd innings,Chennai Super Kings,Kolkata Knight Riders,18.5,SM Curran,RA Jadeja,M Prasidh Krishna,0,4,4,,,,,KKR vs CSK 2021-09-26,CB Gaffaney,Tapan Sharma,RA Jadeja,Chennai Super Kings,Abu Dhabi,"Zayed Cricket Stadium, Abu Dhabi",2021-09-26
2nd innings,Chennai Super Kings,Kolkata Knight Riders,18.6,SM Curran,RA Jadeja,M Prasidh Krishna,0,4,4,,,,,KKR vs CSK 2021-09-26,CB Gaffaney,Tapan Sharma,RA Jadeja,Chennai Super Kings,Abu Dhabi,"Zayed Cricket Stadium, Abu Dhabi",2021-09-26
2nd innings,Chennai Super Kings,Kolkata Knight Riders,19.1,RA Jadeja,SM Curran,SP Narine,0,0,0,,SM Curran,caught,KL Nagarkoti (sub),KKR vs CSK 2021-09-26,CB Gaffaney,Tapan Sharma,RA Jadeja,Chennai Super Kings,Abu Dhabi,"Zayed Cricket Stadium, Abu Dhabi",2021-09-26
2nd innings,Chennai Super Kings,Kolkata Knight Riders,19.2,RA Jadeja,SN Thakur,SP Narine,0,0,0,,,,,KKR vs CSK 2021-09-26,CB Gaffaney,Tapan Sharma,RA Jadeja,Chennai Super Kings,Abu Dhabi,"Zayed Cricket Stadium, Abu Dhabi",2021-09-26
2nd innings,Chennai Super Kings,Kolkata Knight Riders,19.3,RA Jadeja,SN Thakur,SP Narine,0,3,3,,,,,KKR vs CSK 2021-09-26,CB Gaffaney,Tapan Sharma,RA Jadeja,Chennai Super Kings,Abu Dhabi,"Zayed Cricket Stadium, Abu Dhabi",2021-09-26
2nd innings,Chennai Super Kings,Kolkata Knight Riders,19.4,SN Thakur,RA Jadeja,SP Narine,0,0,0,,,,,KKR vs CSK 2021-09-26,CB Gaffaney,Tapan Sharma,RA Jadeja,Chennai Super Kings,Abu Dhabi,"Zayed Cricket Stadium, Abu Dhabi",2021-09-26
2nd innings,Chennai Super Kings,Kolkata Knight Riders,19.5,SN Thakur,RA Jadeja,SP Narine,0,0,0,,RA Jadeja,lbw,,KKR vs CSK 2021-09-26,CB Gaffaney,Tapan Sharma,RA Jadeja,Chennai Super Kings,Abu Dhabi,"Zayed Cricket Stadium, Abu Dhabi",2021-09-26
2nd innings,Chennai Super Kings,Kolkata Knight Riders,19.6,SN Thakur,DL Chahar,SP Narine,0,1,1,,,,,KKR vs CSK 2021-09-26,CB Gaffaney,Tapan Sharma,RA Jadeja,Chennai Super Kings,Abu Dhabi,"Zayed Cricket Stadium, Abu Dhabi",2021-09-26
