inning,batting_team,bowling_team,ball,non_striker,batsman,bowler,extra_runs,batsman_run,total_runs,extras,player_out,elimination_kind,fielders_caught,match_name,umpires_1,umpires_2,player_of_match,winner,city,venue,dates
1st innings,Mumbai Indians,Royal Challengers Bangalore,0.1,CA Lynn,RG Sharma,Mohammed Siraj,0,2,2,,,,,MI vs RCB 2021-04-09,KN Ananthapadmanabhan,Nitin Menon,HV Patel,Royal Challengers Bangalore,Chennai,"MA Chidambaram Stadium, Chepauk, Chennai",2021-04-09
1st innings,Mumbai Indians,Royal Challengers Bangalore,0.2,CA Lynn,RG Sharma,Mohammed Siraj,0,0,0,,,,,MI vs RCB 2021-04-09,KN Ananthapadmanabhan,Nitin Menon,HV Patel,Royal Challengers Bangalore,Chennai,"MA Chidambaram Stadium, Chepauk, Chennai",2021-04-09
1st innings,Mumbai Indians,Royal Challengers Bangalore,0.3,CA Lynn,RG Sharma,Mohammed Siraj,0,0,0,,,,,MI vs RCB 2021-04-09,KN Ananthapadmanabhan,Nitin Menon,HV Patel,Royal Challengers Bangalore,Chennai,"MA Chidambaram Stadium, Chepauk, Chennai",2021-04-09
1st innings,Mumbai Indians,Royal Challengers Bangalore,0.4,CA Lynn,RG Sharma,Mohammed Siraj,0,2,2,,,,,MI vs RCB 2021-04-09,KN Ananthapadmanabhan,Nitin Menon,HV Patel,Royal Challengers Bangalore,Chennai,"MA Chidambaram Stadium, Chepauk, Chennai",2021-04-09
1st innings,Mumbai Indians,Royal Challengers Bangalore,0.5,CA Lynn,RG Sharma,Mohammed Siraj,0,0,0,,,,,MI vs RCB 2021-04-09,KN Ananthapadmanabhan,Nitin Menon,HV Patel,Royal Challengers Bangalore,Chennai,"MA Chidambaram Stadium, Chepauk, Chennai",2021-04-09
1st innings,Mumbai Indians,Royal Challengers Bangalore,0.6,CA Lynn,RG Sharma,Mohammed Siraj,0,1,1,,,,,MI vs RCB 2021-04-09,KN Ananthapadmanabhan,Nitin Menon,HV Patel,Royal Challengers Bangalore,Chennai,"MA Chidambaram Stadium, Chepauk, Chennai",2021-04-09
1st innings,Mumbai Indians,Royal Challengers Bangalore,1.1,CA Lynn,RG Sharma,KA Jamieson,0,1,1,,,,,MI vs RCB 2021-04-09,KN Ananthapadmanabhan,Nitin Menon,HV Patel,Royal Challengers Bangalore,Chennai,"MA Chidambaram Stadium, Chepauk, Chennai",2021-04-09
1st innings,Mumbai Indians,Royal Challengers Bangalore,1.2,RG Sharma,CA Lynn,KA Jamieson,0,0,0,,,,,MI vs RCB 2021-04-09,KN Ananthapadmanabhan,Nitin Menon,HV Patel,Royal Challengers Bangalore,Chennai,"MA Chidambaram Stadium, Chepauk, Chennai",2021-04-09
1st innings,Mumbai Indians,Royal Challengers Bangalore,1.3,RG Sharma,CA Lynn,KA Jamieson,0,0,0,,,,,MI vs RCB 2021-04-09,KN Ananthapadmanabhan,Nitin Menon,HV Patel,Royal Challengers Bangalore,Chennai,"MA Chidambaram Stadium, Chepauk, Chennai",2021-04-09
1st innings,Mumbai Indians,Royal Challengers Bangalore,1.4,RG Sharma,CA Lynn,KA Jamieson,0,0,0,,,,,MI vs RCB 2021-04-09,KN Ananthapadmanabhan,Nitin Menon,HV Patel,Royal Challengers Bangalore,Chennai,"MA Chidambaram Stadium, Chepauk, Chennai",2021-04-09
1st innings,Mumbai Indians,Royal Challengers Bangalore,1.5,RG Sharma,CA Lynn,KA Jamieson,0,0,0,,,,,MI vs RCB 2021-04-09,KN Ananthapadmanabhan,Nitin Menon,HV Patel,Royal Challengers Bangalore,Chennai,"MA Chidambaram Stadium, Chepauk, Chennai",2021-04-09
1st innings,Mumbai Indians,Royal Challengers Bangalore,1.6,RG Sharma,CA Lynn,KA Jamieson,0,0,0,,,,,MI vs RCB 2021-04-09,KN Ananthapadmanabhan,Nitin Menon,HV Patel,Royal Challengers Bangalore,Chennai,"MA Chidambaram Stadium, Chepauk, Chennai",2021-04-09
1st innings,Mumbai Indians,Royal Challengers Bangalore,2.1,CA Lynn,RG Sharma,Mohammed Siraj,0,0,0,,,,,MI vs RCB 2021-04-09,KN Ananthapadmanabhan,Nitin Menon,HV Patel,Royal Challengers Bangalore,Chennai,"MA Chidambaram Stadium, Chepauk, Chennai",2021-04-09
1st innings,Mumbai Indians,Royal Challengers Bangalore,2.2,CA Lynn,RG Sharma,Mohammed Siraj,0,0,0,,,,,MI vs RCB 2021-04-09,KN Ananthapadmanabhan,Nitin Menon,HV Patel,Royal Challengers Bangalore,Chennai,"MA Chidambaram Stadium, Chepauk, Chennai",2021-04-09
1st innings,Mumbai Indians,Royal Challengers Bangalore,2.3,CA Lynn,RG Sharma,Mohammed Siraj,0,0,0,,,,,MI vs RCB 2021-04-09,KN Ananthapadmanabhan,Nitin Menon,HV Patel,Royal Challengers Bangalore,Chennai,"MA Chidambaram Stadium, Chepauk, Chennai",2021-04-09
1st innings,Mumbai Indians,Royal Challengers Bangalore,2.4,CA Lynn,RG Sharma,Mohammed Siraj,0,0,0,,,,,MI vs RCB 2021-04-09,KN Ananthapadmanabhan,Nitin Menon,HV Patel,Royal Challengers Bangalore,Chennai,"MA Chidambaram Stadium, Chepauk, Chennai",2021-04-09
1st innings,Mumbai Indians,Royal Challengers Bangalore,2.5,CA Lynn,RG Sharma,Mohammed Siraj,0,4,4,,,,,MI vs RCB 2021-04-09,KN Ananthapadmanabhan,Nitin Menon,HV Patel,Royal Challengers Bangalore,Chennai,"MA Chidambaram Stadium, Chepauk, Chennai",2021-04-09
1st innings,Mumbai Indians,Royal Challengers Bangalore,2.6,CA Lynn,RG Sharma,Mohammed Siraj,0,2,2,,,,,MI vs RCB 2021-04-09,KN Ananthapadmanabhan,Nitin Menon,HV Patel,Royal Challengers Bangalore,Chennai,"MA Chidambaram Stadium, Chepauk, Chennai",2021-04-09
1st innings,Mumbai Indians,Royal Challengers Bangalore,3.1,RG Sharma,CA Lynn,YS Chahal,0,0,0,,,,,MI vs RCB 2021-04-09,KN Ananthapadmanabhan,Nitin Menon,HV Patel,Royal Challengers Bangalore,Chennai,"MA Chidambaram Stadium, Chepauk, Chennai",2021-04-09
1st innings,Mumbai Indians,Royal Challengers Bangalore,3.2,RG Sharma,CA Lynn,YS Chahal,0,4,4,,,,,MI vs RCB 2021-04-09,KN Ananthapadmanabhan,Nitin Menon,HV Patel,Royal Challengers Bangalore,Chennai,"MA Chidambaram Stadium, Chepauk, Chennai",2021-04-09
1st innings,Mumbai Indians,Royal Challengers Bangalore,3.3,RG Sharma,CA Lynn,YS Chahal,0,1,1,,,,,MI vs RCB 2021-04-09,KN Ananthapadmanabhan,Nitin Menon,HV Patel,Royal Challengers Bangalore,Chennai,"MA Chidambaram Stadium, Chepauk, Chennai",2021-04-09
1st innings,Mumbai Indians,Royal Challengers Bangalore,3.4,CA Lynn,RG Sharma,YS Chahal,0,6,6,,,,,MI vs RCB 2021-04-09,KN Ananthapadmanabhan,Nitin Menon,HV Patel,Royal Challengers Bangalore,Chennai,"MA Chidambaram Stadium, Chepauk, Chennai",2021-04-09
1st innings,Mumbai Indians,Royal Challengers Bangalore,3.5,CA Lynn,RG Sharma,YS Chahal,0,1,1,,,,,MI vs RCB 2021-04-09,KN Ananthapadmanabhan,Nitin Menon,HV Patel,Royal Challengers Bangalore,Chennai,"MA Chidambaram Stadium, Chepauk, Chennai",2021-04-09
1st innings,Mumbai Indians,Royal Challengers Bangalore,3.6,RG Sharma,CA Lynn,YS Chahal,0,0,0,,RG Sharma,run out,,MI vs RCB 2021-04-09,KN Ananthapadmanabhan,Nitin Menon,HV Patel,Royal Challengers Bangalore,Chennai,"MA Chidambaram Stadium, Chepauk, Chennai",2021-04-09
1st innings,Mumbai Indians,Royal Challengers Bangalore,4.1,CA Lynn,SA Yadav,KA Jamieson,0,4,4,,,,,MI vs RCB 2021-04-09,KN Ananthapadmanabhan,Nitin Menon,HV Patel,Royal Challengers Bangalore,Chennai,"MA Chidambaram Stadium, Chepauk, Chennai",2021-04-09
1st innings,Mumbai Indians,Royal Challengers Bangalore,4.2,CA Lynn,SA Yadav,KA Jamieson,0,0,0,,,,,MI vs RCB 2021-04-09,KN Ananthapadmanabhan,Nitin Menon,HV Patel,Royal Challengers Bangalore,Chennai,"MA Chidambaram Stadium, Chepauk, Chennai",2021-04-09
1st innings,Mumbai Indians,Royal Challengers Bangalore,4.3,CA Lynn,SA Yadav,KA Jamieson,0,1,1,,,,,MI vs RCB 2021-04-09,KN Ananthapadmanabhan,Nitin Menon,HV Patel,Royal Challengers Bangalore,Chennai,"MA Chidambaram Stadium, Chepauk, Chennai",2021-04-09
1st innings,Mumbai Indians,Royal Challengers Bangalore,4.4,SA Yadav,CA Lynn,KA Jamieson,0,1,1,,,,,MI vs RCB 2021-04-09,KN Ananthapadmanabhan,Nitin Menon,HV Patel,Royal Challengers Bangalore,Chennai,"MA Chidambaram Stadium, Chepauk, Chennai",2021-04-09
1st innings,Mumbai Indians,Royal Challengers Bangalore,4.5,CA Lynn,SA Yadav,KA Jamieson,0,0,0,,,,,MI vs RCB 2021-04-09,KN Ananthapadmanabhan,Nitin Menon,HV Patel,Royal Challengers Bangalore,Chennai,"MA Chidambaram Stadium, Chepauk, Chennai",2021-04-09
1st innings,Mumbai Indians,Royal Challengers Bangalore,4.6,CA Lynn,SA Yadav,KA Jamieson,0,0,0,,,,,MI vs RCB 2021-04-09,KN Ananthapadmanabhan,Nitin Menon,HV Patel,Royal Challengers Bangalore,Chennai,"MA Chidambaram Stadium, Chepauk, Chennai",2021-04-09
1st innings,Mumbai Indians,Royal Challengers Bangalore,5.1,SA Yadav,CA Lynn,YS Chahal,0,0,0,,,,,MI vs RCB 2021-04-09,KN Ananthapadmanabhan,Nitin Menon,HV Patel,Royal Challengers Bangalore,Chennai,"MA Chidambaram Stadium, Chepauk, Chennai",2021-04-09
1st innings,Mumbai Indians,Royal Challengers Bangalore,5.2,SA Yadav,CA Lynn,YS Chahal,0,6,6,,,,,MI vs RCB 2021-04-09,KN Ananthapadmanabhan,Nitin Menon,HV Patel,Royal Challengers Bangalore,Chennai,"MA Chidambaram Stadium, Chepauk, Chennai",2021-04-09
1st innings,Mumbai Indians,Royal Challengers Bangalore,5.3,SA Yadav,CA Lynn,YS Chahal,0,0,0,,,,,MI vs RCB 2021-04-09,KN Ananthapadmanabhan,Nitin Menon,HV Patel,Royal Challengers Bangalore,Chennai,"MA Chidambaram Stadium, Chepauk, Chennai",2021-04-09
1st innings,Mumbai Indians,Royal Challengers Bangalore,5.4,SA Yadav,CA Lynn,YS Chahal,0,1,1,,,,,MI vs RCB 2021-04-09,KN Ananthapadmanabhan,Nitin Menon,HV Patel,Royal Challengers Bangalore,Chennai,"MA Chidambaram Stadium, Chepauk, Chennai",2021-04-09
1st innings,Mumbai Indians,Royal Challengers Bangalore,5.5,CA Lynn,SA Yadav,YS Chahal,0,0,0,,,,,MI vs RCB 2021-04-09,KN Ananthapadmanabhan,Nitin Menon,HV Patel,Royal Challengers Bangalore,Chennai,"MA Chidambaram Stadium, Chepauk, Chennai",2021-04-09
1st innings,Mumbai Indians,Royal Challengers Bangalore,5.6,CA Lynn,SA Yadav,YS Chahal,0,4,4,,,,,MI vs RCB 2021-04-09,KN Ananthapadmanabhan,Nitin Menon,HV Patel,Royal Challengers Bangalore,Chennai,"MA Chidambaram Stadium, Chepauk, Chennai",2021-04-09
1st innings,Mumbai Indians,Royal Challengers Bangalore,6.1,SA Yadav,CA Lynn,Shahbaz Ahmed,0,1,1,,,,,MI vs RCB 2021-04-09,KN Ananthapadmanabhan,Nitin Menon,HV Patel,Royal Challengers Bangalore,Chennai,"MA Chidambaram Stadium, Chepauk, Chennai",2021-04-09
1st innings,Mumbai Indians,Royal Challengers Bangalore,6.2,CA Lynn,SA Yadav,Shahbaz Ahmed,0,1,1,,,,,MI vs RCB 2021-04-09,KN Ananthapadmanabhan,Nitin Menon,HV Patel,Royal Challengers Bangalore,Chennai,"MA Chidambaram Stadium, Chepauk, Chennai",2021-04-09
1st innings,Mumbai Indians,Royal Challengers Bangalore,6.3,SA Yadav,CA Lynn,Shahbaz Ahmed,0,4,4,,,,,MI vs RCB 2021-04-09,KN Ananthapadmanabhan,Nitin Menon,HV Patel,Royal Challengers Bangalore,Chennai,"MA Chidambaram Stadium, Chepauk, Chennai",2021-04-09
1st innings,Mumbai Indians,Royal Challengers Bangalore,6.4,SA Yadav,CA Lynn,Shahbaz Ahmed,0,6,6,,,,,MI vs RCB 2021-04-09,KN Ananthapadmanabhan,Nitin Menon,HV Patel,Royal Challengers Bangalore,Chennai,"MA Chidambaram Stadium, Chepauk, Chennai",2021-04-09
1st innings,Mumbai Indians,Royal Challengers Bangalore,6.5,SA Yadav,CA Lynn,Shahbaz Ahmed,0,1,1,,,,,MI vs RCB 2021-04-09,KN Ananthapadmanabhan,Nitin Menon,HV Patel,Royal Challengers Bangalore,Chennai,"MA Chidambaram Stadium, Chepauk, Chennai",2021-04-09
1st innings,Mumbai Indians,Royal Challengers Bangalore,6.6,CA Lynn,SA Yadav,Shahbaz Ahmed,0,1,1,,,,,MI vs RCB 2021-04-09,KN Ananthapadmanabhan,Nitin Menon,HV Patel,Royal Challengers Bangalore,Chennai,"MA Chidambaram Stadium, Chepauk, Chennai",2021-04-09
1st innings,Mumbai Indians,Royal Challengers Bangalore,7.1,CA Lynn,SA Yadav,HV Patel,1,1,2,noballs,,,,MI vs RCB 2021-04-09,KN Ananthapadmanabhan,Nitin Menon,HV Patel,Royal Challengers Bangalore,Chennai,"MA Chidambaram Stadium, Chepauk, Chennai",2021-04-09
1st innings,Mumbai Indians,Royal Challengers Bangalore,7.2,SA Yadav,CA Lynn,HV Patel,0,6,6,,,,,MI vs RCB 2021-04-09,KN Ananthapadmanabhan,Nitin Menon,HV Patel,Royal Challengers Bangalore,Chennai,"MA Chidambaram Stadium, Chepauk, Chennai",2021-04-09
1st innings,Mumbai Indians,Royal Challengers Bangalore,7.3,SA Yadav,CA Lynn,HV Patel,0,1,1,,,,,MI vs RCB 2021-04-09,KN Ananthapadmanabhan,Nitin Menon,HV Patel,Royal Challengers Bangalore,Chennai,"MA Chidambaram Stadium, Chepauk, Chennai",2021-04-09
1st innings,Mumbai Indians,Royal Challengers Bangalore,7.4,CA Lynn,SA Yadav,HV Patel,0,0,0,,,,,MI vs RCB 2021-04-09,KN Ananthapadmanabhan,Nitin Menon,HV Patel,Royal Challengers Bangalore,Chennai,"MA Chidambaram Stadium, Chepauk, Chennai",2021-04-09
1st innings,Mumbai Indians,Royal Challengers Bangalore,7.5,CA Lynn,SA Yadav,HV Patel,0,4,4,,,,,MI vs RCB 2021-04-09,KN Ananthapadmanabhan,Nitin Menon,HV Patel,Royal Challengers Bangalore,Chennai,"MA Chidambaram Stadium, Chepauk, Chennai",2021-04-09
1st innings,Mumbai Indians,Royal Challengers Bangalore,7.6,CA Lynn,SA Yadav,HV Patel,0,1,1,,,,,MI vs RCB 2021-04-09,KN Ananthapadmanabhan,Nitin Menon,HV Patel,Royal Challengers Bangalore,Chennai,"MA Chidambaram Stadium, Chepauk, Chennai",2021-04-09
1st innings,Mumbai Indians,Royal Challengers Bangalore,7.7,SA Yadav,CA Lynn,HV Patel,0,1,1,,,,,MI vs RCB 2021-04-09,KN Ananthapadmanabhan,Nitin Menon,HV Patel,Royal Challengers Bangalore,Chennai,"MA Chidambaram Stadium, Chepauk, Chennai",2021-04-09
1st innings,Mumbai Indians,Royal Challengers Bangalore,8.1,SA Yadav,CA Lynn,DT Christian,0,1,1,,,,,MI vs RCB 2021-04-09,KN Ananthapadmanabhan,Nitin Menon,HV Patel,Royal Challengers Bangalore,Chennai,"MA Chidambaram Stadium, Chepauk, Chennai",2021-04-09
1st innings,Mumbai Indians,Royal Challengers Bangalore,8.2,CA Lynn,SA Yadav,DT Christian,0,4,4,,,,,MI vs RCB 2021-04-09,KN Ananthapadmanabhan,Nitin Menon,HV Patel,Royal Challengers Bangalore,Chennai,"MA Chidambaram Stadium, Chepauk, Chennai",2021-04-09
1st innings,Mumbai Indians,Royal Challengers Bangalore,8.3,CA Lynn,SA Yadav,DT Christian,0,1,1,,,,,MI vs RCB 2021-04-09,KN Ananthapadmanabhan,Nitin Menon,HV Patel,Royal Challengers Bangalore,Chennai,"MA Chidambaram Stadium, Chepauk, Chennai",2021-04-09
1st innings,Mumbai Indians,Royal Challengers Bangalore,8.4,SA Yadav,CA Lynn,DT Christian,0,2,2,,,,,MI vs RCB 2021-04-09,KN Ananthapadmanabhan,Nitin Menon,HV Patel,Royal Challengers Bangalore,Chennai,"MA Chidambaram Stadium, Chepauk, Chennai",2021-04-09
1st innings,Mumbai Indians,Royal Challengers Bangalore,8.5,SA Yadav,CA Lynn,DT Christian,1,0,1,wides,,,,MI vs RCB 2021-04-09,KN Ananthapadmanabhan,Nitin Menon,HV Patel,Royal Challengers Bangalore,Chennai,"MA Chidambaram Stadium, Chepauk, Chennai",2021-04-09
1st innings,Mumbai Indians,Royal Challengers Bangalore,8.6,SA Yadav,CA Lynn,DT Christian,0,4,4,,,,,MI vs RCB 2021-04-09,KN Ananthapadmanabhan,Nitin Menon,HV Patel,Royal Challengers Bangalore,Chennai,"MA Chidambaram Stadium, Chepauk, Chennai",2021-04-09
1st innings,Mumbai Indians,Royal Challengers Bangalore,8.7,SA Yadav,CA Lynn,DT Christian,0,0,0,,,,,MI vs RCB 2021-04-09,KN Ananthapadmanabhan,Nitin Menon,HV Patel,Royal Challengers Bangalore,Chennai,"MA Chidambaram Stadium, Chepauk, Chennai",2021-04-09
1st innings,Mumbai Indians,Royal Challengers Bangalore,9.1,CA Lynn,SA Yadav,YS Chahal,0,0,0,,,,,MI vs RCB 2021-04-09,KN Ananthapadmanabhan,Nitin Menon,HV Patel,Royal Challengers Bangalore,Chennai,"MA Chidambaram Stadium, Chepauk, Chennai",2021-04-09
1st innings,Mumbai Indians,Royal Challengers Bangalore,9.2,CA Lynn,SA Yadav,YS Chahal,0,1,1,,,,,MI vs RCB 2021-04-09,KN Ananthapadmanabhan,Nitin Menon,HV Patel,Royal Challengers Bangalore,Chennai,"MA Chidambaram Stadium, Chepauk, Chennai",2021-04-09
1st innings,Mumbai Indians,Royal Challengers Bangalore,9.3,SA Yadav,CA Lynn,YS Chahal,0,1,1,,,,,MI vs RCB 2021-04-09,KN Ananthapadmanabhan,Nitin Menon,HV Patel,Royal Challengers Bangalore,Chennai,"MA Chidambaram Stadium, Chepauk, Chennai",2021-04-09
1st innings,Mumbai Indians,Royal Challengers Bangalore,9.4,CA Lynn,SA Yadav,YS Chahal,0,1,1,,,,,MI vs RCB 2021-04-09,KN Ananthapadmanabhan,Nitin Menon,HV Patel,Royal Challengers Bangalore,Chennai,"MA Chidambaram Stadium, Chepauk, Chennai",2021-04-09
1st innings,Mumbai Indians,Royal Challengers Bangalore,9.5,SA Yadav,CA Lynn,YS Chahal,0,0,0,,,,,MI vs RCB 2021-04-09,KN Ananthapadmanabhan,Nitin Menon,HV Patel,Royal Challengers Bangalore,Chennai,"MA Chidambaram Stadium, Chepauk, Chennai",2021-04-09
1st innings,Mumbai Indians,Royal Challengers Bangalore,9.6,SA Yadav,CA Lynn,YS Chahal,0,0,0,,,,,MI vs RCB 2021-04-09,KN Ananthapadmanabhan,Nitin Menon,HV Patel,Royal Challengers Bangalore,Chennai,"MA Chidambaram Stadium, Chepauk, Chennai",2021-04-09
1st innings,Mumbai Indians,Royal Challengers Bangalore,10.1,CA Lynn,SA Yadav,KA Jamieson,0,1,1,,,,,MI vs RCB 2021-04-09,KN Ananthapadmanabhan,Nitin Menon,HV Patel,Royal Challengers Bangalore,Chennai,"MA Chidambaram Stadium, Chepauk, Chennai",2021-04-09
1st innings,Mumbai Indians,Royal Challengers Bangalore,10.2,SA Yadav,CA Lynn,KA Jamieson,0,1,1,,,,,MI vs RCB 2021-04-09,KN Ananthapadmanabhan,Nitin Menon,HV Patel,Royal Challengers Bangalore,Chennai,"MA Chidambaram Stadium, Chepauk, Chennai",2021-04-09
1st innings,Mumbai Indians,Royal Challengers Bangalore,10.3,CA Lynn,SA Yadav,KA Jamieson,0,0,0,,,,,MI vs RCB 2021-04-09,KN Ananthapadmanabhan,Nitin Menon,HV Patel,Royal Challengers Bangalore,Chennai,"MA Chidambaram Stadium, Chepauk, Chennai",2021-04-09
1st innings,Mumbai Indians,Royal Challengers Bangalore,10.4,CA Lynn,SA Yadav,KA Jamieson,0,6,6,,,,,MI vs RCB 2021-04-09,KN Ananthapadmanabhan,Nitin Menon,HV Patel,Royal Challengers Bangalore,Chennai,"MA Chidambaram Stadium, Chepauk, Chennai",2021-04-09
1st innings,Mumbai Indians,Royal Challengers Bangalore,10.5,CA Lynn,SA Yadav,KA Jamieson,0,0,0,,,,,MI vs RCB 2021-04-09,KN Ananthapadmanabhan,Nitin Menon,HV Patel,Royal Challengers Bangalore,Chennai,"MA Chidambaram Stadium, Chepauk, Chennai",2021-04-09
1st innings,Mumbai Indians,Royal Challengers Bangalore,10.6,CA Lynn,SA Yadav,KA Jamieson,0,0,0,,SA Yadav,caught,AB de Villiers,MI vs RCB 2021-04-09,KN Ananthapadmanabhan,Nitin Menon,HV Patel,Royal Challengers Bangalore,Chennai,"MA Chidambaram Stadium, Chepauk, Chennai",2021-04-09
1st innings,Mumbai Indians,Royal Challengers Bangalore,11.1,Ishan Kishan,CA Lynn,Mohammed Siraj,0,1,1,,,,,MI vs RCB 2021-04-09,KN Ananthapadmanabhan,Nitin Menon,HV Patel,Royal Challengers Bangalore,Chennai,"MA Chidambaram Stadium, Chepauk, Chennai",2021-04-09
1st innings,Mumbai Indians,Royal Challengers Bangalore,11.2,CA Lynn,Ishan Kishan,Mohammed Siraj,0,0,0,,,,,MI vs RCB 2021-04-09,KN Ananthapadmanabhan,Nitin Menon,HV Patel,Royal Challengers Bangalore,Chennai,"MA Chidambaram Stadium, Chepauk, Chennai",2021-04-09
1st innings,Mumbai Indians,Royal Challengers Bangalore,11.3,CA Lynn,Ishan Kishan,Mohammed Siraj,0,1,1,,,,,MI vs RCB 2021-04-09,KN Ananthapadmanabhan,Nitin Menon,HV Patel,Royal Challengers Bangalore,Chennai,"MA Chidambaram Stadium, Chepauk, Chennai",2021-04-09
1st innings,Mumbai Indians,Royal Challengers Bangalore,11.4,Ishan Kishan,CA Lynn,Mohammed Siraj,0,0,0,,,,,MI vs RCB 2021-04-09,KN Ananthapadmanabhan,Nitin Menon,HV Patel,Royal Challengers Bangalore,Chennai,"MA Chidambaram Stadium, Chepauk, Chennai",2021-04-09
1st innings,Mumbai Indians,Royal Challengers Bangalore,11.5,Ishan Kishan,CA Lynn,Mohammed Siraj,0,1,1,,,,,MI vs RCB 2021-04-09,KN Ananthapadmanabhan,Nitin Menon,HV Patel,Royal Challengers Bangalore,Chennai,"MA Chidambaram Stadium, Chepauk, Chennai",2021-04-09
1st innings,Mumbai Indians,Royal Challengers Bangalore,11.6,CA Lynn,Ishan Kishan,Mohammed Siraj,0,1,1,,,,,MI vs RCB 2021-04-09,KN Ananthapadmanabhan,Nitin Menon,HV Patel,Royal Challengers Bangalore,Chennai,"MA Chidambaram Stadium, Chepauk, Chennai",2021-04-09
1st innings,Mumbai Indians,Royal Challengers Bangalore,12.1,CA Lynn,Ishan Kishan,Washington Sundar,0,1,1,,,,,MI vs RCB 2021-04-09,KN Ananthapadmanabhan,Nitin Menon,HV Patel,Royal Challengers Bangalore,Chennai,"MA Chidambaram Stadium, Chepauk, Chennai",2021-04-09
1st innings,Mumbai Indians,Royal Challengers Bangalore,12.2,Ishan Kishan,CA Lynn,Washington Sundar,0,4,4,,,,,MI vs RCB 2021-04-09,KN Ananthapadmanabhan,Nitin Menon,HV Patel,Royal Challengers Bangalore,Chennai,"MA Chidambaram Stadium, Chepauk, Chennai",2021-04-09
1st innings,Mumbai Indians,Royal Challengers Bangalore,12.3,Ishan Kishan,CA Lynn,Washington Sundar,0,1,1,,,,,MI vs RCB 2021-04-09,KN Ananthapadmanabhan,Nitin Menon,HV Patel,Royal Challengers Bangalore,Chennai,"MA Chidambaram Stadium, Chepauk, Chennai",2021-04-09
1st innings,Mumbai Indians,Royal Challengers Bangalore,12.4,CA Lynn,Ishan Kishan,Washington Sundar,0,1,1,,,,,MI vs RCB 2021-04-09,KN Ananthapadmanabhan,Nitin Menon,HV Patel,Royal Challengers Bangalore,Chennai,"MA Chidambaram Stadium, Chepauk, Chennai",2021-04-09
1st innings,Mumbai Indians,Royal Challengers Bangalore,12.5,Ishan Kishan,CA Lynn,Washington Sundar,0,0,0,,CA Lynn,caught and bowled,,MI vs RCB 2021-04-09,KN Ananthapadmanabhan,Nitin Menon,HV Patel,Royal Challengers Bangalore,Chennai,"MA Chidambaram Stadium, Chepauk, Chennai",2021-04-09
1st innings,Mumbai Indians,Royal Challengers Bangalore,12.6,HH Pandya,Ishan Kishan,Washington Sundar,0,0,0,,,,,MI vs RCB 2021-04-09,KN Ananthapadmanabhan,Nitin Menon,HV Patel,Royal Challengers Bangalore,Chennai,"MA Chidambaram Stadium, Chepauk, Chennai",2021-04-09
1st innings,Mumbai Indians,Royal Challengers Bangalore,13.1,Ishan Kishan,HH Pandya,YS Chahal,0,1,1,,,,,MI vs RCB 2021-04-09,KN Ananthapadmanabhan,Nitin Menon,HV Patel,Royal Challengers Bangalore,Chennai,"MA Chidambaram Stadium, Chepauk, Chennai",2021-04-09
1st innings,Mumbai Indians,Royal Challengers Bangalore,13.2,HH Pandya,Ishan Kishan,YS Chahal,0,2,2,,,,,MI vs RCB 2021-04-09,KN Ananthapadmanabhan,Nitin Menon,HV Patel,Royal Challengers Bangalore,Chennai,"MA Chidambaram Stadium, Chepauk, Chennai",2021-04-09
1st innings,Mumbai Indians,Royal Challengers Bangalore,13.3,HH Pandya,Ishan Kishan,YS Chahal,0,6,6,,,,,MI vs RCB 2021-04-09,KN Ananthapadmanabhan,Nitin Menon,HV Patel,Royal Challengers Bangalore,Chennai,"MA Chidambaram Stadium, Chepauk, Chennai",2021-04-09
1st innings,Mumbai Indians,Royal Challengers Bangalore,13.4,HH Pandya,Ishan Kishan,YS Chahal,0,4,4,,,,,MI vs RCB 2021-04-09,KN Ananthapadmanabhan,Nitin Menon,HV Patel,Royal Challengers Bangalore,Chennai,"MA Chidambaram Stadium, Chepauk, Chennai",2021-04-09
1st innings,Mumbai Indians,Royal Challengers Bangalore,13.5,HH Pandya,Ishan Kishan,YS Chahal,0,1,1,,,,,MI vs RCB 2021-04-09,KN Ananthapadmanabhan,Nitin Menon,HV Patel,Royal Challengers Bangalore,Chennai,"MA Chidambaram Stadium, Chepauk, Chennai",2021-04-09
1st innings,Mumbai Indians,Royal Challengers Bangalore,13.6,Ishan Kishan,HH Pandya,YS Chahal,0,1,1,,,,,MI vs RCB 2021-04-09,KN Ananthapadmanabhan,Nitin Menon,HV Patel,Royal Challengers Bangalore,Chennai,"MA Chidambaram Stadium, Chepauk, Chennai",2021-04-09
1st innings,Mumbai Indians,Royal Challengers Bangalore,14.1,Ishan Kishan,HH Pandya,DT Christian,0,0,0,,,,,MI vs RCB 2021-04-09,KN Ananthapadmanabhan,Nitin Menon,HV Patel,Royal Challengers Bangalore,Chennai,"MA Chidambaram Stadium, Chepauk, Chennai",2021-04-09
1st innings,Mumbai Indians,Royal Challengers Bangalore,14.2,Ishan Kishan,HH Pandya,DT Christian,0,4,4,,,,,MI vs RCB 2021-04-09,KN Ananthapadmanabhan,Nitin Menon,HV Patel,Royal Challengers Bangalore,Chennai,"MA Chidambaram Stadium, Chepauk, Chennai",2021-04-09
1st innings,Mumbai Indians,Royal Challengers Bangalore,14.3,Ishan Kishan,HH Pandya,DT Christian,0,0,0,,,,,MI vs RCB 2021-04-09,KN Ananthapadmanabhan,Nitin Menon,HV Patel,Royal Challengers Bangalore,Chennai,"MA Chidambaram Stadium, Chepauk, Chennai",2021-04-09
1st innings,Mumbai Indians,Royal Challengers Bangalore,14.4,Ishan Kishan,HH Pandya,DT Christian,0,1,1,,,,,MI vs RCB 2021-04-09,KN Ananthapadmanabhan,Nitin Menon,HV Patel,Royal Challengers Bangalore,Chennai,"MA Chidambaram Stadium, Chepauk, Chennai",2021-04-09
1st innings,Mumbai Indians,Royal Challengers Bangalore,14.5,HH Pandya,Ishan Kishan,DT Christian,0,2,2,,,,,MI vs RCB 2021-04-09,KN Ananthapadmanabhan,Nitin Menon,HV Patel,Royal Challengers Bangalore,Chennai,"MA Chidambaram Stadium, Chepauk, Chennai",2021-04-09
1st innings,Mumbai Indians,Royal Challengers Bangalore,14.6,HH Pandya,Ishan Kishan,DT Christian,0,1,1,,,,,MI vs RCB 2021-04-09,KN Ananthapadmanabhan,Nitin Menon,HV Patel,Royal Challengers Bangalore,Chennai,"MA Chidambaram Stadium, Chepauk, Chennai",2021-04-09
1st innings,Mumbai Indians,Royal Challengers Bangalore,15.1,HH Pandya,Ishan Kishan,HV Patel,0,0,0,,,,,MI vs RCB 2021-04-09,KN Ananthapadmanabhan,Nitin Menon,HV Patel,Royal Challengers Bangalore,Chennai,"MA Chidambaram Stadium, Chepauk, Chennai",2021-04-09
1st innings,Mumbai Indians,Royal Challengers Bangalore,15.2,HH Pandya,Ishan Kishan,HV Patel,0,1,1,,,,,MI vs RCB 2021-04-09,KN Ananthapadmanabhan,Nitin Menon,HV Patel,Royal Challengers Bangalore,Chennai,"MA Chidambaram Stadium, Chepauk, Chennai",2021-04-09
1st innings,Mumbai Indians,Royal Challengers Bangalore,15.3,Ishan Kishan,HH Pandya,HV Patel,0,2,2,,,,,MI vs RCB 2021-04-09,KN Ananthapadmanabhan,Nitin Menon,HV Patel,Royal Challengers Bangalore,Chennai,"MA Chidambaram Stadium, Chepauk, Chennai",2021-04-09
1st innings,Mumbai Indians,Royal Challengers Bangalore,15.4,Ishan Kishan,HH Pandya,HV Patel,0,4,4,,,,,MI vs RCB 2021-04-09,KN Ananthapadmanabhan,Nitin Menon,HV Patel,Royal Challengers Bangalore,Chennai,"MA Chidambaram Stadium, Chepauk, Chennai",2021-04-09
1st innings,Mumbai Indians,Royal Challengers Bangalore,15.5,Ishan Kishan,HH Pandya,HV Patel,0,0,0,,,,,MI vs RCB 2021-04-09,KN Ananthapadmanabhan,Nitin Menon,HV Patel,Royal Challengers Bangalore,Chennai,"MA Chidambaram Stadium, Chepauk, Chennai",2021-04-09
1st innings,Mumbai Indians,Royal Challengers Bangalore,15.6,Ishan Kishan,HH Pandya,HV Patel,0,0,0,,HH Pandya,lbw,,MI vs RCB 2021-04-09,KN Ananthapadmanabhan,Nitin Menon,HV Patel,Royal Challengers Bangalore,Chennai,"MA Chidambaram Stadium, Chepauk, Chennai",2021-04-09
1st innings,Mumbai Indians,Royal Challengers Bangalore,16.1,KA Pollard,Ishan Kishan,Mohammed Siraj,1,0,1,wides,,,,MI vs RCB 2021-04-09,KN Ananthapadmanabhan,Nitin Menon,HV Patel,Royal Challengers Bangalore,Chennai,"MA Chidambaram Stadium, Chepauk, Chennai",2021-04-09
1st innings,Mumbai Indians,Royal Challengers Bangalore,16.2,KA Pollard,Ishan Kishan,Mohammed Siraj,0,4,4,,,,,MI vs RCB 2021-04-09,KN Ananthapadmanabhan,Nitin Menon,HV Patel,Royal Challengers Bangalore,Chennai,"MA Chidambaram Stadium, Chepauk, Chennai",2021-04-09
1st innings,Mumbai Indians,Royal Challengers Bangalore,16.3,KA Pollard,Ishan Kishan,Mohammed Siraj,0,1,1,,,,,MI vs RCB 2021-04-09,KN Ananthapadmanabhan,Nitin Menon,HV Patel,Royal Challengers Bangalore,Chennai,"MA Chidambaram Stadium, Chepauk, Chennai",2021-04-09
1st innings,Mumbai Indians,Royal Challengers Bangalore,16.4,Ishan Kishan,KA Pollard,Mohammed Siraj,0,0,0,,,,,MI vs RCB 2021-04-09,KN Ananthapadmanabhan,Nitin Menon,HV Patel,Royal Challengers Bangalore,Chennai,"MA Chidambaram Stadium, Chepauk, Chennai",2021-04-09
1st innings,Mumbai Indians,Royal Challengers Bangalore,16.5,Ishan Kishan,KA Pollard,Mohammed Siraj,0,0,0,,,,,MI vs RCB 2021-04-09,KN Ananthapadmanabhan,Nitin Menon,HV Patel,Royal Challengers Bangalore,Chennai,"MA Chidambaram Stadium, Chepauk, Chennai",2021-04-09
1st innings,Mumbai Indians,Royal Challengers Bangalore,16.6,Ishan Kishan,KA Pollard,Mohammed Siraj,0,1,1,,,,,MI vs RCB 2021-04-09,KN Ananthapadmanabhan,Nitin Menon,HV Patel,Royal Challengers Bangalore,Chennai,"MA Chidambaram Stadium, Chepauk, Chennai",2021-04-09
1st innings,Mumbai Indians,Royal Challengers Bangalore,16.7,KA Pollard,Ishan Kishan,Mohammed Siraj,0,0,0,,,,,MI vs RCB 2021-04-09,KN Ananthapadmanabhan,Nitin Menon,HV Patel,Royal Challengers Bangalore,Chennai,"MA Chidambaram Stadium, Chepauk, Chennai",2021-04-09
1st innings,Mumbai Indians,Royal Challengers Bangalore,17.1,Ishan Kishan,KA Pollard,HV Patel,0,0,0,,,,,MI vs RCB 2021-04-09,KN Ananthapadmanabhan,Nitin Menon,HV Patel,Royal Challengers Bangalore,Chennai,"MA Chidambaram Stadium, Chepauk, Chennai",2021-04-09
1st innings,Mumbai Indians,Royal Challengers Bangalore,17.2,Ishan Kishan,KA Pollard,HV Patel,0,1,1,,,,,MI vs RCB 2021-04-09,KN Ananthapadmanabhan,Nitin Menon,HV Patel,Royal Challengers Bangalore,Chennai,"MA Chidambaram Stadium, Chepauk, Chennai",2021-04-09
1st innings,Mumbai Indians,Royal Challengers Bangalore,17.3,KA Pollard,Ishan Kishan,HV Patel,0,2,2,,,,,MI vs RCB 2021-04-09,KN Ananthapadmanabhan,Nitin Menon,HV Patel,Royal Challengers Bangalore,Chennai,"MA Chidambaram Stadium, Chepauk, Chennai",2021-04-09
1st innings,Mumbai Indians,Royal Challengers Bangalore,17.4,KA Pollard,Ishan Kishan,HV Patel,0,0,0,,Ishan Kishan,lbw,,MI vs RCB 2021-04-09,KN Ananthapadmanabhan,Nitin Menon,HV Patel,Royal Challengers Bangalore,Chennai,"MA Chidambaram Stadium, Chepauk, Chennai",2021-04-09
1st innings,Mumbai Indians,Royal Challengers Bangalore,17.5,KA Pollard,KH Pandya,HV Patel,0,0,0,,,,,MI vs RCB 2021-04-09,KN Ananthapadmanabhan,Nitin Menon,HV Patel,Royal Challengers Bangalore,Chennai,"MA Chidambaram Stadium, Chepauk, Chennai",2021-04-09
1st innings,Mumbai Indians,Royal Challengers Bangalore,17.6,KA Pollard,KH Pandya,HV Patel,0,1,1,,,,,MI vs RCB 2021-04-09,KN Ananthapadmanabhan,Nitin Menon,HV Patel,Royal Challengers Bangalore,Chennai,"MA Chidambaram Stadium, Chepauk, Chennai",2021-04-09
1st innings,Mumbai Indians,Royal Challengers Bangalore,18.1,KA Pollard,KH Pandya,KA Jamieson,0,1,1,,,,,MI vs RCB 2021-04-09,KN Ananthapadmanabhan,Nitin Menon,HV Patel,Royal Challengers Bangalore,Chennai,"MA Chidambaram Stadium, Chepauk, Chennai",2021-04-09
1st innings,Mumbai Indians,Royal Challengers Bangalore,18.2,KH Pandya,KA Pollard,KA Jamieson,0,1,1,,,,,MI vs RCB 2021-04-09,KN Ananthapadmanabhan,Nitin Menon,HV Patel,Royal Challengers Bangalore,Chennai,"MA Chidambaram Stadium, Chepauk, Chennai",2021-04-09
1st innings,Mumbai Indians,Royal Challengers Bangalore,18.3,KA Pollard,KH Pandya,KA Jamieson,1,4,5,noballs,,,,MI vs RCB 2021-04-09,KN Ananthapadmanabhan,Nitin Menon,HV Patel,Royal Challengers Bangalore,Chennai,"MA Chidambaram Stadium, Chepauk, Chennai",2021-04-09
1st innings,Mumbai Indians,Royal Challengers Bangalore,18.4,KA Pollard,KH Pandya,KA Jamieson,0,0,0,,,,,MI vs RCB 2021-04-09,KN Ananthapadmanabhan,Nitin Menon,HV Patel,Royal Challengers Bangalore,Chennai,"MA Chidambaram Stadium, Chepauk, Chennai",2021-04-09
1st innings,Mumbai Indians,Royal Challengers Bangalore,18.5,KA Pollard,KH Pandya,KA Jamieson,0,1,1,,,,,MI vs RCB 2021-04-09,KN Ananthapadmanabhan,Nitin Menon,HV Patel,Royal Challengers Bangalore,Chennai,"MA Chidambaram Stadium, Chepauk, Chennai",2021-04-09
1st innings,Mumbai Indians,Royal Challengers Bangalore,18.6,KH Pandya,KA Pollard,KA Jamieson,0,4,4,,,,,MI vs RCB 2021-04-09,KN Ananthapadmanabhan,Nitin Menon,HV Patel,Royal Challengers Bangalore,Chennai,"MA Chidambaram Stadium, Chepauk, Chennai",2021-04-09
1st innings,Mumbai Indians,Royal Challengers Bangalore,18.7,KH Pandya,KA Pollard,KA Jamieson,0,0,0,,,,,MI vs RCB 2021-04-09,KN Ananthapadmanabhan,Nitin Menon,HV Patel,Royal Challengers Bangalore,Chennai,"MA Chidambaram Stadium, Chepauk, Chennai",2021-04-09
1st innings,Mumbai Indians,Royal Challengers Bangalore,19.1,KA Pollard,KH Pandya,HV Patel,0,0,0,,KH Pandya,caught,DT Christian,MI vs RCB 2021-04-09,KN Ananthapadmanabhan,Nitin Menon,HV Patel,Royal Challengers Bangalore,Chennai,"MA Chidambaram Stadium, Chepauk, Chennai",2021-04-09
1st innings,Mumbai Indians,Royal Challengers Bangalore,19.2,M Jansen,KA Pollard,HV Patel,0,0,0,,KA Pollard,caught,Washington Sundar,MI vs RCB 2021-04-09,KN Ananthapadmanabhan,Nitin Menon,HV Patel,Royal Challengers Bangalore,Chennai,"MA Chidambaram Stadium, Chepauk, Chennai",2021-04-09
1st innings,Mumbai Indians,Royal Challengers Bangalore,19.3,RD Chahar,M Jansen,HV Patel,0,0,0,,,,,MI vs RCB 2021-04-09,KN Ananthapadmanabhan,Nitin Menon,HV Patel,Royal Challengers Bangalore,Chennai,"MA Chidambaram Stadium, Chepauk, Chennai",2021-04-09
1st innings,Mumbai Indians,Royal Challengers Bangalore,19.4,RD Chahar,M Jansen,HV Patel,0,0,0,,M Jansen,bowled,,MI vs RCB 2021-04-09,KN Ananthapadmanabhan,Nitin Menon,HV Patel,Royal Challengers Bangalore,Chennai,"MA Chidambaram Stadium, Chepauk, Chennai",2021-04-09
1st innings,Mumbai Indians,Royal Challengers Bangalore,19.5,RD Chahar,JJ Bumrah,HV Patel,0,0,0,,,,,MI vs RCB 2021-04-09,KN Ananthapadmanabhan,Nitin Menon,HV Patel,Royal Challengers Bangalore,Chennai,"MA Chidambaram Stadium, Chepauk, Chennai",2021-04-09
1st innings,Mumbai Indians,Royal Challengers Bangalore,19.6,RD Chahar,JJ Bumrah,HV Patel,0,1,1,,RD Chahar,run out,,MI vs RCB 2021-04-09,KN Ananthapadmanabhan,Nitin Menon,HV Patel,Royal Challengers Bangalore,Chennai,"MA Chidambaram Stadium, Chepauk, Chennai",2021-04-09
2nd innings,Royal Challengers Bangalore,Mumbai Indians,0.1,V Kohli,Washington Sundar,TA Boult,0,0,0,,,,,MI vs RCB 2021-04-09,KN Ananthapadmanabhan,Nitin Menon,HV Patel,Royal Challengers Bangalore,Chennai,"MA Chidambaram Stadium, Chepauk, Chennai",2021-04-09
2nd innings,Royal Challengers Bangalore,Mumbai Indians,0.2,V Kohli,Washington Sundar,TA Boult,0,0,0,,,,,MI vs RCB 2021-04-09,KN Ananthapadmanabhan,Nitin Menon,HV Patel,Royal Challengers Bangalore,Chennai,"MA Chidambaram Stadium, Chepauk, Chennai",2021-04-09
2nd innings,Royal Challengers Bangalore,Mumbai Indians,0.3,V Kohli,Washington Sundar,TA Boult,5,0,5,wides,,,,MI vs RCB 2021-04-09,KN Ananthapadmanabhan,Nitin Menon,HV Patel,Royal Challengers Bangalore,Chennai,"MA Chidambaram Stadium, Chepauk, Chennai",2021-04-09
2nd innings,Royal Challengers Bangalore,Mumbai Indians,0.4,V Kohli,Washington Sundar,TA Boult,0,0,0,,,,,MI vs RCB 2021-04-09,KN Ananthapadmanabhan,Nitin Menon,HV Patel,Royal Challengers Bangalore,Chennai,"MA Chidambaram Stadium, Chepauk, Chennai",2021-04-09
2nd innings,Royal Challengers Bangalore,Mumbai Indians,0.5,V Kohli,Washington Sundar,TA Boult,0,1,1,,,,,MI vs RCB 2021-04-09,KN Ananthapadmanabhan,Nitin Menon,HV Patel,Royal Challengers Bangalore,Chennai,"MA Chidambaram Stadium, Chepauk, Chennai",2021-04-09
2nd innings,Royal Challengers Bangalore,Mumbai Indians,0.6,Washington Sundar,V Kohli,TA Boult,0,4,4,,,,,MI vs RCB 2021-04-09,KN Ananthapadmanabhan,Nitin Menon,HV Patel,Royal Challengers Bangalore,Chennai,"MA Chidambaram Stadium, Chepauk, Chennai",2021-04-09
2nd innings,Royal Challengers Bangalore,Mumbai Indians,0.7,Washington Sundar,V Kohli,TA Boult,0,0,0,,,,,MI vs RCB 2021-04-09,KN Ananthapadmanabhan,Nitin Menon,HV Patel,Royal Challengers Bangalore,Chennai,"MA Chidambaram Stadium, Chepauk, Chennai",2021-04-09
2nd innings,Royal Challengers Bangalore,Mumbai Indians,1.1,V Kohli,Washington Sundar,JJ Bumrah,0,2,2,,,,,MI vs RCB 2021-04-09,KN Ananthapadmanabhan,Nitin Menon,HV Patel,Royal Challengers Bangalore,Chennai,"MA Chidambaram Stadium, Chepauk, Chennai",2021-04-09
2nd innings,Royal Challengers Bangalore,Mumbai Indians,1.2,V Kohli,Washington Sundar,JJ Bumrah,0,0,0,,,,,MI vs RCB 2021-04-09,KN Ananthapadmanabhan,Nitin Menon,HV Patel,Royal Challengers Bangalore,Chennai,"MA Chidambaram Stadium, Chepauk, Chennai",2021-04-09
2nd innings,Royal Challengers Bangalore,Mumbai Indians,1.3,V Kohli,Washington Sundar,JJ Bumrah,0,0,0,,,,,MI vs RCB 2021-04-09,KN Ananthapadmanabhan,Nitin Menon,HV Patel,Royal Challengers Bangalore,Chennai,"MA Chidambaram Stadium, Chepauk, Chennai",2021-04-09
2nd innings,Royal Challengers Bangalore,Mumbai Indians,1.4,V Kohli,Washington Sundar,JJ Bumrah,0,2,2,,,,,MI vs RCB 2021-04-09,KN Ananthapadmanabhan,Nitin Menon,HV Patel,Royal Challengers Bangalore,Chennai,"MA Chidambaram Stadium, Chepauk, Chennai",2021-04-09
2nd innings,Royal Challengers Bangalore,Mumbai Indians,1.5,V Kohli,Washington Sundar,JJ Bumrah,0,1,1,,,,,MI vs RCB 2021-04-09,KN Ananthapadmanabhan,Nitin Menon,HV Patel,Royal Challengers Bangalore,Chennai,"MA Chidambaram Stadium, Chepauk, Chennai",2021-04-09
2nd innings,Royal Challengers Bangalore,Mumbai Indians,1.6,Washington Sundar,V Kohli,JJ Bumrah,0,0,0,,,,,MI vs RCB 2021-04-09,KN Ananthapadmanabhan,Nitin Menon,HV Patel,Royal Challengers Bangalore,Chennai,"MA Chidambaram Stadium, Chepauk, Chennai",2021-04-09
2nd innings,Royal Challengers Bangalore,Mumbai Indians,2.1,V Kohli,Washington Sundar,TA Boult,0,1,1,,,,,MI vs RCB 2021-04-09,KN Ananthapadmanabhan,Nitin Menon,HV Patel,Royal Challengers Bangalore,Chennai,"MA Chidambaram Stadium, Chepauk, Chennai",2021-04-09
2nd innings,Royal Challengers Bangalore,Mumbai Indians,2.2,Washington Sundar,V Kohli,TA Boult,0,4,4,,,,,MI vs RCB 2021-04-09,KN Ananthapadmanabhan,Nitin Menon,HV Patel,Royal Challengers Bangalore,Chennai,"MA Chidambaram Stadium, Chepauk, Chennai",2021-04-09
2nd innings,Royal Challengers Bangalore,Mumbai Indians,2.3,Washington Sundar,V Kohli,TA Boult,0,0,0,,,,,MI vs RCB 2021-04-09,KN Ananthapadmanabhan,Nitin Menon,HV Patel,Royal Challengers Bangalore,Chennai,"MA Chidambaram Stadium, Chepauk, Chennai",2021-04-09
2nd innings,Royal Challengers Bangalore,Mumbai Indians,2.4,Washington Sundar,V Kohli,TA Boult,0,1,1,,,,,MI vs RCB 2021-04-09,KN Ananthapadmanabhan,Nitin Menon,HV Patel,Royal Challengers Bangalore,Chennai,"MA Chidambaram Stadium, Chepauk, Chennai",2021-04-09
2nd innings,Royal Challengers Bangalore,Mumbai Indians,2.5,V Kohli,Washington Sundar,TA Boult,0,0,0,,,,,MI vs RCB 2021-04-09,KN Ananthapadmanabhan,Nitin Menon,HV Patel,Royal Challengers Bangalore,Chennai,"MA Chidambaram Stadium, Chepauk, Chennai",2021-04-09
2nd innings,Royal Challengers Bangalore,Mumbai Indians,2.6,V Kohli,Washington Sundar,TA Boult,0,0,0,,,,,MI vs RCB 2021-04-09,KN Ananthapadmanabhan,Nitin Menon,HV Patel,Royal Challengers Bangalore,Chennai,"MA Chidambaram Stadium, Chepauk, Chennai",2021-04-09
2nd innings,Royal Challengers Bangalore,Mumbai Indians,3.1,Washington Sundar,V Kohli,M Jansen,0,4,4,,,,,MI vs RCB 2021-04-09,KN Ananthapadmanabhan,Nitin Menon,HV Patel,Royal Challengers Bangalore,Chennai,"MA Chidambaram Stadium, Chepauk, Chennai",2021-04-09
2nd innings,Royal Challengers Bangalore,Mumbai Indians,3.2,Washington Sundar,V Kohli,M Jansen,1,0,1,legbyes,,,,MI vs RCB 2021-04-09,KN Ananthapadmanabhan,Nitin Menon,HV Patel,Royal Challengers Bangalore,Chennai,"MA Chidambaram Stadium, Chepauk, Chennai",2021-04-09
2nd innings,Royal Challengers Bangalore,Mumbai Indians,3.3,V Kohli,Washington Sundar,M Jansen,0,0,0,,,,,MI vs RCB 2021-04-09,KN Ananthapadmanabhan,Nitin Menon,HV Patel,Royal Challengers Bangalore,Chennai,"MA Chidambaram Stadium, Chepauk, Chennai",2021-04-09
2nd innings,Royal Challengers Bangalore,Mumbai Indians,3.4,V Kohli,Washington Sundar,M Jansen,1,1,2,noballs,,,,MI vs RCB 2021-04-09,KN Ananthapadmanabhan,Nitin Menon,HV Patel,Royal Challengers Bangalore,Chennai,"MA Chidambaram Stadium, Chepauk, Chennai",2021-04-09
2nd innings,Royal Challengers Bangalore,Mumbai Indians,3.5,Washington Sundar,V Kohli,M Jansen,0,4,4,,,,,MI vs RCB 2021-04-09,KN Ananthapadmanabhan,Nitin Menon,HV Patel,Royal Challengers Bangalore,Chennai,"MA Chidambaram Stadium, Chepauk, Chennai",2021-04-09
2nd innings,Royal Challengers Bangalore,Mumbai Indians,3.6,Washington Sundar,V Kohli,M Jansen,0,1,1,,,,,MI vs RCB 2021-04-09,KN Ananthapadmanabhan,Nitin Menon,HV Patel,Royal Challengers Bangalore,Chennai,"MA Chidambaram Stadium, Chepauk, Chennai",2021-04-09
2nd innings,Royal Challengers Bangalore,Mumbai Indians,3.7,V Kohli,Washington Sundar,M Jansen,0,2,2,,,,,MI vs RCB 2021-04-09,KN Ananthapadmanabhan,Nitin Menon,HV Patel,Royal Challengers Bangalore,Chennai,"MA Chidambaram Stadium, Chepauk, Chennai",2021-04-09
2nd innings,Royal Challengers Bangalore,Mumbai Indians,4.1,Washington Sundar,V Kohli,KH Pandya,0,1,1,,,,,MI vs RCB 2021-04-09,KN Ananthapadmanabhan,Nitin Menon,HV Patel,Royal Challengers Bangalore,Chennai,"MA Chidambaram Stadium, Chepauk, Chennai",2021-04-09
2nd innings,Royal Challengers Bangalore,Mumbai Indians,4.2,V Kohli,Washington Sundar,KH Pandya,0,0,0,,Washington Sundar,caught,CA Lynn,MI vs RCB 2021-04-09,KN Ananthapadmanabhan,Nitin Menon,HV Patel,Royal Challengers Bangalore,Chennai,"MA Chidambaram Stadium, Chepauk, Chennai",2021-04-09
2nd innings,Royal Challengers Bangalore,Mumbai Indians,4.3,V Kohli,RM Patidar,KH Pandya,0,1,1,,,,,MI vs RCB 2021-04-09,KN Ananthapadmanabhan,Nitin Menon,HV Patel,Royal Challengers Bangalore,Chennai,"MA Chidambaram Stadium, Chepauk, Chennai",2021-04-09
2nd innings,Royal Challengers Bangalore,Mumbai Indians,4.4,RM Patidar,V Kohli,KH Pandya,0,1,1,,,,,MI vs RCB 2021-04-09,KN Ananthapadmanabhan,Nitin Menon,HV Patel,Royal Challengers Bangalore,Chennai,"MA Chidambaram Stadium, Chepauk, Chennai",2021-04-09
2nd innings,Royal Challengers Bangalore,Mumbai Indians,4.5,V Kohli,RM Patidar,KH Pandya,0,2,2,,,,,MI vs RCB 2021-04-09,KN Ananthapadmanabhan,Nitin Menon,HV Patel,Royal Challengers Bangalore,Chennai,"MA Chidambaram Stadium, Chepauk, Chennai",2021-04-09
2nd innings,Royal Challengers Bangalore,Mumbai Indians,4.6,V Kohli,RM Patidar,KH Pandya,0,1,1,,,,,MI vs RCB 2021-04-09,KN Ananthapadmanabhan,Nitin Menon,HV Patel,Royal Challengers Bangalore,Chennai,"MA Chidambaram Stadium, Chepauk, Chennai",2021-04-09
2nd innings,Royal Challengers Bangalore,Mumbai Indians,5.1,V Kohli,RM Patidar,TA Boult,0,4,4,,,,,MI vs RCB 2021-04-09,KN Ananthapadmanabhan,Nitin Menon,HV Patel,Royal Challengers Bangalore,Chennai,"MA Chidambaram Stadium, Chepauk, Chennai",2021-04-09
2nd innings,Royal Challengers Bangalore,Mumbai Indians,5.2,V Kohli,RM Patidar,TA Boult,0,0,0,,,,,MI vs RCB 2021-04-09,KN Ananthapadmanabhan,Nitin Menon,HV Patel,Royal Challengers Bangalore,Chennai,"MA Chidambaram Stadium, Chepauk, Chennai",2021-04-09
2nd innings,Royal Challengers Bangalore,Mumbai Indians,5.3,V Kohli,RM Patidar,TA Boult,0,0,0,,,,,MI vs RCB 2021-04-09,KN Ananthapadmanabhan,Nitin Menon,HV Patel,Royal Challengers Bangalore,Chennai,"MA Chidambaram Stadium, Chepauk, Chennai",2021-04-09
2nd innings,Royal Challengers Bangalore,Mumbai Indians,5.4,V Kohli,RM Patidar,TA Boult,1,0,1,wides,,,,MI vs RCB 2021-04-09,KN Ananthapadmanabhan,Nitin Menon,HV Patel,Royal Challengers Bangalore,Chennai,"MA Chidambaram Stadium, Chepauk, Chennai",2021-04-09
2nd innings,Royal Challengers Bangalore,Mumbai Indians,5.5,V Kohli,RM Patidar,TA Boult,0,0,0,,,,,MI vs RCB 2021-04-09,KN Ananthapadmanabhan,Nitin Menon,HV Patel,Royal Challengers Bangalore,Chennai,"MA Chidambaram Stadium, Chepauk, Chennai",2021-04-09
2nd innings,Royal Challengers Bangalore,Mumbai Indians,5.6,V Kohli,RM Patidar,TA Boult,0,0,0,,RM Patidar,bowled,,MI vs RCB 2021-04-09,KN Ananthapadmanabhan,Nitin Menon,HV Patel,Royal Challengers Bangalore,Chennai,"MA Chidambaram Stadium, Chepauk, Chennai",2021-04-09
2nd innings,Royal Challengers Bangalore,Mumbai Indians,5.7,V Kohli,GJ Maxwell,TA Boult,0,0,0,,,,,MI vs RCB 2021-04-09,KN Ananthapadmanabhan,Nitin Menon,HV Patel,Royal Challengers Bangalore,Chennai,"MA Chidambaram Stadium, Chepauk, Chennai",2021-04-09
2nd innings,Royal Challengers Bangalore,Mumbai Indians,6.1,GJ Maxwell,V Kohli,KH Pandya,0,0,0,,,,,MI vs RCB 2021-04-09,KN Ananthapadmanabhan,Nitin Menon,HV Patel,Royal Challengers Bangalore,Chennai,"MA Chidambaram Stadium, Chepauk, Chennai",2021-04-09
2nd innings,Royal Challengers Bangalore,Mumbai Indians,6.2,GJ Maxwell,V Kohli,KH Pandya,0,0,0,,,,,MI vs RCB 2021-04-09,KN Ananthapadmanabhan,Nitin Menon,HV Patel,Royal Challengers Bangalore,Chennai,"MA Chidambaram Stadium, Chepauk, Chennai",2021-04-09
2nd innings,Royal Challengers Bangalore,Mumbai Indians,6.3,GJ Maxwell,V Kohli,KH Pandya,0,2,2,,,,,MI vs RCB 2021-04-09,KN Ananthapadmanabhan,Nitin Menon,HV Patel,Royal Challengers Bangalore,Chennai,"MA Chidambaram Stadium, Chepauk, Chennai",2021-04-09
2nd innings,Royal Challengers Bangalore,Mumbai Indians,6.4,GJ Maxwell,V Kohli,KH Pandya,0,0,0,,,,,MI vs RCB 2021-04-09,KN Ananthapadmanabhan,Nitin Menon,HV Patel,Royal Challengers Bangalore,Chennai,"MA Chidambaram Stadium, Chepauk, Chennai",2021-04-09
2nd innings,Royal Challengers Bangalore,Mumbai Indians,6.5,GJ Maxwell,V Kohli,KH Pandya,0,1,1,,,,,MI vs RCB 2021-04-09,KN Ananthapadmanabhan,Nitin Menon,HV Patel,Royal Challengers Bangalore,Chennai,"MA Chidambaram Stadium, Chepauk, Chennai",2021-04-09
2nd innings,Royal Challengers Bangalore,Mumbai Indians,6.6,V Kohli,GJ Maxwell,KH Pandya,0,1,1,,,,,MI vs RCB 2021-04-09,KN Ananthapadmanabhan,Nitin Menon,HV Patel,Royal Challengers Bangalore,Chennai,"MA Chidambaram Stadium, Chepauk, Chennai",2021-04-09
2nd innings,Royal Challengers Bangalore,Mumbai Indians,7.1,V Kohli,GJ Maxwell,RD Chahar,0,4,4,,,,,MI vs RCB 2021-04-09,KN Ananthapadmanabhan,Nitin Menon,HV Patel,Royal Challengers Bangalore,Chennai,"MA Chidambaram Stadium, Chepauk, Chennai",2021-04-09
2nd innings,Royal Challengers Bangalore,Mumbai Indians,7.2,V Kohli,GJ Maxwell,RD Chahar,0,1,1,,,,,MI vs RCB 2021-04-09,KN Ananthapadmanabhan,Nitin Menon,HV Patel,Royal Challengers Bangalore,Chennai,"MA Chidambaram Stadium, Chepauk, Chennai",2021-04-09
2nd innings,Royal Challengers Bangalore,Mumbai Indians,7.3,GJ Maxwell,V Kohli,RD Chahar,0,3,3,,,,,MI vs RCB 2021-04-09,KN Ananthapadmanabhan,Nitin Menon,HV Patel,Royal Challengers Bangalore,Chennai,"MA Chidambaram Stadium, Chepauk, Chennai",2021-04-09
2nd innings,Royal Challengers Bangalore,Mumbai Indians,7.4,V Kohli,GJ Maxwell,RD Chahar,0,0,0,,,,,MI vs RCB 2021-04-09,KN Ananthapadmanabhan,Nitin Menon,HV Patel,Royal Challengers Bangalore,Chennai,"MA Chidambaram Stadium, Chepauk, Chennai",2021-04-09
2nd innings,Royal Challengers Bangalore,Mumbai Indians,7.5,V Kohli,GJ Maxwell,RD Chahar,0,4,4,,,,,MI vs RCB 2021-04-09,KN Ananthapadmanabhan,Nitin Menon,HV Patel,Royal Challengers Bangalore,Chennai,"MA Chidambaram Stadium, Chepauk, Chennai",2021-04-09
2nd innings,Royal Challengers Bangalore,Mumbai Indians,7.6,V Kohli,GJ Maxwell,RD Chahar,0,1,1,,,,,MI vs RCB 2021-04-09,KN Ananthapadmanabhan,Nitin Menon,HV Patel,Royal Challengers Bangalore,Chennai,"MA Chidambaram Stadium, Chepauk, Chennai",2021-04-09
2nd innings,Royal Challengers Bangalore,Mumbai Indians,8.1,V Kohli,GJ Maxwell,KH Pandya,0,0,0,,,,,MI vs RCB 2021-04-09,KN Ananthapadmanabhan,Nitin Menon,HV Patel,Royal Challengers Bangalore,Chennai,"MA Chidambaram Stadium, Chepauk, Chennai",2021-04-09
2nd innings,Royal Challengers Bangalore,Mumbai Indians,8.2,V Kohli,GJ Maxwell,KH Pandya,0,0,0,,,,,MI vs RCB 2021-04-09,KN Ananthapadmanabhan,Nitin Menon,HV Patel,Royal Challengers Bangalore,Chennai,"MA Chidambaram Stadium, Chepauk, Chennai",2021-04-09
2nd innings,Royal Challengers Bangalore,Mumbai Indians,8.3,V Kohli,GJ Maxwell,KH Pandya,0,0,0,,,,,MI vs RCB 2021-04-09,KN Ananthapadmanabhan,Nitin Menon,HV Patel,Royal Challengers Bangalore,Chennai,"MA Chidambaram Stadium, Chepauk, Chennai",2021-04-09
2nd innings,Royal Challengers Bangalore,Mumbai Indians,8.4,V Kohli,GJ Maxwell,KH Pandya,0,1,1,,,,,MI vs RCB 2021-04-09,KN Ananthapadmanabhan,Nitin Menon,HV Patel,Royal Challengers Bangalore,Chennai,"MA Chidambaram Stadium, Chepauk, Chennai",2021-04-09
2nd innings,Royal Challengers Bangalore,Mumbai Indians,8.5,GJ Maxwell,V Kohli,KH Pandya,0,1,1,,,,,MI vs RCB 2021-04-09,KN Ananthapadmanabhan,Nitin Menon,HV Patel,Royal Challengers Bangalore,Chennai,"MA Chidambaram Stadium, Chepauk, Chennai",2021-04-09
2nd innings,Royal Challengers Bangalore,Mumbai Indians,8.6,V Kohli,GJ Maxwell,KH Pandya,0,4,4,,,,,MI vs RCB 2021-04-09,KN Ananthapadmanabhan,Nitin Menon,HV Patel,Royal Challengers Bangalore,Chennai,"MA Chidambaram Stadium, Chepauk, Chennai",2021-04-09
2nd innings,Royal Challengers Bangalore,Mumbai Indians,9.1,GJ Maxwell,V Kohli,M Jansen,0,0,0,,,,,MI vs RCB 2021-04-09,KN Ananthapadmanabhan,Nitin Menon,HV Patel,Royal Challengers Bangalore,Chennai,"MA Chidambaram Stadium, Chepauk, Chennai",2021-04-09
2nd innings,Royal Challengers Bangalore,Mumbai Indians,9.2,GJ Maxwell,V Kohli,M Jansen,0,1,1,,,,,MI vs RCB 2021-04-09,KN Ananthapadmanabhan,Nitin Menon,HV Patel,Royal Challengers Bangalore,Chennai,"MA Chidambaram Stadium, Chepauk, Chennai",2021-04-09
2nd innings,Royal Challengers Bangalore,Mumbai Indians,9.3,V Kohli,GJ Maxwell,M Jansen,0,1,1,,,,,MI vs RCB 2021-04-09,KN Ananthapadmanabhan,Nitin Menon,HV Patel,Royal Challengers Bangalore,Chennai,"MA Chidambaram Stadium, Chepauk, Chennai",2021-04-09
2nd innings,Royal Challengers Bangalore,Mumbai Indians,9.4,GJ Maxwell,V Kohli,M Jansen,0,1,1,,,,,MI vs RCB 2021-04-09,KN Ananthapadmanabhan,Nitin Menon,HV Patel,Royal Challengers Bangalore,Chennai,"MA Chidambaram Stadium, Chepauk, Chennai",2021-04-09
2nd innings,Royal Challengers Bangalore,Mumbai Indians,9.5,V Kohli,GJ Maxwell,M Jansen,1,0,1,wides,,,,MI vs RCB 2021-04-09,KN Ananthapadmanabhan,Nitin Menon,HV Patel,Royal Challengers Bangalore,Chennai,"MA Chidambaram Stadium, Chepauk, Chennai",2021-04-09
2nd innings,Royal Challengers Bangalore,Mumbai Indians,9.6,V Kohli,GJ Maxwell,M Jansen,0,0,0,,,,,MI vs RCB 2021-04-09,KN Ananthapadmanabhan,Nitin Menon,HV Patel,Royal Challengers Bangalore,Chennai,"MA Chidambaram Stadium, Chepauk, Chennai",2021-04-09
2nd innings,Royal Challengers Bangalore,Mumbai Indians,9.7,V Kohli,GJ Maxwell,M Jansen,1,0,1,wides,,,,MI vs RCB 2021-04-09,KN Ananthapadmanabhan,Nitin Menon,HV Patel,Royal Challengers Bangalore,Chennai,"MA Chidambaram Stadium, Chepauk, Chennai",2021-04-09
2nd innings,Royal Challengers Bangalore,Mumbai Indians,9.8,V Kohli,GJ Maxwell,M Jansen,0,1,1,,,,,MI vs RCB 2021-04-09,KN Ananthapadmanabhan,Nitin Menon,HV Patel,Royal Challengers Bangalore,Chennai,"MA Chidambaram Stadium, Chepauk, Chennai",2021-04-09
2nd innings,Royal Challengers Bangalore,Mumbai Indians,10.1,V Kohli,GJ Maxwell,KH Pandya,0,6,6,,,,,MI vs RCB 2021-04-09,KN Ananthapadmanabhan,Nitin Menon,HV Patel,Royal Challengers Bangalore,Chennai,"MA Chidambaram Stadium, Chepauk, Chennai",2021-04-09
2nd innings,Royal Challengers Bangalore,Mumbai Indians,10.2,V Kohli,GJ Maxwell,KH Pandya,0,1,1,,,,,MI vs RCB 2021-04-09,KN Ananthapadmanabhan,Nitin Menon,HV Patel,Royal Challengers Bangalore,Chennai,"MA Chidambaram Stadium, Chepauk, Chennai",2021-04-09
2nd innings,Royal Challengers Bangalore,Mumbai Indians,10.3,GJ Maxwell,V Kohli,KH Pandya,0,0,0,,,,,MI vs RCB 2021-04-09,KN Ananthapadmanabhan,Nitin Menon,HV Patel,Royal Challengers Bangalore,Chennai,"MA Chidambaram Stadium, Chepauk, Chennai",2021-04-09
2nd innings,Royal Challengers Bangalore,Mumbai Indians,10.4,GJ Maxwell,V Kohli,KH Pandya,0,0,0,,,,,MI vs RCB 2021-04-09,KN Ananthapadmanabhan,Nitin Menon,HV Patel,Royal Challengers Bangalore,Chennai,"MA Chidambaram Stadium, Chepauk, Chennai",2021-04-09
2nd innings,Royal Challengers Bangalore,Mumbai Indians,10.5,GJ Maxwell,V Kohli,KH Pandya,0,1,1,,,,,MI vs RCB 2021-04-09,KN Ananthapadmanabhan,Nitin Menon,HV Patel,Royal Challengers Bangalore,Chennai,"MA Chidambaram Stadium, Chepauk, Chennai",2021-04-09
2nd innings,Royal Challengers Bangalore,Mumbai Indians,10.6,V Kohli,GJ Maxwell,KH Pandya,0,1,1,,,,,MI vs RCB 2021-04-09,KN Ananthapadmanabhan,Nitin Menon,HV Patel,Royal Challengers Bangalore,Chennai,"MA Chidambaram Stadium, Chepauk, Chennai",2021-04-09
2nd innings,Royal Challengers Bangalore,Mumbai Indians,11.1,V Kohli,GJ Maxwell,RD Chahar,0,6,6,,,,,MI vs RCB 2021-04-09,KN Ananthapadmanabhan,Nitin Menon,HV Patel,Royal Challengers Bangalore,Chennai,"MA Chidambaram Stadium, Chepauk, Chennai",2021-04-09
2nd innings,Royal Challengers Bangalore,Mumbai Indians,11.2,V Kohli,GJ Maxwell,RD Chahar,0,1,1,,,,,MI vs RCB 2021-04-09,KN Ananthapadmanabhan,Nitin Menon,HV Patel,Royal Challengers Bangalore,Chennai,"MA Chidambaram Stadium, Chepauk, Chennai",2021-04-09
2nd innings,Royal Challengers Bangalore,Mumbai Indians,11.3,GJ Maxwell,V Kohli,RD Chahar,0,2,2,,,,,MI vs RCB 2021-04-09,KN Ananthapadmanabhan,Nitin Menon,HV Patel,Royal Challengers Bangalore,Chennai,"MA Chidambaram Stadium, Chepauk, Chennai",2021-04-09
2nd innings,Royal Challengers Bangalore,Mumbai Indians,11.4,GJ Maxwell,V Kohli,RD Chahar,0,0,0,,,,,MI vs RCB 2021-04-09,KN Ananthapadmanabhan,Nitin Menon,HV Patel,Royal Challengers Bangalore,Chennai,"MA Chidambaram Stadium, Chepauk, Chennai",2021-04-09
2nd innings,Royal Challengers Bangalore,Mumbai Indians,11.5,GJ Maxwell,V Kohli,RD Chahar,0,1,1,,,,,MI vs RCB 2021-04-09,KN Ananthapadmanabhan,Nitin Menon,HV Patel,Royal Challengers Bangalore,Chennai,"MA Chidambaram Stadium, Chepauk, Chennai",2021-04-09
2nd innings,Royal Challengers Bangalore,Mumbai Indians,11.6,V Kohli,GJ Maxwell,RD Chahar,0,1,1,,,,,MI vs RCB 2021-04-09,KN Ananthapadmanabhan,Nitin Menon,HV Patel,Royal Challengers Bangalore,Chennai,"MA Chidambaram Stadium, Chepauk, Chennai",2021-04-09
2nd innings,Royal Challengers Bangalore,Mumbai Indians,12.1,V Kohli,GJ Maxwell,JJ Bumrah,0,2,2,,,,,MI vs RCB 2021-04-09,KN Ananthapadmanabhan,Nitin Menon,HV Patel,Royal Challengers Bangalore,Chennai,"MA Chidambaram Stadium, Chepauk, Chennai",2021-04-09
2nd innings,Royal Challengers Bangalore,Mumbai Indians,12.2,V Kohli,GJ Maxwell,JJ Bumrah,0,1,1,,,,,MI vs RCB 2021-04-09,KN Ananthapadmanabhan,Nitin Menon,HV Patel,Royal Challengers Bangalore,Chennai,"MA Chidambaram Stadium, Chepauk, Chennai",2021-04-09
2nd innings,Royal Challengers Bangalore,Mumbai Indians,12.3,GJ Maxwell,V Kohli,JJ Bumrah,0,0,0,,V Kohli,lbw,,MI vs RCB 2021-04-09,KN Ananthapadmanabhan,Nitin Menon,HV Patel,Royal Challengers Bangalore,Chennai,"MA Chidambaram Stadium, Chepauk, Chennai",2021-04-09
2nd innings,Royal Challengers Bangalore,Mumbai Indians,12.4,GJ Maxwell,AB de Villiers,JJ Bumrah,0,0,0,,,,,MI vs RCB 2021-04-09,KN Ananthapadmanabhan,Nitin Menon,HV Patel,Royal Challengers Bangalore,Chennai,"MA Chidambaram Stadium, Chepauk, Chennai",2021-04-09
2nd innings,Royal Challengers Bangalore,Mumbai Indians,12.5,GJ Maxwell,AB de Villiers,JJ Bumrah,0,1,1,,,,,MI vs RCB 2021-04-09,KN Ananthapadmanabhan,Nitin Menon,HV Patel,Royal Challengers Bangalore,Chennai,"MA Chidambaram Stadium, Chepauk, Chennai",2021-04-09
2nd innings,Royal Challengers Bangalore,Mumbai Indians,12.6,AB de Villiers,GJ Maxwell,JJ Bumrah,0,0,0,,,,,MI vs RCB 2021-04-09,KN Ananthapadmanabhan,Nitin Menon,HV Patel,Royal Challengers Bangalore,Chennai,"MA Chidambaram Stadium, Chepauk, Chennai",2021-04-09
2nd innings,Royal Challengers Bangalore,Mumbai Indians,13.1,GJ Maxwell,AB de Villiers,RD Chahar,0,0,0,,,,,MI vs RCB 2021-04-09,KN Ananthapadmanabhan,Nitin Menon,HV Patel,Royal Challengers Bangalore,Chennai,"MA Chidambaram Stadium, Chepauk, Chennai",2021-04-09
2nd innings,Royal Challengers Bangalore,Mumbai Indians,13.2,GJ Maxwell,AB de Villiers,RD Chahar,0,1,1,,,,,MI vs RCB 2021-04-09,KN Ananthapadmanabhan,Nitin Menon,HV Patel,Royal Challengers Bangalore,Chennai,"MA Chidambaram Stadium, Chepauk, Chennai",2021-04-09
2nd innings,Royal Challengers Bangalore,Mumbai Indians,13.3,AB de Villiers,GJ Maxwell,RD Chahar,0,1,1,,,,,MI vs RCB 2021-04-09,KN Ananthapadmanabhan,Nitin Menon,HV Patel,Royal Challengers Bangalore,Chennai,"MA Chidambaram Stadium, Chepauk, Chennai",2021-04-09
2nd innings,Royal Challengers Bangalore,Mumbai Indians,13.4,GJ Maxwell,AB de Villiers,RD Chahar,0,1,1,,,,,MI vs RCB 2021-04-09,KN Ananthapadmanabhan,Nitin Menon,HV Patel,Royal Challengers Bangalore,Chennai,"MA Chidambaram Stadium, Chepauk, Chennai",2021-04-09
2nd innings,Royal Challengers Bangalore,Mumbai Indians,13.5,AB de Villiers,GJ Maxwell,RD Chahar,0,0,0,,,,,MI vs RCB 2021-04-09,KN Ananthapadmanabhan,Nitin Menon,HV Patel,Royal Challengers Bangalore,Chennai,"MA Chidambaram Stadium, Chepauk, Chennai",2021-04-09
2nd innings,Royal Challengers Bangalore,Mumbai Indians,13.6,AB de Villiers,GJ Maxwell,RD Chahar,0,1,1,,,,,MI vs RCB 2021-04-09,KN Ananthapadmanabhan,Nitin Menon,HV Patel,Royal Challengers Bangalore,Chennai,"MA Chidambaram Stadium, Chepauk, Chennai",2021-04-09
2nd innings,Royal Challengers Bangalore,Mumbai Indians,14.1,AB de Villiers,GJ Maxwell,M Jansen,0,0,0,,GJ Maxwell,caught,CA Lynn,MI vs RCB 2021-04-09,KN Ananthapadmanabhan,Nitin Menon,HV Patel,Royal Challengers Bangalore,Chennai,"MA Chidambaram Stadium, Chepauk, Chennai",2021-04-09
2nd innings,Royal Challengers Bangalore,Mumbai Indians,14.2,AB de Villiers,Shahbaz Ahmed,M Jansen,1,0,1,wides,,,,MI vs RCB 2021-04-09,KN Ananthapadmanabhan,Nitin Menon,HV Patel,Royal Challengers Bangalore,Chennai,"MA Chidambaram Stadium, Chepauk, Chennai",2021-04-09
2nd innings,Royal Challengers Bangalore,Mumbai Indians,14.3,AB de Villiers,Shahbaz Ahmed,M Jansen,0,1,1,,,,,MI vs RCB 2021-04-09,KN Ananthapadmanabhan,Nitin Menon,HV Patel,Royal Challengers Bangalore,Chennai,"MA Chidambaram Stadium, Chepauk, Chennai",2021-04-09
2nd innings,Royal Challengers Bangalore,Mumbai Indians,14.4,Shahbaz Ahmed,AB de Villiers,M Jansen,0,0,0,,,,,MI vs RCB 2021-04-09,KN Ananthapadmanabhan,Nitin Menon,HV Patel,Royal Challengers Bangalore,Chennai,"MA Chidambaram Stadium, Chepauk, Chennai",2021-04-09
2nd innings,Royal Challengers Bangalore,Mumbai Indians,14.5,Shahbaz Ahmed,AB de Villiers,M Jansen,0,0,0,,,,,MI vs RCB 2021-04-09,KN Ananthapadmanabhan,Nitin Menon,HV Patel,Royal Challengers Bangalore,Chennai,"MA Chidambaram Stadium, Chepauk, Chennai",2021-04-09
2nd innings,Royal Challengers Bangalore,Mumbai Indians,14.6,Shahbaz Ahmed,AB de Villiers,M Jansen,0,1,1,,,,,MI vs RCB 2021-04-09,KN Ananthapadmanabhan,Nitin Menon,HV Patel,Royal Challengers Bangalore,Chennai,"MA Chidambaram Stadium, Chepauk, Chennai",2021-04-09
2nd innings,Royal Challengers Bangalore,Mumbai Indians,14.7,AB de Villiers,Shahbaz Ahmed,M Jansen,0,0,0,,Shahbaz Ahmed,caught,KH Pandya,MI vs RCB 2021-04-09,KN Ananthapadmanabhan,Nitin Menon,HV Patel,Royal Challengers Bangalore,Chennai,"MA Chidambaram Stadium, Chepauk, Chennai",2021-04-09
2nd innings,Royal Challengers Bangalore,Mumbai Indians,15.1,DT Christian,AB de Villiers,RD Chahar,0,4,4,,,,,MI vs RCB 2021-04-09,KN Ananthapadmanabhan,Nitin Menon,HV Patel,Royal Challengers Bangalore,Chennai,"MA Chidambaram Stadium, Chepauk, Chennai",2021-04-09
2nd innings,Royal Challengers Bangalore,Mumbai Indians,15.2,DT Christian,AB de Villiers,RD Chahar,0,6,6,,,,,MI vs RCB 2021-04-09,KN Ananthapadmanabhan,Nitin Menon,HV Patel,Royal Challengers Bangalore,Chennai,"MA Chidambaram Stadium, Chepauk, Chennai",2021-04-09
2nd innings,Royal Challengers Bangalore,Mumbai Indians,15.3,DT Christian,AB de Villiers,RD Chahar,0,1,1,,,,,MI vs RCB 2021-04-09,KN Ananthapadmanabhan,Nitin Menon,HV Patel,Royal Challengers Bangalore,Chennai,"MA Chidambaram Stadium, Chepauk, Chennai",2021-04-09
2nd innings,Royal Challengers Bangalore,Mumbai Indians,15.4,AB de Villiers,DT Christian,RD Chahar,0,1,1,,,,,MI vs RCB 2021-04-09,KN Ananthapadmanabhan,Nitin Menon,HV Patel,Royal Challengers Bangalore,Chennai,"MA Chidambaram Stadium, Chepauk, Chennai",2021-04-09
2nd innings,Royal Challengers Bangalore,Mumbai Indians,15.5,DT Christian,AB de Villiers,RD Chahar,0,2,2,,,,,MI vs RCB 2021-04-09,KN Ananthapadmanabhan,Nitin Menon,HV Patel,Royal Challengers Bangalore,Chennai,"MA Chidambaram Stadium, Chepauk, Chennai",2021-04-09
2nd innings,Royal Challengers Bangalore,Mumbai Indians,15.6,DT Christian,AB de Villiers,RD Chahar,0,1,1,,,,,MI vs RCB 2021-04-09,KN Ananthapadmanabhan,Nitin Menon,HV Patel,Royal Challengers Bangalore,Chennai,"MA Chidambaram Stadium, Chepauk, Chennai",2021-04-09
2nd innings,Royal Challengers Bangalore,Mumbai Indians,16.1,DT Christian,AB de Villiers,JJ Bumrah,0,1,1,,,,,MI vs RCB 2021-04-09,KN Ananthapadmanabhan,Nitin Menon,HV Patel,Royal Challengers Bangalore,Chennai,"MA Chidambaram Stadium, Chepauk, Chennai",2021-04-09
2nd innings,Royal Challengers Bangalore,Mumbai Indians,16.2,AB de Villiers,DT Christian,JJ Bumrah,0,0,0,,,,,MI vs RCB 2021-04-09,KN Ananthapadmanabhan,Nitin Menon,HV Patel,Royal Challengers Bangalore,Chennai,"MA Chidambaram Stadium, Chepauk, Chennai",2021-04-09
2nd innings,Royal Challengers Bangalore,Mumbai Indians,16.3,AB de Villiers,DT Christian,JJ Bumrah,0,0,0,,DT Christian,caught,RD Chahar,MI vs RCB 2021-04-09,KN Ananthapadmanabhan,Nitin Menon,HV Patel,Royal Challengers Bangalore,Chennai,"MA Chidambaram Stadium, Chepauk, Chennai",2021-04-09
2nd innings,Royal Challengers Bangalore,Mumbai Indians,16.4,AB de Villiers,KA Jamieson,JJ Bumrah,0,0,0,,,,,MI vs RCB 2021-04-09,KN Ananthapadmanabhan,Nitin Menon,HV Patel,Royal Challengers Bangalore,Chennai,"MA Chidambaram Stadium, Chepauk, Chennai",2021-04-09
2nd innings,Royal Challengers Bangalore,Mumbai Indians,16.5,AB de Villiers,KA Jamieson,JJ Bumrah,0,3,3,,,,,MI vs RCB 2021-04-09,KN Ananthapadmanabhan,Nitin Menon,HV Patel,Royal Challengers Bangalore,Chennai,"MA Chidambaram Stadium, Chepauk, Chennai",2021-04-09
2nd innings,Royal Challengers Bangalore,Mumbai Indians,16.6,KA Jamieson,AB de Villiers,JJ Bumrah,0,1,1,,,,,MI vs RCB 2021-04-09,KN Ananthapadmanabhan,Nitin Menon,HV Patel,Royal Challengers Bangalore,Chennai,"MA Chidambaram Stadium, Chepauk, Chennai",2021-04-09
2nd innings,Royal Challengers Bangalore,Mumbai Indians,17.1,KA Jamieson,AB de Villiers,TA Boult,0,6,6,,,,,MI vs RCB 2021-04-09,KN Ananthapadmanabhan,Nitin Menon,HV Patel,Royal Challengers Bangalore,Chennai,"MA Chidambaram Stadium, Chepauk, Chennai",2021-04-09
2nd innings,Royal Challengers Bangalore,Mumbai Indians,17.2,KA Jamieson,AB de Villiers,TA Boult,0,1,1,,,,,MI vs RCB 2021-04-09,KN Ananthapadmanabhan,Nitin Menon,HV Patel,Royal Challengers Bangalore,Chennai,"MA Chidambaram Stadium, Chepauk, Chennai",2021-04-09
2nd innings,Royal Challengers Bangalore,Mumbai Indians,17.3,AB de Villiers,KA Jamieson,TA Boult,0,1,1,,,,,MI vs RCB 2021-04-09,KN Ananthapadmanabhan,Nitin Menon,HV Patel,Royal Challengers Bangalore,Chennai,"MA Chidambaram Stadium, Chepauk, Chennai",2021-04-09
2nd innings,Royal Challengers Bangalore,Mumbai Indians,17.4,KA Jamieson,AB de Villiers,TA Boult,0,4,4,,,,,MI vs RCB 2021-04-09,KN Ananthapadmanabhan,Nitin Menon,HV Patel,Royal Challengers Bangalore,Chennai,"MA Chidambaram Stadium, Chepauk, Chennai",2021-04-09
2nd innings,Royal Challengers Bangalore,Mumbai Indians,17.5,KA Jamieson,AB de Villiers,TA Boult,0,2,2,,,,,MI vs RCB 2021-04-09,KN Ananthapadmanabhan,Nitin Menon,HV Patel,Royal Challengers Bangalore,Chennai,"MA Chidambaram Stadium, Chepauk, Chennai",2021-04-09
2nd innings,Royal Challengers Bangalore,Mumbai Indians,17.6,KA Jamieson,AB de Villiers,TA Boult,0,1,1,,,,,MI vs RCB 2021-04-09,KN Ananthapadmanabhan,Nitin Menon,HV Patel,Royal Challengers Bangalore,Chennai,"MA Chidambaram Stadium, Chepauk, Chennai",2021-04-09
2nd innings,Royal Challengers Bangalore,Mumbai Indians,18.1,KA Jamieson,AB de Villiers,JJ Bumrah,0,4,4,,,,,MI vs RCB 2021-04-09,KN Ananthapadmanabhan,Nitin Menon,HV Patel,Royal Challengers Bangalore,Chennai,"MA Chidambaram Stadium, Chepauk, Chennai",2021-04-09
2nd innings,Royal Challengers Bangalore,Mumbai Indians,18.2,KA Jamieson,AB de Villiers,JJ Bumrah,0,2,2,,,,,MI vs RCB 2021-04-09,KN Ananthapadmanabhan,Nitin Menon,HV Patel,Royal Challengers Bangalore,Chennai,"MA Chidambaram Stadium, Chepauk, Chennai",2021-04-09
2nd innings,Royal Challengers Bangalore,Mumbai Indians,18.3,KA Jamieson,AB de Villiers,JJ Bumrah,0,4,4,,,,,MI vs RCB 2021-04-09,KN Ananthapadmanabhan,Nitin Menon,HV Patel,Royal Challengers Bangalore,Chennai,"MA Chidambaram Stadium, Chepauk, Chennai",2021-04-09
2nd innings,Royal Challengers Bangalore,Mumbai Indians,18.4,KA Jamieson,AB de Villiers,JJ Bumrah,0,1,1,,,,,MI vs RCB 2021-04-09,KN Ananthapadmanabhan,Nitin Menon,HV Patel,Royal Challengers Bangalore,Chennai,"MA Chidambaram Stadium, Chepauk, Chennai",2021-04-09
2nd innings,Royal Challengers Bangalore,Mumbai Indians,18.5,AB de Villiers,KA Jamieson,JJ Bumrah,0,0,0,,KA Jamieson,run out,,MI vs RCB 2021-04-09,KN Ananthapadmanabhan,Nitin Menon,HV Patel,Royal Challengers Bangalore,Chennai,"MA Chidambaram Stadium, Chepauk, Chennai",2021-04-09
2nd innings,Royal Challengers Bangalore,Mumbai Indians,18.6,HV Patel,AB de Villiers,JJ Bumrah,0,1,1,,,,,MI vs RCB 2021-04-09,KN Ananthapadmanabhan,Nitin Menon,HV Patel,Royal Challengers Bangalore,Chennai,"MA Chidambaram Stadium, Chepauk, Chennai",2021-04-09
2nd innings,Royal Challengers Bangalore,Mumbai Indians,19.1,HV Patel,AB de Villiers,M Jansen,0,1,1,,,,,MI vs RCB 2021-04-09,KN Ananthapadmanabhan,Nitin Menon,HV Patel,Royal Challengers Bangalore,Chennai,"MA Chidambaram Stadium, Chepauk, Chennai",2021-04-09
2nd innings,Royal Challengers Bangalore,Mumbai Indians,19.2,AB de Villiers,HV Patel,M Jansen,0,2,2,,,,,MI vs RCB 2021-04-09,KN Ananthapadmanabhan,Nitin Menon,HV Patel,Royal Challengers Bangalore,Chennai,"MA Chidambaram Stadium, Chepauk, Chennai",2021-04-09
2nd innings,Royal Challengers Bangalore,Mumbai Indians,19.3,AB de Villiers,HV Patel,M Jansen,0,1,1,,,,,MI vs RCB 2021-04-09,KN Ananthapadmanabhan,Nitin Menon,HV Patel,Royal Challengers Bangalore,Chennai,"MA Chidambaram Stadium, Chepauk, Chennai",2021-04-09
2nd innings,Royal Challengers Bangalore,Mumbai Indians,19.4,HV Patel,AB de Villiers,M Jansen,0,1,1,,AB de Villiers,run out,,MI vs RCB 2021-04-09,KN Ananthapadmanabhan,Nitin Menon,HV Patel,Royal Challengers Bangalore,Chennai,"MA Chidambaram Stadium, Chepauk, Chennai",2021-04-09
2nd innings,Royal Challengers Bangalore,Mumbai Indians,19.5,HV Patel,Mohammed Siraj,M Jansen,1,0,1,legbyes,,,,MI vs RCB 2021-04-09,KN Ananthapadmanabhan,Nitin Menon,HV Patel,Royal Challengers Bangalore,Chennai,"MA Chidambaram Stadium, Chepauk, Chennai",2021-04-09
2nd innings,Royal Challengers Bangalore,Mumbai Indians,19.6,Mohammed Siraj,HV Patel,M Jansen,0,1,1,,,,,MI vs RCB 2021-04-09,KN Ananthapadmanabhan,Nitin Menon,HV Patel,Royal Challengers Bangalore,Chennai,"MA Chidambaram Stadium, Chepauk, Chennai",2021-04-09
