inning,batting_team,bowling_team,ball,non_striker,batsman,bowler,extra_runs,batsman_run,total_runs,extras,player_out,elimination_kind,fielders_caught,match_name,umpires_1,umpires_2,player_of_match,winner,city,venue,dates
1st innings,Mumbai Indians,Kolkata Knight Riders,0.1,Q de Kock,RG Sharma,Harbhajan Singh,0,1,1,,,,,MI vs KKR 2021-04-13,C Shamshuddin,CB Gaffaney,RD Chahar,Mumbai Indians,Chennai,"MA Chidambaram Stadium, Chepauk, Chennai",2021-04-13
1st innings,Mumbai Indians,Kolkata Knight Riders,0.2,RG Sharma,Q de Kock,Harbhajan Singh,0,0,0,,,,,MI vs KKR 2021-04-13,C Shamshuddin,CB Gaffaney,RD Chahar,Mumbai Indians,Chennai,"MA Chidambaram Stadium, Chepauk, Chennai",2021-04-13
1st innings,Mumbai Indians,Kolkata Knight Riders,0.3,RG Sharma,Q de Kock,Harbhajan Singh,0,2,2,,,,,MI vs KKR 2021-04-13,C Shamshuddin,CB Gaffaney,RD Chahar,Mumbai Indians,Chennai,"MA Chidambaram Stadium, Chepauk, Chennai",2021-04-13
1st innings,Mumbai Indians,Kolkata Knight Riders,0.4,RG Sharma,Q de Kock,Harbhajan Singh,0,0,0,,,,,MI vs KKR 2021-04-13,C Shamshuddin,CB Gaffaney,RD Chahar,Mumbai Indians,Chennai,"MA Chidambaram Stadium, Chepauk, Chennai",2021-04-13
1st innings,Mumbai Indians,Kolkata Knight Riders,0.5,RG Sharma,Q de Kock,Harbhajan Singh,0,0,0,,,,,MI vs KKR 2021-04-13,C Shamshuddin,CB Gaffaney,RD Chahar,Mumbai Indians,Chennai,"MA Chidambaram Stadium, Chepauk, Chennai",2021-04-13
1st innings,Mumbai Indians,Kolkata Knight Riders,0.6,RG Sharma,Q de Kock,Harbhajan Singh,0,0,0,,,,,MI vs KKR 2021-04-13,C Shamshuddin,CB Gaffaney,RD Chahar,Mumbai Indians,Chennai,"MA Chidambaram Stadium, Chepauk, Chennai",2021-04-13
1st innings,Mumbai Indians,Kolkata Knight Riders,1.1,Q de Kock,RG Sharma,CV Varun,0,0,0,,,,,MI vs KKR 2021-04-13,C Shamshuddin,CB Gaffaney,RD Chahar,Mumbai Indians,Chennai,"MA Chidambaram Stadium, Chepauk, Chennai",2021-04-13
1st innings,Mumbai Indians,Kolkata Knight Riders,1.2,Q de Kock,RG Sharma,CV Varun,0,4,4,,,,,MI vs KKR 2021-04-13,C Shamshuddin,CB Gaffaney,RD Chahar,Mumbai Indians,Chennai,"MA Chidambaram Stadium, Chepauk, Chennai",2021-04-13
1st innings,Mumbai Indians,Kolkata Knight Riders,1.3,Q de Kock,RG Sharma,CV Varun,0,2,2,,,,,MI vs KKR 2021-04-13,C Shamshuddin,CB Gaffaney,RD Chahar,Mumbai Indians,Chennai,"MA Chidambaram Stadium, Chepauk, Chennai",2021-04-13
1st innings,Mumbai Indians,Kolkata Knight Riders,1.4,Q de Kock,RG Sharma,CV Varun,0,0,0,,,,,MI vs KKR 2021-04-13,C Shamshuddin,CB Gaffaney,RD Chahar,Mumbai Indians,Chennai,"MA Chidambaram Stadium, Chepauk, Chennai",2021-04-13
1st innings,Mumbai Indians,Kolkata Knight Riders,1.5,Q de Kock,RG Sharma,CV Varun,0,1,1,,,,,MI vs KKR 2021-04-13,C Shamshuddin,CB Gaffaney,RD Chahar,Mumbai Indians,Chennai,"MA Chidambaram Stadium, Chepauk, Chennai",2021-04-13
1st innings,Mumbai Indians,Kolkata Knight Riders,1.6,RG Sharma,Q de Kock,CV Varun,0,0,0,,Q de Kock,caught,RA Tripathi,MI vs KKR 2021-04-13,C Shamshuddin,CB Gaffaney,RD Chahar,Mumbai Indians,Chennai,"MA Chidambaram Stadium, Chepauk, Chennai",2021-04-13
1st innings,Mumbai Indians,Kolkata Knight Riders,2.1,RG Sharma,SA Yadav,Harbhajan Singh,0,0,0,,,,,MI vs KKR 2021-04-13,C Shamshuddin,CB Gaffaney,RD Chahar,Mumbai Indians,Chennai,"MA Chidambaram Stadium, Chepauk, Chennai",2021-04-13
1st innings,Mumbai Indians,Kolkata Knight Riders,2.2,RG Sharma,SA Yadav,Harbhajan Singh,0,4,4,,,,,MI vs KKR 2021-04-13,C Shamshuddin,CB Gaffaney,RD Chahar,Mumbai Indians,Chennai,"MA Chidambaram Stadium, Chepauk, Chennai",2021-04-13
1st innings,Mumbai Indians,Kolkata Knight Riders,2.3,RG Sharma,SA Yadav,Harbhajan Singh,1,0,1,wides,,,,MI vs KKR 2021-04-13,C Shamshuddin,CB Gaffaney,RD Chahar,Mumbai Indians,Chennai,"MA Chidambaram Stadium, Chepauk, Chennai",2021-04-13
1st innings,Mumbai Indians,Kolkata Knight Riders,2.4,RG Sharma,SA Yadav,Harbhajan Singh,0,4,4,,,,,MI vs KKR 2021-04-13,C Shamshuddin,CB Gaffaney,RD Chahar,Mumbai Indians,Chennai,"MA Chidambaram Stadium, Chepauk, Chennai",2021-04-13
1st innings,Mumbai Indians,Kolkata Knight Riders,2.5,RG Sharma,SA Yadav,Harbhajan Singh,0,0,0,,,,,MI vs KKR 2021-04-13,C Shamshuddin,CB Gaffaney,RD Chahar,Mumbai Indians,Chennai,"MA Chidambaram Stadium, Chepauk, Chennai",2021-04-13
1st innings,Mumbai Indians,Kolkata Knight Riders,2.6,RG Sharma,SA Yadav,Harbhajan Singh,0,4,4,,,,,MI vs KKR 2021-04-13,C Shamshuddin,CB Gaffaney,RD Chahar,Mumbai Indians,Chennai,"MA Chidambaram Stadium, Chepauk, Chennai",2021-04-13
1st innings,Mumbai Indians,Kolkata Knight Riders,2.7,RG Sharma,SA Yadav,Harbhajan Singh,0,1,1,,,,,MI vs KKR 2021-04-13,C Shamshuddin,CB Gaffaney,RD Chahar,Mumbai Indians,Chennai,"MA Chidambaram Stadium, Chepauk, Chennai",2021-04-13
1st innings,Mumbai Indians,Kolkata Knight Riders,3.1,RG Sharma,SA Yadav,Shakib Al Hasan,0,1,1,,,,,MI vs KKR 2021-04-13,C Shamshuddin,CB Gaffaney,RD Chahar,Mumbai Indians,Chennai,"MA Chidambaram Stadium, Chepauk, Chennai",2021-04-13
1st innings,Mumbai Indians,Kolkata Knight Riders,3.2,SA Yadav,RG Sharma,Shakib Al Hasan,0,1,1,,,,,MI vs KKR 2021-04-13,C Shamshuddin,CB Gaffaney,RD Chahar,Mumbai Indians,Chennai,"MA Chidambaram Stadium, Chepauk, Chennai",2021-04-13
1st innings,Mumbai Indians,Kolkata Knight Riders,3.3,RG Sharma,SA Yadav,Shakib Al Hasan,0,0,0,,,,,MI vs KKR 2021-04-13,C Shamshuddin,CB Gaffaney,RD Chahar,Mumbai Indians,Chennai,"MA Chidambaram Stadium, Chepauk, Chennai",2021-04-13
1st innings,Mumbai Indians,Kolkata Knight Riders,3.4,RG Sharma,SA Yadav,Shakib Al Hasan,0,1,1,,,,,MI vs KKR 2021-04-13,C Shamshuddin,CB Gaffaney,RD Chahar,Mumbai Indians,Chennai,"MA Chidambaram Stadium, Chepauk, Chennai",2021-04-13
1st innings,Mumbai Indians,Kolkata Knight Riders,3.5,SA Yadav,RG Sharma,Shakib Al Hasan,0,1,1,,,,,MI vs KKR 2021-04-13,C Shamshuddin,CB Gaffaney,RD Chahar,Mumbai Indians,Chennai,"MA Chidambaram Stadium, Chepauk, Chennai",2021-04-13
1st innings,Mumbai Indians,Kolkata Knight Riders,3.6,RG Sharma,SA Yadav,Shakib Al Hasan,0,0,0,,,,,MI vs KKR 2021-04-13,C Shamshuddin,CB Gaffaney,RD Chahar,Mumbai Indians,Chennai,"MA Chidambaram Stadium, Chepauk, Chennai",2021-04-13
1st innings,Mumbai Indians,Kolkata Knight Riders,4.1,SA Yadav,RG Sharma,CV Varun,0,1,1,,,,,MI vs KKR 2021-04-13,C Shamshuddin,CB Gaffaney,RD Chahar,Mumbai Indians,Chennai,"MA Chidambaram Stadium, Chepauk, Chennai",2021-04-13
1st innings,Mumbai Indians,Kolkata Knight Riders,4.2,RG Sharma,SA Yadav,CV Varun,0,0,0,,,,,MI vs KKR 2021-04-13,C Shamshuddin,CB Gaffaney,RD Chahar,Mumbai Indians,Chennai,"MA Chidambaram Stadium, Chepauk, Chennai",2021-04-13
1st innings,Mumbai Indians,Kolkata Knight Riders,4.3,RG Sharma,SA Yadav,CV Varun,0,1,1,,,,,MI vs KKR 2021-04-13,C Shamshuddin,CB Gaffaney,RD Chahar,Mumbai Indians,Chennai,"MA Chidambaram Stadium, Chepauk, Chennai",2021-04-13
1st innings,Mumbai Indians,Kolkata Knight Riders,4.4,SA Yadav,RG Sharma,CV Varun,0,1,1,,,,,MI vs KKR 2021-04-13,C Shamshuddin,CB Gaffaney,RD Chahar,Mumbai Indians,Chennai,"MA Chidambaram Stadium, Chepauk, Chennai",2021-04-13
1st innings,Mumbai Indians,Kolkata Knight Riders,4.5,RG Sharma,SA Yadav,CV Varun,1,0,1,wides,,,,MI vs KKR 2021-04-13,C Shamshuddin,CB Gaffaney,RD Chahar,Mumbai Indians,Chennai,"MA Chidambaram Stadium, Chepauk, Chennai",2021-04-13
1st innings,Mumbai Indians,Kolkata Knight Riders,4.6,RG Sharma,SA Yadav,CV Varun,0,1,1,,,,,MI vs KKR 2021-04-13,C Shamshuddin,CB Gaffaney,RD Chahar,Mumbai Indians,Chennai,"MA Chidambaram Stadium, Chepauk, Chennai",2021-04-13
1st innings,Mumbai Indians,Kolkata Knight Riders,4.7,SA Yadav,RG Sharma,CV Varun,0,4,4,,,,,MI vs KKR 2021-04-13,C Shamshuddin,CB Gaffaney,RD Chahar,Mumbai Indians,Chennai,"MA Chidambaram Stadium, Chepauk, Chennai",2021-04-13
1st innings,Mumbai Indians,Kolkata Knight Riders,5.1,RG Sharma,SA Yadav,PJ Cummins,0,0,0,,,,,MI vs KKR 2021-04-13,C Shamshuddin,CB Gaffaney,RD Chahar,Mumbai Indians,Chennai,"MA Chidambaram Stadium, Chepauk, Chennai",2021-04-13
1st innings,Mumbai Indians,Kolkata Knight Riders,5.2,RG Sharma,SA Yadav,PJ Cummins,0,0,0,,,,,MI vs KKR 2021-04-13,C Shamshuddin,CB Gaffaney,RD Chahar,Mumbai Indians,Chennai,"MA Chidambaram Stadium, Chepauk, Chennai",2021-04-13
1st innings,Mumbai Indians,Kolkata Knight Riders,5.3,RG Sharma,SA Yadav,PJ Cummins,0,0,0,,,,,MI vs KKR 2021-04-13,C Shamshuddin,CB Gaffaney,RD Chahar,Mumbai Indians,Chennai,"MA Chidambaram Stadium, Chepauk, Chennai",2021-04-13
1st innings,Mumbai Indians,Kolkata Knight Riders,5.4,RG Sharma,SA Yadav,PJ Cummins,0,4,4,,,,,MI vs KKR 2021-04-13,C Shamshuddin,CB Gaffaney,RD Chahar,Mumbai Indians,Chennai,"MA Chidambaram Stadium, Chepauk, Chennai",2021-04-13
1st innings,Mumbai Indians,Kolkata Knight Riders,5.5,RG Sharma,SA Yadav,PJ Cummins,0,0,0,,,,,MI vs KKR 2021-04-13,C Shamshuddin,CB Gaffaney,RD Chahar,Mumbai Indians,Chennai,"MA Chidambaram Stadium, Chepauk, Chennai",2021-04-13
1st innings,Mumbai Indians,Kolkata Knight Riders,5.6,RG Sharma,SA Yadav,PJ Cummins,0,1,1,,,,,MI vs KKR 2021-04-13,C Shamshuddin,CB Gaffaney,RD Chahar,Mumbai Indians,Chennai,"MA Chidambaram Stadium, Chepauk, Chennai",2021-04-13
1st innings,Mumbai Indians,Kolkata Knight Riders,6.1,RG Sharma,SA Yadav,Shakib Al Hasan,0,1,1,,,,,MI vs KKR 2021-04-13,C Shamshuddin,CB Gaffaney,RD Chahar,Mumbai Indians,Chennai,"MA Chidambaram Stadium, Chepauk, Chennai",2021-04-13
1st innings,Mumbai Indians,Kolkata Knight Riders,6.2,SA Yadav,RG Sharma,Shakib Al Hasan,0,1,1,,,,,MI vs KKR 2021-04-13,C Shamshuddin,CB Gaffaney,RD Chahar,Mumbai Indians,Chennai,"MA Chidambaram Stadium, Chepauk, Chennai",2021-04-13
1st innings,Mumbai Indians,Kolkata Knight Riders,6.3,RG Sharma,SA Yadav,Shakib Al Hasan,0,1,1,,,,,MI vs KKR 2021-04-13,C Shamshuddin,CB Gaffaney,RD Chahar,Mumbai Indians,Chennai,"MA Chidambaram Stadium, Chepauk, Chennai",2021-04-13
1st innings,Mumbai Indians,Kolkata Knight Riders,6.4,SA Yadav,RG Sharma,Shakib Al Hasan,0,1,1,,,,,MI vs KKR 2021-04-13,C Shamshuddin,CB Gaffaney,RD Chahar,Mumbai Indians,Chennai,"MA Chidambaram Stadium, Chepauk, Chennai",2021-04-13
1st innings,Mumbai Indians,Kolkata Knight Riders,6.5,RG Sharma,SA Yadav,Shakib Al Hasan,0,1,1,,,,,MI vs KKR 2021-04-13,C Shamshuddin,CB Gaffaney,RD Chahar,Mumbai Indians,Chennai,"MA Chidambaram Stadium, Chepauk, Chennai",2021-04-13
1st innings,Mumbai Indians,Kolkata Knight Riders,6.6,SA Yadav,RG Sharma,Shakib Al Hasan,0,1,1,,,,,MI vs KKR 2021-04-13,C Shamshuddin,CB Gaffaney,RD Chahar,Mumbai Indians,Chennai,"MA Chidambaram Stadium, Chepauk, Chennai",2021-04-13
1st innings,Mumbai Indians,Kolkata Knight Riders,7.1,SA Yadav,RG Sharma,M Prasidh Krishna,0,1,1,,,,,MI vs KKR 2021-04-13,C Shamshuddin,CB Gaffaney,RD Chahar,Mumbai Indians,Chennai,"MA Chidambaram Stadium, Chepauk, Chennai",2021-04-13
1st innings,Mumbai Indians,Kolkata Knight Riders,7.2,RG Sharma,SA Yadav,M Prasidh Krishna,0,0,0,,,,,MI vs KKR 2021-04-13,C Shamshuddin,CB Gaffaney,RD Chahar,Mumbai Indians,Chennai,"MA Chidambaram Stadium, Chepauk, Chennai",2021-04-13
1st innings,Mumbai Indians,Kolkata Knight Riders,7.3,RG Sharma,SA Yadav,M Prasidh Krishna,0,6,6,,,,,MI vs KKR 2021-04-13,C Shamshuddin,CB Gaffaney,RD Chahar,Mumbai Indians,Chennai,"MA Chidambaram Stadium, Chepauk, Chennai",2021-04-13
1st innings,Mumbai Indians,Kolkata Knight Riders,7.4,RG Sharma,SA Yadav,M Prasidh Krishna,0,4,4,,,,,MI vs KKR 2021-04-13,C Shamshuddin,CB Gaffaney,RD Chahar,Mumbai Indians,Chennai,"MA Chidambaram Stadium, Chepauk, Chennai",2021-04-13
1st innings,Mumbai Indians,Kolkata Knight Riders,7.5,RG Sharma,SA Yadav,M Prasidh Krishna,0,4,4,,,,,MI vs KKR 2021-04-13,C Shamshuddin,CB Gaffaney,RD Chahar,Mumbai Indians,Chennai,"MA Chidambaram Stadium, Chepauk, Chennai",2021-04-13
1st innings,Mumbai Indians,Kolkata Knight Riders,7.6,RG Sharma,SA Yadav,M Prasidh Krishna,0,1,1,,,,,MI vs KKR 2021-04-13,C Shamshuddin,CB Gaffaney,RD Chahar,Mumbai Indians,Chennai,"MA Chidambaram Stadium, Chepauk, Chennai",2021-04-13
1st innings,Mumbai Indians,Kolkata Knight Riders,8.1,RG Sharma,SA Yadav,Shakib Al Hasan,0,1,1,,,,,MI vs KKR 2021-04-13,C Shamshuddin,CB Gaffaney,RD Chahar,Mumbai Indians,Chennai,"MA Chidambaram Stadium, Chepauk, Chennai",2021-04-13
1st innings,Mumbai Indians,Kolkata Knight Riders,8.2,SA Yadav,RG Sharma,Shakib Al Hasan,0,1,1,,,,,MI vs KKR 2021-04-13,C Shamshuddin,CB Gaffaney,RD Chahar,Mumbai Indians,Chennai,"MA Chidambaram Stadium, Chepauk, Chennai",2021-04-13
1st innings,Mumbai Indians,Kolkata Knight Riders,8.3,RG Sharma,SA Yadav,Shakib Al Hasan,0,1,1,,,,,MI vs KKR 2021-04-13,C Shamshuddin,CB Gaffaney,RD Chahar,Mumbai Indians,Chennai,"MA Chidambaram Stadium, Chepauk, Chennai",2021-04-13
1st innings,Mumbai Indians,Kolkata Knight Riders,8.4,SA Yadav,RG Sharma,Shakib Al Hasan,0,1,1,,,,,MI vs KKR 2021-04-13,C Shamshuddin,CB Gaffaney,RD Chahar,Mumbai Indians,Chennai,"MA Chidambaram Stadium, Chepauk, Chennai",2021-04-13
1st innings,Mumbai Indians,Kolkata Knight Riders,8.5,RG Sharma,SA Yadav,Shakib Al Hasan,0,1,1,,,,,MI vs KKR 2021-04-13,C Shamshuddin,CB Gaffaney,RD Chahar,Mumbai Indians,Chennai,"MA Chidambaram Stadium, Chepauk, Chennai",2021-04-13
1st innings,Mumbai Indians,Kolkata Knight Riders,8.6,SA Yadav,RG Sharma,Shakib Al Hasan,0,1,1,,,,,MI vs KKR 2021-04-13,C Shamshuddin,CB Gaffaney,RD Chahar,Mumbai Indians,Chennai,"MA Chidambaram Stadium, Chepauk, Chennai",2021-04-13
1st innings,Mumbai Indians,Kolkata Knight Riders,9.1,SA Yadav,RG Sharma,PJ Cummins,0,1,1,,,,,MI vs KKR 2021-04-13,C Shamshuddin,CB Gaffaney,RD Chahar,Mumbai Indians,Chennai,"MA Chidambaram Stadium, Chepauk, Chennai",2021-04-13
1st innings,Mumbai Indians,Kolkata Knight Riders,9.2,RG Sharma,SA Yadav,PJ Cummins,0,0,0,,,,,MI vs KKR 2021-04-13,C Shamshuddin,CB Gaffaney,RD Chahar,Mumbai Indians,Chennai,"MA Chidambaram Stadium, Chepauk, Chennai",2021-04-13
1st innings,Mumbai Indians,Kolkata Knight Riders,9.3,RG Sharma,SA Yadav,PJ Cummins,0,1,1,,,,,MI vs KKR 2021-04-13,C Shamshuddin,CB Gaffaney,RD Chahar,Mumbai Indians,Chennai,"MA Chidambaram Stadium, Chepauk, Chennai",2021-04-13
1st innings,Mumbai Indians,Kolkata Knight Riders,9.4,SA Yadav,RG Sharma,PJ Cummins,0,1,1,,,,,MI vs KKR 2021-04-13,C Shamshuddin,CB Gaffaney,RD Chahar,Mumbai Indians,Chennai,"MA Chidambaram Stadium, Chepauk, Chennai",2021-04-13
1st innings,Mumbai Indians,Kolkata Knight Riders,9.5,RG Sharma,SA Yadav,PJ Cummins,0,6,6,,,,,MI vs KKR 2021-04-13,C Shamshuddin,CB Gaffaney,RD Chahar,Mumbai Indians,Chennai,"MA Chidambaram Stadium, Chepauk, Chennai",2021-04-13
1st innings,Mumbai Indians,Kolkata Knight Riders,9.6,RG Sharma,SA Yadav,PJ Cummins,0,2,2,,,,,MI vs KKR 2021-04-13,C Shamshuddin,CB Gaffaney,RD Chahar,Mumbai Indians,Chennai,"MA Chidambaram Stadium, Chepauk, Chennai",2021-04-13
1st innings,Mumbai Indians,Kolkata Knight Riders,10.1,SA Yadav,RG Sharma,Shakib Al Hasan,0,1,1,,,,,MI vs KKR 2021-04-13,C Shamshuddin,CB Gaffaney,RD Chahar,Mumbai Indians,Chennai,"MA Chidambaram Stadium, Chepauk, Chennai",2021-04-13
1st innings,Mumbai Indians,Kolkata Knight Riders,10.2,RG Sharma,SA Yadav,Shakib Al Hasan,0,4,4,,,,,MI vs KKR 2021-04-13,C Shamshuddin,CB Gaffaney,RD Chahar,Mumbai Indians,Chennai,"MA Chidambaram Stadium, Chepauk, Chennai",2021-04-13
1st innings,Mumbai Indians,Kolkata Knight Riders,10.3,RG Sharma,SA Yadav,Shakib Al Hasan,0,0,0,,SA Yadav,caught,Shubman Gill,MI vs KKR 2021-04-13,C Shamshuddin,CB Gaffaney,RD Chahar,Mumbai Indians,Chennai,"MA Chidambaram Stadium, Chepauk, Chennai",2021-04-13
1st innings,Mumbai Indians,Kolkata Knight Riders,10.4,Ishan Kishan,RG Sharma,Shakib Al Hasan,0,1,1,,,,,MI vs KKR 2021-04-13,C Shamshuddin,CB Gaffaney,RD Chahar,Mumbai Indians,Chennai,"MA Chidambaram Stadium, Chepauk, Chennai",2021-04-13
1st innings,Mumbai Indians,Kolkata Knight Riders,10.5,RG Sharma,Ishan Kishan,Shakib Al Hasan,0,0,0,,,,,MI vs KKR 2021-04-13,C Shamshuddin,CB Gaffaney,RD Chahar,Mumbai Indians,Chennai,"MA Chidambaram Stadium, Chepauk, Chennai",2021-04-13
1st innings,Mumbai Indians,Kolkata Knight Riders,10.6,RG Sharma,Ishan Kishan,Shakib Al Hasan,0,1,1,,,,,MI vs KKR 2021-04-13,C Shamshuddin,CB Gaffaney,RD Chahar,Mumbai Indians,Chennai,"MA Chidambaram Stadium, Chepauk, Chennai",2021-04-13
1st innings,Mumbai Indians,Kolkata Knight Riders,11.1,RG Sharma,Ishan Kishan,PJ Cummins,0,0,0,,Ishan Kishan,caught,M Prasidh Krishna,MI vs KKR 2021-04-13,C Shamshuddin,CB Gaffaney,RD Chahar,Mumbai Indians,Chennai,"MA Chidambaram Stadium, Chepauk, Chennai",2021-04-13
1st innings,Mumbai Indians,Kolkata Knight Riders,11.2,RG Sharma,HH Pandya,PJ Cummins,0,0,0,,,,,MI vs KKR 2021-04-13,C Shamshuddin,CB Gaffaney,RD Chahar,Mumbai Indians,Chennai,"MA Chidambaram Stadium, Chepauk, Chennai",2021-04-13
1st innings,Mumbai Indians,Kolkata Knight Riders,11.3,RG Sharma,HH Pandya,PJ Cummins,0,1,1,,,,,MI vs KKR 2021-04-13,C Shamshuddin,CB Gaffaney,RD Chahar,Mumbai Indians,Chennai,"MA Chidambaram Stadium, Chepauk, Chennai",2021-04-13
1st innings,Mumbai Indians,Kolkata Knight Riders,11.4,HH Pandya,RG Sharma,PJ Cummins,0,1,1,,,,,MI vs KKR 2021-04-13,C Shamshuddin,CB Gaffaney,RD Chahar,Mumbai Indians,Chennai,"MA Chidambaram Stadium, Chepauk, Chennai",2021-04-13
1st innings,Mumbai Indians,Kolkata Knight Riders,11.5,RG Sharma,HH Pandya,PJ Cummins,0,0,0,,,,,MI vs KKR 2021-04-13,C Shamshuddin,CB Gaffaney,RD Chahar,Mumbai Indians,Chennai,"MA Chidambaram Stadium, Chepauk, Chennai",2021-04-13
1st innings,Mumbai Indians,Kolkata Knight Riders,11.6,RG Sharma,HH Pandya,PJ Cummins,0,1,1,,,,,MI vs KKR 2021-04-13,C Shamshuddin,CB Gaffaney,RD Chahar,Mumbai Indians,Chennai,"MA Chidambaram Stadium, Chepauk, Chennai",2021-04-13
1st innings,Mumbai Indians,Kolkata Knight Riders,12.1,RG Sharma,HH Pandya,CV Varun,0,0,0,,,,,MI vs KKR 2021-04-13,C Shamshuddin,CB Gaffaney,RD Chahar,Mumbai Indians,Chennai,"MA Chidambaram Stadium, Chepauk, Chennai",2021-04-13
1st innings,Mumbai Indians,Kolkata Knight Riders,12.2,RG Sharma,HH Pandya,CV Varun,0,1,1,,,,,MI vs KKR 2021-04-13,C Shamshuddin,CB Gaffaney,RD Chahar,Mumbai Indians,Chennai,"MA Chidambaram Stadium, Chepauk, Chennai",2021-04-13
1st innings,Mumbai Indians,Kolkata Knight Riders,12.3,HH Pandya,RG Sharma,CV Varun,0,0,0,,,,,MI vs KKR 2021-04-13,C Shamshuddin,CB Gaffaney,RD Chahar,Mumbai Indians,Chennai,"MA Chidambaram Stadium, Chepauk, Chennai",2021-04-13
1st innings,Mumbai Indians,Kolkata Knight Riders,12.4,HH Pandya,RG Sharma,CV Varun,0,1,1,,,,,MI vs KKR 2021-04-13,C Shamshuddin,CB Gaffaney,RD Chahar,Mumbai Indians,Chennai,"MA Chidambaram Stadium, Chepauk, Chennai",2021-04-13
1st innings,Mumbai Indians,Kolkata Knight Riders,12.5,RG Sharma,HH Pandya,CV Varun,0,0,0,,,,,MI vs KKR 2021-04-13,C Shamshuddin,CB Gaffaney,RD Chahar,Mumbai Indians,Chennai,"MA Chidambaram Stadium, Chepauk, Chennai",2021-04-13
1st innings,Mumbai Indians,Kolkata Knight Riders,12.6,RG Sharma,HH Pandya,CV Varun,0,1,1,,,,,MI vs KKR 2021-04-13,C Shamshuddin,CB Gaffaney,RD Chahar,Mumbai Indians,Chennai,"MA Chidambaram Stadium, Chepauk, Chennai",2021-04-13
1st innings,Mumbai Indians,Kolkata Knight Riders,13.1,RG Sharma,HH Pandya,M Prasidh Krishna,0,0,0,,,,,MI vs KKR 2021-04-13,C Shamshuddin,CB Gaffaney,RD Chahar,Mumbai Indians,Chennai,"MA Chidambaram Stadium, Chepauk, Chennai",2021-04-13
1st innings,Mumbai Indians,Kolkata Knight Riders,13.2,RG Sharma,HH Pandya,M Prasidh Krishna,0,0,0,,,,,MI vs KKR 2021-04-13,C Shamshuddin,CB Gaffaney,RD Chahar,Mumbai Indians,Chennai,"MA Chidambaram Stadium, Chepauk, Chennai",2021-04-13
1st innings,Mumbai Indians,Kolkata Knight Riders,13.3,RG Sharma,HH Pandya,M Prasidh Krishna,0,4,4,,,,,MI vs KKR 2021-04-13,C Shamshuddin,CB Gaffaney,RD Chahar,Mumbai Indians,Chennai,"MA Chidambaram Stadium, Chepauk, Chennai",2021-04-13
1st innings,Mumbai Indians,Kolkata Knight Riders,13.4,RG Sharma,HH Pandya,M Prasidh Krishna,0,1,1,,,,,MI vs KKR 2021-04-13,C Shamshuddin,CB Gaffaney,RD Chahar,Mumbai Indians,Chennai,"MA Chidambaram Stadium, Chepauk, Chennai",2021-04-13
1st innings,Mumbai Indians,Kolkata Knight Riders,13.5,HH Pandya,RG Sharma,M Prasidh Krishna,0,6,6,,,,,MI vs KKR 2021-04-13,C Shamshuddin,CB Gaffaney,RD Chahar,Mumbai Indians,Chennai,"MA Chidambaram Stadium, Chepauk, Chennai",2021-04-13
1st innings,Mumbai Indians,Kolkata Knight Riders,13.6,HH Pandya,RG Sharma,M Prasidh Krishna,0,1,1,,,,,MI vs KKR 2021-04-13,C Shamshuddin,CB Gaffaney,RD Chahar,Mumbai Indians,Chennai,"MA Chidambaram Stadium, Chepauk, Chennai",2021-04-13
1st innings,Mumbai Indians,Kolkata Knight Riders,14.1,HH Pandya,RG Sharma,CV Varun,0,0,0,,,,,MI vs KKR 2021-04-13,C Shamshuddin,CB Gaffaney,RD Chahar,Mumbai Indians,Chennai,"MA Chidambaram Stadium, Chepauk, Chennai",2021-04-13
1st innings,Mumbai Indians,Kolkata Knight Riders,14.2,HH Pandya,RG Sharma,CV Varun,0,1,1,,,,,MI vs KKR 2021-04-13,C Shamshuddin,CB Gaffaney,RD Chahar,Mumbai Indians,Chennai,"MA Chidambaram Stadium, Chepauk, Chennai",2021-04-13
1st innings,Mumbai Indians,Kolkata Knight Riders,14.3,RG Sharma,HH Pandya,CV Varun,0,0,0,,,,,MI vs KKR 2021-04-13,C Shamshuddin,CB Gaffaney,RD Chahar,Mumbai Indians,Chennai,"MA Chidambaram Stadium, Chepauk, Chennai",2021-04-13
1st innings,Mumbai Indians,Kolkata Knight Riders,14.4,RG Sharma,HH Pandya,CV Varun,0,1,1,,,,,MI vs KKR 2021-04-13,C Shamshuddin,CB Gaffaney,RD Chahar,Mumbai Indians,Chennai,"MA Chidambaram Stadium, Chepauk, Chennai",2021-04-13
1st innings,Mumbai Indians,Kolkata Knight Riders,14.5,HH Pandya,RG Sharma,CV Varun,0,4,4,,,,,MI vs KKR 2021-04-13,C Shamshuddin,CB Gaffaney,RD Chahar,Mumbai Indians,Chennai,"MA Chidambaram Stadium, Chepauk, Chennai",2021-04-13
1st innings,Mumbai Indians,Kolkata Knight Riders,14.6,HH Pandya,RG Sharma,CV Varun,0,2,2,,,,,MI vs KKR 2021-04-13,C Shamshuddin,CB Gaffaney,RD Chahar,Mumbai Indians,Chennai,"MA Chidambaram Stadium, Chepauk, Chennai",2021-04-13
1st innings,Mumbai Indians,Kolkata Knight Riders,15.1,RG Sharma,HH Pandya,PJ Cummins,0,1,1,,,,,MI vs KKR 2021-04-13,C Shamshuddin,CB Gaffaney,RD Chahar,Mumbai Indians,Chennai,"MA Chidambaram Stadium, Chepauk, Chennai",2021-04-13
1st innings,Mumbai Indians,Kolkata Knight Riders,15.2,HH Pandya,RG Sharma,PJ Cummins,0,0,0,,RG Sharma,bowled,,MI vs KKR 2021-04-13,C Shamshuddin,CB Gaffaney,RD Chahar,Mumbai Indians,Chennai,"MA Chidambaram Stadium, Chepauk, Chennai",2021-04-13
1st innings,Mumbai Indians,Kolkata Knight Riders,15.3,HH Pandya,KA Pollard,PJ Cummins,0,0,0,,,,,MI vs KKR 2021-04-13,C Shamshuddin,CB Gaffaney,RD Chahar,Mumbai Indians,Chennai,"MA Chidambaram Stadium, Chepauk, Chennai",2021-04-13
1st innings,Mumbai Indians,Kolkata Knight Riders,15.4,HH Pandya,KA Pollard,PJ Cummins,0,0,0,,,,,MI vs KKR 2021-04-13,C Shamshuddin,CB Gaffaney,RD Chahar,Mumbai Indians,Chennai,"MA Chidambaram Stadium, Chepauk, Chennai",2021-04-13
1st innings,Mumbai Indians,Kolkata Knight Riders,15.5,HH Pandya,KA Pollard,PJ Cummins,0,4,4,,,,,MI vs KKR 2021-04-13,C Shamshuddin,CB Gaffaney,RD Chahar,Mumbai Indians,Chennai,"MA Chidambaram Stadium, Chepauk, Chennai",2021-04-13
1st innings,Mumbai Indians,Kolkata Knight Riders,15.6,HH Pandya,KA Pollard,PJ Cummins,0,0,0,,,,,MI vs KKR 2021-04-13,C Shamshuddin,CB Gaffaney,RD Chahar,Mumbai Indians,Chennai,"MA Chidambaram Stadium, Chepauk, Chennai",2021-04-13
1st innings,Mumbai Indians,Kolkata Knight Riders,16.1,KA Pollard,HH Pandya,M Prasidh Krishna,0,4,4,,,,,MI vs KKR 2021-04-13,C Shamshuddin,CB Gaffaney,RD Chahar,Mumbai Indians,Chennai,"MA Chidambaram Stadium, Chepauk, Chennai",2021-04-13
1st innings,Mumbai Indians,Kolkata Knight Riders,16.2,KA Pollard,HH Pandya,M Prasidh Krishna,0,0,0,,HH Pandya,caught,AD Russell,MI vs KKR 2021-04-13,C Shamshuddin,CB Gaffaney,RD Chahar,Mumbai Indians,Chennai,"MA Chidambaram Stadium, Chepauk, Chennai",2021-04-13
1st innings,Mumbai Indians,Kolkata Knight Riders,16.3,KA Pollard,KH Pandya,M Prasidh Krishna,0,0,0,,,,,MI vs KKR 2021-04-13,C Shamshuddin,CB Gaffaney,RD Chahar,Mumbai Indians,Chennai,"MA Chidambaram Stadium, Chepauk, Chennai",2021-04-13
1st innings,Mumbai Indians,Kolkata Knight Riders,16.4,KA Pollard,KH Pandya,M Prasidh Krishna,0,1,1,,,,,MI vs KKR 2021-04-13,C Shamshuddin,CB Gaffaney,RD Chahar,Mumbai Indians,Chennai,"MA Chidambaram Stadium, Chepauk, Chennai",2021-04-13
1st innings,Mumbai Indians,Kolkata Knight Riders,16.5,KH Pandya,KA Pollard,M Prasidh Krishna,0,0,0,,,,,MI vs KKR 2021-04-13,C Shamshuddin,CB Gaffaney,RD Chahar,Mumbai Indians,Chennai,"MA Chidambaram Stadium, Chepauk, Chennai",2021-04-13
1st innings,Mumbai Indians,Kolkata Knight Riders,16.6,KH Pandya,KA Pollard,M Prasidh Krishna,0,1,1,,,,,MI vs KKR 2021-04-13,C Shamshuddin,CB Gaffaney,RD Chahar,Mumbai Indians,Chennai,"MA Chidambaram Stadium, Chepauk, Chennai",2021-04-13
1st innings,Mumbai Indians,Kolkata Knight Riders,17.1,KH Pandya,KA Pollard,AD Russell,0,0,0,,,,,MI vs KKR 2021-04-13,C Shamshuddin,CB Gaffaney,RD Chahar,Mumbai Indians,Chennai,"MA Chidambaram Stadium, Chepauk, Chennai",2021-04-13
1st innings,Mumbai Indians,Kolkata Knight Riders,17.2,KH Pandya,KA Pollard,AD Russell,0,0,0,,KA Pollard,caught,KD Karthik,MI vs KKR 2021-04-13,C Shamshuddin,CB Gaffaney,RD Chahar,Mumbai Indians,Chennai,"MA Chidambaram Stadium, Chepauk, Chennai",2021-04-13
1st innings,Mumbai Indians,Kolkata Knight Riders,17.3,KH Pandya,M Jansen,AD Russell,1,0,1,wides,,,,MI vs KKR 2021-04-13,C Shamshuddin,CB Gaffaney,RD Chahar,Mumbai Indians,Chennai,"MA Chidambaram Stadium, Chepauk, Chennai",2021-04-13
1st innings,Mumbai Indians,Kolkata Knight Riders,17.4,KH Pandya,M Jansen,AD Russell,0,0,0,,M Jansen,caught,PJ Cummins,MI vs KKR 2021-04-13,C Shamshuddin,CB Gaffaney,RD Chahar,Mumbai Indians,Chennai,"MA Chidambaram Stadium, Chepauk, Chennai",2021-04-13
1st innings,Mumbai Indians,Kolkata Knight Riders,17.5,RD Chahar,KH Pandya,AD Russell,0,1,1,,,,,MI vs KKR 2021-04-13,C Shamshuddin,CB Gaffaney,RD Chahar,Mumbai Indians,Chennai,"MA Chidambaram Stadium, Chepauk, Chennai",2021-04-13
1st innings,Mumbai Indians,Kolkata Knight Riders,17.6,KH Pandya,RD Chahar,AD Russell,0,2,2,,,,,MI vs KKR 2021-04-13,C Shamshuddin,CB Gaffaney,RD Chahar,Mumbai Indians,Chennai,"MA Chidambaram Stadium, Chepauk, Chennai",2021-04-13
1st innings,Mumbai Indians,Kolkata Knight Riders,17.7,KH Pandya,RD Chahar,AD Russell,0,1,1,,,,,MI vs KKR 2021-04-13,C Shamshuddin,CB Gaffaney,RD Chahar,Mumbai Indians,Chennai,"MA Chidambaram Stadium, Chepauk, Chennai",2021-04-13
1st innings,Mumbai Indians,Kolkata Knight Riders,18.1,KH Pandya,RD Chahar,M Prasidh Krishna,0,2,2,,,,,MI vs KKR 2021-04-13,C Shamshuddin,CB Gaffaney,RD Chahar,Mumbai Indians,Chennai,"MA Chidambaram Stadium, Chepauk, Chennai",2021-04-13
1st innings,Mumbai Indians,Kolkata Knight Riders,18.2,KH Pandya,RD Chahar,M Prasidh Krishna,0,1,1,,,,,MI vs KKR 2021-04-13,C Shamshuddin,CB Gaffaney,RD Chahar,Mumbai Indians,Chennai,"MA Chidambaram Stadium, Chepauk, Chennai",2021-04-13
1st innings,Mumbai Indians,Kolkata Knight Riders,18.3,RD Chahar,KH Pandya,M Prasidh Krishna,4,0,4,legbyes,,,,MI vs KKR 2021-04-13,C Shamshuddin,CB Gaffaney,RD Chahar,Mumbai Indians,Chennai,"MA Chidambaram Stadium, Chepauk, Chennai",2021-04-13
1st innings,Mumbai Indians,Kolkata Knight Riders,18.4,RD Chahar,KH Pandya,M Prasidh Krishna,0,4,4,,,,,MI vs KKR 2021-04-13,C Shamshuddin,CB Gaffaney,RD Chahar,Mumbai Indians,Chennai,"MA Chidambaram Stadium, Chepauk, Chennai",2021-04-13
1st innings,Mumbai Indians,Kolkata Knight Riders,18.5,RD Chahar,KH Pandya,M Prasidh Krishna,0,1,1,,,,,MI vs KKR 2021-04-13,C Shamshuddin,CB Gaffaney,RD Chahar,Mumbai Indians,Chennai,"MA Chidambaram Stadium, Chepauk, Chennai",2021-04-13
1st innings,Mumbai Indians,Kolkata Knight Riders,18.6,KH Pandya,RD Chahar,M Prasidh Krishna,0,0,0,,,,,MI vs KKR 2021-04-13,C Shamshuddin,CB Gaffaney,RD Chahar,Mumbai Indians,Chennai,"MA Chidambaram Stadium, Chepauk, Chennai",2021-04-13
1st innings,Mumbai Indians,Kolkata Knight Riders,19.1,RD Chahar,KH Pandya,AD Russell,0,4,4,,,,,MI vs KKR 2021-04-13,C Shamshuddin,CB Gaffaney,RD Chahar,Mumbai Indians,Chennai,"MA Chidambaram Stadium, Chepauk, Chennai",2021-04-13
1st innings,Mumbai Indians,Kolkata Knight Riders,19.2,RD Chahar,KH Pandya,AD Russell,0,4,4,,,,,MI vs KKR 2021-04-13,C Shamshuddin,CB Gaffaney,RD Chahar,Mumbai Indians,Chennai,"MA Chidambaram Stadium, Chepauk, Chennai",2021-04-13
1st innings,Mumbai Indians,Kolkata Knight Riders,19.3,RD Chahar,KH Pandya,AD Russell,0,0,0,,KH Pandya,caught,M Prasidh Krishna,MI vs KKR 2021-04-13,C Shamshuddin,CB Gaffaney,RD Chahar,Mumbai Indians,Chennai,"MA Chidambaram Stadium, Chepauk, Chennai",2021-04-13
1st innings,Mumbai Indians,Kolkata Knight Riders,19.4,RD Chahar,JJ Bumrah,AD Russell,0,0,0,,JJ Bumrah,caught,Shakib Al Hasan,MI vs KKR 2021-04-13,C Shamshuddin,CB Gaffaney,RD Chahar,Mumbai Indians,Chennai,"MA Chidambaram Stadium, Chepauk, Chennai",2021-04-13
1st innings,Mumbai Indians,Kolkata Knight Riders,19.5,TA Boult,RD Chahar,AD Russell,0,2,2,,,,,MI vs KKR 2021-04-13,C Shamshuddin,CB Gaffaney,RD Chahar,Mumbai Indians,Chennai,"MA Chidambaram Stadium, Chepauk, Chennai",2021-04-13
1st innings,Mumbai Indians,Kolkata Knight Riders,19.6,TA Boult,RD Chahar,AD Russell,0,0,0,,RD Chahar,caught,Shubman Gill,MI vs KKR 2021-04-13,C Shamshuddin,CB Gaffaney,RD Chahar,Mumbai Indians,Chennai,"MA Chidambaram Stadium, Chepauk, Chennai",2021-04-13
2nd innings,Kolkata Knight Riders,Mumbai Indians,0.1,Shubman Gill,N Rana,TA Boult,0,4,4,,,,,MI vs KKR 2021-04-13,C Shamshuddin,CB Gaffaney,RD Chahar,Mumbai Indians,Chennai,"MA Chidambaram Stadium, Chepauk, Chennai",2021-04-13
2nd innings,Kolkata Knight Riders,Mumbai Indians,0.2,Shubman Gill,N Rana,TA Boult,0,0,0,,,,,MI vs KKR 2021-04-13,C Shamshuddin,CB Gaffaney,RD Chahar,Mumbai Indians,Chennai,"MA Chidambaram Stadium, Chepauk, Chennai",2021-04-13
2nd innings,Kolkata Knight Riders,Mumbai Indians,0.3,Shubman Gill,N Rana,TA Boult,0,0,0,,,,,MI vs KKR 2021-04-13,C Shamshuddin,CB Gaffaney,RD Chahar,Mumbai Indians,Chennai,"MA Chidambaram Stadium, Chepauk, Chennai",2021-04-13
2nd innings,Kolkata Knight Riders,Mumbai Indians,0.4,Shubman Gill,N Rana,TA Boult,0,0,0,,,,,MI vs KKR 2021-04-13,C Shamshuddin,CB Gaffaney,RD Chahar,Mumbai Indians,Chennai,"MA Chidambaram Stadium, Chepauk, Chennai",2021-04-13
2nd innings,Kolkata Knight Riders,Mumbai Indians,0.5,Shubman Gill,N Rana,TA Boult,0,0,0,,,,,MI vs KKR 2021-04-13,C Shamshuddin,CB Gaffaney,RD Chahar,Mumbai Indians,Chennai,"MA Chidambaram Stadium, Chepauk, Chennai",2021-04-13
2nd innings,Kolkata Knight Riders,Mumbai Indians,0.6,Shubman Gill,N Rana,TA Boult,0,0,0,,,,,MI vs KKR 2021-04-13,C Shamshuddin,CB Gaffaney,RD Chahar,Mumbai Indians,Chennai,"MA Chidambaram Stadium, Chepauk, Chennai",2021-04-13
2nd innings,Kolkata Knight Riders,Mumbai Indians,1.1,N Rana,Shubman Gill,M Jansen,0,2,2,,,,,MI vs KKR 2021-04-13,C Shamshuddin,CB Gaffaney,RD Chahar,Mumbai Indians,Chennai,"MA Chidambaram Stadium, Chepauk, Chennai",2021-04-13
2nd innings,Kolkata Knight Riders,Mumbai Indians,1.2,N Rana,Shubman Gill,M Jansen,0,0,0,,,,,MI vs KKR 2021-04-13,C Shamshuddin,CB Gaffaney,RD Chahar,Mumbai Indians,Chennai,"MA Chidambaram Stadium, Chepauk, Chennai",2021-04-13
2nd innings,Kolkata Knight Riders,Mumbai Indians,1.3,N Rana,Shubman Gill,M Jansen,0,0,0,,,,,MI vs KKR 2021-04-13,C Shamshuddin,CB Gaffaney,RD Chahar,Mumbai Indians,Chennai,"MA Chidambaram Stadium, Chepauk, Chennai",2021-04-13
2nd innings,Kolkata Knight Riders,Mumbai Indians,1.4,N Rana,Shubman Gill,M Jansen,0,1,1,,,,,MI vs KKR 2021-04-13,C Shamshuddin,CB Gaffaney,RD Chahar,Mumbai Indians,Chennai,"MA Chidambaram Stadium, Chepauk, Chennai",2021-04-13
2nd innings,Kolkata Knight Riders,Mumbai Indians,1.5,Shubman Gill,N Rana,M Jansen,0,1,1,,,,,MI vs KKR 2021-04-13,C Shamshuddin,CB Gaffaney,RD Chahar,Mumbai Indians,Chennai,"MA Chidambaram Stadium, Chepauk, Chennai",2021-04-13
2nd innings,Kolkata Knight Riders,Mumbai Indians,1.6,N Rana,Shubman Gill,M Jansen,0,0,0,,,,,MI vs KKR 2021-04-13,C Shamshuddin,CB Gaffaney,RD Chahar,Mumbai Indians,Chennai,"MA Chidambaram Stadium, Chepauk, Chennai",2021-04-13
2nd innings,Kolkata Knight Riders,Mumbai Indians,2.1,Shubman Gill,N Rana,TA Boult,0,6,6,,,,,MI vs KKR 2021-04-13,C Shamshuddin,CB Gaffaney,RD Chahar,Mumbai Indians,Chennai,"MA Chidambaram Stadium, Chepauk, Chennai",2021-04-13
2nd innings,Kolkata Knight Riders,Mumbai Indians,2.2,Shubman Gill,N Rana,TA Boult,0,0,0,,,,,MI vs KKR 2021-04-13,C Shamshuddin,CB Gaffaney,RD Chahar,Mumbai Indians,Chennai,"MA Chidambaram Stadium, Chepauk, Chennai",2021-04-13
2nd innings,Kolkata Knight Riders,Mumbai Indians,2.3,Shubman Gill,N Rana,TA Boult,0,4,4,,,,,MI vs KKR 2021-04-13,C Shamshuddin,CB Gaffaney,RD Chahar,Mumbai Indians,Chennai,"MA Chidambaram Stadium, Chepauk, Chennai",2021-04-13
2nd innings,Kolkata Knight Riders,Mumbai Indians,2.4,Shubman Gill,N Rana,TA Boult,0,0,0,,,,,MI vs KKR 2021-04-13,C Shamshuddin,CB Gaffaney,RD Chahar,Mumbai Indians,Chennai,"MA Chidambaram Stadium, Chepauk, Chennai",2021-04-13
2nd innings,Kolkata Knight Riders,Mumbai Indians,2.5,Shubman Gill,N Rana,TA Boult,0,0,0,,,,,MI vs KKR 2021-04-13,C Shamshuddin,CB Gaffaney,RD Chahar,Mumbai Indians,Chennai,"MA Chidambaram Stadium, Chepauk, Chennai",2021-04-13
2nd innings,Kolkata Knight Riders,Mumbai Indians,2.6,Shubman Gill,N Rana,TA Boult,0,1,1,,,,,MI vs KKR 2021-04-13,C Shamshuddin,CB Gaffaney,RD Chahar,Mumbai Indians,Chennai,"MA Chidambaram Stadium, Chepauk, Chennai",2021-04-13
2nd innings,Kolkata Knight Riders,Mumbai Indians,3.1,Shubman Gill,N Rana,JJ Bumrah,0,0,0,,,,,MI vs KKR 2021-04-13,C Shamshuddin,CB Gaffaney,RD Chahar,Mumbai Indians,Chennai,"MA Chidambaram Stadium, Chepauk, Chennai",2021-04-13
2nd innings,Kolkata Knight Riders,Mumbai Indians,3.2,Shubman Gill,N Rana,JJ Bumrah,0,4,4,,,,,MI vs KKR 2021-04-13,C Shamshuddin,CB Gaffaney,RD Chahar,Mumbai Indians,Chennai,"MA Chidambaram Stadium, Chepauk, Chennai",2021-04-13
2nd innings,Kolkata Knight Riders,Mumbai Indians,3.3,Shubman Gill,N Rana,JJ Bumrah,0,0,0,,,,,MI vs KKR 2021-04-13,C Shamshuddin,CB Gaffaney,RD Chahar,Mumbai Indians,Chennai,"MA Chidambaram Stadium, Chepauk, Chennai",2021-04-13
2nd innings,Kolkata Knight Riders,Mumbai Indians,3.4,Shubman Gill,N Rana,JJ Bumrah,0,0,0,,,,,MI vs KKR 2021-04-13,C Shamshuddin,CB Gaffaney,RD Chahar,Mumbai Indians,Chennai,"MA Chidambaram Stadium, Chepauk, Chennai",2021-04-13
2nd innings,Kolkata Knight Riders,Mumbai Indians,3.5,Shubman Gill,N Rana,JJ Bumrah,0,1,1,,,,,MI vs KKR 2021-04-13,C Shamshuddin,CB Gaffaney,RD Chahar,Mumbai Indians,Chennai,"MA Chidambaram Stadium, Chepauk, Chennai",2021-04-13
2nd innings,Kolkata Knight Riders,Mumbai Indians,3.6,N Rana,Shubman Gill,JJ Bumrah,0,4,4,,,,,MI vs KKR 2021-04-13,C Shamshuddin,CB Gaffaney,RD Chahar,Mumbai Indians,Chennai,"MA Chidambaram Stadium, Chepauk, Chennai",2021-04-13
2nd innings,Kolkata Knight Riders,Mumbai Indians,4.1,Shubman Gill,N Rana,KH Pandya,2,0,2,wides,,,,MI vs KKR 2021-04-13,C Shamshuddin,CB Gaffaney,RD Chahar,Mumbai Indians,Chennai,"MA Chidambaram Stadium, Chepauk, Chennai",2021-04-13
2nd innings,Kolkata Knight Riders,Mumbai Indians,4.2,N Rana,Shubman Gill,KH Pandya,0,1,1,,,,,MI vs KKR 2021-04-13,C Shamshuddin,CB Gaffaney,RD Chahar,Mumbai Indians,Chennai,"MA Chidambaram Stadium, Chepauk, Chennai",2021-04-13
2nd innings,Kolkata Knight Riders,Mumbai Indians,4.3,Shubman Gill,N Rana,KH Pandya,0,1,1,,,,,MI vs KKR 2021-04-13,C Shamshuddin,CB Gaffaney,RD Chahar,Mumbai Indians,Chennai,"MA Chidambaram Stadium, Chepauk, Chennai",2021-04-13
2nd innings,Kolkata Knight Riders,Mumbai Indians,4.4,N Rana,Shubman Gill,KH Pandya,0,0,0,,,,,MI vs KKR 2021-04-13,C Shamshuddin,CB Gaffaney,RD Chahar,Mumbai Indians,Chennai,"MA Chidambaram Stadium, Chepauk, Chennai",2021-04-13
2nd innings,Kolkata Knight Riders,Mumbai Indians,4.5,N Rana,Shubman Gill,KH Pandya,0,0,0,,,,,MI vs KKR 2021-04-13,C Shamshuddin,CB Gaffaney,RD Chahar,Mumbai Indians,Chennai,"MA Chidambaram Stadium, Chepauk, Chennai",2021-04-13
2nd innings,Kolkata Knight Riders,Mumbai Indians,4.6,N Rana,Shubman Gill,KH Pandya,0,0,0,,,,,MI vs KKR 2021-04-13,C Shamshuddin,CB Gaffaney,RD Chahar,Mumbai Indians,Chennai,"MA Chidambaram Stadium, Chepauk, Chennai",2021-04-13
2nd innings,Kolkata Knight Riders,Mumbai Indians,4.7,N Rana,Shubman Gill,KH Pandya,0,0,0,,,,,MI vs KKR 2021-04-13,C Shamshuddin,CB Gaffaney,RD Chahar,Mumbai Indians,Chennai,"MA Chidambaram Stadium, Chepauk, Chennai",2021-04-13
2nd innings,Kolkata Knight Riders,Mumbai Indians,5.1,Shubman Gill,N Rana,M Jansen,0,1,1,,,,,MI vs KKR 2021-04-13,C Shamshuddin,CB Gaffaney,RD Chahar,Mumbai Indians,Chennai,"MA Chidambaram Stadium, Chepauk, Chennai",2021-04-13
2nd innings,Kolkata Knight Riders,Mumbai Indians,5.2,N Rana,Shubman Gill,M Jansen,0,0,0,,,,,MI vs KKR 2021-04-13,C Shamshuddin,CB Gaffaney,RD Chahar,Mumbai Indians,Chennai,"MA Chidambaram Stadium, Chepauk, Chennai",2021-04-13
2nd innings,Kolkata Knight Riders,Mumbai Indians,5.3,N Rana,Shubman Gill,M Jansen,0,4,4,,,,,MI vs KKR 2021-04-13,C Shamshuddin,CB Gaffaney,RD Chahar,Mumbai Indians,Chennai,"MA Chidambaram Stadium, Chepauk, Chennai",2021-04-13
2nd innings,Kolkata Knight Riders,Mumbai Indians,5.4,N Rana,Shubman Gill,M Jansen,0,4,4,,,,,MI vs KKR 2021-04-13,C Shamshuddin,CB Gaffaney,RD Chahar,Mumbai Indians,Chennai,"MA Chidambaram Stadium, Chepauk, Chennai",2021-04-13
2nd innings,Kolkata Knight Riders,Mumbai Indians,5.5,N Rana,Shubman Gill,M Jansen,0,0,0,,,,,MI vs KKR 2021-04-13,C Shamshuddin,CB Gaffaney,RD Chahar,Mumbai Indians,Chennai,"MA Chidambaram Stadium, Chepauk, Chennai",2021-04-13
2nd innings,Kolkata Knight Riders,Mumbai Indians,5.6,N Rana,Shubman Gill,M Jansen,0,4,4,,,,,MI vs KKR 2021-04-13,C Shamshuddin,CB Gaffaney,RD Chahar,Mumbai Indians,Chennai,"MA Chidambaram Stadium, Chepauk, Chennai",2021-04-13
2nd innings,Kolkata Knight Riders,Mumbai Indians,6.1,Shubman Gill,N Rana,KH Pandya,0,1,1,,,,,MI vs KKR 2021-04-13,C Shamshuddin,CB Gaffaney,RD Chahar,Mumbai Indians,Chennai,"MA Chidambaram Stadium, Chepauk, Chennai",2021-04-13
2nd innings,Kolkata Knight Riders,Mumbai Indians,6.2,N Rana,Shubman Gill,KH Pandya,0,1,1,,,,,MI vs KKR 2021-04-13,C Shamshuddin,CB Gaffaney,RD Chahar,Mumbai Indians,Chennai,"MA Chidambaram Stadium, Chepauk, Chennai",2021-04-13
2nd innings,Kolkata Knight Riders,Mumbai Indians,6.3,Shubman Gill,N Rana,KH Pandya,0,0,0,,,,,MI vs KKR 2021-04-13,C Shamshuddin,CB Gaffaney,RD Chahar,Mumbai Indians,Chennai,"MA Chidambaram Stadium, Chepauk, Chennai",2021-04-13
2nd innings,Kolkata Knight Riders,Mumbai Indians,6.4,Shubman Gill,N Rana,KH Pandya,0,1,1,,,,,MI vs KKR 2021-04-13,C Shamshuddin,CB Gaffaney,RD Chahar,Mumbai Indians,Chennai,"MA Chidambaram Stadium, Chepauk, Chennai",2021-04-13
2nd innings,Kolkata Knight Riders,Mumbai Indians,6.5,N Rana,Shubman Gill,KH Pandya,0,1,1,,,,,MI vs KKR 2021-04-13,C Shamshuddin,CB Gaffaney,RD Chahar,Mumbai Indians,Chennai,"MA Chidambaram Stadium, Chepauk, Chennai",2021-04-13
2nd innings,Kolkata Knight Riders,Mumbai Indians,6.6,Shubman Gill,N Rana,KH Pandya,0,1,1,,,,,MI vs KKR 2021-04-13,C Shamshuddin,CB Gaffaney,RD Chahar,Mumbai Indians,Chennai,"MA Chidambaram Stadium, Chepauk, Chennai",2021-04-13
2nd innings,Kolkata Knight Riders,Mumbai Indians,7.1,Shubman Gill,N Rana,KA Pollard,0,0,0,,,,,MI vs KKR 2021-04-13,C Shamshuddin,CB Gaffaney,RD Chahar,Mumbai Indians,Chennai,"MA Chidambaram Stadium, Chepauk, Chennai",2021-04-13
2nd innings,Kolkata Knight Riders,Mumbai Indians,7.2,Shubman Gill,N Rana,KA Pollard,0,0,0,,,,,MI vs KKR 2021-04-13,C Shamshuddin,CB Gaffaney,RD Chahar,Mumbai Indians,Chennai,"MA Chidambaram Stadium, Chepauk, Chennai",2021-04-13
2nd innings,Kolkata Knight Riders,Mumbai Indians,7.3,Shubman Gill,N Rana,KA Pollard,0,6,6,,,,,MI vs KKR 2021-04-13,C Shamshuddin,CB Gaffaney,RD Chahar,Mumbai Indians,Chennai,"MA Chidambaram Stadium, Chepauk, Chennai",2021-04-13
2nd innings,Kolkata Knight Riders,Mumbai Indians,7.4,Shubman Gill,N Rana,KA Pollard,0,4,4,,,,,MI vs KKR 2021-04-13,C Shamshuddin,CB Gaffaney,RD Chahar,Mumbai Indians,Chennai,"MA Chidambaram Stadium, Chepauk, Chennai",2021-04-13
2nd innings,Kolkata Knight Riders,Mumbai Indians,7.5,Shubman Gill,N Rana,KA Pollard,0,1,1,,,,,MI vs KKR 2021-04-13,C Shamshuddin,CB Gaffaney,RD Chahar,Mumbai Indians,Chennai,"MA Chidambaram Stadium, Chepauk, Chennai",2021-04-13
2nd innings,Kolkata Knight Riders,Mumbai Indians,7.6,N Rana,Shubman Gill,KA Pollard,0,1,1,,,,,MI vs KKR 2021-04-13,C Shamshuddin,CB Gaffaney,RD Chahar,Mumbai Indians,Chennai,"MA Chidambaram Stadium, Chepauk, Chennai",2021-04-13
2nd innings,Kolkata Knight Riders,Mumbai Indians,8.1,N Rana,Shubman Gill,RD Chahar,0,4,4,,,,,MI vs KKR 2021-04-13,C Shamshuddin,CB Gaffaney,RD Chahar,Mumbai Indians,Chennai,"MA Chidambaram Stadium, Chepauk, Chennai",2021-04-13
2nd innings,Kolkata Knight Riders,Mumbai Indians,8.2,N Rana,Shubman Gill,RD Chahar,0,0,0,,,,,MI vs KKR 2021-04-13,C Shamshuddin,CB Gaffaney,RD Chahar,Mumbai Indians,Chennai,"MA Chidambaram Stadium, Chepauk, Chennai",2021-04-13
2nd innings,Kolkata Knight Riders,Mumbai Indians,8.3,N Rana,Shubman Gill,RD Chahar,0,0,0,,,,,MI vs KKR 2021-04-13,C Shamshuddin,CB Gaffaney,RD Chahar,Mumbai Indians,Chennai,"MA Chidambaram Stadium, Chepauk, Chennai",2021-04-13
2nd innings,Kolkata Knight Riders,Mumbai Indians,8.4,N Rana,Shubman Gill,RD Chahar,0,6,6,,,,,MI vs KKR 2021-04-13,C Shamshuddin,CB Gaffaney,RD Chahar,Mumbai Indians,Chennai,"MA Chidambaram Stadium, Chepauk, Chennai",2021-04-13
2nd innings,Kolkata Knight Riders,Mumbai Indians,8.5,N Rana,Shubman Gill,RD Chahar,0,0,0,,Shubman Gill,caught,KA Pollard,MI vs KKR 2021-04-13,C Shamshuddin,CB Gaffaney,RD Chahar,Mumbai Indians,Chennai,"MA Chidambaram Stadium, Chepauk, Chennai",2021-04-13
2nd innings,Kolkata Knight Riders,Mumbai Indians,8.6,N Rana,RA Tripathi,RD Chahar,0,1,1,,,,,MI vs KKR 2021-04-13,C Shamshuddin,CB Gaffaney,RD Chahar,Mumbai Indians,Chennai,"MA Chidambaram Stadium, Chepauk, Chennai",2021-04-13
2nd innings,Kolkata Knight Riders,Mumbai Indians,9.1,N Rana,RA Tripathi,TA Boult,0,1,1,,,,,MI vs KKR 2021-04-13,C Shamshuddin,CB Gaffaney,RD Chahar,Mumbai Indians,Chennai,"MA Chidambaram Stadium, Chepauk, Chennai",2021-04-13
2nd innings,Kolkata Knight Riders,Mumbai Indians,9.2,RA Tripathi,N Rana,TA Boult,0,1,1,,,,,MI vs KKR 2021-04-13,C Shamshuddin,CB Gaffaney,RD Chahar,Mumbai Indians,Chennai,"MA Chidambaram Stadium, Chepauk, Chennai",2021-04-13
2nd innings,Kolkata Knight Riders,Mumbai Indians,9.3,N Rana,RA Tripathi,TA Boult,0,1,1,,,,,MI vs KKR 2021-04-13,C Shamshuddin,CB Gaffaney,RD Chahar,Mumbai Indians,Chennai,"MA Chidambaram Stadium, Chepauk, Chennai",2021-04-13
2nd innings,Kolkata Knight Riders,Mumbai Indians,9.4,RA Tripathi,N Rana,TA Boult,0,4,4,,,,,MI vs KKR 2021-04-13,C Shamshuddin,CB Gaffaney,RD Chahar,Mumbai Indians,Chennai,"MA Chidambaram Stadium, Chepauk, Chennai",2021-04-13
2nd innings,Kolkata Knight Riders,Mumbai Indians,9.5,RA Tripathi,N Rana,TA Boult,0,0,0,,,,,MI vs KKR 2021-04-13,C Shamshuddin,CB Gaffaney,RD Chahar,Mumbai Indians,Chennai,"MA Chidambaram Stadium, Chepauk, Chennai",2021-04-13
2nd innings,Kolkata Knight Riders,Mumbai Indians,9.6,RA Tripathi,N Rana,TA Boult,0,1,1,,,,,MI vs KKR 2021-04-13,C Shamshuddin,CB Gaffaney,RD Chahar,Mumbai Indians,Chennai,"MA Chidambaram Stadium, Chepauk, Chennai",2021-04-13
2nd innings,Kolkata Knight Riders,Mumbai Indians,10.1,RA Tripathi,N Rana,RD Chahar,0,1,1,,,,,MI vs KKR 2021-04-13,C Shamshuddin,CB Gaffaney,RD Chahar,Mumbai Indians,Chennai,"MA Chidambaram Stadium, Chepauk, Chennai",2021-04-13
2nd innings,Kolkata Knight Riders,Mumbai Indians,10.2,N Rana,RA Tripathi,RD Chahar,0,2,2,,,,,MI vs KKR 2021-04-13,C Shamshuddin,CB Gaffaney,RD Chahar,Mumbai Indians,Chennai,"MA Chidambaram Stadium, Chepauk, Chennai",2021-04-13
2nd innings,Kolkata Knight Riders,Mumbai Indians,10.3,N Rana,RA Tripathi,RD Chahar,0,0,0,,RA Tripathi,caught,Q de Kock,MI vs KKR 2021-04-13,C Shamshuddin,CB Gaffaney,RD Chahar,Mumbai Indians,Chennai,"MA Chidambaram Stadium, Chepauk, Chennai",2021-04-13
2nd innings,Kolkata Knight Riders,Mumbai Indians,10.4,N Rana,EJG Morgan,RD Chahar,0,0,0,,,,,MI vs KKR 2021-04-13,C Shamshuddin,CB Gaffaney,RD Chahar,Mumbai Indians,Chennai,"MA Chidambaram Stadium, Chepauk, Chennai",2021-04-13
2nd innings,Kolkata Knight Riders,Mumbai Indians,10.5,N Rana,EJG Morgan,RD Chahar,0,0,0,,,,,MI vs KKR 2021-04-13,C Shamshuddin,CB Gaffaney,RD Chahar,Mumbai Indians,Chennai,"MA Chidambaram Stadium, Chepauk, Chennai",2021-04-13
2nd innings,Kolkata Knight Riders,Mumbai Indians,10.6,N Rana,EJG Morgan,RD Chahar,0,1,1,,,,,MI vs KKR 2021-04-13,C Shamshuddin,CB Gaffaney,RD Chahar,Mumbai Indians,Chennai,"MA Chidambaram Stadium, Chepauk, Chennai",2021-04-13
2nd innings,Kolkata Knight Riders,Mumbai Indians,11.1,N Rana,EJG Morgan,JJ Bumrah,0,1,1,,,,,MI vs KKR 2021-04-13,C Shamshuddin,CB Gaffaney,RD Chahar,Mumbai Indians,Chennai,"MA Chidambaram Stadium, Chepauk, Chennai",2021-04-13
2nd innings,Kolkata Knight Riders,Mumbai Indians,11.2,EJG Morgan,N Rana,JJ Bumrah,4,0,4,legbyes,,,,MI vs KKR 2021-04-13,C Shamshuddin,CB Gaffaney,RD Chahar,Mumbai Indians,Chennai,"MA Chidambaram Stadium, Chepauk, Chennai",2021-04-13
2nd innings,Kolkata Knight Riders,Mumbai Indians,11.3,EJG Morgan,N Rana,JJ Bumrah,1,0,1,legbyes,,,,MI vs KKR 2021-04-13,C Shamshuddin,CB Gaffaney,RD Chahar,Mumbai Indians,Chennai,"MA Chidambaram Stadium, Chepauk, Chennai",2021-04-13
2nd innings,Kolkata Knight Riders,Mumbai Indians,11.4,N Rana,EJG Morgan,JJ Bumrah,0,4,4,,,,,MI vs KKR 2021-04-13,C Shamshuddin,CB Gaffaney,RD Chahar,Mumbai Indians,Chennai,"MA Chidambaram Stadium, Chepauk, Chennai",2021-04-13
2nd innings,Kolkata Knight Riders,Mumbai Indians,11.5,N Rana,EJG Morgan,JJ Bumrah,0,1,1,,,,,MI vs KKR 2021-04-13,C Shamshuddin,CB Gaffaney,RD Chahar,Mumbai Indians,Chennai,"MA Chidambaram Stadium, Chepauk, Chennai",2021-04-13
2nd innings,Kolkata Knight Riders,Mumbai Indians,11.6,EJG Morgan,N Rana,JJ Bumrah,0,1,1,,,,,MI vs KKR 2021-04-13,C Shamshuddin,CB Gaffaney,RD Chahar,Mumbai Indians,Chennai,"MA Chidambaram Stadium, Chepauk, Chennai",2021-04-13
2nd innings,Kolkata Knight Riders,Mumbai Indians,12.1,EJG Morgan,N Rana,RD Chahar,0,4,4,,,,,MI vs KKR 2021-04-13,C Shamshuddin,CB Gaffaney,RD Chahar,Mumbai Indians,Chennai,"MA Chidambaram Stadium, Chepauk, Chennai",2021-04-13
2nd innings,Kolkata Knight Riders,Mumbai Indians,12.2,EJG Morgan,N Rana,RD Chahar,0,0,0,,,,,MI vs KKR 2021-04-13,C Shamshuddin,CB Gaffaney,RD Chahar,Mumbai Indians,Chennai,"MA Chidambaram Stadium, Chepauk, Chennai",2021-04-13
2nd innings,Kolkata Knight Riders,Mumbai Indians,12.3,EJG Morgan,N Rana,RD Chahar,0,2,2,,,,,MI vs KKR 2021-04-13,C Shamshuddin,CB Gaffaney,RD Chahar,Mumbai Indians,Chennai,"MA Chidambaram Stadium, Chepauk, Chennai",2021-04-13
2nd innings,Kolkata Knight Riders,Mumbai Indians,12.4,EJG Morgan,N Rana,RD Chahar,0,1,1,,,,,MI vs KKR 2021-04-13,C Shamshuddin,CB Gaffaney,RD Chahar,Mumbai Indians,Chennai,"MA Chidambaram Stadium, Chepauk, Chennai",2021-04-13
2nd innings,Kolkata Knight Riders,Mumbai Indians,12.5,N Rana,EJG Morgan,RD Chahar,0,0,0,,EJG Morgan,caught,M Jansen,MI vs KKR 2021-04-13,C Shamshuddin,CB Gaffaney,RD Chahar,Mumbai Indians,Chennai,"MA Chidambaram Stadium, Chepauk, Chennai",2021-04-13
2nd innings,Kolkata Knight Riders,Mumbai Indians,12.6,Shakib Al Hasan,N Rana,RD Chahar,0,0,0,,,,,MI vs KKR 2021-04-13,C Shamshuddin,CB Gaffaney,RD Chahar,Mumbai Indians,Chennai,"MA Chidambaram Stadium, Chepauk, Chennai",2021-04-13
2nd innings,Kolkata Knight Riders,Mumbai Indians,13.1,N Rana,Shakib Al Hasan,RG Sharma,0,4,4,,,,,MI vs KKR 2021-04-13,C Shamshuddin,CB Gaffaney,RD Chahar,Mumbai Indians,Chennai,"MA Chidambaram Stadium, Chepauk, Chennai",2021-04-13
2nd innings,Kolkata Knight Riders,Mumbai Indians,13.2,N Rana,Shakib Al Hasan,RG Sharma,0,1,1,,,,,MI vs KKR 2021-04-13,C Shamshuddin,CB Gaffaney,RD Chahar,Mumbai Indians,Chennai,"MA Chidambaram Stadium, Chepauk, Chennai",2021-04-13
2nd innings,Kolkata Knight Riders,Mumbai Indians,13.3,Shakib Al Hasan,N Rana,RG Sharma,0,1,1,,,,,MI vs KKR 2021-04-13,C Shamshuddin,CB Gaffaney,RD Chahar,Mumbai Indians,Chennai,"MA Chidambaram Stadium, Chepauk, Chennai",2021-04-13
2nd innings,Kolkata Knight Riders,Mumbai Indians,13.4,N Rana,Shakib Al Hasan,RG Sharma,0,1,1,,,,,MI vs KKR 2021-04-13,C Shamshuddin,CB Gaffaney,RD Chahar,Mumbai Indians,Chennai,"MA Chidambaram Stadium, Chepauk, Chennai",2021-04-13
2nd innings,Kolkata Knight Riders,Mumbai Indians,13.5,Shakib Al Hasan,N Rana,RG Sharma,0,1,1,,,,,MI vs KKR 2021-04-13,C Shamshuddin,CB Gaffaney,RD Chahar,Mumbai Indians,Chennai,"MA Chidambaram Stadium, Chepauk, Chennai",2021-04-13
2nd innings,Kolkata Knight Riders,Mumbai Indians,13.6,N Rana,Shakib Al Hasan,RG Sharma,0,1,1,,,,,MI vs KKR 2021-04-13,C Shamshuddin,CB Gaffaney,RD Chahar,Mumbai Indians,Chennai,"MA Chidambaram Stadium, Chepauk, Chennai",2021-04-13
2nd innings,Kolkata Knight Riders,Mumbai Indians,14.1,N Rana,Shakib Al Hasan,RD Chahar,0,1,1,,,,,MI vs KKR 2021-04-13,C Shamshuddin,CB Gaffaney,RD Chahar,Mumbai Indians,Chennai,"MA Chidambaram Stadium, Chepauk, Chennai",2021-04-13
2nd innings,Kolkata Knight Riders,Mumbai Indians,14.2,Shakib Al Hasan,N Rana,RD Chahar,0,2,2,,,,,MI vs KKR 2021-04-13,C Shamshuddin,CB Gaffaney,RD Chahar,Mumbai Indians,Chennai,"MA Chidambaram Stadium, Chepauk, Chennai",2021-04-13
2nd innings,Kolkata Knight Riders,Mumbai Indians,14.3,Shakib Al Hasan,N Rana,RD Chahar,0,1,1,,,,,MI vs KKR 2021-04-13,C Shamshuddin,CB Gaffaney,RD Chahar,Mumbai Indians,Chennai,"MA Chidambaram Stadium, Chepauk, Chennai",2021-04-13
2nd innings,Kolkata Knight Riders,Mumbai Indians,14.4,N Rana,Shakib Al Hasan,RD Chahar,4,0,4,byes,,,,MI vs KKR 2021-04-13,C Shamshuddin,CB Gaffaney,RD Chahar,Mumbai Indians,Chennai,"MA Chidambaram Stadium, Chepauk, Chennai",2021-04-13
2nd innings,Kolkata Knight Riders,Mumbai Indians,14.5,N Rana,Shakib Al Hasan,RD Chahar,0,1,1,,,,,MI vs KKR 2021-04-13,C Shamshuddin,CB Gaffaney,RD Chahar,Mumbai Indians,Chennai,"MA Chidambaram Stadium, Chepauk, Chennai",2021-04-13
2nd innings,Kolkata Knight Riders,Mumbai Indians,14.6,Shakib Al Hasan,N Rana,RD Chahar,0,0,0,,N Rana,stumped,Q de Kock,MI vs KKR 2021-04-13,C Shamshuddin,CB Gaffaney,RD Chahar,Mumbai Indians,Chennai,"MA Chidambaram Stadium, Chepauk, Chennai",2021-04-13
2nd innings,Kolkata Knight Riders,Mumbai Indians,15.1,KD Karthik,Shakib Al Hasan,KH Pandya,0,0,0,,,,,MI vs KKR 2021-04-13,C Shamshuddin,CB Gaffaney,RD Chahar,Mumbai Indians,Chennai,"MA Chidambaram Stadium, Chepauk, Chennai",2021-04-13
2nd innings,Kolkata Knight Riders,Mumbai Indians,15.2,KD Karthik,Shakib Al Hasan,KH Pandya,0,0,0,,Shakib Al Hasan,caught,SA Yadav,MI vs KKR 2021-04-13,C Shamshuddin,CB Gaffaney,RD Chahar,Mumbai Indians,Chennai,"MA Chidambaram Stadium, Chepauk, Chennai",2021-04-13
2nd innings,Kolkata Knight Riders,Mumbai Indians,15.3,AD Russell,KD Karthik,KH Pandya,0,1,1,,,,,MI vs KKR 2021-04-13,C Shamshuddin,CB Gaffaney,RD Chahar,Mumbai Indians,Chennai,"MA Chidambaram Stadium, Chepauk, Chennai",2021-04-13
2nd innings,Kolkata Knight Riders,Mumbai Indians,15.4,KD Karthik,AD Russell,KH Pandya,0,0,0,,,,,MI vs KKR 2021-04-13,C Shamshuddin,CB Gaffaney,RD Chahar,Mumbai Indians,Chennai,"MA Chidambaram Stadium, Chepauk, Chennai",2021-04-13
2nd innings,Kolkata Knight Riders,Mumbai Indians,15.5,KD Karthik,AD Russell,KH Pandya,0,0,0,,,,,MI vs KKR 2021-04-13,C Shamshuddin,CB Gaffaney,RD Chahar,Mumbai Indians,Chennai,"MA Chidambaram Stadium, Chepauk, Chennai",2021-04-13
2nd innings,Kolkata Knight Riders,Mumbai Indians,15.6,KD Karthik,AD Russell,KH Pandya,0,0,0,,,,,MI vs KKR 2021-04-13,C Shamshuddin,CB Gaffaney,RD Chahar,Mumbai Indians,Chennai,"MA Chidambaram Stadium, Chepauk, Chennai",2021-04-13
2nd innings,Kolkata Knight Riders,Mumbai Indians,16.1,AD Russell,KD Karthik,JJ Bumrah,0,0,0,,,,,MI vs KKR 2021-04-13,C Shamshuddin,CB Gaffaney,RD Chahar,Mumbai Indians,Chennai,"MA Chidambaram Stadium, Chepauk, Chennai",2021-04-13
2nd innings,Kolkata Knight Riders,Mumbai Indians,16.2,AD Russell,KD Karthik,JJ Bumrah,0,1,1,,,,,MI vs KKR 2021-04-13,C Shamshuddin,CB Gaffaney,RD Chahar,Mumbai Indians,Chennai,"MA Chidambaram Stadium, Chepauk, Chennai",2021-04-13
2nd innings,Kolkata Knight Riders,Mumbai Indians,16.3,KD Karthik,AD Russell,JJ Bumrah,0,0,0,,,,,MI vs KKR 2021-04-13,C Shamshuddin,CB Gaffaney,RD Chahar,Mumbai Indians,Chennai,"MA Chidambaram Stadium, Chepauk, Chennai",2021-04-13
2nd innings,Kolkata Knight Riders,Mumbai Indians,16.4,KD Karthik,AD Russell,JJ Bumrah,1,0,1,noballs,,,,MI vs KKR 2021-04-13,C Shamshuddin,CB Gaffaney,RD Chahar,Mumbai Indians,Chennai,"MA Chidambaram Stadium, Chepauk, Chennai",2021-04-13
2nd innings,Kolkata Knight Riders,Mumbai Indians,16.5,KD Karthik,AD Russell,JJ Bumrah,0,4,4,,,,,MI vs KKR 2021-04-13,C Shamshuddin,CB Gaffaney,RD Chahar,Mumbai Indians,Chennai,"MA Chidambaram Stadium, Chepauk, Chennai",2021-04-13
2nd innings,Kolkata Knight Riders,Mumbai Indians,16.6,KD Karthik,AD Russell,JJ Bumrah,0,1,1,,,,,MI vs KKR 2021-04-13,C Shamshuddin,CB Gaffaney,RD Chahar,Mumbai Indians,Chennai,"MA Chidambaram Stadium, Chepauk, Chennai",2021-04-13
2nd innings,Kolkata Knight Riders,Mumbai Indians,16.7,AD Russell,KD Karthik,JJ Bumrah,0,1,1,,,,,MI vs KKR 2021-04-13,C Shamshuddin,CB Gaffaney,RD Chahar,Mumbai Indians,Chennai,"MA Chidambaram Stadium, Chepauk, Chennai",2021-04-13
2nd innings,Kolkata Knight Riders,Mumbai Indians,17.1,AD Russell,KD Karthik,KH Pandya,0,1,1,,,,,MI vs KKR 2021-04-13,C Shamshuddin,CB Gaffaney,RD Chahar,Mumbai Indians,Chennai,"MA Chidambaram Stadium, Chepauk, Chennai",2021-04-13
2nd innings,Kolkata Knight Riders,Mumbai Indians,17.2,KD Karthik,AD Russell,KH Pandya,0,0,0,,,,,MI vs KKR 2021-04-13,C Shamshuddin,CB Gaffaney,RD Chahar,Mumbai Indians,Chennai,"MA Chidambaram Stadium, Chepauk, Chennai",2021-04-13
2nd innings,Kolkata Knight Riders,Mumbai Indians,17.3,KD Karthik,AD Russell,KH Pandya,0,1,1,,,,,MI vs KKR 2021-04-13,C Shamshuddin,CB Gaffaney,RD Chahar,Mumbai Indians,Chennai,"MA Chidambaram Stadium, Chepauk, Chennai",2021-04-13
2nd innings,Kolkata Knight Riders,Mumbai Indians,17.4,AD Russell,KD Karthik,KH Pandya,0,1,1,,,,,MI vs KKR 2021-04-13,C Shamshuddin,CB Gaffaney,RD Chahar,Mumbai Indians,Chennai,"MA Chidambaram Stadium, Chepauk, Chennai",2021-04-13
2nd innings,Kolkata Knight Riders,Mumbai Indians,17.5,KD Karthik,AD Russell,KH Pandya,0,0,0,,,,,MI vs KKR 2021-04-13,C Shamshuddin,CB Gaffaney,RD Chahar,Mumbai Indians,Chennai,"MA Chidambaram Stadium, Chepauk, Chennai",2021-04-13
2nd innings,Kolkata Knight Riders,Mumbai Indians,17.6,KD Karthik,AD Russell,KH Pandya,0,0,0,,,,,MI vs KKR 2021-04-13,C Shamshuddin,CB Gaffaney,RD Chahar,Mumbai Indians,Chennai,"MA Chidambaram Stadium, Chepauk, Chennai",2021-04-13
2nd innings,Kolkata Knight Riders,Mumbai Indians,18.1,AD Russell,KD Karthik,JJ Bumrah,0,1,1,,,,,MI vs KKR 2021-04-13,C Shamshuddin,CB Gaffaney,RD Chahar,Mumbai Indians,Chennai,"MA Chidambaram Stadium, Chepauk, Chennai",2021-04-13
2nd innings,Kolkata Knight Riders,Mumbai Indians,18.2,KD Karthik,AD Russell,JJ Bumrah,0,1,1,,,,,MI vs KKR 2021-04-13,C Shamshuddin,CB Gaffaney,RD Chahar,Mumbai Indians,Chennai,"MA Chidambaram Stadium, Chepauk, Chennai",2021-04-13
2nd innings,Kolkata Knight Riders,Mumbai Indians,18.3,AD Russell,KD Karthik,JJ Bumrah,0,1,1,,,,,MI vs KKR 2021-04-13,C Shamshuddin,CB Gaffaney,RD Chahar,Mumbai Indians,Chennai,"MA Chidambaram Stadium, Chepauk, Chennai",2021-04-13
2nd innings,Kolkata Knight Riders,Mumbai Indians,18.4,KD Karthik,AD Russell,JJ Bumrah,0,1,1,,,,,MI vs KKR 2021-04-13,C Shamshuddin,CB Gaffaney,RD Chahar,Mumbai Indians,Chennai,"MA Chidambaram Stadium, Chepauk, Chennai",2021-04-13
2nd innings,Kolkata Knight Riders,Mumbai Indians,18.5,AD Russell,KD Karthik,JJ Bumrah,0,0,0,,,,,MI vs KKR 2021-04-13,C Shamshuddin,CB Gaffaney,RD Chahar,Mumbai Indians,Chennai,"MA Chidambaram Stadium, Chepauk, Chennai",2021-04-13
2nd innings,Kolkata Knight Riders,Mumbai Indians,18.6,AD Russell,KD Karthik,JJ Bumrah,0,0,0,,,,,MI vs KKR 2021-04-13,C Shamshuddin,CB Gaffaney,RD Chahar,Mumbai Indians,Chennai,"MA Chidambaram Stadium, Chepauk, Chennai",2021-04-13
2nd innings,Kolkata Knight Riders,Mumbai Indians,19.1,KD Karthik,AD Russell,TA Boult,0,1,1,,,,,MI vs KKR 2021-04-13,C Shamshuddin,CB Gaffaney,RD Chahar,Mumbai Indians,Chennai,"MA Chidambaram Stadium, Chepauk, Chennai",2021-04-13
2nd innings,Kolkata Knight Riders,Mumbai Indians,19.2,AD Russell,KD Karthik,TA Boult,0,1,1,,,,,MI vs KKR 2021-04-13,C Shamshuddin,CB Gaffaney,RD Chahar,Mumbai Indians,Chennai,"MA Chidambaram Stadium, Chepauk, Chennai",2021-04-13
2nd innings,Kolkata Knight Riders,Mumbai Indians,19.3,KD Karthik,AD Russell,TA Boult,0,0,0,,AD Russell,caught and bowled,,MI vs KKR 2021-04-13,C Shamshuddin,CB Gaffaney,RD Chahar,Mumbai Indians,Chennai,"MA Chidambaram Stadium, Chepauk, Chennai",2021-04-13
2nd innings,Kolkata Knight Riders,Mumbai Indians,19.4,KD Karthik,PJ Cummins,TA Boult,0,0,0,,PJ Cummins,bowled,,MI vs KKR 2021-04-13,C Shamshuddin,CB Gaffaney,RD Chahar,Mumbai Indians,Chennai,"MA Chidambaram Stadium, Chepauk, Chennai",2021-04-13
2nd innings,Kolkata Knight Riders,Mumbai Indians,19.5,KD Karthik,Harbhajan Singh,TA Boult,0,2,2,,,,,MI vs KKR 2021-04-13,C Shamshuddin,CB Gaffaney,RD Chahar,Mumbai Indians,Chennai,"MA Chidambaram Stadium, Chepauk, Chennai",2021-04-13
2nd innings,Kolkata Knight Riders,Mumbai Indians,19.6,KD Karthik,Harbhajan Singh,TA Boult,0,0,0,,,,,MI vs KKR 2021-04-13,C Shamshuddin,CB Gaffaney,RD Chahar,Mumbai Indians,Chennai,"MA Chidambaram Stadium, Chepauk, Chennai",2021-04-13
