inning,batting_team,bowling_team,ball,non_striker,batsman,bowler,extra_runs,batsman_run,total_runs,extras,player_out,elimination_kind,fielders_caught,match_name,umpires_1,umpires_2,player_of_match,winner,city,venue,dates
1st innings,Punjab Kings,Delhi Capitals,0.1,MA Agarwal,KL Rahul,CR Woakes,0,0,0,,,,,PK vs DC 2021-04-18,AK Chaudhary,PR Reiffel,S Dhawan,Delhi Capitals,Mumbai,"Wankhede Stadium, Mumbai",2021-04-18
1st innings,Punjab Kings,Delhi Capitals,0.2,MA Agarwal,KL Rahul,CR Woakes,0,0,0,,,,,PK vs DC 2021-04-18,AK Chaudhary,PR Reiffel,S Dhawan,Delhi Capitals,Mumbai,"Wankhede Stadium, Mumbai",2021-04-18
1st innings,Punjab Kings,Delhi Capitals,0.3,MA Agarwal,KL Rahul,CR Woakes,0,0,0,,,,,PK vs DC 2021-04-18,AK Chaudhary,PR Reiffel,S Dhawan,Delhi Capitals,Mumbai,"Wankhede Stadium, Mumbai",2021-04-18
1st innings,Punjab Kings,Delhi Capitals,0.4,MA Agarwal,KL Rahul,CR Woakes,0,4,4,,,,,PK vs DC 2021-04-18,AK Chaudhary,PR Reiffel,S Dhawan,Delhi Capitals,Mumbai,"Wankhede Stadium, Mumbai",2021-04-18
1st innings,Punjab Kings,Delhi Capitals,0.5,MA Agarwal,KL Rahul,CR Woakes,0,0,0,,,,,PK vs DC 2021-04-18,AK Chaudhary,PR Reiffel,S Dhawan,Delhi Capitals,Mumbai,"Wankhede Stadium, Mumbai",2021-04-18
1st innings,Punjab Kings,Delhi Capitals,0.6,MA Agarwal,KL Rahul,CR Woakes,0,1,1,,,,,PK vs DC 2021-04-18,AK Chaudhary,PR Reiffel,S Dhawan,Delhi Capitals,Mumbai,"Wankhede Stadium, Mumbai",2021-04-18
1st innings,Punjab Kings,Delhi Capitals,1.1,MA Agarwal,KL Rahul,LI Meriwala,0,4,4,,,,,PK vs DC 2021-04-18,AK Chaudhary,PR Reiffel,S Dhawan,Delhi Capitals,Mumbai,"Wankhede Stadium, Mumbai",2021-04-18
1st innings,Punjab Kings,Delhi Capitals,1.2,MA Agarwal,KL Rahul,LI Meriwala,0,1,1,,,,,PK vs DC 2021-04-18,AK Chaudhary,PR Reiffel,S Dhawan,Delhi Capitals,Mumbai,"Wankhede Stadium, Mumbai",2021-04-18
1st innings,Punjab Kings,Delhi Capitals,1.3,KL Rahul,MA Agarwal,LI Meriwala,0,0,0,,,,,PK vs DC 2021-04-18,AK Chaudhary,PR Reiffel,S Dhawan,Delhi Capitals,Mumbai,"Wankhede Stadium, Mumbai",2021-04-18
1st innings,Punjab Kings,Delhi Capitals,1.4,KL Rahul,MA Agarwal,LI Meriwala,1,4,5,noballs,,,,PK vs DC 2021-04-18,AK Chaudhary,PR Reiffel,S Dhawan,Delhi Capitals,Mumbai,"Wankhede Stadium, Mumbai",2021-04-18
1st innings,Punjab Kings,Delhi Capitals,1.5,KL Rahul,MA Agarwal,LI Meriwala,0,6,6,,,,,PK vs DC 2021-04-18,AK Chaudhary,PR Reiffel,S Dhawan,Delhi Capitals,Mumbai,"Wankhede Stadium, Mumbai",2021-04-18
1st innings,Punjab Kings,Delhi Capitals,1.6,KL Rahul,MA Agarwal,LI Meriwala,0,0,0,,,,,PK vs DC 2021-04-18,AK Chaudhary,PR Reiffel,S Dhawan,Delhi Capitals,Mumbai,"Wankhede Stadium, Mumbai",2021-04-18
1st innings,Punjab Kings,Delhi Capitals,1.7,KL Rahul,MA Agarwal,LI Meriwala,0,4,4,,,,,PK vs DC 2021-04-18,AK Chaudhary,PR Reiffel,S Dhawan,Delhi Capitals,Mumbai,"Wankhede Stadium, Mumbai",2021-04-18
1st innings,Punjab Kings,Delhi Capitals,2.1,MA Agarwal,KL Rahul,CR Woakes,0,0,0,,,,,PK vs DC 2021-04-18,AK Chaudhary,PR Reiffel,S Dhawan,Delhi Capitals,Mumbai,"Wankhede Stadium, Mumbai",2021-04-18
1st innings,Punjab Kings,Delhi Capitals,2.2,MA Agarwal,KL Rahul,CR Woakes,0,0,0,,,,,PK vs DC 2021-04-18,AK Chaudhary,PR Reiffel,S Dhawan,Delhi Capitals,Mumbai,"Wankhede Stadium, Mumbai",2021-04-18
1st innings,Punjab Kings,Delhi Capitals,2.3,MA Agarwal,KL Rahul,CR Woakes,0,1,1,,,,,PK vs DC 2021-04-18,AK Chaudhary,PR Reiffel,S Dhawan,Delhi Capitals,Mumbai,"Wankhede Stadium, Mumbai",2021-04-18
1st innings,Punjab Kings,Delhi Capitals,2.4,KL Rahul,MA Agarwal,CR Woakes,0,4,4,,,,,PK vs DC 2021-04-18,AK Chaudhary,PR Reiffel,S Dhawan,Delhi Capitals,Mumbai,"Wankhede Stadium, Mumbai",2021-04-18
1st innings,Punjab Kings,Delhi Capitals,2.5,KL Rahul,MA Agarwal,CR Woakes,0,4,4,,,,,PK vs DC 2021-04-18,AK Chaudhary,PR Reiffel,S Dhawan,Delhi Capitals,Mumbai,"Wankhede Stadium, Mumbai",2021-04-18
1st innings,Punjab Kings,Delhi Capitals,2.6,KL Rahul,MA Agarwal,CR Woakes,1,0,1,legbyes,,,,PK vs DC 2021-04-18,AK Chaudhary,PR Reiffel,S Dhawan,Delhi Capitals,Mumbai,"Wankhede Stadium, Mumbai",2021-04-18
1st innings,Punjab Kings,Delhi Capitals,3.1,KL Rahul,MA Agarwal,LI Meriwala,0,0,0,,,,,PK vs DC 2021-04-18,AK Chaudhary,PR Reiffel,S Dhawan,Delhi Capitals,Mumbai,"Wankhede Stadium, Mumbai",2021-04-18
1st innings,Punjab Kings,Delhi Capitals,3.2,KL Rahul,MA Agarwal,LI Meriwala,0,2,2,,,,,PK vs DC 2021-04-18,AK Chaudhary,PR Reiffel,S Dhawan,Delhi Capitals,Mumbai,"Wankhede Stadium, Mumbai",2021-04-18
1st innings,Punjab Kings,Delhi Capitals,3.3,KL Rahul,MA Agarwal,LI Meriwala,0,4,4,,,,,PK vs DC 2021-04-18,AK Chaudhary,PR Reiffel,S Dhawan,Delhi Capitals,Mumbai,"Wankhede Stadium, Mumbai",2021-04-18
1st innings,Punjab Kings,Delhi Capitals,3.4,KL Rahul,MA Agarwal,LI Meriwala,0,1,1,,,,,PK vs DC 2021-04-18,AK Chaudhary,PR Reiffel,S Dhawan,Delhi Capitals,Mumbai,"Wankhede Stadium, Mumbai",2021-04-18
1st innings,Punjab Kings,Delhi Capitals,3.5,MA Agarwal,KL Rahul,LI Meriwala,0,0,0,,,,,PK vs DC 2021-04-18,AK Chaudhary,PR Reiffel,S Dhawan,Delhi Capitals,Mumbai,"Wankhede Stadium, Mumbai",2021-04-18
1st innings,Punjab Kings,Delhi Capitals,3.6,MA Agarwal,KL Rahul,LI Meriwala,0,1,1,,,,,PK vs DC 2021-04-18,AK Chaudhary,PR Reiffel,S Dhawan,Delhi Capitals,Mumbai,"Wankhede Stadium, Mumbai",2021-04-18
1st innings,Punjab Kings,Delhi Capitals,4.1,MA Agarwal,KL Rahul,R Ashwin,0,0,0,,,,,PK vs DC 2021-04-18,AK Chaudhary,PR Reiffel,S Dhawan,Delhi Capitals,Mumbai,"Wankhede Stadium, Mumbai",2021-04-18
1st innings,Punjab Kings,Delhi Capitals,4.2,MA Agarwal,KL Rahul,R Ashwin,0,1,1,,,,,PK vs DC 2021-04-18,AK Chaudhary,PR Reiffel,S Dhawan,Delhi Capitals,Mumbai,"Wankhede Stadium, Mumbai",2021-04-18
1st innings,Punjab Kings,Delhi Capitals,4.3,KL Rahul,MA Agarwal,R Ashwin,0,1,1,,,,,PK vs DC 2021-04-18,AK Chaudhary,PR Reiffel,S Dhawan,Delhi Capitals,Mumbai,"Wankhede Stadium, Mumbai",2021-04-18
1st innings,Punjab Kings,Delhi Capitals,4.4,MA Agarwal,KL Rahul,R Ashwin,0,0,0,,,,,PK vs DC 2021-04-18,AK Chaudhary,PR Reiffel,S Dhawan,Delhi Capitals,Mumbai,"Wankhede Stadium, Mumbai",2021-04-18
1st innings,Punjab Kings,Delhi Capitals,4.5,MA Agarwal,KL Rahul,R Ashwin,0,4,4,,,,,PK vs DC 2021-04-18,AK Chaudhary,PR Reiffel,S Dhawan,Delhi Capitals,Mumbai,"Wankhede Stadium, Mumbai",2021-04-18
1st innings,Punjab Kings,Delhi Capitals,4.6,MA Agarwal,KL Rahul,R Ashwin,0,1,1,,,,,PK vs DC 2021-04-18,AK Chaudhary,PR Reiffel,S Dhawan,Delhi Capitals,Mumbai,"Wankhede Stadium, Mumbai",2021-04-18
1st innings,Punjab Kings,Delhi Capitals,5.1,MA Agarwal,KL Rahul,K Rabada,0,4,4,,,,,PK vs DC 2021-04-18,AK Chaudhary,PR Reiffel,S Dhawan,Delhi Capitals,Mumbai,"Wankhede Stadium, Mumbai",2021-04-18
1st innings,Punjab Kings,Delhi Capitals,5.2,MA Agarwal,KL Rahul,K Rabada,0,0,0,,,,,PK vs DC 2021-04-18,AK Chaudhary,PR Reiffel,S Dhawan,Delhi Capitals,Mumbai,"Wankhede Stadium, Mumbai",2021-04-18
1st innings,Punjab Kings,Delhi Capitals,5.3,MA Agarwal,KL Rahul,K Rabada,0,0,0,,,,,PK vs DC 2021-04-18,AK Chaudhary,PR Reiffel,S Dhawan,Delhi Capitals,Mumbai,"Wankhede Stadium, Mumbai",2021-04-18
1st innings,Punjab Kings,Delhi Capitals,5.4,MA Agarwal,KL Rahul,K Rabada,4,0,4,legbyes,,,,PK vs DC 2021-04-18,AK Chaudhary,PR Reiffel,S Dhawan,Delhi Capitals,Mumbai,"Wankhede Stadium, Mumbai",2021-04-18
1st innings,Punjab Kings,Delhi Capitals,5.5,MA Agarwal,KL Rahul,K Rabada,0,0,0,,,,,PK vs DC 2021-04-18,AK Chaudhary,PR Reiffel,S Dhawan,Delhi Capitals,Mumbai,"Wankhede Stadium, Mumbai",2021-04-18
1st innings,Punjab Kings,Delhi Capitals,5.6,MA Agarwal,KL Rahul,K Rabada,0,1,1,,,,,PK vs DC 2021-04-18,AK Chaudhary,PR Reiffel,S Dhawan,Delhi Capitals,Mumbai,"Wankhede Stadium, Mumbai",2021-04-18
1st innings,Punjab Kings,Delhi Capitals,6.1,MA Agarwal,KL Rahul,R Ashwin,0,1,1,,,,,PK vs DC 2021-04-18,AK Chaudhary,PR Reiffel,S Dhawan,Delhi Capitals,Mumbai,"Wankhede Stadium, Mumbai",2021-04-18
1st innings,Punjab Kings,Delhi Capitals,6.2,KL Rahul,MA Agarwal,R Ashwin,0,1,1,,,,,PK vs DC 2021-04-18,AK Chaudhary,PR Reiffel,S Dhawan,Delhi Capitals,Mumbai,"Wankhede Stadium, Mumbai",2021-04-18
1st innings,Punjab Kings,Delhi Capitals,6.3,MA Agarwal,KL Rahul,R Ashwin,0,0,0,,,,,PK vs DC 2021-04-18,AK Chaudhary,PR Reiffel,S Dhawan,Delhi Capitals,Mumbai,"Wankhede Stadium, Mumbai",2021-04-18
1st innings,Punjab Kings,Delhi Capitals,6.4,MA Agarwal,KL Rahul,R Ashwin,0,1,1,,,,,PK vs DC 2021-04-18,AK Chaudhary,PR Reiffel,S Dhawan,Delhi Capitals,Mumbai,"Wankhede Stadium, Mumbai",2021-04-18
1st innings,Punjab Kings,Delhi Capitals,6.5,KL Rahul,MA Agarwal,R Ashwin,0,1,1,,,,,PK vs DC 2021-04-18,AK Chaudhary,PR Reiffel,S Dhawan,Delhi Capitals,Mumbai,"Wankhede Stadium, Mumbai",2021-04-18
1st innings,Punjab Kings,Delhi Capitals,6.6,MA Agarwal,KL Rahul,R Ashwin,0,0,0,,,,,PK vs DC 2021-04-18,AK Chaudhary,PR Reiffel,S Dhawan,Delhi Capitals,Mumbai,"Wankhede Stadium, Mumbai",2021-04-18
1st innings,Punjab Kings,Delhi Capitals,7.1,KL Rahul,MA Agarwal,Lalit Yadav,0,1,1,,,,,PK vs DC 2021-04-18,AK Chaudhary,PR Reiffel,S Dhawan,Delhi Capitals,Mumbai,"Wankhede Stadium, Mumbai",2021-04-18
1st innings,Punjab Kings,Delhi Capitals,7.2,MA Agarwal,KL Rahul,Lalit Yadav,0,4,4,,,,,PK vs DC 2021-04-18,AK Chaudhary,PR Reiffel,S Dhawan,Delhi Capitals,Mumbai,"Wankhede Stadium, Mumbai",2021-04-18
1st innings,Punjab Kings,Delhi Capitals,7.3,MA Agarwal,KL Rahul,Lalit Yadav,0,0,0,,,,,PK vs DC 2021-04-18,AK Chaudhary,PR Reiffel,S Dhawan,Delhi Capitals,Mumbai,"Wankhede Stadium, Mumbai",2021-04-18
1st innings,Punjab Kings,Delhi Capitals,7.4,MA Agarwal,KL Rahul,Lalit Yadav,0,4,4,,,,,PK vs DC 2021-04-18,AK Chaudhary,PR Reiffel,S Dhawan,Delhi Capitals,Mumbai,"Wankhede Stadium, Mumbai",2021-04-18
1st innings,Punjab Kings,Delhi Capitals,7.5,MA Agarwal,KL Rahul,Lalit Yadav,0,1,1,,,,,PK vs DC 2021-04-18,AK Chaudhary,PR Reiffel,S Dhawan,Delhi Capitals,Mumbai,"Wankhede Stadium, Mumbai",2021-04-18
1st innings,Punjab Kings,Delhi Capitals,7.6,KL Rahul,MA Agarwal,Lalit Yadav,0,1,1,,,,,PK vs DC 2021-04-18,AK Chaudhary,PR Reiffel,S Dhawan,Delhi Capitals,Mumbai,"Wankhede Stadium, Mumbai",2021-04-18
1st innings,Punjab Kings,Delhi Capitals,8.1,KL Rahul,MA Agarwal,R Ashwin,0,6,6,,,,,PK vs DC 2021-04-18,AK Chaudhary,PR Reiffel,S Dhawan,Delhi Capitals,Mumbai,"Wankhede Stadium, Mumbai",2021-04-18
1st innings,Punjab Kings,Delhi Capitals,8.2,KL Rahul,MA Agarwal,R Ashwin,0,0,0,,,,,PK vs DC 2021-04-18,AK Chaudhary,PR Reiffel,S Dhawan,Delhi Capitals,Mumbai,"Wankhede Stadium, Mumbai",2021-04-18
1st innings,Punjab Kings,Delhi Capitals,8.3,KL Rahul,MA Agarwal,R Ashwin,0,4,4,,,,,PK vs DC 2021-04-18,AK Chaudhary,PR Reiffel,S Dhawan,Delhi Capitals,Mumbai,"Wankhede Stadium, Mumbai",2021-04-18
1st innings,Punjab Kings,Delhi Capitals,8.4,KL Rahul,MA Agarwal,R Ashwin,0,1,1,,,,,PK vs DC 2021-04-18,AK Chaudhary,PR Reiffel,S Dhawan,Delhi Capitals,Mumbai,"Wankhede Stadium, Mumbai",2021-04-18
1st innings,Punjab Kings,Delhi Capitals,8.5,MA Agarwal,KL Rahul,R Ashwin,0,1,1,,,,,PK vs DC 2021-04-18,AK Chaudhary,PR Reiffel,S Dhawan,Delhi Capitals,Mumbai,"Wankhede Stadium, Mumbai",2021-04-18
1st innings,Punjab Kings,Delhi Capitals,8.6,KL Rahul,MA Agarwal,R Ashwin,0,1,1,,,,,PK vs DC 2021-04-18,AK Chaudhary,PR Reiffel,S Dhawan,Delhi Capitals,Mumbai,"Wankhede Stadium, Mumbai",2021-04-18
1st innings,Punjab Kings,Delhi Capitals,9.1,KL Rahul,MA Agarwal,Avesh Khan,0,0,0,,,,,PK vs DC 2021-04-18,AK Chaudhary,PR Reiffel,S Dhawan,Delhi Capitals,Mumbai,"Wankhede Stadium, Mumbai",2021-04-18
1st innings,Punjab Kings,Delhi Capitals,9.2,KL Rahul,MA Agarwal,Avesh Khan,0,0,0,,,,,PK vs DC 2021-04-18,AK Chaudhary,PR Reiffel,S Dhawan,Delhi Capitals,Mumbai,"Wankhede Stadium, Mumbai",2021-04-18
1st innings,Punjab Kings,Delhi Capitals,9.3,KL Rahul,MA Agarwal,Avesh Khan,0,4,4,,,,,PK vs DC 2021-04-18,AK Chaudhary,PR Reiffel,S Dhawan,Delhi Capitals,Mumbai,"Wankhede Stadium, Mumbai",2021-04-18
1st innings,Punjab Kings,Delhi Capitals,9.4,KL Rahul,MA Agarwal,Avesh Khan,0,2,2,,,,,PK vs DC 2021-04-18,AK Chaudhary,PR Reiffel,S Dhawan,Delhi Capitals,Mumbai,"Wankhede Stadium, Mumbai",2021-04-18
1st innings,Punjab Kings,Delhi Capitals,9.5,KL Rahul,MA Agarwal,Avesh Khan,0,1,1,,,,,PK vs DC 2021-04-18,AK Chaudhary,PR Reiffel,S Dhawan,Delhi Capitals,Mumbai,"Wankhede Stadium, Mumbai",2021-04-18
1st innings,Punjab Kings,Delhi Capitals,9.6,MA Agarwal,KL Rahul,Avesh Khan,0,0,0,,,,,PK vs DC 2021-04-18,AK Chaudhary,PR Reiffel,S Dhawan,Delhi Capitals,Mumbai,"Wankhede Stadium, Mumbai",2021-04-18
1st innings,Punjab Kings,Delhi Capitals,10.1,KL Rahul,MA Agarwal,K Rabada,0,6,6,,,,,PK vs DC 2021-04-18,AK Chaudhary,PR Reiffel,S Dhawan,Delhi Capitals,Mumbai,"Wankhede Stadium, Mumbai",2021-04-18
1st innings,Punjab Kings,Delhi Capitals,10.2,KL Rahul,MA Agarwal,K Rabada,0,6,6,,,,,PK vs DC 2021-04-18,AK Chaudhary,PR Reiffel,S Dhawan,Delhi Capitals,Mumbai,"Wankhede Stadium, Mumbai",2021-04-18
1st innings,Punjab Kings,Delhi Capitals,10.3,KL Rahul,MA Agarwal,K Rabada,0,1,1,,,,,PK vs DC 2021-04-18,AK Chaudhary,PR Reiffel,S Dhawan,Delhi Capitals,Mumbai,"Wankhede Stadium, Mumbai",2021-04-18
1st innings,Punjab Kings,Delhi Capitals,10.4,MA Agarwal,KL Rahul,K Rabada,0,6,6,,,,,PK vs DC 2021-04-18,AK Chaudhary,PR Reiffel,S Dhawan,Delhi Capitals,Mumbai,"Wankhede Stadium, Mumbai",2021-04-18
1st innings,Punjab Kings,Delhi Capitals,10.5,MA Agarwal,KL Rahul,K Rabada,0,0,0,,,,,PK vs DC 2021-04-18,AK Chaudhary,PR Reiffel,S Dhawan,Delhi Capitals,Mumbai,"Wankhede Stadium, Mumbai",2021-04-18
1st innings,Punjab Kings,Delhi Capitals,10.6,MA Agarwal,KL Rahul,K Rabada,0,1,1,,,,,PK vs DC 2021-04-18,AK Chaudhary,PR Reiffel,S Dhawan,Delhi Capitals,Mumbai,"Wankhede Stadium, Mumbai",2021-04-18
1st innings,Punjab Kings,Delhi Capitals,11.1,MA Agarwal,KL Rahul,Avesh Khan,0,2,2,,,,,PK vs DC 2021-04-18,AK Chaudhary,PR Reiffel,S Dhawan,Delhi Capitals,Mumbai,"Wankhede Stadium, Mumbai",2021-04-18
1st innings,Punjab Kings,Delhi Capitals,11.2,MA Agarwal,KL Rahul,Avesh Khan,0,1,1,,,,,PK vs DC 2021-04-18,AK Chaudhary,PR Reiffel,S Dhawan,Delhi Capitals,Mumbai,"Wankhede Stadium, Mumbai",2021-04-18
1st innings,Punjab Kings,Delhi Capitals,11.3,KL Rahul,MA Agarwal,Avesh Khan,0,1,1,,,,,PK vs DC 2021-04-18,AK Chaudhary,PR Reiffel,S Dhawan,Delhi Capitals,Mumbai,"Wankhede Stadium, Mumbai",2021-04-18
1st innings,Punjab Kings,Delhi Capitals,11.4,MA Agarwal,KL Rahul,Avesh Khan,0,1,1,,,,,PK vs DC 2021-04-18,AK Chaudhary,PR Reiffel,S Dhawan,Delhi Capitals,Mumbai,"Wankhede Stadium, Mumbai",2021-04-18
1st innings,Punjab Kings,Delhi Capitals,11.5,KL Rahul,MA Agarwal,Avesh Khan,0,0,0,,,,,PK vs DC 2021-04-18,AK Chaudhary,PR Reiffel,S Dhawan,Delhi Capitals,Mumbai,"Wankhede Stadium, Mumbai",2021-04-18
1st innings,Punjab Kings,Delhi Capitals,11.6,KL Rahul,MA Agarwal,Avesh Khan,0,1,1,,,,,PK vs DC 2021-04-18,AK Chaudhary,PR Reiffel,S Dhawan,Delhi Capitals,Mumbai,"Wankhede Stadium, Mumbai",2021-04-18
1st innings,Punjab Kings,Delhi Capitals,12.1,KL Rahul,MA Agarwal,LI Meriwala,0,0,0,,,,,PK vs DC 2021-04-18,AK Chaudhary,PR Reiffel,S Dhawan,Delhi Capitals,Mumbai,"Wankhede Stadium, Mumbai",2021-04-18
1st innings,Punjab Kings,Delhi Capitals,12.2,KL Rahul,MA Agarwal,LI Meriwala,0,1,1,,,,,PK vs DC 2021-04-18,AK Chaudhary,PR Reiffel,S Dhawan,Delhi Capitals,Mumbai,"Wankhede Stadium, Mumbai",2021-04-18
1st innings,Punjab Kings,Delhi Capitals,12.3,MA Agarwal,KL Rahul,LI Meriwala,0,1,1,,,,,PK vs DC 2021-04-18,AK Chaudhary,PR Reiffel,S Dhawan,Delhi Capitals,Mumbai,"Wankhede Stadium, Mumbai",2021-04-18
1st innings,Punjab Kings,Delhi Capitals,12.4,KL Rahul,MA Agarwal,LI Meriwala,0,0,0,,MA Agarwal,caught,S Dhawan,PK vs DC 2021-04-18,AK Chaudhary,PR Reiffel,S Dhawan,Delhi Capitals,Mumbai,"Wankhede Stadium, Mumbai",2021-04-18
1st innings,Punjab Kings,Delhi Capitals,12.5,CH Gayle,KL Rahul,LI Meriwala,0,1,1,,,,,PK vs DC 2021-04-18,AK Chaudhary,PR Reiffel,S Dhawan,Delhi Capitals,Mumbai,"Wankhede Stadium, Mumbai",2021-04-18
1st innings,Punjab Kings,Delhi Capitals,12.6,KL Rahul,CH Gayle,LI Meriwala,0,1,1,,,,,PK vs DC 2021-04-18,AK Chaudhary,PR Reiffel,S Dhawan,Delhi Capitals,Mumbai,"Wankhede Stadium, Mumbai",2021-04-18
1st innings,Punjab Kings,Delhi Capitals,13.1,KL Rahul,CH Gayle,R Ashwin,0,1,1,,,,,PK vs DC 2021-04-18,AK Chaudhary,PR Reiffel,S Dhawan,Delhi Capitals,Mumbai,"Wankhede Stadium, Mumbai",2021-04-18
1st innings,Punjab Kings,Delhi Capitals,13.2,CH Gayle,KL Rahul,R Ashwin,0,0,0,,,,,PK vs DC 2021-04-18,AK Chaudhary,PR Reiffel,S Dhawan,Delhi Capitals,Mumbai,"Wankhede Stadium, Mumbai",2021-04-18
1st innings,Punjab Kings,Delhi Capitals,13.3,CH Gayle,KL Rahul,R Ashwin,0,1,1,,,,,PK vs DC 2021-04-18,AK Chaudhary,PR Reiffel,S Dhawan,Delhi Capitals,Mumbai,"Wankhede Stadium, Mumbai",2021-04-18
1st innings,Punjab Kings,Delhi Capitals,13.4,KL Rahul,CH Gayle,R Ashwin,0,1,1,,,,,PK vs DC 2021-04-18,AK Chaudhary,PR Reiffel,S Dhawan,Delhi Capitals,Mumbai,"Wankhede Stadium, Mumbai",2021-04-18
1st innings,Punjab Kings,Delhi Capitals,13.5,CH Gayle,KL Rahul,R Ashwin,0,1,1,,,,,PK vs DC 2021-04-18,AK Chaudhary,PR Reiffel,S Dhawan,Delhi Capitals,Mumbai,"Wankhede Stadium, Mumbai",2021-04-18
1st innings,Punjab Kings,Delhi Capitals,13.6,KL Rahul,CH Gayle,R Ashwin,0,0,0,,,,,PK vs DC 2021-04-18,AK Chaudhary,PR Reiffel,S Dhawan,Delhi Capitals,Mumbai,"Wankhede Stadium, Mumbai",2021-04-18
1st innings,Punjab Kings,Delhi Capitals,14.1,CH Gayle,KL Rahul,Avesh Khan,0,0,0,,,,,PK vs DC 2021-04-18,AK Chaudhary,PR Reiffel,S Dhawan,Delhi Capitals,Mumbai,"Wankhede Stadium, Mumbai",2021-04-18
1st innings,Punjab Kings,Delhi Capitals,14.2,CH Gayle,KL Rahul,Avesh Khan,0,6,6,,,,,PK vs DC 2021-04-18,AK Chaudhary,PR Reiffel,S Dhawan,Delhi Capitals,Mumbai,"Wankhede Stadium, Mumbai",2021-04-18
1st innings,Punjab Kings,Delhi Capitals,14.3,CH Gayle,KL Rahul,Avesh Khan,0,1,1,,,,,PK vs DC 2021-04-18,AK Chaudhary,PR Reiffel,S Dhawan,Delhi Capitals,Mumbai,"Wankhede Stadium, Mumbai",2021-04-18
1st innings,Punjab Kings,Delhi Capitals,14.4,KL Rahul,CH Gayle,Avesh Khan,0,1,1,,,,,PK vs DC 2021-04-18,AK Chaudhary,PR Reiffel,S Dhawan,Delhi Capitals,Mumbai,"Wankhede Stadium, Mumbai",2021-04-18
1st innings,Punjab Kings,Delhi Capitals,14.5,CH Gayle,KL Rahul,Avesh Khan,0,4,4,,,,,PK vs DC 2021-04-18,AK Chaudhary,PR Reiffel,S Dhawan,Delhi Capitals,Mumbai,"Wankhede Stadium, Mumbai",2021-04-18
1st innings,Punjab Kings,Delhi Capitals,14.6,CH Gayle,KL Rahul,Avesh Khan,0,0,0,,,,,PK vs DC 2021-04-18,AK Chaudhary,PR Reiffel,S Dhawan,Delhi Capitals,Mumbai,"Wankhede Stadium, Mumbai",2021-04-18
1st innings,Punjab Kings,Delhi Capitals,15.1,KL Rahul,CH Gayle,K Rabada,0,1,1,,,,,PK vs DC 2021-04-18,AK Chaudhary,PR Reiffel,S Dhawan,Delhi Capitals,Mumbai,"Wankhede Stadium, Mumbai",2021-04-18
1st innings,Punjab Kings,Delhi Capitals,15.2,CH Gayle,KL Rahul,K Rabada,0,0,0,,KL Rahul,caught,MP Stoinis,PK vs DC 2021-04-18,AK Chaudhary,PR Reiffel,S Dhawan,Delhi Capitals,Mumbai,"Wankhede Stadium, Mumbai",2021-04-18
1st innings,Punjab Kings,Delhi Capitals,15.3,CH Gayle,DJ Hooda,K Rabada,0,6,6,,,,,PK vs DC 2021-04-18,AK Chaudhary,PR Reiffel,S Dhawan,Delhi Capitals,Mumbai,"Wankhede Stadium, Mumbai",2021-04-18
1st innings,Punjab Kings,Delhi Capitals,15.4,CH Gayle,DJ Hooda,K Rabada,0,2,2,,,,,PK vs DC 2021-04-18,AK Chaudhary,PR Reiffel,S Dhawan,Delhi Capitals,Mumbai,"Wankhede Stadium, Mumbai",2021-04-18
1st innings,Punjab Kings,Delhi Capitals,15.5,CH Gayle,DJ Hooda,K Rabada,0,1,1,,,,,PK vs DC 2021-04-18,AK Chaudhary,PR Reiffel,S Dhawan,Delhi Capitals,Mumbai,"Wankhede Stadium, Mumbai",2021-04-18
1st innings,Punjab Kings,Delhi Capitals,15.6,DJ Hooda,CH Gayle,K Rabada,0,0,0,,,,,PK vs DC 2021-04-18,AK Chaudhary,PR Reiffel,S Dhawan,Delhi Capitals,Mumbai,"Wankhede Stadium, Mumbai",2021-04-18
1st innings,Punjab Kings,Delhi Capitals,16.1,CH Gayle,DJ Hooda,CR Woakes,1,1,2,noballs,,,,PK vs DC 2021-04-18,AK Chaudhary,PR Reiffel,S Dhawan,Delhi Capitals,Mumbai,"Wankhede Stadium, Mumbai",2021-04-18
1st innings,Punjab Kings,Delhi Capitals,16.2,DJ Hooda,CH Gayle,CR Woakes,0,6,6,,,,,PK vs DC 2021-04-18,AK Chaudhary,PR Reiffel,S Dhawan,Delhi Capitals,Mumbai,"Wankhede Stadium, Mumbai",2021-04-18
1st innings,Punjab Kings,Delhi Capitals,16.3,DJ Hooda,CH Gayle,CR Woakes,0,0,0,,CH Gayle,caught,RV Patel (sub),PK vs DC 2021-04-18,AK Chaudhary,PR Reiffel,S Dhawan,Delhi Capitals,Mumbai,"Wankhede Stadium, Mumbai",2021-04-18
1st innings,Punjab Kings,Delhi Capitals,16.4,N Pooran,DJ Hooda,CR Woakes,0,1,1,,,,,PK vs DC 2021-04-18,AK Chaudhary,PR Reiffel,S Dhawan,Delhi Capitals,Mumbai,"Wankhede Stadium, Mumbai",2021-04-18
1st innings,Punjab Kings,Delhi Capitals,16.5,DJ Hooda,N Pooran,CR Woakes,0,1,1,,,,,PK vs DC 2021-04-18,AK Chaudhary,PR Reiffel,S Dhawan,Delhi Capitals,Mumbai,"Wankhede Stadium, Mumbai",2021-04-18
1st innings,Punjab Kings,Delhi Capitals,16.6,N Pooran,DJ Hooda,CR Woakes,0,1,1,,,,,PK vs DC 2021-04-18,AK Chaudhary,PR Reiffel,S Dhawan,Delhi Capitals,Mumbai,"Wankhede Stadium, Mumbai",2021-04-18
1st innings,Punjab Kings,Delhi Capitals,16.7,DJ Hooda,N Pooran,CR Woakes,0,1,1,,,,,PK vs DC 2021-04-18,AK Chaudhary,PR Reiffel,S Dhawan,Delhi Capitals,Mumbai,"Wankhede Stadium, Mumbai",2021-04-18
1st innings,Punjab Kings,Delhi Capitals,17.1,DJ Hooda,N Pooran,K Rabada,0,1,1,,,,,PK vs DC 2021-04-18,AK Chaudhary,PR Reiffel,S Dhawan,Delhi Capitals,Mumbai,"Wankhede Stadium, Mumbai",2021-04-18
1st innings,Punjab Kings,Delhi Capitals,17.2,N Pooran,DJ Hooda,K Rabada,0,1,1,,,,,PK vs DC 2021-04-18,AK Chaudhary,PR Reiffel,S Dhawan,Delhi Capitals,Mumbai,"Wankhede Stadium, Mumbai",2021-04-18
1st innings,Punjab Kings,Delhi Capitals,17.3,DJ Hooda,N Pooran,K Rabada,0,0,0,,,,,PK vs DC 2021-04-18,AK Chaudhary,PR Reiffel,S Dhawan,Delhi Capitals,Mumbai,"Wankhede Stadium, Mumbai",2021-04-18
1st innings,Punjab Kings,Delhi Capitals,17.4,DJ Hooda,N Pooran,K Rabada,0,4,4,,,,,PK vs DC 2021-04-18,AK Chaudhary,PR Reiffel,S Dhawan,Delhi Capitals,Mumbai,"Wankhede Stadium, Mumbai",2021-04-18
1st innings,Punjab Kings,Delhi Capitals,17.5,DJ Hooda,N Pooran,K Rabada,0,1,1,,,,,PK vs DC 2021-04-18,AK Chaudhary,PR Reiffel,S Dhawan,Delhi Capitals,Mumbai,"Wankhede Stadium, Mumbai",2021-04-18
1st innings,Punjab Kings,Delhi Capitals,17.6,N Pooran,DJ Hooda,K Rabada,0,1,1,,,,,PK vs DC 2021-04-18,AK Chaudhary,PR Reiffel,S Dhawan,Delhi Capitals,Mumbai,"Wankhede Stadium, Mumbai",2021-04-18
1st innings,Punjab Kings,Delhi Capitals,18.1,N Pooran,DJ Hooda,Avesh Khan,0,1,1,,,,,PK vs DC 2021-04-18,AK Chaudhary,PR Reiffel,S Dhawan,Delhi Capitals,Mumbai,"Wankhede Stadium, Mumbai",2021-04-18
1st innings,Punjab Kings,Delhi Capitals,18.2,DJ Hooda,N Pooran,Avesh Khan,0,1,1,,,,,PK vs DC 2021-04-18,AK Chaudhary,PR Reiffel,S Dhawan,Delhi Capitals,Mumbai,"Wankhede Stadium, Mumbai",2021-04-18
1st innings,Punjab Kings,Delhi Capitals,18.3,N Pooran,DJ Hooda,Avesh Khan,0,6,6,,,,,PK vs DC 2021-04-18,AK Chaudhary,PR Reiffel,S Dhawan,Delhi Capitals,Mumbai,"Wankhede Stadium, Mumbai",2021-04-18
1st innings,Punjab Kings,Delhi Capitals,18.4,N Pooran,DJ Hooda,Avesh Khan,1,0,1,legbyes,,,,PK vs DC 2021-04-18,AK Chaudhary,PR Reiffel,S Dhawan,Delhi Capitals,Mumbai,"Wankhede Stadium, Mumbai",2021-04-18
1st innings,Punjab Kings,Delhi Capitals,18.5,DJ Hooda,N Pooran,Avesh Khan,0,0,0,,N Pooran,caught,K Rabada,PK vs DC 2021-04-18,AK Chaudhary,PR Reiffel,S Dhawan,Delhi Capitals,Mumbai,"Wankhede Stadium, Mumbai",2021-04-18
1st innings,Punjab Kings,Delhi Capitals,18.6,M Shahrukh Khan,DJ Hooda,Avesh Khan,0,0,0,,,,,PK vs DC 2021-04-18,AK Chaudhary,PR Reiffel,S Dhawan,Delhi Capitals,Mumbai,"Wankhede Stadium, Mumbai",2021-04-18
1st innings,Punjab Kings,Delhi Capitals,19.1,DJ Hooda,M Shahrukh Khan,CR Woakes,0,4,4,,,,,PK vs DC 2021-04-18,AK Chaudhary,PR Reiffel,S Dhawan,Delhi Capitals,Mumbai,"Wankhede Stadium, Mumbai",2021-04-18
1st innings,Punjab Kings,Delhi Capitals,19.2,DJ Hooda,M Shahrukh Khan,CR Woakes,0,0,0,,,,,PK vs DC 2021-04-18,AK Chaudhary,PR Reiffel,S Dhawan,Delhi Capitals,Mumbai,"Wankhede Stadium, Mumbai",2021-04-18
1st innings,Punjab Kings,Delhi Capitals,19.3,DJ Hooda,M Shahrukh Khan,CR Woakes,0,4,4,,,,,PK vs DC 2021-04-18,AK Chaudhary,PR Reiffel,S Dhawan,Delhi Capitals,Mumbai,"Wankhede Stadium, Mumbai",2021-04-18
1st innings,Punjab Kings,Delhi Capitals,19.4,DJ Hooda,M Shahrukh Khan,CR Woakes,0,6,6,,,,,PK vs DC 2021-04-18,AK Chaudhary,PR Reiffel,S Dhawan,Delhi Capitals,Mumbai,"Wankhede Stadium, Mumbai",2021-04-18
1st innings,Punjab Kings,Delhi Capitals,19.5,DJ Hooda,M Shahrukh Khan,CR Woakes,0,1,1,,,,,PK vs DC 2021-04-18,AK Chaudhary,PR Reiffel,S Dhawan,Delhi Capitals,Mumbai,"Wankhede Stadium, Mumbai",2021-04-18
1st innings,Punjab Kings,Delhi Capitals,19.6,M Shahrukh Khan,DJ Hooda,CR Woakes,0,1,1,,,,,PK vs DC 2021-04-18,AK Chaudhary,PR Reiffel,S Dhawan,Delhi Capitals,Mumbai,"Wankhede Stadium, Mumbai",2021-04-18
2nd innings,Delhi Capitals,Punjab Kings,0.1,S Dhawan,PP Shaw,Arshdeep Singh,0,0,0,,,,,PK vs DC 2021-04-18,AK Chaudhary,PR Reiffel,S Dhawan,Delhi Capitals,Mumbai,"Wankhede Stadium, Mumbai",2021-04-18
2nd innings,Delhi Capitals,Punjab Kings,0.2,S Dhawan,PP Shaw,Arshdeep Singh,0,2,2,,,,,PK vs DC 2021-04-18,AK Chaudhary,PR Reiffel,S Dhawan,Delhi Capitals,Mumbai,"Wankhede Stadium, Mumbai",2021-04-18
2nd innings,Delhi Capitals,Punjab Kings,0.3,S Dhawan,PP Shaw,Arshdeep Singh,0,2,2,,,,,PK vs DC 2021-04-18,AK Chaudhary,PR Reiffel,S Dhawan,Delhi Capitals,Mumbai,"Wankhede Stadium, Mumbai",2021-04-18
2nd innings,Delhi Capitals,Punjab Kings,0.4,S Dhawan,PP Shaw,Arshdeep Singh,0,1,1,,,,,PK vs DC 2021-04-18,AK Chaudhary,PR Reiffel,S Dhawan,Delhi Capitals,Mumbai,"Wankhede Stadium, Mumbai",2021-04-18
2nd innings,Delhi Capitals,Punjab Kings,0.5,PP Shaw,S Dhawan,Arshdeep Singh,0,4,4,,,,,PK vs DC 2021-04-18,AK Chaudhary,PR Reiffel,S Dhawan,Delhi Capitals,Mumbai,"Wankhede Stadium, Mumbai",2021-04-18
2nd innings,Delhi Capitals,Punjab Kings,0.6,PP Shaw,S Dhawan,Arshdeep Singh,0,1,1,,,,,PK vs DC 2021-04-18,AK Chaudhary,PR Reiffel,S Dhawan,Delhi Capitals,Mumbai,"Wankhede Stadium, Mumbai",2021-04-18
2nd innings,Delhi Capitals,Punjab Kings,1.1,PP Shaw,S Dhawan,Mohammed Shami,0,0,0,,,,,PK vs DC 2021-04-18,AK Chaudhary,PR Reiffel,S Dhawan,Delhi Capitals,Mumbai,"Wankhede Stadium, Mumbai",2021-04-18
2nd innings,Delhi Capitals,Punjab Kings,1.2,PP Shaw,S Dhawan,Mohammed Shami,0,0,0,,,,,PK vs DC 2021-04-18,AK Chaudhary,PR Reiffel,S Dhawan,Delhi Capitals,Mumbai,"Wankhede Stadium, Mumbai",2021-04-18
2nd innings,Delhi Capitals,Punjab Kings,1.3,PP Shaw,S Dhawan,Mohammed Shami,0,1,1,,,,,PK vs DC 2021-04-18,AK Chaudhary,PR Reiffel,S Dhawan,Delhi Capitals,Mumbai,"Wankhede Stadium, Mumbai",2021-04-18
2nd innings,Delhi Capitals,Punjab Kings,1.4,S Dhawan,PP Shaw,Mohammed Shami,0,4,4,,,,,PK vs DC 2021-04-18,AK Chaudhary,PR Reiffel,S Dhawan,Delhi Capitals,Mumbai,"Wankhede Stadium, Mumbai",2021-04-18
2nd innings,Delhi Capitals,Punjab Kings,1.5,S Dhawan,PP Shaw,Mohammed Shami,0,0,0,,,,,PK vs DC 2021-04-18,AK Chaudhary,PR Reiffel,S Dhawan,Delhi Capitals,Mumbai,"Wankhede Stadium, Mumbai",2021-04-18
2nd innings,Delhi Capitals,Punjab Kings,1.6,S Dhawan,PP Shaw,Mohammed Shami,0,6,6,,,,,PK vs DC 2021-04-18,AK Chaudhary,PR Reiffel,S Dhawan,Delhi Capitals,Mumbai,"Wankhede Stadium, Mumbai",2021-04-18
2nd innings,Delhi Capitals,Punjab Kings,2.1,PP Shaw,S Dhawan,Jalaj S Saxena,0,1,1,,,,,PK vs DC 2021-04-18,AK Chaudhary,PR Reiffel,S Dhawan,Delhi Capitals,Mumbai,"Wankhede Stadium, Mumbai",2021-04-18
2nd innings,Delhi Capitals,Punjab Kings,2.2,S Dhawan,PP Shaw,Jalaj S Saxena,0,4,4,,,,,PK vs DC 2021-04-18,AK Chaudhary,PR Reiffel,S Dhawan,Delhi Capitals,Mumbai,"Wankhede Stadium, Mumbai",2021-04-18
2nd innings,Delhi Capitals,Punjab Kings,2.3,S Dhawan,PP Shaw,Jalaj S Saxena,0,0,0,,,,,PK vs DC 2021-04-18,AK Chaudhary,PR Reiffel,S Dhawan,Delhi Capitals,Mumbai,"Wankhede Stadium, Mumbai",2021-04-18
2nd innings,Delhi Capitals,Punjab Kings,2.4,S Dhawan,PP Shaw,Jalaj S Saxena,0,1,1,,,,,PK vs DC 2021-04-18,AK Chaudhary,PR Reiffel,S Dhawan,Delhi Capitals,Mumbai,"Wankhede Stadium, Mumbai",2021-04-18
2nd innings,Delhi Capitals,Punjab Kings,2.5,PP Shaw,S Dhawan,Jalaj S Saxena,0,0,0,,,,,PK vs DC 2021-04-18,AK Chaudhary,PR Reiffel,S Dhawan,Delhi Capitals,Mumbai,"Wankhede Stadium, Mumbai",2021-04-18
2nd innings,Delhi Capitals,Punjab Kings,2.6,PP Shaw,S Dhawan,Jalaj S Saxena,0,4,4,,,,,PK vs DC 2021-04-18,AK Chaudhary,PR Reiffel,S Dhawan,Delhi Capitals,Mumbai,"Wankhede Stadium, Mumbai",2021-04-18
2nd innings,Delhi Capitals,Punjab Kings,3.1,S Dhawan,PP Shaw,JA Richardson,0,0,0,,,,,PK vs DC 2021-04-18,AK Chaudhary,PR Reiffel,S Dhawan,Delhi Capitals,Mumbai,"Wankhede Stadium, Mumbai",2021-04-18
2nd innings,Delhi Capitals,Punjab Kings,3.2,S Dhawan,PP Shaw,JA Richardson,0,0,0,,,,,PK vs DC 2021-04-18,AK Chaudhary,PR Reiffel,S Dhawan,Delhi Capitals,Mumbai,"Wankhede Stadium, Mumbai",2021-04-18
2nd innings,Delhi Capitals,Punjab Kings,3.3,S Dhawan,PP Shaw,JA Richardson,0,4,4,,,,,PK vs DC 2021-04-18,AK Chaudhary,PR Reiffel,S Dhawan,Delhi Capitals,Mumbai,"Wankhede Stadium, Mumbai",2021-04-18
2nd innings,Delhi Capitals,Punjab Kings,3.4,S Dhawan,PP Shaw,JA Richardson,0,1,1,,,,,PK vs DC 2021-04-18,AK Chaudhary,PR Reiffel,S Dhawan,Delhi Capitals,Mumbai,"Wankhede Stadium, Mumbai",2021-04-18
2nd innings,Delhi Capitals,Punjab Kings,3.5,PP Shaw,S Dhawan,JA Richardson,0,1,1,,,,,PK vs DC 2021-04-18,AK Chaudhary,PR Reiffel,S Dhawan,Delhi Capitals,Mumbai,"Wankhede Stadium, Mumbai",2021-04-18
2nd innings,Delhi Capitals,Punjab Kings,3.6,S Dhawan,PP Shaw,JA Richardson,0,6,6,,,,,PK vs DC 2021-04-18,AK Chaudhary,PR Reiffel,S Dhawan,Delhi Capitals,Mumbai,"Wankhede Stadium, Mumbai",2021-04-18
2nd innings,Delhi Capitals,Punjab Kings,4.1,PP Shaw,S Dhawan,Mohammed Shami,0,4,4,,,,,PK vs DC 2021-04-18,AK Chaudhary,PR Reiffel,S Dhawan,Delhi Capitals,Mumbai,"Wankhede Stadium, Mumbai",2021-04-18
2nd innings,Delhi Capitals,Punjab Kings,4.2,PP Shaw,S Dhawan,Mohammed Shami,0,0,0,,,,,PK vs DC 2021-04-18,AK Chaudhary,PR Reiffel,S Dhawan,Delhi Capitals,Mumbai,"Wankhede Stadium, Mumbai",2021-04-18
2nd innings,Delhi Capitals,Punjab Kings,4.3,PP Shaw,S Dhawan,Mohammed Shami,0,0,0,,,,,PK vs DC 2021-04-18,AK Chaudhary,PR Reiffel,S Dhawan,Delhi Capitals,Mumbai,"Wankhede Stadium, Mumbai",2021-04-18
2nd innings,Delhi Capitals,Punjab Kings,4.4,PP Shaw,S Dhawan,Mohammed Shami,0,2,2,,,,,PK vs DC 2021-04-18,AK Chaudhary,PR Reiffel,S Dhawan,Delhi Capitals,Mumbai,"Wankhede Stadium, Mumbai",2021-04-18
2nd innings,Delhi Capitals,Punjab Kings,4.5,PP Shaw,S Dhawan,Mohammed Shami,0,4,4,,,,,PK vs DC 2021-04-18,AK Chaudhary,PR Reiffel,S Dhawan,Delhi Capitals,Mumbai,"Wankhede Stadium, Mumbai",2021-04-18
2nd innings,Delhi Capitals,Punjab Kings,4.6,PP Shaw,S Dhawan,Mohammed Shami,0,4,4,,,,,PK vs DC 2021-04-18,AK Chaudhary,PR Reiffel,S Dhawan,Delhi Capitals,Mumbai,"Wankhede Stadium, Mumbai",2021-04-18
2nd innings,Delhi Capitals,Punjab Kings,5.1,S Dhawan,PP Shaw,Arshdeep Singh,0,1,1,,,,,PK vs DC 2021-04-18,AK Chaudhary,PR Reiffel,S Dhawan,Delhi Capitals,Mumbai,"Wankhede Stadium, Mumbai",2021-04-18
2nd innings,Delhi Capitals,Punjab Kings,5.2,PP Shaw,S Dhawan,Arshdeep Singh,1,0,1,legbyes,,,,PK vs DC 2021-04-18,AK Chaudhary,PR Reiffel,S Dhawan,Delhi Capitals,Mumbai,"Wankhede Stadium, Mumbai",2021-04-18
2nd innings,Delhi Capitals,Punjab Kings,5.3,S Dhawan,PP Shaw,Arshdeep Singh,0,0,0,,PP Shaw,caught,CH Gayle,PK vs DC 2021-04-18,AK Chaudhary,PR Reiffel,S Dhawan,Delhi Capitals,Mumbai,"Wankhede Stadium, Mumbai",2021-04-18
2nd innings,Delhi Capitals,Punjab Kings,5.4,SPD Smith,S Dhawan,Arshdeep Singh,0,1,1,,,,,PK vs DC 2021-04-18,AK Chaudhary,PR Reiffel,S Dhawan,Delhi Capitals,Mumbai,"Wankhede Stadium, Mumbai",2021-04-18
2nd innings,Delhi Capitals,Punjab Kings,5.5,S Dhawan,SPD Smith,Arshdeep Singh,0,1,1,,,,,PK vs DC 2021-04-18,AK Chaudhary,PR Reiffel,S Dhawan,Delhi Capitals,Mumbai,"Wankhede Stadium, Mumbai",2021-04-18
2nd innings,Delhi Capitals,Punjab Kings,5.6,SPD Smith,S Dhawan,Arshdeep Singh,0,1,1,,,,,PK vs DC 2021-04-18,AK Chaudhary,PR Reiffel,S Dhawan,Delhi Capitals,Mumbai,"Wankhede Stadium, Mumbai",2021-04-18
2nd innings,Delhi Capitals,Punjab Kings,6.1,SPD Smith,S Dhawan,DJ Hooda,0,1,1,,,,,PK vs DC 2021-04-18,AK Chaudhary,PR Reiffel,S Dhawan,Delhi Capitals,Mumbai,"Wankhede Stadium, Mumbai",2021-04-18
2nd innings,Delhi Capitals,Punjab Kings,6.2,S Dhawan,SPD Smith,DJ Hooda,0,1,1,,,,,PK vs DC 2021-04-18,AK Chaudhary,PR Reiffel,S Dhawan,Delhi Capitals,Mumbai,"Wankhede Stadium, Mumbai",2021-04-18
2nd innings,Delhi Capitals,Punjab Kings,6.3,SPD Smith,S Dhawan,DJ Hooda,0,1,1,,,,,PK vs DC 2021-04-18,AK Chaudhary,PR Reiffel,S Dhawan,Delhi Capitals,Mumbai,"Wankhede Stadium, Mumbai",2021-04-18
2nd innings,Delhi Capitals,Punjab Kings,6.4,S Dhawan,SPD Smith,DJ Hooda,0,0,0,,,,,PK vs DC 2021-04-18,AK Chaudhary,PR Reiffel,S Dhawan,Delhi Capitals,Mumbai,"Wankhede Stadium, Mumbai",2021-04-18
2nd innings,Delhi Capitals,Punjab Kings,6.5,S Dhawan,SPD Smith,DJ Hooda,0,1,1,,,,,PK vs DC 2021-04-18,AK Chaudhary,PR Reiffel,S Dhawan,Delhi Capitals,Mumbai,"Wankhede Stadium, Mumbai",2021-04-18
2nd innings,Delhi Capitals,Punjab Kings,6.6,SPD Smith,S Dhawan,DJ Hooda,0,2,2,,,,,PK vs DC 2021-04-18,AK Chaudhary,PR Reiffel,S Dhawan,Delhi Capitals,Mumbai,"Wankhede Stadium, Mumbai",2021-04-18
2nd innings,Delhi Capitals,Punjab Kings,7.1,S Dhawan,SPD Smith,Jalaj S Saxena,0,1,1,,,,,PK vs DC 2021-04-18,AK Chaudhary,PR Reiffel,S Dhawan,Delhi Capitals,Mumbai,"Wankhede Stadium, Mumbai",2021-04-18
2nd innings,Delhi Capitals,Punjab Kings,7.2,SPD Smith,S Dhawan,Jalaj S Saxena,0,0,0,,,,,PK vs DC 2021-04-18,AK Chaudhary,PR Reiffel,S Dhawan,Delhi Capitals,Mumbai,"Wankhede Stadium, Mumbai",2021-04-18
2nd innings,Delhi Capitals,Punjab Kings,7.3,SPD Smith,S Dhawan,Jalaj S Saxena,0,0,0,,,,,PK vs DC 2021-04-18,AK Chaudhary,PR Reiffel,S Dhawan,Delhi Capitals,Mumbai,"Wankhede Stadium, Mumbai",2021-04-18
2nd innings,Delhi Capitals,Punjab Kings,7.4,SPD Smith,S Dhawan,Jalaj S Saxena,0,1,1,,,,,PK vs DC 2021-04-18,AK Chaudhary,PR Reiffel,S Dhawan,Delhi Capitals,Mumbai,"Wankhede Stadium, Mumbai",2021-04-18
2nd innings,Delhi Capitals,Punjab Kings,7.5,S Dhawan,SPD Smith,Jalaj S Saxena,0,1,1,,,,,PK vs DC 2021-04-18,AK Chaudhary,PR Reiffel,S Dhawan,Delhi Capitals,Mumbai,"Wankhede Stadium, Mumbai",2021-04-18
2nd innings,Delhi Capitals,Punjab Kings,7.6,SPD Smith,S Dhawan,Jalaj S Saxena,0,4,4,,,,,PK vs DC 2021-04-18,AK Chaudhary,PR Reiffel,S Dhawan,Delhi Capitals,Mumbai,"Wankhede Stadium, Mumbai",2021-04-18
2nd innings,Delhi Capitals,Punjab Kings,8.1,S Dhawan,SPD Smith,DJ Hooda,0,1,1,,,,,PK vs DC 2021-04-18,AK Chaudhary,PR Reiffel,S Dhawan,Delhi Capitals,Mumbai,"Wankhede Stadium, Mumbai",2021-04-18
2nd innings,Delhi Capitals,Punjab Kings,8.2,SPD Smith,S Dhawan,DJ Hooda,0,1,1,,,,,PK vs DC 2021-04-18,AK Chaudhary,PR Reiffel,S Dhawan,Delhi Capitals,Mumbai,"Wankhede Stadium, Mumbai",2021-04-18
2nd innings,Delhi Capitals,Punjab Kings,8.3,S Dhawan,SPD Smith,DJ Hooda,0,1,1,,,,,PK vs DC 2021-04-18,AK Chaudhary,PR Reiffel,S Dhawan,Delhi Capitals,Mumbai,"Wankhede Stadium, Mumbai",2021-04-18
2nd innings,Delhi Capitals,Punjab Kings,8.4,SPD Smith,S Dhawan,DJ Hooda,0,4,4,,,,,PK vs DC 2021-04-18,AK Chaudhary,PR Reiffel,S Dhawan,Delhi Capitals,Mumbai,"Wankhede Stadium, Mumbai",2021-04-18
2nd innings,Delhi Capitals,Punjab Kings,8.5,SPD Smith,S Dhawan,DJ Hooda,0,4,4,,,,,PK vs DC 2021-04-18,AK Chaudhary,PR Reiffel,S Dhawan,Delhi Capitals,Mumbai,"Wankhede Stadium, Mumbai",2021-04-18
2nd innings,Delhi Capitals,Punjab Kings,8.6,SPD Smith,S Dhawan,DJ Hooda,0,1,1,,,,,PK vs DC 2021-04-18,AK Chaudhary,PR Reiffel,S Dhawan,Delhi Capitals,Mumbai,"Wankhede Stadium, Mumbai",2021-04-18
2nd innings,Delhi Capitals,Punjab Kings,9.1,SPD Smith,S Dhawan,JA Richardson,0,2,2,,,,,PK vs DC 2021-04-18,AK Chaudhary,PR Reiffel,S Dhawan,Delhi Capitals,Mumbai,"Wankhede Stadium, Mumbai",2021-04-18
2nd innings,Delhi Capitals,Punjab Kings,9.2,SPD Smith,S Dhawan,JA Richardson,0,1,1,,,,,PK vs DC 2021-04-18,AK Chaudhary,PR Reiffel,S Dhawan,Delhi Capitals,Mumbai,"Wankhede Stadium, Mumbai",2021-04-18
2nd innings,Delhi Capitals,Punjab Kings,9.3,S Dhawan,SPD Smith,JA Richardson,0,1,1,,,,,PK vs DC 2021-04-18,AK Chaudhary,PR Reiffel,S Dhawan,Delhi Capitals,Mumbai,"Wankhede Stadium, Mumbai",2021-04-18
2nd innings,Delhi Capitals,Punjab Kings,9.4,SPD Smith,S Dhawan,JA Richardson,0,0,0,,,,,PK vs DC 2021-04-18,AK Chaudhary,PR Reiffel,S Dhawan,Delhi Capitals,Mumbai,"Wankhede Stadium, Mumbai",2021-04-18
2nd innings,Delhi Capitals,Punjab Kings,9.5,SPD Smith,S Dhawan,JA Richardson,0,6,6,,,,,PK vs DC 2021-04-18,AK Chaudhary,PR Reiffel,S Dhawan,Delhi Capitals,Mumbai,"Wankhede Stadium, Mumbai",2021-04-18
2nd innings,Delhi Capitals,Punjab Kings,9.6,SPD Smith,S Dhawan,JA Richardson,0,2,2,,,,,PK vs DC 2021-04-18,AK Chaudhary,PR Reiffel,S Dhawan,Delhi Capitals,Mumbai,"Wankhede Stadium, Mumbai",2021-04-18
2nd innings,Delhi Capitals,Punjab Kings,10.1,S Dhawan,SPD Smith,RP Meredith,1,0,1,legbyes,,,,PK vs DC 2021-04-18,AK Chaudhary,PR Reiffel,S Dhawan,Delhi Capitals,Mumbai,"Wankhede Stadium, Mumbai",2021-04-18
2nd innings,Delhi Capitals,Punjab Kings,10.2,SPD Smith,S Dhawan,RP Meredith,0,1,1,,,,,PK vs DC 2021-04-18,AK Chaudhary,PR Reiffel,S Dhawan,Delhi Capitals,Mumbai,"Wankhede Stadium, Mumbai",2021-04-18
2nd innings,Delhi Capitals,Punjab Kings,10.3,S Dhawan,SPD Smith,RP Meredith,0,1,1,,,,,PK vs DC 2021-04-18,AK Chaudhary,PR Reiffel,S Dhawan,Delhi Capitals,Mumbai,"Wankhede Stadium, Mumbai",2021-04-18
2nd innings,Delhi Capitals,Punjab Kings,10.4,SPD Smith,S Dhawan,RP Meredith,0,4,4,,,,,PK vs DC 2021-04-18,AK Chaudhary,PR Reiffel,S Dhawan,Delhi Capitals,Mumbai,"Wankhede Stadium, Mumbai",2021-04-18
2nd innings,Delhi Capitals,Punjab Kings,10.5,SPD Smith,S Dhawan,RP Meredith,0,1,1,,,,,PK vs DC 2021-04-18,AK Chaudhary,PR Reiffel,S Dhawan,Delhi Capitals,Mumbai,"Wankhede Stadium, Mumbai",2021-04-18
2nd innings,Delhi Capitals,Punjab Kings,10.6,S Dhawan,SPD Smith,RP Meredith,0,0,0,,SPD Smith,caught,JA Richardson,PK vs DC 2021-04-18,AK Chaudhary,PR Reiffel,S Dhawan,Delhi Capitals,Mumbai,"Wankhede Stadium, Mumbai",2021-04-18
2nd innings,Delhi Capitals,Punjab Kings,11.1,RR Pant,S Dhawan,Jalaj S Saxena,0,2,2,,,,,PK vs DC 2021-04-18,AK Chaudhary,PR Reiffel,S Dhawan,Delhi Capitals,Mumbai,"Wankhede Stadium, Mumbai",2021-04-18
2nd innings,Delhi Capitals,Punjab Kings,11.2,RR Pant,S Dhawan,Jalaj S Saxena,0,0,0,,,,,PK vs DC 2021-04-18,AK Chaudhary,PR Reiffel,S Dhawan,Delhi Capitals,Mumbai,"Wankhede Stadium, Mumbai",2021-04-18
2nd innings,Delhi Capitals,Punjab Kings,11.3,RR Pant,S Dhawan,Jalaj S Saxena,0,1,1,,,,,PK vs DC 2021-04-18,AK Chaudhary,PR Reiffel,S Dhawan,Delhi Capitals,Mumbai,"Wankhede Stadium, Mumbai",2021-04-18
2nd innings,Delhi Capitals,Punjab Kings,11.4,S Dhawan,RR Pant,Jalaj S Saxena,0,2,2,,,,,PK vs DC 2021-04-18,AK Chaudhary,PR Reiffel,S Dhawan,Delhi Capitals,Mumbai,"Wankhede Stadium, Mumbai",2021-04-18
2nd innings,Delhi Capitals,Punjab Kings,11.5,S Dhawan,RR Pant,Jalaj S Saxena,0,1,1,,,,,PK vs DC 2021-04-18,AK Chaudhary,PR Reiffel,S Dhawan,Delhi Capitals,Mumbai,"Wankhede Stadium, Mumbai",2021-04-18
2nd innings,Delhi Capitals,Punjab Kings,11.6,RR Pant,S Dhawan,Jalaj S Saxena,0,4,4,,,,,PK vs DC 2021-04-18,AK Chaudhary,PR Reiffel,S Dhawan,Delhi Capitals,Mumbai,"Wankhede Stadium, Mumbai",2021-04-18
2nd innings,Delhi Capitals,Punjab Kings,12.1,S Dhawan,RR Pant,Mohammed Shami,0,0,0,,,,,PK vs DC 2021-04-18,AK Chaudhary,PR Reiffel,S Dhawan,Delhi Capitals,Mumbai,"Wankhede Stadium, Mumbai",2021-04-18
2nd innings,Delhi Capitals,Punjab Kings,12.2,S Dhawan,RR Pant,Mohammed Shami,0,1,1,,,,,PK vs DC 2021-04-18,AK Chaudhary,PR Reiffel,S Dhawan,Delhi Capitals,Mumbai,"Wankhede Stadium, Mumbai",2021-04-18
2nd innings,Delhi Capitals,Punjab Kings,12.3,RR Pant,S Dhawan,Mohammed Shami,0,6,6,,,,,PK vs DC 2021-04-18,AK Chaudhary,PR Reiffel,S Dhawan,Delhi Capitals,Mumbai,"Wankhede Stadium, Mumbai",2021-04-18
2nd innings,Delhi Capitals,Punjab Kings,12.4,RR Pant,S Dhawan,Mohammed Shami,0,1,1,,,,,PK vs DC 2021-04-18,AK Chaudhary,PR Reiffel,S Dhawan,Delhi Capitals,Mumbai,"Wankhede Stadium, Mumbai",2021-04-18
2nd innings,Delhi Capitals,Punjab Kings,12.5,S Dhawan,RR Pant,Mohammed Shami,0,0,0,,,,,PK vs DC 2021-04-18,AK Chaudhary,PR Reiffel,S Dhawan,Delhi Capitals,Mumbai,"Wankhede Stadium, Mumbai",2021-04-18
2nd innings,Delhi Capitals,Punjab Kings,12.6,S Dhawan,RR Pant,Mohammed Shami,0,0,0,,,,,PK vs DC 2021-04-18,AK Chaudhary,PR Reiffel,S Dhawan,Delhi Capitals,Mumbai,"Wankhede Stadium, Mumbai",2021-04-18
2nd innings,Delhi Capitals,Punjab Kings,13.1,RR Pant,S Dhawan,RP Meredith,0,4,4,,,,,PK vs DC 2021-04-18,AK Chaudhary,PR Reiffel,S Dhawan,Delhi Capitals,Mumbai,"Wankhede Stadium, Mumbai",2021-04-18
2nd innings,Delhi Capitals,Punjab Kings,13.2,RR Pant,S Dhawan,RP Meredith,0,4,4,,,,,PK vs DC 2021-04-18,AK Chaudhary,PR Reiffel,S Dhawan,Delhi Capitals,Mumbai,"Wankhede Stadium, Mumbai",2021-04-18
2nd innings,Delhi Capitals,Punjab Kings,13.3,RR Pant,S Dhawan,RP Meredith,0,4,4,,,,,PK vs DC 2021-04-18,AK Chaudhary,PR Reiffel,S Dhawan,Delhi Capitals,Mumbai,"Wankhede Stadium, Mumbai",2021-04-18
2nd innings,Delhi Capitals,Punjab Kings,13.4,RR Pant,S Dhawan,RP Meredith,5,0,5,wides,,,,PK vs DC 2021-04-18,AK Chaudhary,PR Reiffel,S Dhawan,Delhi Capitals,Mumbai,"Wankhede Stadium, Mumbai",2021-04-18
2nd innings,Delhi Capitals,Punjab Kings,13.5,RR Pant,S Dhawan,RP Meredith,0,1,1,,,,,PK vs DC 2021-04-18,AK Chaudhary,PR Reiffel,S Dhawan,Delhi Capitals,Mumbai,"Wankhede Stadium, Mumbai",2021-04-18
2nd innings,Delhi Capitals,Punjab Kings,13.6,S Dhawan,RR Pant,RP Meredith,0,0,0,,,,,PK vs DC 2021-04-18,AK Chaudhary,PR Reiffel,S Dhawan,Delhi Capitals,Mumbai,"Wankhede Stadium, Mumbai",2021-04-18
2nd innings,Delhi Capitals,Punjab Kings,13.7,S Dhawan,RR Pant,RP Meredith,0,0,0,,,,,PK vs DC 2021-04-18,AK Chaudhary,PR Reiffel,S Dhawan,Delhi Capitals,Mumbai,"Wankhede Stadium, Mumbai",2021-04-18
2nd innings,Delhi Capitals,Punjab Kings,14.1,RR Pant,S Dhawan,JA Richardson,0,1,1,,,,,PK vs DC 2021-04-18,AK Chaudhary,PR Reiffel,S Dhawan,Delhi Capitals,Mumbai,"Wankhede Stadium, Mumbai",2021-04-18
2nd innings,Delhi Capitals,Punjab Kings,14.2,S Dhawan,RR Pant,JA Richardson,0,6,6,,,,,PK vs DC 2021-04-18,AK Chaudhary,PR Reiffel,S Dhawan,Delhi Capitals,Mumbai,"Wankhede Stadium, Mumbai",2021-04-18
2nd innings,Delhi Capitals,Punjab Kings,14.3,S Dhawan,RR Pant,JA Richardson,1,0,1,wides,,,,PK vs DC 2021-04-18,AK Chaudhary,PR Reiffel,S Dhawan,Delhi Capitals,Mumbai,"Wankhede Stadium, Mumbai",2021-04-18
2nd innings,Delhi Capitals,Punjab Kings,14.4,S Dhawan,RR Pant,JA Richardson,0,0,0,,,,,PK vs DC 2021-04-18,AK Chaudhary,PR Reiffel,S Dhawan,Delhi Capitals,Mumbai,"Wankhede Stadium, Mumbai",2021-04-18
2nd innings,Delhi Capitals,Punjab Kings,14.5,S Dhawan,RR Pant,JA Richardson,0,1,1,,,,,PK vs DC 2021-04-18,AK Chaudhary,PR Reiffel,S Dhawan,Delhi Capitals,Mumbai,"Wankhede Stadium, Mumbai",2021-04-18
2nd innings,Delhi Capitals,Punjab Kings,14.6,RR Pant,S Dhawan,JA Richardson,0,0,0,,S Dhawan,bowled,,PK vs DC 2021-04-18,AK Chaudhary,PR Reiffel,S Dhawan,Delhi Capitals,Mumbai,"Wankhede Stadium, Mumbai",2021-04-18
2nd innings,Delhi Capitals,Punjab Kings,14.7,RR Pant,MP Stoinis,JA Richardson,0,0,0,,,,,PK vs DC 2021-04-18,AK Chaudhary,PR Reiffel,S Dhawan,Delhi Capitals,Mumbai,"Wankhede Stadium, Mumbai",2021-04-18
2nd innings,Delhi Capitals,Punjab Kings,15.1,MP Stoinis,RR Pant,Arshdeep Singh,0,1,1,,,,,PK vs DC 2021-04-18,AK Chaudhary,PR Reiffel,S Dhawan,Delhi Capitals,Mumbai,"Wankhede Stadium, Mumbai",2021-04-18
2nd innings,Delhi Capitals,Punjab Kings,15.2,RR Pant,MP Stoinis,Arshdeep Singh,0,2,2,,,,,PK vs DC 2021-04-18,AK Chaudhary,PR Reiffel,S Dhawan,Delhi Capitals,Mumbai,"Wankhede Stadium, Mumbai",2021-04-18
2nd innings,Delhi Capitals,Punjab Kings,15.3,RR Pant,MP Stoinis,Arshdeep Singh,0,1,1,,,,,PK vs DC 2021-04-18,AK Chaudhary,PR Reiffel,S Dhawan,Delhi Capitals,Mumbai,"Wankhede Stadium, Mumbai",2021-04-18
2nd innings,Delhi Capitals,Punjab Kings,15.4,MP Stoinis,RR Pant,Arshdeep Singh,0,1,1,,,,,PK vs DC 2021-04-18,AK Chaudhary,PR Reiffel,S Dhawan,Delhi Capitals,Mumbai,"Wankhede Stadium, Mumbai",2021-04-18
2nd innings,Delhi Capitals,Punjab Kings,15.5,RR Pant,MP Stoinis,Arshdeep Singh,0,2,2,,,,,PK vs DC 2021-04-18,AK Chaudhary,PR Reiffel,S Dhawan,Delhi Capitals,Mumbai,"Wankhede Stadium, Mumbai",2021-04-18
2nd innings,Delhi Capitals,Punjab Kings,15.6,RR Pant,MP Stoinis,Arshdeep Singh,0,1,1,,,,,PK vs DC 2021-04-18,AK Chaudhary,PR Reiffel,S Dhawan,Delhi Capitals,Mumbai,"Wankhede Stadium, Mumbai",2021-04-18
2nd innings,Delhi Capitals,Punjab Kings,16.1,RR Pant,MP Stoinis,Mohammed Shami,0,1,1,,,,,PK vs DC 2021-04-18,AK Chaudhary,PR Reiffel,S Dhawan,Delhi Capitals,Mumbai,"Wankhede Stadium, Mumbai",2021-04-18
2nd innings,Delhi Capitals,Punjab Kings,16.2,MP Stoinis,RR Pant,Mohammed Shami,1,1,2,noballs,,,,PK vs DC 2021-04-18,AK Chaudhary,PR Reiffel,S Dhawan,Delhi Capitals,Mumbai,"Wankhede Stadium, Mumbai",2021-04-18
2nd innings,Delhi Capitals,Punjab Kings,16.3,RR Pant,MP Stoinis,Mohammed Shami,0,4,4,,,,,PK vs DC 2021-04-18,AK Chaudhary,PR Reiffel,S Dhawan,Delhi Capitals,Mumbai,"Wankhede Stadium, Mumbai",2021-04-18
2nd innings,Delhi Capitals,Punjab Kings,16.4,RR Pant,MP Stoinis,Mohammed Shami,1,0,1,noballs,,,,PK vs DC 2021-04-18,AK Chaudhary,PR Reiffel,S Dhawan,Delhi Capitals,Mumbai,"Wankhede Stadium, Mumbai",2021-04-18
2nd innings,Delhi Capitals,Punjab Kings,16.5,RR Pant,MP Stoinis,Mohammed Shami,0,6,6,,,,,PK vs DC 2021-04-18,AK Chaudhary,PR Reiffel,S Dhawan,Delhi Capitals,Mumbai,"Wankhede Stadium, Mumbai",2021-04-18
2nd innings,Delhi Capitals,Punjab Kings,16.6,RR Pant,MP Stoinis,Mohammed Shami,0,4,4,,,,,PK vs DC 2021-04-18,AK Chaudhary,PR Reiffel,S Dhawan,Delhi Capitals,Mumbai,"Wankhede Stadium, Mumbai",2021-04-18
2nd innings,Delhi Capitals,Punjab Kings,16.7,RR Pant,MP Stoinis,Mohammed Shami,0,1,1,,,,,PK vs DC 2021-04-18,AK Chaudhary,PR Reiffel,S Dhawan,Delhi Capitals,Mumbai,"Wankhede Stadium, Mumbai",2021-04-18
2nd innings,Delhi Capitals,Punjab Kings,16.8,MP Stoinis,RR Pant,Mohammed Shami,0,1,1,,,,,PK vs DC 2021-04-18,AK Chaudhary,PR Reiffel,S Dhawan,Delhi Capitals,Mumbai,"Wankhede Stadium, Mumbai",2021-04-18
2nd innings,Delhi Capitals,Punjab Kings,17.1,MP Stoinis,RR Pant,JA Richardson,0,0,0,,RR Pant,caught,DJ Hooda,PK vs DC 2021-04-18,AK Chaudhary,PR Reiffel,S Dhawan,Delhi Capitals,Mumbai,"Wankhede Stadium, Mumbai",2021-04-18
2nd innings,Delhi Capitals,Punjab Kings,17.2,Lalit Yadav,MP Stoinis,JA Richardson,0,1,1,,,,,PK vs DC 2021-04-18,AK Chaudhary,PR Reiffel,S Dhawan,Delhi Capitals,Mumbai,"Wankhede Stadium, Mumbai",2021-04-18
2nd innings,Delhi Capitals,Punjab Kings,17.3,MP Stoinis,Lalit Yadav,JA Richardson,0,0,0,,,,,PK vs DC 2021-04-18,AK Chaudhary,PR Reiffel,S Dhawan,Delhi Capitals,Mumbai,"Wankhede Stadium, Mumbai",2021-04-18
2nd innings,Delhi Capitals,Punjab Kings,17.4,MP Stoinis,Lalit Yadav,JA Richardson,0,4,4,,,,,PK vs DC 2021-04-18,AK Chaudhary,PR Reiffel,S Dhawan,Delhi Capitals,Mumbai,"Wankhede Stadium, Mumbai",2021-04-18
2nd innings,Delhi Capitals,Punjab Kings,17.5,MP Stoinis,Lalit Yadav,JA Richardson,0,2,2,,,,,PK vs DC 2021-04-18,AK Chaudhary,PR Reiffel,S Dhawan,Delhi Capitals,Mumbai,"Wankhede Stadium, Mumbai",2021-04-18
2nd innings,Delhi Capitals,Punjab Kings,17.6,MP Stoinis,Lalit Yadav,JA Richardson,0,1,1,,,,,PK vs DC 2021-04-18,AK Chaudhary,PR Reiffel,S Dhawan,Delhi Capitals,Mumbai,"Wankhede Stadium, Mumbai",2021-04-18
2nd innings,Delhi Capitals,Punjab Kings,18.1,MP Stoinis,Lalit Yadav,RP Meredith,1,4,5,noballs,,,,PK vs DC 2021-04-18,AK Chaudhary,PR Reiffel,S Dhawan,Delhi Capitals,Mumbai,"Wankhede Stadium, Mumbai",2021-04-18
2nd innings,Delhi Capitals,Punjab Kings,18.2,MP Stoinis,Lalit Yadav,RP Meredith,0,1,1,,,,,PK vs DC 2021-04-18,AK Chaudhary,PR Reiffel,S Dhawan,Delhi Capitals,Mumbai,"Wankhede Stadium, Mumbai",2021-04-18
2nd innings,Delhi Capitals,Punjab Kings,18.3,Lalit Yadav,MP Stoinis,RP Meredith,0,4,4,,,,,PK vs DC 2021-04-18,AK Chaudhary,PR Reiffel,S Dhawan,Delhi Capitals,Mumbai,"Wankhede Stadium, Mumbai",2021-04-18
