inning,batting_team,bowling_team,ball,non_striker,batsman,bowler,extra_runs,batsman_run,total_runs,extras,player_out,elimination_kind,fielders_caught,match_name,umpires_1,umpires_2,player_of_match,winner,city,venue,dates
1st innings,Punjab Kings,Sunrisers Hyderabad,0.1,MA Agarwal,KL Rahul,Abhishek Sharma,0,1,1,,,,,PK vs SH 2021-04-21,K Srinivasan,Nitin Menon,JM Bairstow,Sunrisers Hyderabad,Chennai,"MA Chidambaram Stadium, Chepauk, Chennai",2021-04-21
1st innings,Punjab Kings,Sunrisers Hyderabad,0.2,KL Rahul,MA Agarwal,Abhishek Sharma,0,0,0,,,,,PK vs SH 2021-04-21,K Srinivasan,Nitin Menon,JM Bairstow,Sunrisers Hyderabad,Chennai,"MA Chidambaram Stadium, Chepauk, Chennai",2021-04-21
1st innings,Punjab Kings,Sunrisers Hyderabad,0.3,KL Rahul,MA Agarwal,Abhishek Sharma,0,0,0,,,,,PK vs SH 2021-04-21,K Srinivasan,Nitin Menon,JM Bairstow,Sunrisers Hyderabad,Chennai,"MA Chidambaram Stadium, Chepauk, Chennai",2021-04-21
1st innings,Punjab Kings,Sunrisers Hyderabad,0.4,KL Rahul,MA Agarwal,Abhishek Sharma,0,0,0,,,,,PK vs SH 2021-04-21,K Srinivasan,Nitin Menon,JM Bairstow,Sunrisers Hyderabad,Chennai,"MA Chidambaram Stadium, Chepauk, Chennai",2021-04-21
1st innings,Punjab Kings,Sunrisers Hyderabad,0.5,KL Rahul,MA Agarwal,Abhishek Sharma,0,0,0,,,,,PK vs SH 2021-04-21,K Srinivasan,Nitin Menon,JM Bairstow,Sunrisers Hyderabad,Chennai,"MA Chidambaram Stadium, Chepauk, Chennai",2021-04-21
1st innings,Punjab Kings,Sunrisers Hyderabad,0.6,KL Rahul,MA Agarwal,Abhishek Sharma,0,2,2,,,,,PK vs SH 2021-04-21,K Srinivasan,Nitin Menon,JM Bairstow,Sunrisers Hyderabad,Chennai,"MA Chidambaram Stadium, Chepauk, Chennai",2021-04-21
1st innings,Punjab Kings,Sunrisers Hyderabad,1.1,MA Agarwal,KL Rahul,B Kumar,0,1,1,,,,,PK vs SH 2021-04-21,K Srinivasan,Nitin Menon,JM Bairstow,Sunrisers Hyderabad,Chennai,"MA Chidambaram Stadium, Chepauk, Chennai",2021-04-21
1st innings,Punjab Kings,Sunrisers Hyderabad,1.2,KL Rahul,MA Agarwal,B Kumar,0,2,2,,,,,PK vs SH 2021-04-21,K Srinivasan,Nitin Menon,JM Bairstow,Sunrisers Hyderabad,Chennai,"MA Chidambaram Stadium, Chepauk, Chennai",2021-04-21
1st innings,Punjab Kings,Sunrisers Hyderabad,1.3,KL Rahul,MA Agarwal,B Kumar,0,0,0,,,,,PK vs SH 2021-04-21,K Srinivasan,Nitin Menon,JM Bairstow,Sunrisers Hyderabad,Chennai,"MA Chidambaram Stadium, Chepauk, Chennai",2021-04-21
1st innings,Punjab Kings,Sunrisers Hyderabad,1.4,KL Rahul,MA Agarwal,B Kumar,0,1,1,,,,,PK vs SH 2021-04-21,K Srinivasan,Nitin Menon,JM Bairstow,Sunrisers Hyderabad,Chennai,"MA Chidambaram Stadium, Chepauk, Chennai",2021-04-21
1st innings,Punjab Kings,Sunrisers Hyderabad,1.5,MA Agarwal,KL Rahul,B Kumar,0,1,1,,,,,PK vs SH 2021-04-21,K Srinivasan,Nitin Menon,JM Bairstow,Sunrisers Hyderabad,Chennai,"MA Chidambaram Stadium, Chepauk, Chennai",2021-04-21
1st innings,Punjab Kings,Sunrisers Hyderabad,1.6,KL Rahul,MA Agarwal,B Kumar,0,1,1,,,,,PK vs SH 2021-04-21,K Srinivasan,Nitin Menon,JM Bairstow,Sunrisers Hyderabad,Chennai,"MA Chidambaram Stadium, Chepauk, Chennai",2021-04-21
1st innings,Punjab Kings,Sunrisers Hyderabad,2.1,KL Rahul,MA Agarwal,KK Ahmed,0,0,0,,,,,PK vs SH 2021-04-21,K Srinivasan,Nitin Menon,JM Bairstow,Sunrisers Hyderabad,Chennai,"MA Chidambaram Stadium, Chepauk, Chennai",2021-04-21
1st innings,Punjab Kings,Sunrisers Hyderabad,2.2,KL Rahul,MA Agarwal,KK Ahmed,0,4,4,,,,,PK vs SH 2021-04-21,K Srinivasan,Nitin Menon,JM Bairstow,Sunrisers Hyderabad,Chennai,"MA Chidambaram Stadium, Chepauk, Chennai",2021-04-21
1st innings,Punjab Kings,Sunrisers Hyderabad,2.3,KL Rahul,MA Agarwal,KK Ahmed,0,0,0,,,,,PK vs SH 2021-04-21,K Srinivasan,Nitin Menon,JM Bairstow,Sunrisers Hyderabad,Chennai,"MA Chidambaram Stadium, Chepauk, Chennai",2021-04-21
1st innings,Punjab Kings,Sunrisers Hyderabad,2.4,KL Rahul,MA Agarwal,KK Ahmed,0,1,1,,,,,PK vs SH 2021-04-21,K Srinivasan,Nitin Menon,JM Bairstow,Sunrisers Hyderabad,Chennai,"MA Chidambaram Stadium, Chepauk, Chennai",2021-04-21
1st innings,Punjab Kings,Sunrisers Hyderabad,2.5,MA Agarwal,KL Rahul,KK Ahmed,0,0,0,,,,,PK vs SH 2021-04-21,K Srinivasan,Nitin Menon,JM Bairstow,Sunrisers Hyderabad,Chennai,"MA Chidambaram Stadium, Chepauk, Chennai",2021-04-21
1st innings,Punjab Kings,Sunrisers Hyderabad,2.6,MA Agarwal,KL Rahul,KK Ahmed,0,1,1,,,,,PK vs SH 2021-04-21,K Srinivasan,Nitin Menon,JM Bairstow,Sunrisers Hyderabad,Chennai,"MA Chidambaram Stadium, Chepauk, Chennai",2021-04-21
1st innings,Punjab Kings,Sunrisers Hyderabad,3.1,MA Agarwal,KL Rahul,B Kumar,0,0,0,,KL Rahul,caught,KM Jadhav,PK vs SH 2021-04-21,K Srinivasan,Nitin Menon,JM Bairstow,Sunrisers Hyderabad,Chennai,"MA Chidambaram Stadium, Chepauk, Chennai",2021-04-21
1st innings,Punjab Kings,Sunrisers Hyderabad,3.2,MA Agarwal,CH Gayle,B Kumar,0,0,0,,,,,PK vs SH 2021-04-21,K Srinivasan,Nitin Menon,JM Bairstow,Sunrisers Hyderabad,Chennai,"MA Chidambaram Stadium, Chepauk, Chennai",2021-04-21
1st innings,Punjab Kings,Sunrisers Hyderabad,3.3,MA Agarwal,CH Gayle,B Kumar,0,1,1,,,,,PK vs SH 2021-04-21,K Srinivasan,Nitin Menon,JM Bairstow,Sunrisers Hyderabad,Chennai,"MA Chidambaram Stadium, Chepauk, Chennai",2021-04-21
1st innings,Punjab Kings,Sunrisers Hyderabad,3.4,CH Gayle,MA Agarwal,B Kumar,0,1,1,,,,,PK vs SH 2021-04-21,K Srinivasan,Nitin Menon,JM Bairstow,Sunrisers Hyderabad,Chennai,"MA Chidambaram Stadium, Chepauk, Chennai",2021-04-21
1st innings,Punjab Kings,Sunrisers Hyderabad,3.5,MA Agarwal,CH Gayle,B Kumar,0,1,1,,,,,PK vs SH 2021-04-21,K Srinivasan,Nitin Menon,JM Bairstow,Sunrisers Hyderabad,Chennai,"MA Chidambaram Stadium, Chepauk, Chennai",2021-04-21
1st innings,Punjab Kings,Sunrisers Hyderabad,3.6,CH Gayle,MA Agarwal,B Kumar,0,1,1,,,,,PK vs SH 2021-04-21,K Srinivasan,Nitin Menon,JM Bairstow,Sunrisers Hyderabad,Chennai,"MA Chidambaram Stadium, Chepauk, Chennai",2021-04-21
1st innings,Punjab Kings,Sunrisers Hyderabad,4.1,CH Gayle,MA Agarwal,S Kaul,0,1,1,,,,,PK vs SH 2021-04-21,K Srinivasan,Nitin Menon,JM Bairstow,Sunrisers Hyderabad,Chennai,"MA Chidambaram Stadium, Chepauk, Chennai",2021-04-21
1st innings,Punjab Kings,Sunrisers Hyderabad,4.2,MA Agarwal,CH Gayle,S Kaul,0,1,1,,,,,PK vs SH 2021-04-21,K Srinivasan,Nitin Menon,JM Bairstow,Sunrisers Hyderabad,Chennai,"MA Chidambaram Stadium, Chepauk, Chennai",2021-04-21
1st innings,Punjab Kings,Sunrisers Hyderabad,4.3,CH Gayle,MA Agarwal,S Kaul,0,1,1,,,,,PK vs SH 2021-04-21,K Srinivasan,Nitin Menon,JM Bairstow,Sunrisers Hyderabad,Chennai,"MA Chidambaram Stadium, Chepauk, Chennai",2021-04-21
1st innings,Punjab Kings,Sunrisers Hyderabad,4.4,MA Agarwal,CH Gayle,S Kaul,0,0,0,,,,,PK vs SH 2021-04-21,K Srinivasan,Nitin Menon,JM Bairstow,Sunrisers Hyderabad,Chennai,"MA Chidambaram Stadium, Chepauk, Chennai",2021-04-21
1st innings,Punjab Kings,Sunrisers Hyderabad,4.5,MA Agarwal,CH Gayle,S Kaul,0,4,4,,,,,PK vs SH 2021-04-21,K Srinivasan,Nitin Menon,JM Bairstow,Sunrisers Hyderabad,Chennai,"MA Chidambaram Stadium, Chepauk, Chennai",2021-04-21
1st innings,Punjab Kings,Sunrisers Hyderabad,4.6,MA Agarwal,CH Gayle,S Kaul,0,0,0,,,,,PK vs SH 2021-04-21,K Srinivasan,Nitin Menon,JM Bairstow,Sunrisers Hyderabad,Chennai,"MA Chidambaram Stadium, Chepauk, Chennai",2021-04-21
1st innings,Punjab Kings,Sunrisers Hyderabad,5.1,CH Gayle,MA Agarwal,B Kumar,0,0,0,,,,,PK vs SH 2021-04-21,K Srinivasan,Nitin Menon,JM Bairstow,Sunrisers Hyderabad,Chennai,"MA Chidambaram Stadium, Chepauk, Chennai",2021-04-21
1st innings,Punjab Kings,Sunrisers Hyderabad,5.2,CH Gayle,MA Agarwal,B Kumar,0,4,4,,,,,PK vs SH 2021-04-21,K Srinivasan,Nitin Menon,JM Bairstow,Sunrisers Hyderabad,Chennai,"MA Chidambaram Stadium, Chepauk, Chennai",2021-04-21
1st innings,Punjab Kings,Sunrisers Hyderabad,5.3,CH Gayle,MA Agarwal,B Kumar,0,2,2,,,,,PK vs SH 2021-04-21,K Srinivasan,Nitin Menon,JM Bairstow,Sunrisers Hyderabad,Chennai,"MA Chidambaram Stadium, Chepauk, Chennai",2021-04-21
1st innings,Punjab Kings,Sunrisers Hyderabad,5.4,CH Gayle,MA Agarwal,B Kumar,0,0,0,,,,,PK vs SH 2021-04-21,K Srinivasan,Nitin Menon,JM Bairstow,Sunrisers Hyderabad,Chennai,"MA Chidambaram Stadium, Chepauk, Chennai",2021-04-21
1st innings,Punjab Kings,Sunrisers Hyderabad,5.5,CH Gayle,MA Agarwal,B Kumar,0,0,0,,,,,PK vs SH 2021-04-21,K Srinivasan,Nitin Menon,JM Bairstow,Sunrisers Hyderabad,Chennai,"MA Chidambaram Stadium, Chepauk, Chennai",2021-04-21
1st innings,Punjab Kings,Sunrisers Hyderabad,5.6,CH Gayle,MA Agarwal,B Kumar,0,0,0,,,,,PK vs SH 2021-04-21,K Srinivasan,Nitin Menon,JM Bairstow,Sunrisers Hyderabad,Chennai,"MA Chidambaram Stadium, Chepauk, Chennai",2021-04-21
1st innings,Punjab Kings,Sunrisers Hyderabad,6.1,MA Agarwal,CH Gayle,KK Ahmed,0,0,0,,,,,PK vs SH 2021-04-21,K Srinivasan,Nitin Menon,JM Bairstow,Sunrisers Hyderabad,Chennai,"MA Chidambaram Stadium, Chepauk, Chennai",2021-04-21
1st innings,Punjab Kings,Sunrisers Hyderabad,6.2,MA Agarwal,CH Gayle,KK Ahmed,0,1,1,,,,,PK vs SH 2021-04-21,K Srinivasan,Nitin Menon,JM Bairstow,Sunrisers Hyderabad,Chennai,"MA Chidambaram Stadium, Chepauk, Chennai",2021-04-21
1st innings,Punjab Kings,Sunrisers Hyderabad,6.3,CH Gayle,MA Agarwal,KK Ahmed,0,1,1,,,,,PK vs SH 2021-04-21,K Srinivasan,Nitin Menon,JM Bairstow,Sunrisers Hyderabad,Chennai,"MA Chidambaram Stadium, Chepauk, Chennai",2021-04-21
1st innings,Punjab Kings,Sunrisers Hyderabad,6.4,MA Agarwal,CH Gayle,KK Ahmed,0,4,4,,,,,PK vs SH 2021-04-21,K Srinivasan,Nitin Menon,JM Bairstow,Sunrisers Hyderabad,Chennai,"MA Chidambaram Stadium, Chepauk, Chennai",2021-04-21
1st innings,Punjab Kings,Sunrisers Hyderabad,6.5,MA Agarwal,CH Gayle,KK Ahmed,0,1,1,,,,,PK vs SH 2021-04-21,K Srinivasan,Nitin Menon,JM Bairstow,Sunrisers Hyderabad,Chennai,"MA Chidambaram Stadium, Chepauk, Chennai",2021-04-21
1st innings,Punjab Kings,Sunrisers Hyderabad,6.6,CH Gayle,MA Agarwal,KK Ahmed,0,0,0,,MA Agarwal,caught,Rashid Khan,PK vs SH 2021-04-21,K Srinivasan,Nitin Menon,JM Bairstow,Sunrisers Hyderabad,Chennai,"MA Chidambaram Stadium, Chepauk, Chennai",2021-04-21
1st innings,Punjab Kings,Sunrisers Hyderabad,7.1,N Pooran,CH Gayle,V Shankar,0,0,0,,N Pooran,run out,,PK vs SH 2021-04-21,K Srinivasan,Nitin Menon,JM Bairstow,Sunrisers Hyderabad,Chennai,"MA Chidambaram Stadium, Chepauk, Chennai",2021-04-21
1st innings,Punjab Kings,Sunrisers Hyderabad,7.2,CH Gayle,DJ Hooda,V Shankar,0,0,0,,,,,PK vs SH 2021-04-21,K Srinivasan,Nitin Menon,JM Bairstow,Sunrisers Hyderabad,Chennai,"MA Chidambaram Stadium, Chepauk, Chennai",2021-04-21
1st innings,Punjab Kings,Sunrisers Hyderabad,7.3,CH Gayle,DJ Hooda,V Shankar,0,4,4,,,,,PK vs SH 2021-04-21,K Srinivasan,Nitin Menon,JM Bairstow,Sunrisers Hyderabad,Chennai,"MA Chidambaram Stadium, Chepauk, Chennai",2021-04-21
1st innings,Punjab Kings,Sunrisers Hyderabad,7.4,CH Gayle,DJ Hooda,V Shankar,0,1,1,,,,,PK vs SH 2021-04-21,K Srinivasan,Nitin Menon,JM Bairstow,Sunrisers Hyderabad,Chennai,"MA Chidambaram Stadium, Chepauk, Chennai",2021-04-21
1st innings,Punjab Kings,Sunrisers Hyderabad,7.5,DJ Hooda,CH Gayle,V Shankar,0,0,0,,,,,PK vs SH 2021-04-21,K Srinivasan,Nitin Menon,JM Bairstow,Sunrisers Hyderabad,Chennai,"MA Chidambaram Stadium, Chepauk, Chennai",2021-04-21
1st innings,Punjab Kings,Sunrisers Hyderabad,7.6,DJ Hooda,CH Gayle,V Shankar,0,1,1,,,,,PK vs SH 2021-04-21,K Srinivasan,Nitin Menon,JM Bairstow,Sunrisers Hyderabad,Chennai,"MA Chidambaram Stadium, Chepauk, Chennai",2021-04-21
1st innings,Punjab Kings,Sunrisers Hyderabad,8.1,DJ Hooda,CH Gayle,Rashid Khan,0,1,1,,,,,PK vs SH 2021-04-21,K Srinivasan,Nitin Menon,JM Bairstow,Sunrisers Hyderabad,Chennai,"MA Chidambaram Stadium, Chepauk, Chennai",2021-04-21
1st innings,Punjab Kings,Sunrisers Hyderabad,8.2,CH Gayle,DJ Hooda,Rashid Khan,0,1,1,,,,,PK vs SH 2021-04-21,K Srinivasan,Nitin Menon,JM Bairstow,Sunrisers Hyderabad,Chennai,"MA Chidambaram Stadium, Chepauk, Chennai",2021-04-21
1st innings,Punjab Kings,Sunrisers Hyderabad,8.3,DJ Hooda,CH Gayle,Rashid Khan,0,0,0,,,,,PK vs SH 2021-04-21,K Srinivasan,Nitin Menon,JM Bairstow,Sunrisers Hyderabad,Chennai,"MA Chidambaram Stadium, Chepauk, Chennai",2021-04-21
1st innings,Punjab Kings,Sunrisers Hyderabad,8.4,DJ Hooda,CH Gayle,Rashid Khan,0,0,0,,CH Gayle,lbw,,PK vs SH 2021-04-21,K Srinivasan,Nitin Menon,JM Bairstow,Sunrisers Hyderabad,Chennai,"MA Chidambaram Stadium, Chepauk, Chennai",2021-04-21
1st innings,Punjab Kings,Sunrisers Hyderabad,8.5,DJ Hooda,MC Henriques,Rashid Khan,0,0,0,,,,,PK vs SH 2021-04-21,K Srinivasan,Nitin Menon,JM Bairstow,Sunrisers Hyderabad,Chennai,"MA Chidambaram Stadium, Chepauk, Chennai",2021-04-21
1st innings,Punjab Kings,Sunrisers Hyderabad,8.6,DJ Hooda,MC Henriques,Rashid Khan,0,0,0,,,,,PK vs SH 2021-04-21,K Srinivasan,Nitin Menon,JM Bairstow,Sunrisers Hyderabad,Chennai,"MA Chidambaram Stadium, Chepauk, Chennai",2021-04-21
1st innings,Punjab Kings,Sunrisers Hyderabad,9.1,MC Henriques,DJ Hooda,Abhishek Sharma,0,1,1,,,,,PK vs SH 2021-04-21,K Srinivasan,Nitin Menon,JM Bairstow,Sunrisers Hyderabad,Chennai,"MA Chidambaram Stadium, Chepauk, Chennai",2021-04-21
1st innings,Punjab Kings,Sunrisers Hyderabad,9.2,DJ Hooda,MC Henriques,Abhishek Sharma,0,0,0,,,,,PK vs SH 2021-04-21,K Srinivasan,Nitin Menon,JM Bairstow,Sunrisers Hyderabad,Chennai,"MA Chidambaram Stadium, Chepauk, Chennai",2021-04-21
1st innings,Punjab Kings,Sunrisers Hyderabad,9.3,DJ Hooda,MC Henriques,Abhishek Sharma,0,2,2,,,,,PK vs SH 2021-04-21,K Srinivasan,Nitin Menon,JM Bairstow,Sunrisers Hyderabad,Chennai,"MA Chidambaram Stadium, Chepauk, Chennai",2021-04-21
1st innings,Punjab Kings,Sunrisers Hyderabad,9.4,DJ Hooda,MC Henriques,Abhishek Sharma,0,1,1,,,,,PK vs SH 2021-04-21,K Srinivasan,Nitin Menon,JM Bairstow,Sunrisers Hyderabad,Chennai,"MA Chidambaram Stadium, Chepauk, Chennai",2021-04-21
1st innings,Punjab Kings,Sunrisers Hyderabad,9.5,MC Henriques,DJ Hooda,Abhishek Sharma,0,1,1,,,,,PK vs SH 2021-04-21,K Srinivasan,Nitin Menon,JM Bairstow,Sunrisers Hyderabad,Chennai,"MA Chidambaram Stadium, Chepauk, Chennai",2021-04-21
1st innings,Punjab Kings,Sunrisers Hyderabad,9.6,DJ Hooda,MC Henriques,Abhishek Sharma,0,1,1,,,,,PK vs SH 2021-04-21,K Srinivasan,Nitin Menon,JM Bairstow,Sunrisers Hyderabad,Chennai,"MA Chidambaram Stadium, Chepauk, Chennai",2021-04-21
1st innings,Punjab Kings,Sunrisers Hyderabad,10.1,DJ Hooda,MC Henriques,Rashid Khan,0,1,1,,,,,PK vs SH 2021-04-21,K Srinivasan,Nitin Menon,JM Bairstow,Sunrisers Hyderabad,Chennai,"MA Chidambaram Stadium, Chepauk, Chennai",2021-04-21
1st innings,Punjab Kings,Sunrisers Hyderabad,10.2,MC Henriques,DJ Hooda,Rashid Khan,0,1,1,,,,,PK vs SH 2021-04-21,K Srinivasan,Nitin Menon,JM Bairstow,Sunrisers Hyderabad,Chennai,"MA Chidambaram Stadium, Chepauk, Chennai",2021-04-21
1st innings,Punjab Kings,Sunrisers Hyderabad,10.3,DJ Hooda,MC Henriques,Rashid Khan,0,1,1,,,,,PK vs SH 2021-04-21,K Srinivasan,Nitin Menon,JM Bairstow,Sunrisers Hyderabad,Chennai,"MA Chidambaram Stadium, Chepauk, Chennai",2021-04-21
1st innings,Punjab Kings,Sunrisers Hyderabad,10.4,MC Henriques,DJ Hooda,Rashid Khan,0,4,4,,,,,PK vs SH 2021-04-21,K Srinivasan,Nitin Menon,JM Bairstow,Sunrisers Hyderabad,Chennai,"MA Chidambaram Stadium, Chepauk, Chennai",2021-04-21
1st innings,Punjab Kings,Sunrisers Hyderabad,10.5,MC Henriques,DJ Hooda,Rashid Khan,0,0,0,,,,,PK vs SH 2021-04-21,K Srinivasan,Nitin Menon,JM Bairstow,Sunrisers Hyderabad,Chennai,"MA Chidambaram Stadium, Chepauk, Chennai",2021-04-21
1st innings,Punjab Kings,Sunrisers Hyderabad,10.6,MC Henriques,DJ Hooda,Rashid Khan,0,0,0,,,,,PK vs SH 2021-04-21,K Srinivasan,Nitin Menon,JM Bairstow,Sunrisers Hyderabad,Chennai,"MA Chidambaram Stadium, Chepauk, Chennai",2021-04-21
1st innings,Punjab Kings,Sunrisers Hyderabad,11.1,DJ Hooda,MC Henriques,Abhishek Sharma,0,2,2,,,,,PK vs SH 2021-04-21,K Srinivasan,Nitin Menon,JM Bairstow,Sunrisers Hyderabad,Chennai,"MA Chidambaram Stadium, Chepauk, Chennai",2021-04-21
1st innings,Punjab Kings,Sunrisers Hyderabad,11.2,DJ Hooda,MC Henriques,Abhishek Sharma,0,1,1,,,,,PK vs SH 2021-04-21,K Srinivasan,Nitin Menon,JM Bairstow,Sunrisers Hyderabad,Chennai,"MA Chidambaram Stadium, Chepauk, Chennai",2021-04-21
1st innings,Punjab Kings,Sunrisers Hyderabad,11.3,MC Henriques,DJ Hooda,Abhishek Sharma,0,0,0,,DJ Hooda,lbw,,PK vs SH 2021-04-21,K Srinivasan,Nitin Menon,JM Bairstow,Sunrisers Hyderabad,Chennai,"MA Chidambaram Stadium, Chepauk, Chennai",2021-04-21
1st innings,Punjab Kings,Sunrisers Hyderabad,11.4,MC Henriques,M Shahrukh Khan,Abhishek Sharma,0,1,1,,,,,PK vs SH 2021-04-21,K Srinivasan,Nitin Menon,JM Bairstow,Sunrisers Hyderabad,Chennai,"MA Chidambaram Stadium, Chepauk, Chennai",2021-04-21
1st innings,Punjab Kings,Sunrisers Hyderabad,11.5,M Shahrukh Khan,MC Henriques,Abhishek Sharma,0,0,0,,,,,PK vs SH 2021-04-21,K Srinivasan,Nitin Menon,JM Bairstow,Sunrisers Hyderabad,Chennai,"MA Chidambaram Stadium, Chepauk, Chennai",2021-04-21
1st innings,Punjab Kings,Sunrisers Hyderabad,11.6,M Shahrukh Khan,MC Henriques,Abhishek Sharma,0,2,2,,,,,PK vs SH 2021-04-21,K Srinivasan,Nitin Menon,JM Bairstow,Sunrisers Hyderabad,Chennai,"MA Chidambaram Stadium, Chepauk, Chennai",2021-04-21
1st innings,Punjab Kings,Sunrisers Hyderabad,12.1,MC Henriques,M Shahrukh Khan,Rashid Khan,0,1,1,,,,,PK vs SH 2021-04-21,K Srinivasan,Nitin Menon,JM Bairstow,Sunrisers Hyderabad,Chennai,"MA Chidambaram Stadium, Chepauk, Chennai",2021-04-21
1st innings,Punjab Kings,Sunrisers Hyderabad,12.2,M Shahrukh Khan,MC Henriques,Rashid Khan,0,0,0,,,,,PK vs SH 2021-04-21,K Srinivasan,Nitin Menon,JM Bairstow,Sunrisers Hyderabad,Chennai,"MA Chidambaram Stadium, Chepauk, Chennai",2021-04-21
1st innings,Punjab Kings,Sunrisers Hyderabad,12.3,M Shahrukh Khan,MC Henriques,Rashid Khan,0,1,1,,,,,PK vs SH 2021-04-21,K Srinivasan,Nitin Menon,JM Bairstow,Sunrisers Hyderabad,Chennai,"MA Chidambaram Stadium, Chepauk, Chennai",2021-04-21
1st innings,Punjab Kings,Sunrisers Hyderabad,12.4,MC Henriques,M Shahrukh Khan,Rashid Khan,1,0,1,byes,,,,PK vs SH 2021-04-21,K Srinivasan,Nitin Menon,JM Bairstow,Sunrisers Hyderabad,Chennai,"MA Chidambaram Stadium, Chepauk, Chennai",2021-04-21
1st innings,Punjab Kings,Sunrisers Hyderabad,12.5,M Shahrukh Khan,MC Henriques,Rashid Khan,0,2,2,,,,,PK vs SH 2021-04-21,K Srinivasan,Nitin Menon,JM Bairstow,Sunrisers Hyderabad,Chennai,"MA Chidambaram Stadium, Chepauk, Chennai",2021-04-21
1st innings,Punjab Kings,Sunrisers Hyderabad,12.6,M Shahrukh Khan,MC Henriques,Rashid Khan,4,0,4,byes,,,,PK vs SH 2021-04-21,K Srinivasan,Nitin Menon,JM Bairstow,Sunrisers Hyderabad,Chennai,"MA Chidambaram Stadium, Chepauk, Chennai",2021-04-21
1st innings,Punjab Kings,Sunrisers Hyderabad,13.1,MC Henriques,M Shahrukh Khan,Abhishek Sharma,0,0,0,,,,,PK vs SH 2021-04-21,K Srinivasan,Nitin Menon,JM Bairstow,Sunrisers Hyderabad,Chennai,"MA Chidambaram Stadium, Chepauk, Chennai",2021-04-21
1st innings,Punjab Kings,Sunrisers Hyderabad,13.2,MC Henriques,M Shahrukh Khan,Abhishek Sharma,0,6,6,,,,,PK vs SH 2021-04-21,K Srinivasan,Nitin Menon,JM Bairstow,Sunrisers Hyderabad,Chennai,"MA Chidambaram Stadium, Chepauk, Chennai",2021-04-21
1st innings,Punjab Kings,Sunrisers Hyderabad,13.3,MC Henriques,M Shahrukh Khan,Abhishek Sharma,0,1,1,,,,,PK vs SH 2021-04-21,K Srinivasan,Nitin Menon,JM Bairstow,Sunrisers Hyderabad,Chennai,"MA Chidambaram Stadium, Chepauk, Chennai",2021-04-21
1st innings,Punjab Kings,Sunrisers Hyderabad,13.4,M Shahrukh Khan,MC Henriques,Abhishek Sharma,0,0,0,,MC Henriques,stumped,JM Bairstow,PK vs SH 2021-04-21,K Srinivasan,Nitin Menon,JM Bairstow,Sunrisers Hyderabad,Chennai,"MA Chidambaram Stadium, Chepauk, Chennai",2021-04-21
1st innings,Punjab Kings,Sunrisers Hyderabad,13.5,M Shahrukh Khan,FA Allen,Abhishek Sharma,0,1,1,,,,,PK vs SH 2021-04-21,K Srinivasan,Nitin Menon,JM Bairstow,Sunrisers Hyderabad,Chennai,"MA Chidambaram Stadium, Chepauk, Chennai",2021-04-21
1st innings,Punjab Kings,Sunrisers Hyderabad,13.6,FA Allen,M Shahrukh Khan,Abhishek Sharma,1,0,1,wides,,,,PK vs SH 2021-04-21,K Srinivasan,Nitin Menon,JM Bairstow,Sunrisers Hyderabad,Chennai,"MA Chidambaram Stadium, Chepauk, Chennai",2021-04-21
1st innings,Punjab Kings,Sunrisers Hyderabad,13.7,FA Allen,M Shahrukh Khan,Abhishek Sharma,0,0,0,,,,,PK vs SH 2021-04-21,K Srinivasan,Nitin Menon,JM Bairstow,Sunrisers Hyderabad,Chennai,"MA Chidambaram Stadium, Chepauk, Chennai",2021-04-21
1st innings,Punjab Kings,Sunrisers Hyderabad,14.1,M Shahrukh Khan,FA Allen,S Kaul,0,0,0,,,,,PK vs SH 2021-04-21,K Srinivasan,Nitin Menon,JM Bairstow,Sunrisers Hyderabad,Chennai,"MA Chidambaram Stadium, Chepauk, Chennai",2021-04-21
1st innings,Punjab Kings,Sunrisers Hyderabad,14.2,M Shahrukh Khan,FA Allen,S Kaul,0,0,0,,,,,PK vs SH 2021-04-21,K Srinivasan,Nitin Menon,JM Bairstow,Sunrisers Hyderabad,Chennai,"MA Chidambaram Stadium, Chepauk, Chennai",2021-04-21
1st innings,Punjab Kings,Sunrisers Hyderabad,14.3,M Shahrukh Khan,FA Allen,S Kaul,0,0,0,,,,,PK vs SH 2021-04-21,K Srinivasan,Nitin Menon,JM Bairstow,Sunrisers Hyderabad,Chennai,"MA Chidambaram Stadium, Chepauk, Chennai",2021-04-21
1st innings,Punjab Kings,Sunrisers Hyderabad,14.4,M Shahrukh Khan,FA Allen,S Kaul,1,1,2,noballs,,,,PK vs SH 2021-04-21,K Srinivasan,Nitin Menon,JM Bairstow,Sunrisers Hyderabad,Chennai,"MA Chidambaram Stadium, Chepauk, Chennai",2021-04-21
1st innings,Punjab Kings,Sunrisers Hyderabad,14.5,FA Allen,M Shahrukh Khan,S Kaul,0,6,6,,,,,PK vs SH 2021-04-21,K Srinivasan,Nitin Menon,JM Bairstow,Sunrisers Hyderabad,Chennai,"MA Chidambaram Stadium, Chepauk, Chennai",2021-04-21
1st innings,Punjab Kings,Sunrisers Hyderabad,14.6,FA Allen,M Shahrukh Khan,S Kaul,0,1,1,,,,,PK vs SH 2021-04-21,K Srinivasan,Nitin Menon,JM Bairstow,Sunrisers Hyderabad,Chennai,"MA Chidambaram Stadium, Chepauk, Chennai",2021-04-21
1st innings,Punjab Kings,Sunrisers Hyderabad,14.7,M Shahrukh Khan,FA Allen,S Kaul,0,1,1,,,,,PK vs SH 2021-04-21,K Srinivasan,Nitin Menon,JM Bairstow,Sunrisers Hyderabad,Chennai,"MA Chidambaram Stadium, Chepauk, Chennai",2021-04-21
1st innings,Punjab Kings,Sunrisers Hyderabad,15.1,M Shahrukh Khan,FA Allen,Rashid Khan,0,0,0,,,,,PK vs SH 2021-04-21,K Srinivasan,Nitin Menon,JM Bairstow,Sunrisers Hyderabad,Chennai,"MA Chidambaram Stadium, Chepauk, Chennai",2021-04-21
1st innings,Punjab Kings,Sunrisers Hyderabad,15.2,M Shahrukh Khan,FA Allen,Rashid Khan,0,1,1,,,,,PK vs SH 2021-04-21,K Srinivasan,Nitin Menon,JM Bairstow,Sunrisers Hyderabad,Chennai,"MA Chidambaram Stadium, Chepauk, Chennai",2021-04-21
1st innings,Punjab Kings,Sunrisers Hyderabad,15.3,FA Allen,M Shahrukh Khan,Rashid Khan,0,1,1,,,,,PK vs SH 2021-04-21,K Srinivasan,Nitin Menon,JM Bairstow,Sunrisers Hyderabad,Chennai,"MA Chidambaram Stadium, Chepauk, Chennai",2021-04-21
1st innings,Punjab Kings,Sunrisers Hyderabad,15.4,M Shahrukh Khan,FA Allen,Rashid Khan,0,1,1,,,,,PK vs SH 2021-04-21,K Srinivasan,Nitin Menon,JM Bairstow,Sunrisers Hyderabad,Chennai,"MA Chidambaram Stadium, Chepauk, Chennai",2021-04-21
1st innings,Punjab Kings,Sunrisers Hyderabad,15.5,FA Allen,M Shahrukh Khan,Rashid Khan,0,0,0,,,,,PK vs SH 2021-04-21,K Srinivasan,Nitin Menon,JM Bairstow,Sunrisers Hyderabad,Chennai,"MA Chidambaram Stadium, Chepauk, Chennai",2021-04-21
1st innings,Punjab Kings,Sunrisers Hyderabad,15.6,FA Allen,M Shahrukh Khan,Rashid Khan,0,1,1,,,,,PK vs SH 2021-04-21,K Srinivasan,Nitin Menon,JM Bairstow,Sunrisers Hyderabad,Chennai,"MA Chidambaram Stadium, Chepauk, Chennai",2021-04-21
1st innings,Punjab Kings,Sunrisers Hyderabad,16.1,FA Allen,M Shahrukh Khan,KK Ahmed,0,1,1,,,,,PK vs SH 2021-04-21,K Srinivasan,Nitin Menon,JM Bairstow,Sunrisers Hyderabad,Chennai,"MA Chidambaram Stadium, Chepauk, Chennai",2021-04-21
1st innings,Punjab Kings,Sunrisers Hyderabad,16.2,M Shahrukh Khan,FA Allen,KK Ahmed,0,1,1,,,,,PK vs SH 2021-04-21,K Srinivasan,Nitin Menon,JM Bairstow,Sunrisers Hyderabad,Chennai,"MA Chidambaram Stadium, Chepauk, Chennai",2021-04-21
1st innings,Punjab Kings,Sunrisers Hyderabad,16.3,FA Allen,M Shahrukh Khan,KK Ahmed,0,1,1,,,,,PK vs SH 2021-04-21,K Srinivasan,Nitin Menon,JM Bairstow,Sunrisers Hyderabad,Chennai,"MA Chidambaram Stadium, Chepauk, Chennai",2021-04-21
1st innings,Punjab Kings,Sunrisers Hyderabad,16.4,M Shahrukh Khan,FA Allen,KK Ahmed,0,0,0,,FA Allen,caught,DA Warner,PK vs SH 2021-04-21,K Srinivasan,Nitin Menon,JM Bairstow,Sunrisers Hyderabad,Chennai,"MA Chidambaram Stadium, Chepauk, Chennai",2021-04-21
1st innings,Punjab Kings,Sunrisers Hyderabad,16.5,M Shahrukh Khan,M Ashwin,KK Ahmed,0,0,0,,,,,PK vs SH 2021-04-21,K Srinivasan,Nitin Menon,JM Bairstow,Sunrisers Hyderabad,Chennai,"MA Chidambaram Stadium, Chepauk, Chennai",2021-04-21
1st innings,Punjab Kings,Sunrisers Hyderabad,16.6,M Shahrukh Khan,M Ashwin,KK Ahmed,0,1,1,,,,,PK vs SH 2021-04-21,K Srinivasan,Nitin Menon,JM Bairstow,Sunrisers Hyderabad,Chennai,"MA Chidambaram Stadium, Chepauk, Chennai",2021-04-21
1st innings,Punjab Kings,Sunrisers Hyderabad,17.1,M Shahrukh Khan,M Ashwin,S Kaul,0,0,0,,,,,PK vs SH 2021-04-21,K Srinivasan,Nitin Menon,JM Bairstow,Sunrisers Hyderabad,Chennai,"MA Chidambaram Stadium, Chepauk, Chennai",2021-04-21
1st innings,Punjab Kings,Sunrisers Hyderabad,17.2,M Shahrukh Khan,M Ashwin,S Kaul,0,1,1,,,,,PK vs SH 2021-04-21,K Srinivasan,Nitin Menon,JM Bairstow,Sunrisers Hyderabad,Chennai,"MA Chidambaram Stadium, Chepauk, Chennai",2021-04-21
1st innings,Punjab Kings,Sunrisers Hyderabad,17.3,M Ashwin,M Shahrukh Khan,S Kaul,0,1,1,,,,,PK vs SH 2021-04-21,K Srinivasan,Nitin Menon,JM Bairstow,Sunrisers Hyderabad,Chennai,"MA Chidambaram Stadium, Chepauk, Chennai",2021-04-21
1st innings,Punjab Kings,Sunrisers Hyderabad,17.4,M Shahrukh Khan,M Ashwin,S Kaul,0,4,4,,,,,PK vs SH 2021-04-21,K Srinivasan,Nitin Menon,JM Bairstow,Sunrisers Hyderabad,Chennai,"MA Chidambaram Stadium, Chepauk, Chennai",2021-04-21
1st innings,Punjab Kings,Sunrisers Hyderabad,17.5,M Shahrukh Khan,M Ashwin,S Kaul,0,1,1,,,,,PK vs SH 2021-04-21,K Srinivasan,Nitin Menon,JM Bairstow,Sunrisers Hyderabad,Chennai,"MA Chidambaram Stadium, Chepauk, Chennai",2021-04-21
1st innings,Punjab Kings,Sunrisers Hyderabad,17.6,M Ashwin,M Shahrukh Khan,S Kaul,0,1,1,,,,,PK vs SH 2021-04-21,K Srinivasan,Nitin Menon,JM Bairstow,Sunrisers Hyderabad,Chennai,"MA Chidambaram Stadium, Chepauk, Chennai",2021-04-21
1st innings,Punjab Kings,Sunrisers Hyderabad,18.1,M Ashwin,M Shahrukh Khan,KK Ahmed,0,0,0,,M Shahrukh Khan,caught,Abhishek Sharma,PK vs SH 2021-04-21,K Srinivasan,Nitin Menon,JM Bairstow,Sunrisers Hyderabad,Chennai,"MA Chidambaram Stadium, Chepauk, Chennai",2021-04-21
1st innings,Punjab Kings,Sunrisers Hyderabad,18.2,M Ashwin,Mohammed Shami,KK Ahmed,0,1,1,,,,,PK vs SH 2021-04-21,K Srinivasan,Nitin Menon,JM Bairstow,Sunrisers Hyderabad,Chennai,"MA Chidambaram Stadium, Chepauk, Chennai",2021-04-21
1st innings,Punjab Kings,Sunrisers Hyderabad,18.3,Mohammed Shami,M Ashwin,KK Ahmed,0,0,0,,,,,PK vs SH 2021-04-21,K Srinivasan,Nitin Menon,JM Bairstow,Sunrisers Hyderabad,Chennai,"MA Chidambaram Stadium, Chepauk, Chennai",2021-04-21
1st innings,Punjab Kings,Sunrisers Hyderabad,18.4,Mohammed Shami,M Ashwin,KK Ahmed,0,1,1,,,,,PK vs SH 2021-04-21,K Srinivasan,Nitin Menon,JM Bairstow,Sunrisers Hyderabad,Chennai,"MA Chidambaram Stadium, Chepauk, Chennai",2021-04-21
1st innings,Punjab Kings,Sunrisers Hyderabad,18.5,M Ashwin,Mohammed Shami,KK Ahmed,0,1,1,,,,,PK vs SH 2021-04-21,K Srinivasan,Nitin Menon,JM Bairstow,Sunrisers Hyderabad,Chennai,"MA Chidambaram Stadium, Chepauk, Chennai",2021-04-21
1st innings,Punjab Kings,Sunrisers Hyderabad,18.6,Mohammed Shami,M Ashwin,KK Ahmed,0,1,1,,,,,PK vs SH 2021-04-21,K Srinivasan,Nitin Menon,JM Bairstow,Sunrisers Hyderabad,Chennai,"MA Chidambaram Stadium, Chepauk, Chennai",2021-04-21
1st innings,Punjab Kings,Sunrisers Hyderabad,19.1,Mohammed Shami,M Ashwin,S Kaul,0,0,0,,M Ashwin,caught,JM Bairstow,PK vs SH 2021-04-21,K Srinivasan,Nitin Menon,JM Bairstow,Sunrisers Hyderabad,Chennai,"MA Chidambaram Stadium, Chepauk, Chennai",2021-04-21
1st innings,Punjab Kings,Sunrisers Hyderabad,19.2,Mohammed Shami,Arshdeep Singh,S Kaul,4,0,4,byes,,,,PK vs SH 2021-04-21,K Srinivasan,Nitin Menon,JM Bairstow,Sunrisers Hyderabad,Chennai,"MA Chidambaram Stadium, Chepauk, Chennai",2021-04-21
1st innings,Punjab Kings,Sunrisers Hyderabad,19.3,Mohammed Shami,Arshdeep Singh,S Kaul,0,1,1,,,,,PK vs SH 2021-04-21,K Srinivasan,Nitin Menon,JM Bairstow,Sunrisers Hyderabad,Chennai,"MA Chidambaram Stadium, Chepauk, Chennai",2021-04-21
1st innings,Punjab Kings,Sunrisers Hyderabad,19.4,Arshdeep Singh,Mohammed Shami,S Kaul,0,1,1,,Mohammed Shami,run out,,PK vs SH 2021-04-21,K Srinivasan,Nitin Menon,JM Bairstow,Sunrisers Hyderabad,Chennai,"MA Chidambaram Stadium, Chepauk, Chennai",2021-04-21
2nd innings,Sunrisers Hyderabad,Punjab Kings,0.1,JM Bairstow,DA Warner,Mohammed Shami,0,0,0,,,,,PK vs SH 2021-04-21,K Srinivasan,Nitin Menon,JM Bairstow,Sunrisers Hyderabad,Chennai,"MA Chidambaram Stadium, Chepauk, Chennai",2021-04-21
2nd innings,Sunrisers Hyderabad,Punjab Kings,0.2,JM Bairstow,DA Warner,Mohammed Shami,0,0,0,,,,,PK vs SH 2021-04-21,K Srinivasan,Nitin Menon,JM Bairstow,Sunrisers Hyderabad,Chennai,"MA Chidambaram Stadium, Chepauk, Chennai",2021-04-21
2nd innings,Sunrisers Hyderabad,Punjab Kings,0.3,JM Bairstow,DA Warner,Mohammed Shami,0,4,4,,,,,PK vs SH 2021-04-21,K Srinivasan,Nitin Menon,JM Bairstow,Sunrisers Hyderabad,Chennai,"MA Chidambaram Stadium, Chepauk, Chennai",2021-04-21
2nd innings,Sunrisers Hyderabad,Punjab Kings,0.4,JM Bairstow,DA Warner,Mohammed Shami,0,1,1,,,,,PK vs SH 2021-04-21,K Srinivasan,Nitin Menon,JM Bairstow,Sunrisers Hyderabad,Chennai,"MA Chidambaram Stadium, Chepauk, Chennai",2021-04-21
2nd innings,Sunrisers Hyderabad,Punjab Kings,0.5,DA Warner,JM Bairstow,Mohammed Shami,0,1,1,,,,,PK vs SH 2021-04-21,K Srinivasan,Nitin Menon,JM Bairstow,Sunrisers Hyderabad,Chennai,"MA Chidambaram Stadium, Chepauk, Chennai",2021-04-21
2nd innings,Sunrisers Hyderabad,Punjab Kings,0.6,JM Bairstow,DA Warner,Mohammed Shami,0,0,0,,,,,PK vs SH 2021-04-21,K Srinivasan,Nitin Menon,JM Bairstow,Sunrisers Hyderabad,Chennai,"MA Chidambaram Stadium, Chepauk, Chennai",2021-04-21
2nd innings,Sunrisers Hyderabad,Punjab Kings,1.1,DA Warner,JM Bairstow,FA Allen,1,0,1,wides,,,,PK vs SH 2021-04-21,K Srinivasan,Nitin Menon,JM Bairstow,Sunrisers Hyderabad,Chennai,"MA Chidambaram Stadium, Chepauk, Chennai",2021-04-21
2nd innings,Sunrisers Hyderabad,Punjab Kings,1.2,DA Warner,JM Bairstow,FA Allen,0,4,4,,,,,PK vs SH 2021-04-21,K Srinivasan,Nitin Menon,JM Bairstow,Sunrisers Hyderabad,Chennai,"MA Chidambaram Stadium, Chepauk, Chennai",2021-04-21
2nd innings,Sunrisers Hyderabad,Punjab Kings,1.3,DA Warner,JM Bairstow,FA Allen,0,0,0,,,,,PK vs SH 2021-04-21,K Srinivasan,Nitin Menon,JM Bairstow,Sunrisers Hyderabad,Chennai,"MA Chidambaram Stadium, Chepauk, Chennai",2021-04-21
2nd innings,Sunrisers Hyderabad,Punjab Kings,1.4,DA Warner,JM Bairstow,FA Allen,0,0,0,,,,,PK vs SH 2021-04-21,K Srinivasan,Nitin Menon,JM Bairstow,Sunrisers Hyderabad,Chennai,"MA Chidambaram Stadium, Chepauk, Chennai",2021-04-21
2nd innings,Sunrisers Hyderabad,Punjab Kings,1.5,DA Warner,JM Bairstow,FA Allen,0,0,0,,,,,PK vs SH 2021-04-21,K Srinivasan,Nitin Menon,JM Bairstow,Sunrisers Hyderabad,Chennai,"MA Chidambaram Stadium, Chepauk, Chennai",2021-04-21
2nd innings,Sunrisers Hyderabad,Punjab Kings,1.6,DA Warner,JM Bairstow,FA Allen,0,0,0,,,,,PK vs SH 2021-04-21,K Srinivasan,Nitin Menon,JM Bairstow,Sunrisers Hyderabad,Chennai,"MA Chidambaram Stadium, Chepauk, Chennai",2021-04-21
2nd innings,Sunrisers Hyderabad,Punjab Kings,1.7,DA Warner,JM Bairstow,FA Allen,0,6,6,,,,,PK vs SH 2021-04-21,K Srinivasan,Nitin Menon,JM Bairstow,Sunrisers Hyderabad,Chennai,"MA Chidambaram Stadium, Chepauk, Chennai",2021-04-21
2nd innings,Sunrisers Hyderabad,Punjab Kings,2.1,JM Bairstow,DA Warner,Mohammed Shami,0,0,0,,,,,PK vs SH 2021-04-21,K Srinivasan,Nitin Menon,JM Bairstow,Sunrisers Hyderabad,Chennai,"MA Chidambaram Stadium, Chepauk, Chennai",2021-04-21
2nd innings,Sunrisers Hyderabad,Punjab Kings,2.2,JM Bairstow,DA Warner,Mohammed Shami,0,1,1,,,,,PK vs SH 2021-04-21,K Srinivasan,Nitin Menon,JM Bairstow,Sunrisers Hyderabad,Chennai,"MA Chidambaram Stadium, Chepauk, Chennai",2021-04-21
2nd innings,Sunrisers Hyderabad,Punjab Kings,2.3,DA Warner,JM Bairstow,Mohammed Shami,0,4,4,,,,,PK vs SH 2021-04-21,K Srinivasan,Nitin Menon,JM Bairstow,Sunrisers Hyderabad,Chennai,"MA Chidambaram Stadium, Chepauk, Chennai",2021-04-21
2nd innings,Sunrisers Hyderabad,Punjab Kings,2.4,DA Warner,JM Bairstow,Mohammed Shami,0,1,1,,,,,PK vs SH 2021-04-21,K Srinivasan,Nitin Menon,JM Bairstow,Sunrisers Hyderabad,Chennai,"MA Chidambaram Stadium, Chepauk, Chennai",2021-04-21
2nd innings,Sunrisers Hyderabad,Punjab Kings,2.5,JM Bairstow,DA Warner,Mohammed Shami,0,0,0,,,,,PK vs SH 2021-04-21,K Srinivasan,Nitin Menon,JM Bairstow,Sunrisers Hyderabad,Chennai,"MA Chidambaram Stadium, Chepauk, Chennai",2021-04-21
2nd innings,Sunrisers Hyderabad,Punjab Kings,2.6,JM Bairstow,DA Warner,Mohammed Shami,0,4,4,,,,,PK vs SH 2021-04-21,K Srinivasan,Nitin Menon,JM Bairstow,Sunrisers Hyderabad,Chennai,"MA Chidambaram Stadium, Chepauk, Chennai",2021-04-21
2nd innings,Sunrisers Hyderabad,Punjab Kings,3.1,DA Warner,JM Bairstow,Arshdeep Singh,0,0,0,,,,,PK vs SH 2021-04-21,K Srinivasan,Nitin Menon,JM Bairstow,Sunrisers Hyderabad,Chennai,"MA Chidambaram Stadium, Chepauk, Chennai",2021-04-21
2nd innings,Sunrisers Hyderabad,Punjab Kings,3.2,DA Warner,JM Bairstow,Arshdeep Singh,0,1,1,,,,,PK vs SH 2021-04-21,K Srinivasan,Nitin Menon,JM Bairstow,Sunrisers Hyderabad,Chennai,"MA Chidambaram Stadium, Chepauk, Chennai",2021-04-21
2nd innings,Sunrisers Hyderabad,Punjab Kings,3.3,JM Bairstow,DA Warner,Arshdeep Singh,0,1,1,,,,,PK vs SH 2021-04-21,K Srinivasan,Nitin Menon,JM Bairstow,Sunrisers Hyderabad,Chennai,"MA Chidambaram Stadium, Chepauk, Chennai",2021-04-21
2nd innings,Sunrisers Hyderabad,Punjab Kings,3.4,DA Warner,JM Bairstow,Arshdeep Singh,0,2,2,,,,,PK vs SH 2021-04-21,K Srinivasan,Nitin Menon,JM Bairstow,Sunrisers Hyderabad,Chennai,"MA Chidambaram Stadium, Chepauk, Chennai",2021-04-21
2nd innings,Sunrisers Hyderabad,Punjab Kings,3.5,DA Warner,JM Bairstow,Arshdeep Singh,0,1,1,,,,,PK vs SH 2021-04-21,K Srinivasan,Nitin Menon,JM Bairstow,Sunrisers Hyderabad,Chennai,"MA Chidambaram Stadium, Chepauk, Chennai",2021-04-21
2nd innings,Sunrisers Hyderabad,Punjab Kings,3.6,JM Bairstow,DA Warner,Arshdeep Singh,0,1,1,,,,,PK vs SH 2021-04-21,K Srinivasan,Nitin Menon,JM Bairstow,Sunrisers Hyderabad,Chennai,"MA Chidambaram Stadium, Chepauk, Chennai",2021-04-21
2nd innings,Sunrisers Hyderabad,Punjab Kings,4.1,JM Bairstow,DA Warner,MC Henriques,0,1,1,,,,,PK vs SH 2021-04-21,K Srinivasan,Nitin Menon,JM Bairstow,Sunrisers Hyderabad,Chennai,"MA Chidambaram Stadium, Chepauk, Chennai",2021-04-21
2nd innings,Sunrisers Hyderabad,Punjab Kings,4.2,DA Warner,JM Bairstow,MC Henriques,0,0,0,,,,,PK vs SH 2021-04-21,K Srinivasan,Nitin Menon,JM Bairstow,Sunrisers Hyderabad,Chennai,"MA Chidambaram Stadium, Chepauk, Chennai",2021-04-21
2nd innings,Sunrisers Hyderabad,Punjab Kings,4.3,DA Warner,JM Bairstow,MC Henriques,0,6,6,,,,,PK vs SH 2021-04-21,K Srinivasan,Nitin Menon,JM Bairstow,Sunrisers Hyderabad,Chennai,"MA Chidambaram Stadium, Chepauk, Chennai",2021-04-21
2nd innings,Sunrisers Hyderabad,Punjab Kings,4.4,DA Warner,JM Bairstow,MC Henriques,0,0,0,,,,,PK vs SH 2021-04-21,K Srinivasan,Nitin Menon,JM Bairstow,Sunrisers Hyderabad,Chennai,"MA Chidambaram Stadium, Chepauk, Chennai",2021-04-21
2nd innings,Sunrisers Hyderabad,Punjab Kings,4.5,DA Warner,JM Bairstow,MC Henriques,0,0,0,,,,,PK vs SH 2021-04-21,K Srinivasan,Nitin Menon,JM Bairstow,Sunrisers Hyderabad,Chennai,"MA Chidambaram Stadium, Chepauk, Chennai",2021-04-21
2nd innings,Sunrisers Hyderabad,Punjab Kings,4.6,DA Warner,JM Bairstow,MC Henriques,0,0,0,,,,,PK vs SH 2021-04-21,K Srinivasan,Nitin Menon,JM Bairstow,Sunrisers Hyderabad,Chennai,"MA Chidambaram Stadium, Chepauk, Chennai",2021-04-21
2nd innings,Sunrisers Hyderabad,Punjab Kings,5.1,JM Bairstow,DA Warner,Arshdeep Singh,0,4,4,,,,,PK vs SH 2021-04-21,K Srinivasan,Nitin Menon,JM Bairstow,Sunrisers Hyderabad,Chennai,"MA Chidambaram Stadium, Chepauk, Chennai",2021-04-21
2nd innings,Sunrisers Hyderabad,Punjab Kings,5.2,JM Bairstow,DA Warner,Arshdeep Singh,0,0,0,,,,,PK vs SH 2021-04-21,K Srinivasan,Nitin Menon,JM Bairstow,Sunrisers Hyderabad,Chennai,"MA Chidambaram Stadium, Chepauk, Chennai",2021-04-21
2nd innings,Sunrisers Hyderabad,Punjab Kings,5.3,JM Bairstow,DA Warner,Arshdeep Singh,0,2,2,,,,,PK vs SH 2021-04-21,K Srinivasan,Nitin Menon,JM Bairstow,Sunrisers Hyderabad,Chennai,"MA Chidambaram Stadium, Chepauk, Chennai",2021-04-21
2nd innings,Sunrisers Hyderabad,Punjab Kings,5.4,JM Bairstow,DA Warner,Arshdeep Singh,1,0,1,wides,,,,PK vs SH 2021-04-21,K Srinivasan,Nitin Menon,JM Bairstow,Sunrisers Hyderabad,Chennai,"MA Chidambaram Stadium, Chepauk, Chennai",2021-04-21
2nd innings,Sunrisers Hyderabad,Punjab Kings,5.5,JM Bairstow,DA Warner,Arshdeep Singh,0,0,0,,,,,PK vs SH 2021-04-21,K Srinivasan,Nitin Menon,JM Bairstow,Sunrisers Hyderabad,Chennai,"MA Chidambaram Stadium, Chepauk, Chennai",2021-04-21
2nd innings,Sunrisers Hyderabad,Punjab Kings,5.6,JM Bairstow,DA Warner,Arshdeep Singh,0,2,2,,,,,PK vs SH 2021-04-21,K Srinivasan,Nitin Menon,JM Bairstow,Sunrisers Hyderabad,Chennai,"MA Chidambaram Stadium, Chepauk, Chennai",2021-04-21
2nd innings,Sunrisers Hyderabad,Punjab Kings,5.7,JM Bairstow,DA Warner,Arshdeep Singh,0,1,1,,,,,PK vs SH 2021-04-21,K Srinivasan,Nitin Menon,JM Bairstow,Sunrisers Hyderabad,Chennai,"MA Chidambaram Stadium, Chepauk, Chennai",2021-04-21
2nd innings,Sunrisers Hyderabad,Punjab Kings,6.1,JM Bairstow,DA Warner,M Ashwin,1,0,1,legbyes,,,,PK vs SH 2021-04-21,K Srinivasan,Nitin Menon,JM Bairstow,Sunrisers Hyderabad,Chennai,"MA Chidambaram Stadium, Chepauk, Chennai",2021-04-21
2nd innings,Sunrisers Hyderabad,Punjab Kings,6.2,DA Warner,JM Bairstow,M Ashwin,0,0,0,,,,,PK vs SH 2021-04-21,K Srinivasan,Nitin Menon,JM Bairstow,Sunrisers Hyderabad,Chennai,"MA Chidambaram Stadium, Chepauk, Chennai",2021-04-21
2nd innings,Sunrisers Hyderabad,Punjab Kings,6.3,DA Warner,JM Bairstow,M Ashwin,0,1,1,,,,,PK vs SH 2021-04-21,K Srinivasan,Nitin Menon,JM Bairstow,Sunrisers Hyderabad,Chennai,"MA Chidambaram Stadium, Chepauk, Chennai",2021-04-21
2nd innings,Sunrisers Hyderabad,Punjab Kings,6.4,JM Bairstow,DA Warner,M Ashwin,0,1,1,,,,,PK vs SH 2021-04-21,K Srinivasan,Nitin Menon,JM Bairstow,Sunrisers Hyderabad,Chennai,"MA Chidambaram Stadium, Chepauk, Chennai",2021-04-21
2nd innings,Sunrisers Hyderabad,Punjab Kings,6.5,DA Warner,JM Bairstow,M Ashwin,0,1,1,,,,,PK vs SH 2021-04-21,K Srinivasan,Nitin Menon,JM Bairstow,Sunrisers Hyderabad,Chennai,"MA Chidambaram Stadium, Chepauk, Chennai",2021-04-21
2nd innings,Sunrisers Hyderabad,Punjab Kings,6.6,JM Bairstow,DA Warner,M Ashwin,1,0,1,wides,,,,PK vs SH 2021-04-21,K Srinivasan,Nitin Menon,JM Bairstow,Sunrisers Hyderabad,Chennai,"MA Chidambaram Stadium, Chepauk, Chennai",2021-04-21
2nd innings,Sunrisers Hyderabad,Punjab Kings,6.7,JM Bairstow,DA Warner,M Ashwin,0,1,1,,,,,PK vs SH 2021-04-21,K Srinivasan,Nitin Menon,JM Bairstow,Sunrisers Hyderabad,Chennai,"MA Chidambaram Stadium, Chepauk, Chennai",2021-04-21
2nd innings,Sunrisers Hyderabad,Punjab Kings,7.1,JM Bairstow,DA Warner,DJ Hooda,0,2,2,,,,,PK vs SH 2021-04-21,K Srinivasan,Nitin Menon,JM Bairstow,Sunrisers Hyderabad,Chennai,"MA Chidambaram Stadium, Chepauk, Chennai",2021-04-21
2nd innings,Sunrisers Hyderabad,Punjab Kings,7.2,JM Bairstow,DA Warner,DJ Hooda,0,0,0,,,,,PK vs SH 2021-04-21,K Srinivasan,Nitin Menon,JM Bairstow,Sunrisers Hyderabad,Chennai,"MA Chidambaram Stadium, Chepauk, Chennai",2021-04-21
2nd innings,Sunrisers Hyderabad,Punjab Kings,7.3,JM Bairstow,DA Warner,DJ Hooda,0,0,0,,,,,PK vs SH 2021-04-21,K Srinivasan,Nitin Menon,JM Bairstow,Sunrisers Hyderabad,Chennai,"MA Chidambaram Stadium, Chepauk, Chennai",2021-04-21
2nd innings,Sunrisers Hyderabad,Punjab Kings,7.4,JM Bairstow,DA Warner,DJ Hooda,0,0,0,,,,,PK vs SH 2021-04-21,K Srinivasan,Nitin Menon,JM Bairstow,Sunrisers Hyderabad,Chennai,"MA Chidambaram Stadium, Chepauk, Chennai",2021-04-21
2nd innings,Sunrisers Hyderabad,Punjab Kings,7.5,JM Bairstow,DA Warner,DJ Hooda,0,0,0,,,,,PK vs SH 2021-04-21,K Srinivasan,Nitin Menon,JM Bairstow,Sunrisers Hyderabad,Chennai,"MA Chidambaram Stadium, Chepauk, Chennai",2021-04-21
2nd innings,Sunrisers Hyderabad,Punjab Kings,7.6,JM Bairstow,DA Warner,DJ Hooda,0,0,0,,,,,PK vs SH 2021-04-21,K Srinivasan,Nitin Menon,JM Bairstow,Sunrisers Hyderabad,Chennai,"MA Chidambaram Stadium, Chepauk, Chennai",2021-04-21
2nd innings,Sunrisers Hyderabad,Punjab Kings,8.1,DA Warner,JM Bairstow,M Ashwin,0,2,2,,,,,PK vs SH 2021-04-21,K Srinivasan,Nitin Menon,JM Bairstow,Sunrisers Hyderabad,Chennai,"MA Chidambaram Stadium, Chepauk, Chennai",2021-04-21
2nd innings,Sunrisers Hyderabad,Punjab Kings,8.2,DA Warner,JM Bairstow,M Ashwin,0,1,1,,,,,PK vs SH 2021-04-21,K Srinivasan,Nitin Menon,JM Bairstow,Sunrisers Hyderabad,Chennai,"MA Chidambaram Stadium, Chepauk, Chennai",2021-04-21
2nd innings,Sunrisers Hyderabad,Punjab Kings,8.3,JM Bairstow,DA Warner,M Ashwin,0,0,0,,,,,PK vs SH 2021-04-21,K Srinivasan,Nitin Menon,JM Bairstow,Sunrisers Hyderabad,Chennai,"MA Chidambaram Stadium, Chepauk, Chennai",2021-04-21
2nd innings,Sunrisers Hyderabad,Punjab Kings,8.4,JM Bairstow,DA Warner,M Ashwin,0,0,0,,,,,PK vs SH 2021-04-21,K Srinivasan,Nitin Menon,JM Bairstow,Sunrisers Hyderabad,Chennai,"MA Chidambaram Stadium, Chepauk, Chennai",2021-04-21
2nd innings,Sunrisers Hyderabad,Punjab Kings,8.5,JM Bairstow,DA Warner,M Ashwin,0,2,2,,,,,PK vs SH 2021-04-21,K Srinivasan,Nitin Menon,JM Bairstow,Sunrisers Hyderabad,Chennai,"MA Chidambaram Stadium, Chepauk, Chennai",2021-04-21
2nd innings,Sunrisers Hyderabad,Punjab Kings,8.6,JM Bairstow,DA Warner,M Ashwin,0,1,1,,,,,PK vs SH 2021-04-21,K Srinivasan,Nitin Menon,JM Bairstow,Sunrisers Hyderabad,Chennai,"MA Chidambaram Stadium, Chepauk, Chennai",2021-04-21
2nd innings,Sunrisers Hyderabad,Punjab Kings,9.1,JM Bairstow,DA Warner,DJ Hooda,0,1,1,,,,,PK vs SH 2021-04-21,K Srinivasan,Nitin Menon,JM Bairstow,Sunrisers Hyderabad,Chennai,"MA Chidambaram Stadium, Chepauk, Chennai",2021-04-21
2nd innings,Sunrisers Hyderabad,Punjab Kings,9.2,DA Warner,JM Bairstow,DJ Hooda,0,1,1,,,,,PK vs SH 2021-04-21,K Srinivasan,Nitin Menon,JM Bairstow,Sunrisers Hyderabad,Chennai,"MA Chidambaram Stadium, Chepauk, Chennai",2021-04-21
2nd innings,Sunrisers Hyderabad,Punjab Kings,9.3,JM Bairstow,DA Warner,DJ Hooda,0,6,6,,,,,PK vs SH 2021-04-21,K Srinivasan,Nitin Menon,JM Bairstow,Sunrisers Hyderabad,Chennai,"MA Chidambaram Stadium, Chepauk, Chennai",2021-04-21
2nd innings,Sunrisers Hyderabad,Punjab Kings,9.4,JM Bairstow,DA Warner,DJ Hooda,0,0,0,,,,,PK vs SH 2021-04-21,K Srinivasan,Nitin Menon,JM Bairstow,Sunrisers Hyderabad,Chennai,"MA Chidambaram Stadium, Chepauk, Chennai",2021-04-21
2nd innings,Sunrisers Hyderabad,Punjab Kings,9.5,JM Bairstow,DA Warner,DJ Hooda,0,0,0,,,,,PK vs SH 2021-04-21,K Srinivasan,Nitin Menon,JM Bairstow,Sunrisers Hyderabad,Chennai,"MA Chidambaram Stadium, Chepauk, Chennai",2021-04-21
2nd innings,Sunrisers Hyderabad,Punjab Kings,9.6,JM Bairstow,DA Warner,DJ Hooda,0,1,1,,,,,PK vs SH 2021-04-21,K Srinivasan,Nitin Menon,JM Bairstow,Sunrisers Hyderabad,Chennai,"MA Chidambaram Stadium, Chepauk, Chennai",2021-04-21
2nd innings,Sunrisers Hyderabad,Punjab Kings,10.1,JM Bairstow,DA Warner,FA Allen,0,0,0,,DA Warner,caught,MA Agarwal,PK vs SH 2021-04-21,K Srinivasan,Nitin Menon,JM Bairstow,Sunrisers Hyderabad,Chennai,"MA Chidambaram Stadium, Chepauk, Chennai",2021-04-21
2nd innings,Sunrisers Hyderabad,Punjab Kings,10.2,KS Williamson,JM Bairstow,FA Allen,0,0,0,,,,,PK vs SH 2021-04-21,K Srinivasan,Nitin Menon,JM Bairstow,Sunrisers Hyderabad,Chennai,"MA Chidambaram Stadium, Chepauk, Chennai",2021-04-21
2nd innings,Sunrisers Hyderabad,Punjab Kings,10.3,KS Williamson,JM Bairstow,FA Allen,0,0,0,,,,,PK vs SH 2021-04-21,K Srinivasan,Nitin Menon,JM Bairstow,Sunrisers Hyderabad,Chennai,"MA Chidambaram Stadium, Chepauk, Chennai",2021-04-21
2nd innings,Sunrisers Hyderabad,Punjab Kings,10.4,KS Williamson,JM Bairstow,FA Allen,0,0,0,,,,,PK vs SH 2021-04-21,K Srinivasan,Nitin Menon,JM Bairstow,Sunrisers Hyderabad,Chennai,"MA Chidambaram Stadium, Chepauk, Chennai",2021-04-21
2nd innings,Sunrisers Hyderabad,Punjab Kings,10.5,KS Williamson,JM Bairstow,FA Allen,0,0,0,,,,,PK vs SH 2021-04-21,K Srinivasan,Nitin Menon,JM Bairstow,Sunrisers Hyderabad,Chennai,"MA Chidambaram Stadium, Chepauk, Chennai",2021-04-21
2nd innings,Sunrisers Hyderabad,Punjab Kings,10.6,KS Williamson,JM Bairstow,FA Allen,0,0,0,,,,,PK vs SH 2021-04-21,K Srinivasan,Nitin Menon,JM Bairstow,Sunrisers Hyderabad,Chennai,"MA Chidambaram Stadium, Chepauk, Chennai",2021-04-21
2nd innings,Sunrisers Hyderabad,Punjab Kings,11.1,JM Bairstow,KS Williamson,M Ashwin,0,1,1,,,,,PK vs SH 2021-04-21,K Srinivasan,Nitin Menon,JM Bairstow,Sunrisers Hyderabad,Chennai,"MA Chidambaram Stadium, Chepauk, Chennai",2021-04-21
2nd innings,Sunrisers Hyderabad,Punjab Kings,11.2,KS Williamson,JM Bairstow,M Ashwin,0,2,2,,,,,PK vs SH 2021-04-21,K Srinivasan,Nitin Menon,JM Bairstow,Sunrisers Hyderabad,Chennai,"MA Chidambaram Stadium, Chepauk, Chennai",2021-04-21
2nd innings,Sunrisers Hyderabad,Punjab Kings,11.3,KS Williamson,JM Bairstow,M Ashwin,0,1,1,,,,,PK vs SH 2021-04-21,K Srinivasan,Nitin Menon,JM Bairstow,Sunrisers Hyderabad,Chennai,"MA Chidambaram Stadium, Chepauk, Chennai",2021-04-21
2nd innings,Sunrisers Hyderabad,Punjab Kings,11.4,JM Bairstow,KS Williamson,M Ashwin,0,1,1,,,,,PK vs SH 2021-04-21,K Srinivasan,Nitin Menon,JM Bairstow,Sunrisers Hyderabad,Chennai,"MA Chidambaram Stadium, Chepauk, Chennai",2021-04-21
2nd innings,Sunrisers Hyderabad,Punjab Kings,11.5,KS Williamson,JM Bairstow,M Ashwin,0,0,0,,,,,PK vs SH 2021-04-21,K Srinivasan,Nitin Menon,JM Bairstow,Sunrisers Hyderabad,Chennai,"MA Chidambaram Stadium, Chepauk, Chennai",2021-04-21
2nd innings,Sunrisers Hyderabad,Punjab Kings,11.6,KS Williamson,JM Bairstow,M Ashwin,0,2,2,,,,,PK vs SH 2021-04-21,K Srinivasan,Nitin Menon,JM Bairstow,Sunrisers Hyderabad,Chennai,"MA Chidambaram Stadium, Chepauk, Chennai",2021-04-21
2nd innings,Sunrisers Hyderabad,Punjab Kings,12.1,JM Bairstow,KS Williamson,FA Allen,0,1,1,,,,,PK vs SH 2021-04-21,K Srinivasan,Nitin Menon,JM Bairstow,Sunrisers Hyderabad,Chennai,"MA Chidambaram Stadium, Chepauk, Chennai",2021-04-21
2nd innings,Sunrisers Hyderabad,Punjab Kings,12.2,KS Williamson,JM Bairstow,FA Allen,0,1,1,,,,,PK vs SH 2021-04-21,K Srinivasan,Nitin Menon,JM Bairstow,Sunrisers Hyderabad,Chennai,"MA Chidambaram Stadium, Chepauk, Chennai",2021-04-21
2nd innings,Sunrisers Hyderabad,Punjab Kings,12.3,JM Bairstow,KS Williamson,FA Allen,0,3,3,,,,,PK vs SH 2021-04-21,K Srinivasan,Nitin Menon,JM Bairstow,Sunrisers Hyderabad,Chennai,"MA Chidambaram Stadium, Chepauk, Chennai",2021-04-21
2nd innings,Sunrisers Hyderabad,Punjab Kings,12.4,KS Williamson,JM Bairstow,FA Allen,0,0,0,,,,,PK vs SH 2021-04-21,K Srinivasan,Nitin Menon,JM Bairstow,Sunrisers Hyderabad,Chennai,"MA Chidambaram Stadium, Chepauk, Chennai",2021-04-21
2nd innings,Sunrisers Hyderabad,Punjab Kings,12.5,KS Williamson,JM Bairstow,FA Allen,0,1,1,,,,,PK vs SH 2021-04-21,K Srinivasan,Nitin Menon,JM Bairstow,Sunrisers Hyderabad,Chennai,"MA Chidambaram Stadium, Chepauk, Chennai",2021-04-21
2nd innings,Sunrisers Hyderabad,Punjab Kings,12.6,JM Bairstow,KS Williamson,FA Allen,0,1,1,,,,,PK vs SH 2021-04-21,K Srinivasan,Nitin Menon,JM Bairstow,Sunrisers Hyderabad,Chennai,"MA Chidambaram Stadium, Chepauk, Chennai",2021-04-21
2nd innings,Sunrisers Hyderabad,Punjab Kings,13.1,JM Bairstow,KS Williamson,DJ Hooda,0,0,0,,,,,PK vs SH 2021-04-21,K Srinivasan,Nitin Menon,JM Bairstow,Sunrisers Hyderabad,Chennai,"MA Chidambaram Stadium, Chepauk, Chennai",2021-04-21
2nd innings,Sunrisers Hyderabad,Punjab Kings,13.2,JM Bairstow,KS Williamson,DJ Hooda,0,1,1,,,,,PK vs SH 2021-04-21,K Srinivasan,Nitin Menon,JM Bairstow,Sunrisers Hyderabad,Chennai,"MA Chidambaram Stadium, Chepauk, Chennai",2021-04-21
2nd innings,Sunrisers Hyderabad,Punjab Kings,13.3,KS Williamson,JM Bairstow,DJ Hooda,0,1,1,,,,,PK vs SH 2021-04-21,K Srinivasan,Nitin Menon,JM Bairstow,Sunrisers Hyderabad,Chennai,"MA Chidambaram Stadium, Chepauk, Chennai",2021-04-21
2nd innings,Sunrisers Hyderabad,Punjab Kings,13.4,JM Bairstow,KS Williamson,DJ Hooda,0,1,1,,,,,PK vs SH 2021-04-21,K Srinivasan,Nitin Menon,JM Bairstow,Sunrisers Hyderabad,Chennai,"MA Chidambaram Stadium, Chepauk, Chennai",2021-04-21
2nd innings,Sunrisers Hyderabad,Punjab Kings,13.5,KS Williamson,JM Bairstow,DJ Hooda,0,1,1,,,,,PK vs SH 2021-04-21,K Srinivasan,Nitin Menon,JM Bairstow,Sunrisers Hyderabad,Chennai,"MA Chidambaram Stadium, Chepauk, Chennai",2021-04-21
2nd innings,Sunrisers Hyderabad,Punjab Kings,13.6,JM Bairstow,KS Williamson,DJ Hooda,0,0,0,,,,,PK vs SH 2021-04-21,K Srinivasan,Nitin Menon,JM Bairstow,Sunrisers Hyderabad,Chennai,"MA Chidambaram Stadium, Chepauk, Chennai",2021-04-21
2nd innings,Sunrisers Hyderabad,Punjab Kings,14.1,KS Williamson,JM Bairstow,FA Allen,0,1,1,,,,,PK vs SH 2021-04-21,K Srinivasan,Nitin Menon,JM Bairstow,Sunrisers Hyderabad,Chennai,"MA Chidambaram Stadium, Chepauk, Chennai",2021-04-21
2nd innings,Sunrisers Hyderabad,Punjab Kings,14.2,JM Bairstow,KS Williamson,FA Allen,0,0,0,,,,,PK vs SH 2021-04-21,K Srinivasan,Nitin Menon,JM Bairstow,Sunrisers Hyderabad,Chennai,"MA Chidambaram Stadium, Chepauk, Chennai",2021-04-21
2nd innings,Sunrisers Hyderabad,Punjab Kings,14.3,JM Bairstow,KS Williamson,FA Allen,0,1,1,,,,,PK vs SH 2021-04-21,K Srinivasan,Nitin Menon,JM Bairstow,Sunrisers Hyderabad,Chennai,"MA Chidambaram Stadium, Chepauk, Chennai",2021-04-21
2nd innings,Sunrisers Hyderabad,Punjab Kings,14.4,KS Williamson,JM Bairstow,FA Allen,0,0,0,,,,,PK vs SH 2021-04-21,K Srinivasan,Nitin Menon,JM Bairstow,Sunrisers Hyderabad,Chennai,"MA Chidambaram Stadium, Chepauk, Chennai",2021-04-21
2nd innings,Sunrisers Hyderabad,Punjab Kings,14.5,KS Williamson,JM Bairstow,FA Allen,0,1,1,,,,,PK vs SH 2021-04-21,K Srinivasan,Nitin Menon,JM Bairstow,Sunrisers Hyderabad,Chennai,"MA Chidambaram Stadium, Chepauk, Chennai",2021-04-21
2nd innings,Sunrisers Hyderabad,Punjab Kings,14.6,JM Bairstow,KS Williamson,FA Allen,0,1,1,,,,,PK vs SH 2021-04-21,K Srinivasan,Nitin Menon,JM Bairstow,Sunrisers Hyderabad,Chennai,"MA Chidambaram Stadium, Chepauk, Chennai",2021-04-21
2nd innings,Sunrisers Hyderabad,Punjab Kings,15.1,JM Bairstow,KS Williamson,Arshdeep Singh,0,1,1,,,,,PK vs SH 2021-04-21,K Srinivasan,Nitin Menon,JM Bairstow,Sunrisers Hyderabad,Chennai,"MA Chidambaram Stadium, Chepauk, Chennai",2021-04-21
2nd innings,Sunrisers Hyderabad,Punjab Kings,15.2,KS Williamson,JM Bairstow,Arshdeep Singh,0,0,0,,,,,PK vs SH 2021-04-21,K Srinivasan,Nitin Menon,JM Bairstow,Sunrisers Hyderabad,Chennai,"MA Chidambaram Stadium, Chepauk, Chennai",2021-04-21
2nd innings,Sunrisers Hyderabad,Punjab Kings,15.3,KS Williamson,JM Bairstow,Arshdeep Singh,0,1,1,,,,,PK vs SH 2021-04-21,K Srinivasan,Nitin Menon,JM Bairstow,Sunrisers Hyderabad,Chennai,"MA Chidambaram Stadium, Chepauk, Chennai",2021-04-21
2nd innings,Sunrisers Hyderabad,Punjab Kings,15.4,JM Bairstow,KS Williamson,Arshdeep Singh,0,1,1,,,,,PK vs SH 2021-04-21,K Srinivasan,Nitin Menon,JM Bairstow,Sunrisers Hyderabad,Chennai,"MA Chidambaram Stadium, Chepauk, Chennai",2021-04-21
2nd innings,Sunrisers Hyderabad,Punjab Kings,15.5,KS Williamson,JM Bairstow,Arshdeep Singh,0,1,1,,,,,PK vs SH 2021-04-21,K Srinivasan,Nitin Menon,JM Bairstow,Sunrisers Hyderabad,Chennai,"MA Chidambaram Stadium, Chepauk, Chennai",2021-04-21
2nd innings,Sunrisers Hyderabad,Punjab Kings,15.6,JM Bairstow,KS Williamson,Arshdeep Singh,0,1,1,,,,,PK vs SH 2021-04-21,K Srinivasan,Nitin Menon,JM Bairstow,Sunrisers Hyderabad,Chennai,"MA Chidambaram Stadium, Chepauk, Chennai",2021-04-21
2nd innings,Sunrisers Hyderabad,Punjab Kings,16.1,JM Bairstow,KS Williamson,M Ashwin,0,1,1,,,,,PK vs SH 2021-04-21,K Srinivasan,Nitin Menon,JM Bairstow,Sunrisers Hyderabad,Chennai,"MA Chidambaram Stadium, Chepauk, Chennai",2021-04-21
2nd innings,Sunrisers Hyderabad,Punjab Kings,16.2,KS Williamson,JM Bairstow,M Ashwin,0,1,1,,,,,PK vs SH 2021-04-21,K Srinivasan,Nitin Menon,JM Bairstow,Sunrisers Hyderabad,Chennai,"MA Chidambaram Stadium, Chepauk, Chennai",2021-04-21
2nd innings,Sunrisers Hyderabad,Punjab Kings,16.3,JM Bairstow,KS Williamson,M Ashwin,0,1,1,,,,,PK vs SH 2021-04-21,K Srinivasan,Nitin Menon,JM Bairstow,Sunrisers Hyderabad,Chennai,"MA Chidambaram Stadium, Chepauk, Chennai",2021-04-21
2nd innings,Sunrisers Hyderabad,Punjab Kings,16.4,KS Williamson,JM Bairstow,M Ashwin,0,0,0,,,,,PK vs SH 2021-04-21,K Srinivasan,Nitin Menon,JM Bairstow,Sunrisers Hyderabad,Chennai,"MA Chidambaram Stadium, Chepauk, Chennai",2021-04-21
2nd innings,Sunrisers Hyderabad,Punjab Kings,16.5,KS Williamson,JM Bairstow,M Ashwin,0,1,1,,,,,PK vs SH 2021-04-21,K Srinivasan,Nitin Menon,JM Bairstow,Sunrisers Hyderabad,Chennai,"MA Chidambaram Stadium, Chepauk, Chennai",2021-04-21
2nd innings,Sunrisers Hyderabad,Punjab Kings,16.6,JM Bairstow,KS Williamson,M Ashwin,0,0,0,,,,,PK vs SH 2021-04-21,K Srinivasan,Nitin Menon,JM Bairstow,Sunrisers Hyderabad,Chennai,"MA Chidambaram Stadium, Chepauk, Chennai",2021-04-21
2nd innings,Sunrisers Hyderabad,Punjab Kings,17.1,KS Williamson,JM Bairstow,DJ Hooda,0,4,4,,,,,PK vs SH 2021-04-21,K Srinivasan,Nitin Menon,JM Bairstow,Sunrisers Hyderabad,Chennai,"MA Chidambaram Stadium, Chepauk, Chennai",2021-04-21
2nd innings,Sunrisers Hyderabad,Punjab Kings,17.2,KS Williamson,JM Bairstow,DJ Hooda,0,0,0,,,,,PK vs SH 2021-04-21,K Srinivasan,Nitin Menon,JM Bairstow,Sunrisers Hyderabad,Chennai,"MA Chidambaram Stadium, Chepauk, Chennai",2021-04-21
2nd innings,Sunrisers Hyderabad,Punjab Kings,17.3,KS Williamson,JM Bairstow,DJ Hooda,0,0,0,,,,,PK vs SH 2021-04-21,K Srinivasan,Nitin Menon,JM Bairstow,Sunrisers Hyderabad,Chennai,"MA Chidambaram Stadium, Chepauk, Chennai",2021-04-21
2nd innings,Sunrisers Hyderabad,Punjab Kings,17.4,KS Williamson,JM Bairstow,DJ Hooda,0,2,2,,,,,PK vs SH 2021-04-21,K Srinivasan,Nitin Menon,JM Bairstow,Sunrisers Hyderabad,Chennai,"MA Chidambaram Stadium, Chepauk, Chennai",2021-04-21
2nd innings,Sunrisers Hyderabad,Punjab Kings,17.5,KS Williamson,JM Bairstow,DJ Hooda,0,1,1,,,,,PK vs SH 2021-04-21,K Srinivasan,Nitin Menon,JM Bairstow,Sunrisers Hyderabad,Chennai,"MA Chidambaram Stadium, Chepauk, Chennai",2021-04-21
2nd innings,Sunrisers Hyderabad,Punjab Kings,17.6,JM Bairstow,KS Williamson,DJ Hooda,0,0,0,,,,,PK vs SH 2021-04-21,K Srinivasan,Nitin Menon,JM Bairstow,Sunrisers Hyderabad,Chennai,"MA Chidambaram Stadium, Chepauk, Chennai",2021-04-21
2nd innings,Sunrisers Hyderabad,Punjab Kings,18.1,KS Williamson,JM Bairstow,Arshdeep Singh,0,0,0,,,,,PK vs SH 2021-04-21,K Srinivasan,Nitin Menon,JM Bairstow,Sunrisers Hyderabad,Chennai,"MA Chidambaram Stadium, Chepauk, Chennai",2021-04-21
2nd innings,Sunrisers Hyderabad,Punjab Kings,18.2,KS Williamson,JM Bairstow,Arshdeep Singh,0,6,6,,,,,PK vs SH 2021-04-21,K Srinivasan,Nitin Menon,JM Bairstow,Sunrisers Hyderabad,Chennai,"MA Chidambaram Stadium, Chepauk, Chennai",2021-04-21
2nd innings,Sunrisers Hyderabad,Punjab Kings,18.3,KS Williamson,JM Bairstow,Arshdeep Singh,0,2,2,,,,,PK vs SH 2021-04-21,K Srinivasan,Nitin Menon,JM Bairstow,Sunrisers Hyderabad,Chennai,"MA Chidambaram Stadium, Chepauk, Chennai",2021-04-21
2nd innings,Sunrisers Hyderabad,Punjab Kings,18.4,KS Williamson,JM Bairstow,Arshdeep Singh,0,1,1,,,,,PK vs SH 2021-04-21,K Srinivasan,Nitin Menon,JM Bairstow,Sunrisers Hyderabad,Chennai,"MA Chidambaram Stadium, Chepauk, Chennai",2021-04-21
2nd innings,Sunrisers Hyderabad,Punjab Kings,18.5,JM Bairstow,KS Williamson,Arshdeep Singh,1,0,1,wides,,,,PK vs SH 2021-04-21,K Srinivasan,Nitin Menon,JM Bairstow,Sunrisers Hyderabad,Chennai,"MA Chidambaram Stadium, Chepauk, Chennai",2021-04-21
