inning,batting_team,bowling_team,ball,non_striker,batsman,bowler,extra_runs,batsman_run,total_runs,extras,player_out,elimination_kind,fielders_caught,match_name,umpires_1,umpires_2,player_of_match,winner,city,venue,dates
1st innings,Punjab Kings,Chennai Super Kings,0.1,MA Agarwal,KL Rahul,DL Chahar,0,0,0,,,,,PK vs CSK 2021-04-16,AK Chaudhary,AY Dandekar,DL Chahar,Chennai Super Kings,Mumbai,"Wankhede Stadium, Mumbai",2021-04-16
1st innings,Punjab Kings,Chennai Super Kings,0.2,MA Agarwal,KL Rahul,DL Chahar,0,1,1,,,,,PK vs CSK 2021-04-16,AK Chaudhary,AY Dandekar,DL Chahar,Chennai Super Kings,Mumbai,"Wankhede Stadium, Mumbai",2021-04-16
1st innings,Punjab Kings,Chennai Super Kings,0.3,KL Rahul,MA Agarwal,DL Chahar,0,0,0,,,,,PK vs CSK 2021-04-16,AK Chaudhary,AY Dandekar,DL Chahar,Chennai Super Kings,Mumbai,"Wankhede Stadium, Mumbai",2021-04-16
1st innings,Punjab Kings,Chennai Super Kings,0.4,KL Rahul,MA Agarwal,DL Chahar,0,0,0,,MA Agarwal,bowled,,PK vs CSK 2021-04-16,AK Chaudhary,AY Dandekar,DL Chahar,Chennai Super Kings,Mumbai,"Wankhede Stadium, Mumbai",2021-04-16
1st innings,Punjab Kings,Chennai Super Kings,0.5,KL Rahul,CH Gayle,DL Chahar,0,0,0,,,,,PK vs CSK 2021-04-16,AK Chaudhary,AY Dandekar,DL Chahar,Chennai Super Kings,Mumbai,"Wankhede Stadium, Mumbai",2021-04-16
1st innings,Punjab Kings,Chennai Super Kings,0.6,KL Rahul,CH Gayle,DL Chahar,0,1,1,,,,,PK vs CSK 2021-04-16,AK Chaudhary,AY Dandekar,DL Chahar,Chennai Super Kings,Mumbai,"Wankhede Stadium, Mumbai",2021-04-16
1st innings,Punjab Kings,Chennai Super Kings,1.1,KL Rahul,CH Gayle,SM Curran,0,1,1,,,,,PK vs CSK 2021-04-16,AK Chaudhary,AY Dandekar,DL Chahar,Chennai Super Kings,Mumbai,"Wankhede Stadium, Mumbai",2021-04-16
1st innings,Punjab Kings,Chennai Super Kings,1.2,CH Gayle,KL Rahul,SM Curran,0,0,0,,,,,PK vs CSK 2021-04-16,AK Chaudhary,AY Dandekar,DL Chahar,Chennai Super Kings,Mumbai,"Wankhede Stadium, Mumbai",2021-04-16
1st innings,Punjab Kings,Chennai Super Kings,1.3,CH Gayle,KL Rahul,SM Curran,0,0,0,,,,,PK vs CSK 2021-04-16,AK Chaudhary,AY Dandekar,DL Chahar,Chennai Super Kings,Mumbai,"Wankhede Stadium, Mumbai",2021-04-16
1st innings,Punjab Kings,Chennai Super Kings,1.4,CH Gayle,KL Rahul,SM Curran,0,0,0,,,,,PK vs CSK 2021-04-16,AK Chaudhary,AY Dandekar,DL Chahar,Chennai Super Kings,Mumbai,"Wankhede Stadium, Mumbai",2021-04-16
1st innings,Punjab Kings,Chennai Super Kings,1.5,CH Gayle,KL Rahul,SM Curran,0,4,4,,,,,PK vs CSK 2021-04-16,AK Chaudhary,AY Dandekar,DL Chahar,Chennai Super Kings,Mumbai,"Wankhede Stadium, Mumbai",2021-04-16
1st innings,Punjab Kings,Chennai Super Kings,1.6,CH Gayle,KL Rahul,SM Curran,0,0,0,,,,,PK vs CSK 2021-04-16,AK Chaudhary,AY Dandekar,DL Chahar,Chennai Super Kings,Mumbai,"Wankhede Stadium, Mumbai",2021-04-16
1st innings,Punjab Kings,Chennai Super Kings,2.1,KL Rahul,CH Gayle,DL Chahar,0,4,4,,,,,PK vs CSK 2021-04-16,AK Chaudhary,AY Dandekar,DL Chahar,Chennai Super Kings,Mumbai,"Wankhede Stadium, Mumbai",2021-04-16
1st innings,Punjab Kings,Chennai Super Kings,2.2,KL Rahul,CH Gayle,DL Chahar,0,4,4,,,,,PK vs CSK 2021-04-16,AK Chaudhary,AY Dandekar,DL Chahar,Chennai Super Kings,Mumbai,"Wankhede Stadium, Mumbai",2021-04-16
1st innings,Punjab Kings,Chennai Super Kings,2.3,KL Rahul,CH Gayle,DL Chahar,0,0,0,,,,,PK vs CSK 2021-04-16,AK Chaudhary,AY Dandekar,DL Chahar,Chennai Super Kings,Mumbai,"Wankhede Stadium, Mumbai",2021-04-16
1st innings,Punjab Kings,Chennai Super Kings,2.4,KL Rahul,CH Gayle,DL Chahar,0,0,0,,,,,PK vs CSK 2021-04-16,AK Chaudhary,AY Dandekar,DL Chahar,Chennai Super Kings,Mumbai,"Wankhede Stadium, Mumbai",2021-04-16
1st innings,Punjab Kings,Chennai Super Kings,2.5,KL Rahul,CH Gayle,DL Chahar,0,0,0,,KL Rahul,run out,,PK vs CSK 2021-04-16,AK Chaudhary,AY Dandekar,DL Chahar,Chennai Super Kings,Mumbai,"Wankhede Stadium, Mumbai",2021-04-16
1st innings,Punjab Kings,Chennai Super Kings,2.6,CH Gayle,DJ Hooda,DL Chahar,1,0,1,wides,,,,PK vs CSK 2021-04-16,AK Chaudhary,AY Dandekar,DL Chahar,Chennai Super Kings,Mumbai,"Wankhede Stadium, Mumbai",2021-04-16
1st innings,Punjab Kings,Chennai Super Kings,2.7,CH Gayle,DJ Hooda,DL Chahar,0,1,1,,,,,PK vs CSK 2021-04-16,AK Chaudhary,AY Dandekar,DL Chahar,Chennai Super Kings,Mumbai,"Wankhede Stadium, Mumbai",2021-04-16
1st innings,Punjab Kings,Chennai Super Kings,3.1,CH Gayle,DJ Hooda,SM Curran,0,0,0,,,,,PK vs CSK 2021-04-16,AK Chaudhary,AY Dandekar,DL Chahar,Chennai Super Kings,Mumbai,"Wankhede Stadium, Mumbai",2021-04-16
1st innings,Punjab Kings,Chennai Super Kings,3.2,CH Gayle,DJ Hooda,SM Curran,0,0,0,,,,,PK vs CSK 2021-04-16,AK Chaudhary,AY Dandekar,DL Chahar,Chennai Super Kings,Mumbai,"Wankhede Stadium, Mumbai",2021-04-16
1st innings,Punjab Kings,Chennai Super Kings,3.3,CH Gayle,DJ Hooda,SM Curran,0,0,0,,,,,PK vs CSK 2021-04-16,AK Chaudhary,AY Dandekar,DL Chahar,Chennai Super Kings,Mumbai,"Wankhede Stadium, Mumbai",2021-04-16
1st innings,Punjab Kings,Chennai Super Kings,3.4,CH Gayle,DJ Hooda,SM Curran,0,0,0,,,,,PK vs CSK 2021-04-16,AK Chaudhary,AY Dandekar,DL Chahar,Chennai Super Kings,Mumbai,"Wankhede Stadium, Mumbai",2021-04-16
1st innings,Punjab Kings,Chennai Super Kings,3.5,CH Gayle,DJ Hooda,SM Curran,0,1,1,,,,,PK vs CSK 2021-04-16,AK Chaudhary,AY Dandekar,DL Chahar,Chennai Super Kings,Mumbai,"Wankhede Stadium, Mumbai",2021-04-16
1st innings,Punjab Kings,Chennai Super Kings,3.6,DJ Hooda,CH Gayle,SM Curran,0,0,0,,,,,PK vs CSK 2021-04-16,AK Chaudhary,AY Dandekar,DL Chahar,Chennai Super Kings,Mumbai,"Wankhede Stadium, Mumbai",2021-04-16
1st innings,Punjab Kings,Chennai Super Kings,4.1,CH Gayle,DJ Hooda,DL Chahar,0,1,1,,,,,PK vs CSK 2021-04-16,AK Chaudhary,AY Dandekar,DL Chahar,Chennai Super Kings,Mumbai,"Wankhede Stadium, Mumbai",2021-04-16
1st innings,Punjab Kings,Chennai Super Kings,4.2,DJ Hooda,CH Gayle,DL Chahar,0,0,0,,CH Gayle,caught,RA Jadeja,PK vs CSK 2021-04-16,AK Chaudhary,AY Dandekar,DL Chahar,Chennai Super Kings,Mumbai,"Wankhede Stadium, Mumbai",2021-04-16
1st innings,Punjab Kings,Chennai Super Kings,4.3,DJ Hooda,N Pooran,DL Chahar,0,0,0,,,,,PK vs CSK 2021-04-16,AK Chaudhary,AY Dandekar,DL Chahar,Chennai Super Kings,Mumbai,"Wankhede Stadium, Mumbai",2021-04-16
1st innings,Punjab Kings,Chennai Super Kings,4.4,DJ Hooda,N Pooran,DL Chahar,0,0,0,,N Pooran,caught,SN Thakur,PK vs CSK 2021-04-16,AK Chaudhary,AY Dandekar,DL Chahar,Chennai Super Kings,Mumbai,"Wankhede Stadium, Mumbai",2021-04-16
1st innings,Punjab Kings,Chennai Super Kings,4.5,DJ Hooda,M Shahrukh Khan,DL Chahar,0,0,0,,,,,PK vs CSK 2021-04-16,AK Chaudhary,AY Dandekar,DL Chahar,Chennai Super Kings,Mumbai,"Wankhede Stadium, Mumbai",2021-04-16
1st innings,Punjab Kings,Chennai Super Kings,4.6,DJ Hooda,M Shahrukh Khan,DL Chahar,0,0,0,,,,,PK vs CSK 2021-04-16,AK Chaudhary,AY Dandekar,DL Chahar,Chennai Super Kings,Mumbai,"Wankhede Stadium, Mumbai",2021-04-16
1st innings,Punjab Kings,Chennai Super Kings,5.1,M Shahrukh Khan,DJ Hooda,SN Thakur,0,0,0,,,,,PK vs CSK 2021-04-16,AK Chaudhary,AY Dandekar,DL Chahar,Chennai Super Kings,Mumbai,"Wankhede Stadium, Mumbai",2021-04-16
1st innings,Punjab Kings,Chennai Super Kings,5.2,M Shahrukh Khan,DJ Hooda,SN Thakur,0,4,4,,,,,PK vs CSK 2021-04-16,AK Chaudhary,AY Dandekar,DL Chahar,Chennai Super Kings,Mumbai,"Wankhede Stadium, Mumbai",2021-04-16
1st innings,Punjab Kings,Chennai Super Kings,5.3,M Shahrukh Khan,DJ Hooda,SN Thakur,0,2,2,,,,,PK vs CSK 2021-04-16,AK Chaudhary,AY Dandekar,DL Chahar,Chennai Super Kings,Mumbai,"Wankhede Stadium, Mumbai",2021-04-16
1st innings,Punjab Kings,Chennai Super Kings,5.4,M Shahrukh Khan,DJ Hooda,SN Thakur,0,0,0,,,,,PK vs CSK 2021-04-16,AK Chaudhary,AY Dandekar,DL Chahar,Chennai Super Kings,Mumbai,"Wankhede Stadium, Mumbai",2021-04-16
1st innings,Punjab Kings,Chennai Super Kings,5.5,M Shahrukh Khan,DJ Hooda,SN Thakur,0,0,0,,,,,PK vs CSK 2021-04-16,AK Chaudhary,AY Dandekar,DL Chahar,Chennai Super Kings,Mumbai,"Wankhede Stadium, Mumbai",2021-04-16
1st innings,Punjab Kings,Chennai Super Kings,5.6,M Shahrukh Khan,DJ Hooda,SN Thakur,0,1,1,,,,,PK vs CSK 2021-04-16,AK Chaudhary,AY Dandekar,DL Chahar,Chennai Super Kings,Mumbai,"Wankhede Stadium, Mumbai",2021-04-16
1st innings,Punjab Kings,Chennai Super Kings,6.1,M Shahrukh Khan,DJ Hooda,DL Chahar,0,0,0,,,,,PK vs CSK 2021-04-16,AK Chaudhary,AY Dandekar,DL Chahar,Chennai Super Kings,Mumbai,"Wankhede Stadium, Mumbai",2021-04-16
1st innings,Punjab Kings,Chennai Super Kings,6.2,M Shahrukh Khan,DJ Hooda,DL Chahar,0,0,0,,DJ Hooda,caught,F du Plessis,PK vs CSK 2021-04-16,AK Chaudhary,AY Dandekar,DL Chahar,Chennai Super Kings,Mumbai,"Wankhede Stadium, Mumbai",2021-04-16
1st innings,Punjab Kings,Chennai Super Kings,6.3,M Shahrukh Khan,JA Richardson,DL Chahar,0,0,0,,,,,PK vs CSK 2021-04-16,AK Chaudhary,AY Dandekar,DL Chahar,Chennai Super Kings,Mumbai,"Wankhede Stadium, Mumbai",2021-04-16
1st innings,Punjab Kings,Chennai Super Kings,6.4,M Shahrukh Khan,JA Richardson,DL Chahar,0,0,0,,,,,PK vs CSK 2021-04-16,AK Chaudhary,AY Dandekar,DL Chahar,Chennai Super Kings,Mumbai,"Wankhede Stadium, Mumbai",2021-04-16
1st innings,Punjab Kings,Chennai Super Kings,6.5,M Shahrukh Khan,JA Richardson,DL Chahar,0,0,0,,,,,PK vs CSK 2021-04-16,AK Chaudhary,AY Dandekar,DL Chahar,Chennai Super Kings,Mumbai,"Wankhede Stadium, Mumbai",2021-04-16
1st innings,Punjab Kings,Chennai Super Kings,6.6,M Shahrukh Khan,JA Richardson,DL Chahar,0,0,0,,,,,PK vs CSK 2021-04-16,AK Chaudhary,AY Dandekar,DL Chahar,Chennai Super Kings,Mumbai,"Wankhede Stadium, Mumbai",2021-04-16
1st innings,Punjab Kings,Chennai Super Kings,7.1,JA Richardson,M Shahrukh Khan,RA Jadeja,0,0,0,,,,,PK vs CSK 2021-04-16,AK Chaudhary,AY Dandekar,DL Chahar,Chennai Super Kings,Mumbai,"Wankhede Stadium, Mumbai",2021-04-16
1st innings,Punjab Kings,Chennai Super Kings,7.2,JA Richardson,M Shahrukh Khan,RA Jadeja,0,0,0,,,,,PK vs CSK 2021-04-16,AK Chaudhary,AY Dandekar,DL Chahar,Chennai Super Kings,Mumbai,"Wankhede Stadium, Mumbai",2021-04-16
1st innings,Punjab Kings,Chennai Super Kings,7.3,JA Richardson,M Shahrukh Khan,RA Jadeja,0,1,1,,,,,PK vs CSK 2021-04-16,AK Chaudhary,AY Dandekar,DL Chahar,Chennai Super Kings,Mumbai,"Wankhede Stadium, Mumbai",2021-04-16
1st innings,Punjab Kings,Chennai Super Kings,7.4,M Shahrukh Khan,JA Richardson,RA Jadeja,0,1,1,,,,,PK vs CSK 2021-04-16,AK Chaudhary,AY Dandekar,DL Chahar,Chennai Super Kings,Mumbai,"Wankhede Stadium, Mumbai",2021-04-16
1st innings,Punjab Kings,Chennai Super Kings,7.5,JA Richardson,M Shahrukh Khan,RA Jadeja,0,0,0,,,,,PK vs CSK 2021-04-16,AK Chaudhary,AY Dandekar,DL Chahar,Chennai Super Kings,Mumbai,"Wankhede Stadium, Mumbai",2021-04-16
1st innings,Punjab Kings,Chennai Super Kings,7.6,JA Richardson,M Shahrukh Khan,RA Jadeja,0,6,6,,,,,PK vs CSK 2021-04-16,AK Chaudhary,AY Dandekar,DL Chahar,Chennai Super Kings,Mumbai,"Wankhede Stadium, Mumbai",2021-04-16
1st innings,Punjab Kings,Chennai Super Kings,8.1,M Shahrukh Khan,JA Richardson,SN Thakur,0,4,4,,,,,PK vs CSK 2021-04-16,AK Chaudhary,AY Dandekar,DL Chahar,Chennai Super Kings,Mumbai,"Wankhede Stadium, Mumbai",2021-04-16
1st innings,Punjab Kings,Chennai Super Kings,8.2,M Shahrukh Khan,JA Richardson,SN Thakur,0,1,1,,,,,PK vs CSK 2021-04-16,AK Chaudhary,AY Dandekar,DL Chahar,Chennai Super Kings,Mumbai,"Wankhede Stadium, Mumbai",2021-04-16
1st innings,Punjab Kings,Chennai Super Kings,8.3,JA Richardson,M Shahrukh Khan,SN Thakur,0,1,1,,,,,PK vs CSK 2021-04-16,AK Chaudhary,AY Dandekar,DL Chahar,Chennai Super Kings,Mumbai,"Wankhede Stadium, Mumbai",2021-04-16
1st innings,Punjab Kings,Chennai Super Kings,8.4,M Shahrukh Khan,JA Richardson,SN Thakur,0,1,1,,,,,PK vs CSK 2021-04-16,AK Chaudhary,AY Dandekar,DL Chahar,Chennai Super Kings,Mumbai,"Wankhede Stadium, Mumbai",2021-04-16
1st innings,Punjab Kings,Chennai Super Kings,8.5,JA Richardson,M Shahrukh Khan,SN Thakur,0,0,0,,,,,PK vs CSK 2021-04-16,AK Chaudhary,AY Dandekar,DL Chahar,Chennai Super Kings,Mumbai,"Wankhede Stadium, Mumbai",2021-04-16
1st innings,Punjab Kings,Chennai Super Kings,8.6,JA Richardson,M Shahrukh Khan,SN Thakur,0,4,4,,,,,PK vs CSK 2021-04-16,AK Chaudhary,AY Dandekar,DL Chahar,Chennai Super Kings,Mumbai,"Wankhede Stadium, Mumbai",2021-04-16
1st innings,Punjab Kings,Chennai Super Kings,9.1,M Shahrukh Khan,JA Richardson,RA Jadeja,0,0,0,,,,,PK vs CSK 2021-04-16,AK Chaudhary,AY Dandekar,DL Chahar,Chennai Super Kings,Mumbai,"Wankhede Stadium, Mumbai",2021-04-16
1st innings,Punjab Kings,Chennai Super Kings,9.2,M Shahrukh Khan,JA Richardson,RA Jadeja,0,0,0,,,,,PK vs CSK 2021-04-16,AK Chaudhary,AY Dandekar,DL Chahar,Chennai Super Kings,Mumbai,"Wankhede Stadium, Mumbai",2021-04-16
1st innings,Punjab Kings,Chennai Super Kings,9.3,M Shahrukh Khan,JA Richardson,RA Jadeja,0,1,1,,,,,PK vs CSK 2021-04-16,AK Chaudhary,AY Dandekar,DL Chahar,Chennai Super Kings,Mumbai,"Wankhede Stadium, Mumbai",2021-04-16
1st innings,Punjab Kings,Chennai Super Kings,9.4,JA Richardson,M Shahrukh Khan,RA Jadeja,0,0,0,,,,,PK vs CSK 2021-04-16,AK Chaudhary,AY Dandekar,DL Chahar,Chennai Super Kings,Mumbai,"Wankhede Stadium, Mumbai",2021-04-16
1st innings,Punjab Kings,Chennai Super Kings,9.5,JA Richardson,M Shahrukh Khan,RA Jadeja,0,1,1,,,,,PK vs CSK 2021-04-16,AK Chaudhary,AY Dandekar,DL Chahar,Chennai Super Kings,Mumbai,"Wankhede Stadium, Mumbai",2021-04-16
1st innings,Punjab Kings,Chennai Super Kings,9.6,M Shahrukh Khan,JA Richardson,RA Jadeja,1,0,1,wides,,,,PK vs CSK 2021-04-16,AK Chaudhary,AY Dandekar,DL Chahar,Chennai Super Kings,Mumbai,"Wankhede Stadium, Mumbai",2021-04-16
1st innings,Punjab Kings,Chennai Super Kings,9.7,M Shahrukh Khan,JA Richardson,RA Jadeja,0,0,0,,,,,PK vs CSK 2021-04-16,AK Chaudhary,AY Dandekar,DL Chahar,Chennai Super Kings,Mumbai,"Wankhede Stadium, Mumbai",2021-04-16
1st innings,Punjab Kings,Chennai Super Kings,10.1,JA Richardson,M Shahrukh Khan,MM Ali,0,0,0,,,,,PK vs CSK 2021-04-16,AK Chaudhary,AY Dandekar,DL Chahar,Chennai Super Kings,Mumbai,"Wankhede Stadium, Mumbai",2021-04-16
1st innings,Punjab Kings,Chennai Super Kings,10.2,JA Richardson,M Shahrukh Khan,MM Ali,0,1,1,,,,,PK vs CSK 2021-04-16,AK Chaudhary,AY Dandekar,DL Chahar,Chennai Super Kings,Mumbai,"Wankhede Stadium, Mumbai",2021-04-16
1st innings,Punjab Kings,Chennai Super Kings,10.3,M Shahrukh Khan,JA Richardson,MM Ali,0,1,1,,,,,PK vs CSK 2021-04-16,AK Chaudhary,AY Dandekar,DL Chahar,Chennai Super Kings,Mumbai,"Wankhede Stadium, Mumbai",2021-04-16
1st innings,Punjab Kings,Chennai Super Kings,10.4,JA Richardson,M Shahrukh Khan,MM Ali,0,1,1,,,,,PK vs CSK 2021-04-16,AK Chaudhary,AY Dandekar,DL Chahar,Chennai Super Kings,Mumbai,"Wankhede Stadium, Mumbai",2021-04-16
1st innings,Punjab Kings,Chennai Super Kings,10.5,M Shahrukh Khan,JA Richardson,MM Ali,0,0,0,,,,,PK vs CSK 2021-04-16,AK Chaudhary,AY Dandekar,DL Chahar,Chennai Super Kings,Mumbai,"Wankhede Stadium, Mumbai",2021-04-16
1st innings,Punjab Kings,Chennai Super Kings,10.6,M Shahrukh Khan,JA Richardson,MM Ali,0,1,1,,,,,PK vs CSK 2021-04-16,AK Chaudhary,AY Dandekar,DL Chahar,Chennai Super Kings,Mumbai,"Wankhede Stadium, Mumbai",2021-04-16
1st innings,Punjab Kings,Chennai Super Kings,11.1,M Shahrukh Khan,JA Richardson,RA Jadeja,0,0,0,,,,,PK vs CSK 2021-04-16,AK Chaudhary,AY Dandekar,DL Chahar,Chennai Super Kings,Mumbai,"Wankhede Stadium, Mumbai",2021-04-16
1st innings,Punjab Kings,Chennai Super Kings,11.2,M Shahrukh Khan,JA Richardson,RA Jadeja,0,0,0,,,,,PK vs CSK 2021-04-16,AK Chaudhary,AY Dandekar,DL Chahar,Chennai Super Kings,Mumbai,"Wankhede Stadium, Mumbai",2021-04-16
1st innings,Punjab Kings,Chennai Super Kings,11.3,M Shahrukh Khan,JA Richardson,RA Jadeja,0,0,0,,,,,PK vs CSK 2021-04-16,AK Chaudhary,AY Dandekar,DL Chahar,Chennai Super Kings,Mumbai,"Wankhede Stadium, Mumbai",2021-04-16
1st innings,Punjab Kings,Chennai Super Kings,11.4,M Shahrukh Khan,JA Richardson,RA Jadeja,0,4,4,,,,,PK vs CSK 2021-04-16,AK Chaudhary,AY Dandekar,DL Chahar,Chennai Super Kings,Mumbai,"Wankhede Stadium, Mumbai",2021-04-16
1st innings,Punjab Kings,Chennai Super Kings,11.5,M Shahrukh Khan,JA Richardson,RA Jadeja,0,0,0,,,,,PK vs CSK 2021-04-16,AK Chaudhary,AY Dandekar,DL Chahar,Chennai Super Kings,Mumbai,"Wankhede Stadium, Mumbai",2021-04-16
1st innings,Punjab Kings,Chennai Super Kings,11.6,M Shahrukh Khan,JA Richardson,RA Jadeja,0,1,1,,,,,PK vs CSK 2021-04-16,AK Chaudhary,AY Dandekar,DL Chahar,Chennai Super Kings,Mumbai,"Wankhede Stadium, Mumbai",2021-04-16
1st innings,Punjab Kings,Chennai Super Kings,12.1,M Shahrukh Khan,JA Richardson,MM Ali,0,0,0,,JA Richardson,bowled,,PK vs CSK 2021-04-16,AK Chaudhary,AY Dandekar,DL Chahar,Chennai Super Kings,Mumbai,"Wankhede Stadium, Mumbai",2021-04-16
1st innings,Punjab Kings,Chennai Super Kings,12.2,M Shahrukh Khan,M Ashwin,MM Ali,0,1,1,,,,,PK vs CSK 2021-04-16,AK Chaudhary,AY Dandekar,DL Chahar,Chennai Super Kings,Mumbai,"Wankhede Stadium, Mumbai",2021-04-16
1st innings,Punjab Kings,Chennai Super Kings,12.3,M Ashwin,M Shahrukh Khan,MM Ali,0,1,1,,,,,PK vs CSK 2021-04-16,AK Chaudhary,AY Dandekar,DL Chahar,Chennai Super Kings,Mumbai,"Wankhede Stadium, Mumbai",2021-04-16
1st innings,Punjab Kings,Chennai Super Kings,12.4,M Shahrukh Khan,M Ashwin,MM Ali,0,1,1,,,,,PK vs CSK 2021-04-16,AK Chaudhary,AY Dandekar,DL Chahar,Chennai Super Kings,Mumbai,"Wankhede Stadium, Mumbai",2021-04-16
1st innings,Punjab Kings,Chennai Super Kings,12.5,M Ashwin,M Shahrukh Khan,MM Ali,0,0,0,,,,,PK vs CSK 2021-04-16,AK Chaudhary,AY Dandekar,DL Chahar,Chennai Super Kings,Mumbai,"Wankhede Stadium, Mumbai",2021-04-16
1st innings,Punjab Kings,Chennai Super Kings,12.6,M Ashwin,M Shahrukh Khan,MM Ali,0,1,1,,,,,PK vs CSK 2021-04-16,AK Chaudhary,AY Dandekar,DL Chahar,Chennai Super Kings,Mumbai,"Wankhede Stadium, Mumbai",2021-04-16
1st innings,Punjab Kings,Chennai Super Kings,13.1,M Ashwin,M Shahrukh Khan,RA Jadeja,0,1,1,,,,,PK vs CSK 2021-04-16,AK Chaudhary,AY Dandekar,DL Chahar,Chennai Super Kings,Mumbai,"Wankhede Stadium, Mumbai",2021-04-16
1st innings,Punjab Kings,Chennai Super Kings,13.2,M Shahrukh Khan,M Ashwin,RA Jadeja,0,0,0,,,,,PK vs CSK 2021-04-16,AK Chaudhary,AY Dandekar,DL Chahar,Chennai Super Kings,Mumbai,"Wankhede Stadium, Mumbai",2021-04-16
1st innings,Punjab Kings,Chennai Super Kings,13.3,M Shahrukh Khan,M Ashwin,RA Jadeja,0,1,1,,,,,PK vs CSK 2021-04-16,AK Chaudhary,AY Dandekar,DL Chahar,Chennai Super Kings,Mumbai,"Wankhede Stadium, Mumbai",2021-04-16
1st innings,Punjab Kings,Chennai Super Kings,13.4,M Ashwin,M Shahrukh Khan,RA Jadeja,0,1,1,,,,,PK vs CSK 2021-04-16,AK Chaudhary,AY Dandekar,DL Chahar,Chennai Super Kings,Mumbai,"Wankhede Stadium, Mumbai",2021-04-16
1st innings,Punjab Kings,Chennai Super Kings,13.5,M Shahrukh Khan,M Ashwin,RA Jadeja,0,0,0,,,,,PK vs CSK 2021-04-16,AK Chaudhary,AY Dandekar,DL Chahar,Chennai Super Kings,Mumbai,"Wankhede Stadium, Mumbai",2021-04-16
1st innings,Punjab Kings,Chennai Super Kings,13.6,M Shahrukh Khan,M Ashwin,RA Jadeja,0,0,0,,,,,PK vs CSK 2021-04-16,AK Chaudhary,AY Dandekar,DL Chahar,Chennai Super Kings,Mumbai,"Wankhede Stadium, Mumbai",2021-04-16
1st innings,Punjab Kings,Chennai Super Kings,14.1,M Ashwin,M Shahrukh Khan,MM Ali,0,6,6,,,,,PK vs CSK 2021-04-16,AK Chaudhary,AY Dandekar,DL Chahar,Chennai Super Kings,Mumbai,"Wankhede Stadium, Mumbai",2021-04-16
1st innings,Punjab Kings,Chennai Super Kings,14.2,M Ashwin,M Shahrukh Khan,MM Ali,0,1,1,,,,,PK vs CSK 2021-04-16,AK Chaudhary,AY Dandekar,DL Chahar,Chennai Super Kings,Mumbai,"Wankhede Stadium, Mumbai",2021-04-16
1st innings,Punjab Kings,Chennai Super Kings,14.3,M Shahrukh Khan,M Ashwin,MM Ali,0,1,1,,,,,PK vs CSK 2021-04-16,AK Chaudhary,AY Dandekar,DL Chahar,Chennai Super Kings,Mumbai,"Wankhede Stadium, Mumbai",2021-04-16
1st innings,Punjab Kings,Chennai Super Kings,14.4,M Ashwin,M Shahrukh Khan,MM Ali,0,1,1,,,,,PK vs CSK 2021-04-16,AK Chaudhary,AY Dandekar,DL Chahar,Chennai Super Kings,Mumbai,"Wankhede Stadium, Mumbai",2021-04-16
1st innings,Punjab Kings,Chennai Super Kings,14.5,M Shahrukh Khan,M Ashwin,MM Ali,0,0,0,,,,,PK vs CSK 2021-04-16,AK Chaudhary,AY Dandekar,DL Chahar,Chennai Super Kings,Mumbai,"Wankhede Stadium, Mumbai",2021-04-16
1st innings,Punjab Kings,Chennai Super Kings,14.6,M Shahrukh Khan,M Ashwin,MM Ali,0,0,0,,,,,PK vs CSK 2021-04-16,AK Chaudhary,AY Dandekar,DL Chahar,Chennai Super Kings,Mumbai,"Wankhede Stadium, Mumbai",2021-04-16
1st innings,Punjab Kings,Chennai Super Kings,15.1,M Ashwin,M Shahrukh Khan,SN Thakur,0,2,2,,,,,PK vs CSK 2021-04-16,AK Chaudhary,AY Dandekar,DL Chahar,Chennai Super Kings,Mumbai,"Wankhede Stadium, Mumbai",2021-04-16
1st innings,Punjab Kings,Chennai Super Kings,15.2,M Ashwin,M Shahrukh Khan,SN Thakur,0,4,4,,,,,PK vs CSK 2021-04-16,AK Chaudhary,AY Dandekar,DL Chahar,Chennai Super Kings,Mumbai,"Wankhede Stadium, Mumbai",2021-04-16
1st innings,Punjab Kings,Chennai Super Kings,15.3,M Ashwin,M Shahrukh Khan,SN Thakur,0,1,1,,,,,PK vs CSK 2021-04-16,AK Chaudhary,AY Dandekar,DL Chahar,Chennai Super Kings,Mumbai,"Wankhede Stadium, Mumbai",2021-04-16
1st innings,Punjab Kings,Chennai Super Kings,15.4,M Shahrukh Khan,M Ashwin,SN Thakur,0,0,0,,,,,PK vs CSK 2021-04-16,AK Chaudhary,AY Dandekar,DL Chahar,Chennai Super Kings,Mumbai,"Wankhede Stadium, Mumbai",2021-04-16
1st innings,Punjab Kings,Chennai Super Kings,15.5,M Shahrukh Khan,M Ashwin,SN Thakur,0,0,0,,,,,PK vs CSK 2021-04-16,AK Chaudhary,AY Dandekar,DL Chahar,Chennai Super Kings,Mumbai,"Wankhede Stadium, Mumbai",2021-04-16
1st innings,Punjab Kings,Chennai Super Kings,15.6,M Shahrukh Khan,M Ashwin,SN Thakur,0,1,1,,,,,PK vs CSK 2021-04-16,AK Chaudhary,AY Dandekar,DL Chahar,Chennai Super Kings,Mumbai,"Wankhede Stadium, Mumbai",2021-04-16
1st innings,Punjab Kings,Chennai Super Kings,16.1,M Shahrukh Khan,M Ashwin,DJ Bravo,0,1,1,,,,,PK vs CSK 2021-04-16,AK Chaudhary,AY Dandekar,DL Chahar,Chennai Super Kings,Mumbai,"Wankhede Stadium, Mumbai",2021-04-16
1st innings,Punjab Kings,Chennai Super Kings,16.2,M Ashwin,M Shahrukh Khan,DJ Bravo,0,0,0,,,,,PK vs CSK 2021-04-16,AK Chaudhary,AY Dandekar,DL Chahar,Chennai Super Kings,Mumbai,"Wankhede Stadium, Mumbai",2021-04-16
1st innings,Punjab Kings,Chennai Super Kings,16.3,M Ashwin,M Shahrukh Khan,DJ Bravo,0,4,4,,,,,PK vs CSK 2021-04-16,AK Chaudhary,AY Dandekar,DL Chahar,Chennai Super Kings,Mumbai,"Wankhede Stadium, Mumbai",2021-04-16
1st innings,Punjab Kings,Chennai Super Kings,16.4,M Ashwin,M Shahrukh Khan,DJ Bravo,0,1,1,,,,,PK vs CSK 2021-04-16,AK Chaudhary,AY Dandekar,DL Chahar,Chennai Super Kings,Mumbai,"Wankhede Stadium, Mumbai",2021-04-16
1st innings,Punjab Kings,Chennai Super Kings,16.5,M Shahrukh Khan,M Ashwin,DJ Bravo,0,0,0,,M Ashwin,caught,F du Plessis,PK vs CSK 2021-04-16,AK Chaudhary,AY Dandekar,DL Chahar,Chennai Super Kings,Mumbai,"Wankhede Stadium, Mumbai",2021-04-16
1st innings,Punjab Kings,Chennai Super Kings,16.6,M Shahrukh Khan,Mohammed Shami,DJ Bravo,0,0,0,,,,,PK vs CSK 2021-04-16,AK Chaudhary,AY Dandekar,DL Chahar,Chennai Super Kings,Mumbai,"Wankhede Stadium, Mumbai",2021-04-16
1st innings,Punjab Kings,Chennai Super Kings,17.1,Mohammed Shami,M Shahrukh Khan,SN Thakur,1,0,1,wides,,,,PK vs CSK 2021-04-16,AK Chaudhary,AY Dandekar,DL Chahar,Chennai Super Kings,Mumbai,"Wankhede Stadium, Mumbai",2021-04-16
1st innings,Punjab Kings,Chennai Super Kings,17.2,Mohammed Shami,M Shahrukh Khan,SN Thakur,0,1,1,,,,,PK vs CSK 2021-04-16,AK Chaudhary,AY Dandekar,DL Chahar,Chennai Super Kings,Mumbai,"Wankhede Stadium, Mumbai",2021-04-16
1st innings,Punjab Kings,Chennai Super Kings,17.3,M Shahrukh Khan,Mohammed Shami,SN Thakur,0,1,1,,,,,PK vs CSK 2021-04-16,AK Chaudhary,AY Dandekar,DL Chahar,Chennai Super Kings,Mumbai,"Wankhede Stadium, Mumbai",2021-04-16
1st innings,Punjab Kings,Chennai Super Kings,17.4,Mohammed Shami,M Shahrukh Khan,SN Thakur,0,0,0,,,,,PK vs CSK 2021-04-16,AK Chaudhary,AY Dandekar,DL Chahar,Chennai Super Kings,Mumbai,"Wankhede Stadium, Mumbai",2021-04-16
1st innings,Punjab Kings,Chennai Super Kings,17.5,Mohammed Shami,M Shahrukh Khan,SN Thakur,0,0,0,,,,,PK vs CSK 2021-04-16,AK Chaudhary,AY Dandekar,DL Chahar,Chennai Super Kings,Mumbai,"Wankhede Stadium, Mumbai",2021-04-16
1st innings,Punjab Kings,Chennai Super Kings,17.6,Mohammed Shami,M Shahrukh Khan,SN Thakur,0,2,2,,,,,PK vs CSK 2021-04-16,AK Chaudhary,AY Dandekar,DL Chahar,Chennai Super Kings,Mumbai,"Wankhede Stadium, Mumbai",2021-04-16
1st innings,Punjab Kings,Chennai Super Kings,17.7,Mohammed Shami,M Shahrukh Khan,SN Thakur,0,4,4,,,,,PK vs CSK 2021-04-16,AK Chaudhary,AY Dandekar,DL Chahar,Chennai Super Kings,Mumbai,"Wankhede Stadium, Mumbai",2021-04-16
1st innings,Punjab Kings,Chennai Super Kings,18.1,M Shahrukh Khan,Mohammed Shami,DJ Bravo,0,1,1,,,,,PK vs CSK 2021-04-16,AK Chaudhary,AY Dandekar,DL Chahar,Chennai Super Kings,Mumbai,"Wankhede Stadium, Mumbai",2021-04-16
1st innings,Punjab Kings,Chennai Super Kings,18.2,Mohammed Shami,M Shahrukh Khan,DJ Bravo,0,1,1,,,,,PK vs CSK 2021-04-16,AK Chaudhary,AY Dandekar,DL Chahar,Chennai Super Kings,Mumbai,"Wankhede Stadium, Mumbai",2021-04-16
1st innings,Punjab Kings,Chennai Super Kings,18.3,M Shahrukh Khan,Mohammed Shami,DJ Bravo,0,0,0,,,,,PK vs CSK 2021-04-16,AK Chaudhary,AY Dandekar,DL Chahar,Chennai Super Kings,Mumbai,"Wankhede Stadium, Mumbai",2021-04-16
1st innings,Punjab Kings,Chennai Super Kings,18.4,M Shahrukh Khan,Mohammed Shami,DJ Bravo,0,0,0,,,,,PK vs CSK 2021-04-16,AK Chaudhary,AY Dandekar,DL Chahar,Chennai Super Kings,Mumbai,"Wankhede Stadium, Mumbai",2021-04-16
1st innings,Punjab Kings,Chennai Super Kings,18.5,M Shahrukh Khan,Mohammed Shami,DJ Bravo,0,2,2,,,,,PK vs CSK 2021-04-16,AK Chaudhary,AY Dandekar,DL Chahar,Chennai Super Kings,Mumbai,"Wankhede Stadium, Mumbai",2021-04-16
1st innings,Punjab Kings,Chennai Super Kings,18.6,M Shahrukh Khan,Mohammed Shami,DJ Bravo,0,0,0,,,,,PK vs CSK 2021-04-16,AK Chaudhary,AY Dandekar,DL Chahar,Chennai Super Kings,Mumbai,"Wankhede Stadium, Mumbai",2021-04-16
1st innings,Punjab Kings,Chennai Super Kings,19.1,Mohammed Shami,M Shahrukh Khan,SM Curran,1,0,1,wides,,,,PK vs CSK 2021-04-16,AK Chaudhary,AY Dandekar,DL Chahar,Chennai Super Kings,Mumbai,"Wankhede Stadium, Mumbai",2021-04-16
1st innings,Punjab Kings,Chennai Super Kings,19.2,Mohammed Shami,M Shahrukh Khan,SM Curran,0,0,0,,M Shahrukh Khan,caught,RA Jadeja,PK vs CSK 2021-04-16,AK Chaudhary,AY Dandekar,DL Chahar,Chennai Super Kings,Mumbai,"Wankhede Stadium, Mumbai",2021-04-16
1st innings,Punjab Kings,Chennai Super Kings,19.3,RP Meredith,Mohammed Shami,SM Curran,0,0,0,,,,,PK vs CSK 2021-04-16,AK Chaudhary,AY Dandekar,DL Chahar,Chennai Super Kings,Mumbai,"Wankhede Stadium, Mumbai",2021-04-16
1st innings,Punjab Kings,Chennai Super Kings,19.4,RP Meredith,Mohammed Shami,SM Curran,0,2,2,,,,,PK vs CSK 2021-04-16,AK Chaudhary,AY Dandekar,DL Chahar,Chennai Super Kings,Mumbai,"Wankhede Stadium, Mumbai",2021-04-16
1st innings,Punjab Kings,Chennai Super Kings,19.5,RP Meredith,Mohammed Shami,SM Curran,0,2,2,,,,,PK vs CSK 2021-04-16,AK Chaudhary,AY Dandekar,DL Chahar,Chennai Super Kings,Mumbai,"Wankhede Stadium, Mumbai",2021-04-16
1st innings,Punjab Kings,Chennai Super Kings,19.6,RP Meredith,Mohammed Shami,SM Curran,0,0,0,,,,,PK vs CSK 2021-04-16,AK Chaudhary,AY Dandekar,DL Chahar,Chennai Super Kings,Mumbai,"Wankhede Stadium, Mumbai",2021-04-16
1st innings,Punjab Kings,Chennai Super Kings,19.7,RP Meredith,Mohammed Shami,SM Curran,0,1,1,,,,,PK vs CSK 2021-04-16,AK Chaudhary,AY Dandekar,DL Chahar,Chennai Super Kings,Mumbai,"Wankhede Stadium, Mumbai",2021-04-16
2nd innings,Chennai Super Kings,Punjab Kings,0.1,F du Plessis,RD Gaikwad,Mohammed Shami,0,1,1,,,,,PK vs CSK 2021-04-16,AK Chaudhary,AY Dandekar,DL Chahar,Chennai Super Kings,Mumbai,"Wankhede Stadium, Mumbai",2021-04-16
2nd innings,Chennai Super Kings,Punjab Kings,0.2,RD Gaikwad,F du Plessis,Mohammed Shami,0,0,0,,,,,PK vs CSK 2021-04-16,AK Chaudhary,AY Dandekar,DL Chahar,Chennai Super Kings,Mumbai,"Wankhede Stadium, Mumbai",2021-04-16
2nd innings,Chennai Super Kings,Punjab Kings,0.3,RD Gaikwad,F du Plessis,Mohammed Shami,0,1,1,,,,,PK vs CSK 2021-04-16,AK Chaudhary,AY Dandekar,DL Chahar,Chennai Super Kings,Mumbai,"Wankhede Stadium, Mumbai",2021-04-16
2nd innings,Chennai Super Kings,Punjab Kings,0.4,F du Plessis,RD Gaikwad,Mohammed Shami,0,0,0,,,,,PK vs CSK 2021-04-16,AK Chaudhary,AY Dandekar,DL Chahar,Chennai Super Kings,Mumbai,"Wankhede Stadium, Mumbai",2021-04-16
2nd innings,Chennai Super Kings,Punjab Kings,0.5,F du Plessis,RD Gaikwad,Mohammed Shami,0,0,0,,,,,PK vs CSK 2021-04-16,AK Chaudhary,AY Dandekar,DL Chahar,Chennai Super Kings,Mumbai,"Wankhede Stadium, Mumbai",2021-04-16
2nd innings,Chennai Super Kings,Punjab Kings,0.6,F du Plessis,RD Gaikwad,Mohammed Shami,0,0,0,,,,,PK vs CSK 2021-04-16,AK Chaudhary,AY Dandekar,DL Chahar,Chennai Super Kings,Mumbai,"Wankhede Stadium, Mumbai",2021-04-16
2nd innings,Chennai Super Kings,Punjab Kings,1.1,RD Gaikwad,F du Plessis,JA Richardson,1,0,1,legbyes,,,,PK vs CSK 2021-04-16,AK Chaudhary,AY Dandekar,DL Chahar,Chennai Super Kings,Mumbai,"Wankhede Stadium, Mumbai",2021-04-16
2nd innings,Chennai Super Kings,Punjab Kings,1.2,F du Plessis,RD Gaikwad,JA Richardson,0,0,0,,,,,PK vs CSK 2021-04-16,AK Chaudhary,AY Dandekar,DL Chahar,Chennai Super Kings,Mumbai,"Wankhede Stadium, Mumbai",2021-04-16
2nd innings,Chennai Super Kings,Punjab Kings,1.3,F du Plessis,RD Gaikwad,JA Richardson,0,0,0,,,,,PK vs CSK 2021-04-16,AK Chaudhary,AY Dandekar,DL Chahar,Chennai Super Kings,Mumbai,"Wankhede Stadium, Mumbai",2021-04-16
2nd innings,Chennai Super Kings,Punjab Kings,1.4,F du Plessis,RD Gaikwad,JA Richardson,0,1,1,,,,,PK vs CSK 2021-04-16,AK Chaudhary,AY Dandekar,DL Chahar,Chennai Super Kings,Mumbai,"Wankhede Stadium, Mumbai",2021-04-16
2nd innings,Chennai Super Kings,Punjab Kings,1.5,RD Gaikwad,F du Plessis,JA Richardson,0,0,0,,,,,PK vs CSK 2021-04-16,AK Chaudhary,AY Dandekar,DL Chahar,Chennai Super Kings,Mumbai,"Wankhede Stadium, Mumbai",2021-04-16
2nd innings,Chennai Super Kings,Punjab Kings,1.6,RD Gaikwad,F du Plessis,JA Richardson,0,0,0,,,,,PK vs CSK 2021-04-16,AK Chaudhary,AY Dandekar,DL Chahar,Chennai Super Kings,Mumbai,"Wankhede Stadium, Mumbai",2021-04-16
2nd innings,Chennai Super Kings,Punjab Kings,2.1,F du Plessis,RD Gaikwad,Mohammed Shami,0,0,0,,,,,PK vs CSK 2021-04-16,AK Chaudhary,AY Dandekar,DL Chahar,Chennai Super Kings,Mumbai,"Wankhede Stadium, Mumbai",2021-04-16
2nd innings,Chennai Super Kings,Punjab Kings,2.2,F du Plessis,RD Gaikwad,Mohammed Shami,0,0,0,,,,,PK vs CSK 2021-04-16,AK Chaudhary,AY Dandekar,DL Chahar,Chennai Super Kings,Mumbai,"Wankhede Stadium, Mumbai",2021-04-16
2nd innings,Chennai Super Kings,Punjab Kings,2.3,F du Plessis,RD Gaikwad,Mohammed Shami,0,1,1,,,,,PK vs CSK 2021-04-16,AK Chaudhary,AY Dandekar,DL Chahar,Chennai Super Kings,Mumbai,"Wankhede Stadium, Mumbai",2021-04-16
2nd innings,Chennai Super Kings,Punjab Kings,2.4,RD Gaikwad,F du Plessis,Mohammed Shami,0,1,1,,,,,PK vs CSK 2021-04-16,AK Chaudhary,AY Dandekar,DL Chahar,Chennai Super Kings,Mumbai,"Wankhede Stadium, Mumbai",2021-04-16
2nd innings,Chennai Super Kings,Punjab Kings,2.5,F du Plessis,RD Gaikwad,Mohammed Shami,0,1,1,,,,,PK vs CSK 2021-04-16,AK Chaudhary,AY Dandekar,DL Chahar,Chennai Super Kings,Mumbai,"Wankhede Stadium, Mumbai",2021-04-16
2nd innings,Chennai Super Kings,Punjab Kings,2.6,RD Gaikwad,F du Plessis,Mohammed Shami,0,1,1,,,,,PK vs CSK 2021-04-16,AK Chaudhary,AY Dandekar,DL Chahar,Chennai Super Kings,Mumbai,"Wankhede Stadium, Mumbai",2021-04-16
2nd innings,Chennai Super Kings,Punjab Kings,3.1,RD Gaikwad,F du Plessis,JA Richardson,0,0,0,,,,,PK vs CSK 2021-04-16,AK Chaudhary,AY Dandekar,DL Chahar,Chennai Super Kings,Mumbai,"Wankhede Stadium, Mumbai",2021-04-16
2nd innings,Chennai Super Kings,Punjab Kings,3.2,RD Gaikwad,F du Plessis,JA Richardson,0,4,4,,,,,PK vs CSK 2021-04-16,AK Chaudhary,AY Dandekar,DL Chahar,Chennai Super Kings,Mumbai,"Wankhede Stadium, Mumbai",2021-04-16
2nd innings,Chennai Super Kings,Punjab Kings,3.3,RD Gaikwad,F du Plessis,JA Richardson,0,0,0,,,,,PK vs CSK 2021-04-16,AK Chaudhary,AY Dandekar,DL Chahar,Chennai Super Kings,Mumbai,"Wankhede Stadium, Mumbai",2021-04-16
2nd innings,Chennai Super Kings,Punjab Kings,3.4,RD Gaikwad,F du Plessis,JA Richardson,4,0,4,legbyes,,,,PK vs CSK 2021-04-16,AK Chaudhary,AY Dandekar,DL Chahar,Chennai Super Kings,Mumbai,"Wankhede Stadium, Mumbai",2021-04-16
2nd innings,Chennai Super Kings,Punjab Kings,3.5,RD Gaikwad,F du Plessis,JA Richardson,0,0,0,,,,,PK vs CSK 2021-04-16,AK Chaudhary,AY Dandekar,DL Chahar,Chennai Super Kings,Mumbai,"Wankhede Stadium, Mumbai",2021-04-16
2nd innings,Chennai Super Kings,Punjab Kings,3.6,RD Gaikwad,F du Plessis,JA Richardson,0,6,6,,,,,PK vs CSK 2021-04-16,AK Chaudhary,AY Dandekar,DL Chahar,Chennai Super Kings,Mumbai,"Wankhede Stadium, Mumbai",2021-04-16
2nd innings,Chennai Super Kings,Punjab Kings,4.1,F du Plessis,RD Gaikwad,Arshdeep Singh,0,0,0,,,,,PK vs CSK 2021-04-16,AK Chaudhary,AY Dandekar,DL Chahar,Chennai Super Kings,Mumbai,"Wankhede Stadium, Mumbai",2021-04-16
2nd innings,Chennai Super Kings,Punjab Kings,4.2,F du Plessis,RD Gaikwad,Arshdeep Singh,0,1,1,,,,,PK vs CSK 2021-04-16,AK Chaudhary,AY Dandekar,DL Chahar,Chennai Super Kings,Mumbai,"Wankhede Stadium, Mumbai",2021-04-16
2nd innings,Chennai Super Kings,Punjab Kings,4.3,RD Gaikwad,F du Plessis,Arshdeep Singh,0,1,1,,,,,PK vs CSK 2021-04-16,AK Chaudhary,AY Dandekar,DL Chahar,Chennai Super Kings,Mumbai,"Wankhede Stadium, Mumbai",2021-04-16
2nd innings,Chennai Super Kings,Punjab Kings,4.4,F du Plessis,RD Gaikwad,Arshdeep Singh,0,0,0,,,,,PK vs CSK 2021-04-16,AK Chaudhary,AY Dandekar,DL Chahar,Chennai Super Kings,Mumbai,"Wankhede Stadium, Mumbai",2021-04-16
2nd innings,Chennai Super Kings,Punjab Kings,4.5,F du Plessis,RD Gaikwad,Arshdeep Singh,0,0,0,,,,,PK vs CSK 2021-04-16,AK Chaudhary,AY Dandekar,DL Chahar,Chennai Super Kings,Mumbai,"Wankhede Stadium, Mumbai",2021-04-16
2nd innings,Chennai Super Kings,Punjab Kings,4.6,F du Plessis,RD Gaikwad,Arshdeep Singh,0,0,0,,RD Gaikwad,caught,DJ Hooda,PK vs CSK 2021-04-16,AK Chaudhary,AY Dandekar,DL Chahar,Chennai Super Kings,Mumbai,"Wankhede Stadium, Mumbai",2021-04-16
2nd innings,Chennai Super Kings,Punjab Kings,5.1,F du Plessis,MM Ali,RP Meredith,0,0,0,,,,,PK vs CSK 2021-04-16,AK Chaudhary,AY Dandekar,DL Chahar,Chennai Super Kings,Mumbai,"Wankhede Stadium, Mumbai",2021-04-16
2nd innings,Chennai Super Kings,Punjab Kings,5.2,F du Plessis,MM Ali,RP Meredith,0,4,4,,,,,PK vs CSK 2021-04-16,AK Chaudhary,AY Dandekar,DL Chahar,Chennai Super Kings,Mumbai,"Wankhede Stadium, Mumbai",2021-04-16
2nd innings,Chennai Super Kings,Punjab Kings,5.3,F du Plessis,MM Ali,RP Meredith,0,0,0,,,,,PK vs CSK 2021-04-16,AK Chaudhary,AY Dandekar,DL Chahar,Chennai Super Kings,Mumbai,"Wankhede Stadium, Mumbai",2021-04-16
2nd innings,Chennai Super Kings,Punjab Kings,5.4,F du Plessis,MM Ali,RP Meredith,0,0,0,,,,,PK vs CSK 2021-04-16,AK Chaudhary,AY Dandekar,DL Chahar,Chennai Super Kings,Mumbai,"Wankhede Stadium, Mumbai",2021-04-16
2nd innings,Chennai Super Kings,Punjab Kings,5.5,F du Plessis,MM Ali,RP Meredith,0,0,0,,,,,PK vs CSK 2021-04-16,AK Chaudhary,AY Dandekar,DL Chahar,Chennai Super Kings,Mumbai,"Wankhede Stadium, Mumbai",2021-04-16
2nd innings,Chennai Super Kings,Punjab Kings,5.6,F du Plessis,MM Ali,RP Meredith,0,4,4,,,,,PK vs CSK 2021-04-16,AK Chaudhary,AY Dandekar,DL Chahar,Chennai Super Kings,Mumbai,"Wankhede Stadium, Mumbai",2021-04-16
2nd innings,Chennai Super Kings,Punjab Kings,6.1,MM Ali,F du Plessis,Arshdeep Singh,0,0,0,,,,,PK vs CSK 2021-04-16,AK Chaudhary,AY Dandekar,DL Chahar,Chennai Super Kings,Mumbai,"Wankhede Stadium, Mumbai",2021-04-16
2nd innings,Chennai Super Kings,Punjab Kings,6.2,MM Ali,F du Plessis,Arshdeep Singh,0,0,0,,,,,PK vs CSK 2021-04-16,AK Chaudhary,AY Dandekar,DL Chahar,Chennai Super Kings,Mumbai,"Wankhede Stadium, Mumbai",2021-04-16
2nd innings,Chennai Super Kings,Punjab Kings,6.3,MM Ali,F du Plessis,Arshdeep Singh,0,1,1,,,,,PK vs CSK 2021-04-16,AK Chaudhary,AY Dandekar,DL Chahar,Chennai Super Kings,Mumbai,"Wankhede Stadium, Mumbai",2021-04-16
2nd innings,Chennai Super Kings,Punjab Kings,6.4,F du Plessis,MM Ali,Arshdeep Singh,0,0,0,,,,,PK vs CSK 2021-04-16,AK Chaudhary,AY Dandekar,DL Chahar,Chennai Super Kings,Mumbai,"Wankhede Stadium, Mumbai",2021-04-16
2nd innings,Chennai Super Kings,Punjab Kings,6.5,F du Plessis,MM Ali,Arshdeep Singh,0,0,0,,,,,PK vs CSK 2021-04-16,AK Chaudhary,AY Dandekar,DL Chahar,Chennai Super Kings,Mumbai,"Wankhede Stadium, Mumbai",2021-04-16
2nd innings,Chennai Super Kings,Punjab Kings,6.6,F du Plessis,MM Ali,Arshdeep Singh,0,4,4,,,,,PK vs CSK 2021-04-16,AK Chaudhary,AY Dandekar,DL Chahar,Chennai Super Kings,Mumbai,"Wankhede Stadium, Mumbai",2021-04-16
2nd innings,Chennai Super Kings,Punjab Kings,7.1,MM Ali,F du Plessis,M Ashwin,0,1,1,,,,,PK vs CSK 2021-04-16,AK Chaudhary,AY Dandekar,DL Chahar,Chennai Super Kings,Mumbai,"Wankhede Stadium, Mumbai",2021-04-16
2nd innings,Chennai Super Kings,Punjab Kings,7.2,F du Plessis,MM Ali,M Ashwin,0,4,4,,,,,PK vs CSK 2021-04-16,AK Chaudhary,AY Dandekar,DL Chahar,Chennai Super Kings,Mumbai,"Wankhede Stadium, Mumbai",2021-04-16
2nd innings,Chennai Super Kings,Punjab Kings,7.3,F du Plessis,MM Ali,M Ashwin,0,0,0,,,,,PK vs CSK 2021-04-16,AK Chaudhary,AY Dandekar,DL Chahar,Chennai Super Kings,Mumbai,"Wankhede Stadium, Mumbai",2021-04-16
2nd innings,Chennai Super Kings,Punjab Kings,7.4,F du Plessis,MM Ali,M Ashwin,0,2,2,,,,,PK vs CSK 2021-04-16,AK Chaudhary,AY Dandekar,DL Chahar,Chennai Super Kings,Mumbai,"Wankhede Stadium, Mumbai",2021-04-16
2nd innings,Chennai Super Kings,Punjab Kings,7.5,F du Plessis,MM Ali,M Ashwin,0,1,1,,,,,PK vs CSK 2021-04-16,AK Chaudhary,AY Dandekar,DL Chahar,Chennai Super Kings,Mumbai,"Wankhede Stadium, Mumbai",2021-04-16
2nd innings,Chennai Super Kings,Punjab Kings,7.6,MM Ali,F du Plessis,M Ashwin,0,2,2,,,,,PK vs CSK 2021-04-16,AK Chaudhary,AY Dandekar,DL Chahar,Chennai Super Kings,Mumbai,"Wankhede Stadium, Mumbai",2021-04-16
2nd innings,Chennai Super Kings,Punjab Kings,8.1,F du Plessis,MM Ali,RP Meredith,0,4,4,,,,,PK vs CSK 2021-04-16,AK Chaudhary,AY Dandekar,DL Chahar,Chennai Super Kings,Mumbai,"Wankhede Stadium, Mumbai",2021-04-16
2nd innings,Chennai Super Kings,Punjab Kings,8.2,F du Plessis,MM Ali,RP Meredith,0,0,0,,,,,PK vs CSK 2021-04-16,AK Chaudhary,AY Dandekar,DL Chahar,Chennai Super Kings,Mumbai,"Wankhede Stadium, Mumbai",2021-04-16
2nd innings,Chennai Super Kings,Punjab Kings,8.3,F du Plessis,MM Ali,RP Meredith,0,1,1,,,,,PK vs CSK 2021-04-16,AK Chaudhary,AY Dandekar,DL Chahar,Chennai Super Kings,Mumbai,"Wankhede Stadium, Mumbai",2021-04-16
2nd innings,Chennai Super Kings,Punjab Kings,8.4,MM Ali,F du Plessis,RP Meredith,0,0,0,,,,,PK vs CSK 2021-04-16,AK Chaudhary,AY Dandekar,DL Chahar,Chennai Super Kings,Mumbai,"Wankhede Stadium, Mumbai",2021-04-16
2nd innings,Chennai Super Kings,Punjab Kings,8.5,MM Ali,F du Plessis,RP Meredith,0,1,1,,,,,PK vs CSK 2021-04-16,AK Chaudhary,AY Dandekar,DL Chahar,Chennai Super Kings,Mumbai,"Wankhede Stadium, Mumbai",2021-04-16
2nd innings,Chennai Super Kings,Punjab Kings,8.6,F du Plessis,MM Ali,RP Meredith,0,0,0,,,,,PK vs CSK 2021-04-16,AK Chaudhary,AY Dandekar,DL Chahar,Chennai Super Kings,Mumbai,"Wankhede Stadium, Mumbai",2021-04-16
2nd innings,Chennai Super Kings,Punjab Kings,9.1,MM Ali,F du Plessis,M Ashwin,0,4,4,,,,,PK vs CSK 2021-04-16,AK Chaudhary,AY Dandekar,DL Chahar,Chennai Super Kings,Mumbai,"Wankhede Stadium, Mumbai",2021-04-16
2nd innings,Chennai Super Kings,Punjab Kings,9.2,MM Ali,F du Plessis,M Ashwin,0,1,1,,,,,PK vs CSK 2021-04-16,AK Chaudhary,AY Dandekar,DL Chahar,Chennai Super Kings,Mumbai,"Wankhede Stadium, Mumbai",2021-04-16
2nd innings,Chennai Super Kings,Punjab Kings,9.3,F du Plessis,MM Ali,M Ashwin,1,0,1,wides,,,,PK vs CSK 2021-04-16,AK Chaudhary,AY Dandekar,DL Chahar,Chennai Super Kings,Mumbai,"Wankhede Stadium, Mumbai",2021-04-16
2nd innings,Chennai Super Kings,Punjab Kings,9.4,F du Plessis,MM Ali,M Ashwin,0,2,2,,,,,PK vs CSK 2021-04-16,AK Chaudhary,AY Dandekar,DL Chahar,Chennai Super Kings,Mumbai,"Wankhede Stadium, Mumbai",2021-04-16
2nd innings,Chennai Super Kings,Punjab Kings,9.5,F du Plessis,MM Ali,M Ashwin,0,0,0,,,,,PK vs CSK 2021-04-16,AK Chaudhary,AY Dandekar,DL Chahar,Chennai Super Kings,Mumbai,"Wankhede Stadium, Mumbai",2021-04-16
2nd innings,Chennai Super Kings,Punjab Kings,9.6,F du Plessis,MM Ali,M Ashwin,0,2,2,,,,,PK vs CSK 2021-04-16,AK Chaudhary,AY Dandekar,DL Chahar,Chennai Super Kings,Mumbai,"Wankhede Stadium, Mumbai",2021-04-16
2nd innings,Chennai Super Kings,Punjab Kings,9.7,F du Plessis,MM Ali,M Ashwin,0,1,1,,,,,PK vs CSK 2021-04-16,AK Chaudhary,AY Dandekar,DL Chahar,Chennai Super Kings,Mumbai,"Wankhede Stadium, Mumbai",2021-04-16
2nd innings,Chennai Super Kings,Punjab Kings,10.1,F du Plessis,MM Ali,Mohammed Shami,0,0,0,,,,,PK vs CSK 2021-04-16,AK Chaudhary,AY Dandekar,DL Chahar,Chennai Super Kings,Mumbai,"Wankhede Stadium, Mumbai",2021-04-16
2nd innings,Chennai Super Kings,Punjab Kings,10.2,F du Plessis,MM Ali,Mohammed Shami,0,4,4,,,,,PK vs CSK 2021-04-16,AK Chaudhary,AY Dandekar,DL Chahar,Chennai Super Kings,Mumbai,"Wankhede Stadium, Mumbai",2021-04-16
2nd innings,Chennai Super Kings,Punjab Kings,10.3,F du Plessis,MM Ali,Mohammed Shami,0,0,0,,,,,PK vs CSK 2021-04-16,AK Chaudhary,AY Dandekar,DL Chahar,Chennai Super Kings,Mumbai,"Wankhede Stadium, Mumbai",2021-04-16
2nd innings,Chennai Super Kings,Punjab Kings,10.4,F du Plessis,MM Ali,Mohammed Shami,0,2,2,,,,,PK vs CSK 2021-04-16,AK Chaudhary,AY Dandekar,DL Chahar,Chennai Super Kings,Mumbai,"Wankhede Stadium, Mumbai",2021-04-16
2nd innings,Chennai Super Kings,Punjab Kings,10.5,F du Plessis,MM Ali,Mohammed Shami,0,0,0,,,,,PK vs CSK 2021-04-16,AK Chaudhary,AY Dandekar,DL Chahar,Chennai Super Kings,Mumbai,"Wankhede Stadium, Mumbai",2021-04-16
2nd innings,Chennai Super Kings,Punjab Kings,10.6,F du Plessis,MM Ali,Mohammed Shami,0,4,4,,,,,PK vs CSK 2021-04-16,AK Chaudhary,AY Dandekar,DL Chahar,Chennai Super Kings,Mumbai,"Wankhede Stadium, Mumbai",2021-04-16
2nd innings,Chennai Super Kings,Punjab Kings,11.1,MM Ali,F du Plessis,JA Richardson,0,0,0,,,,,PK vs CSK 2021-04-16,AK Chaudhary,AY Dandekar,DL Chahar,Chennai Super Kings,Mumbai,"Wankhede Stadium, Mumbai",2021-04-16
2nd innings,Chennai Super Kings,Punjab Kings,11.2,MM Ali,F du Plessis,JA Richardson,0,0,0,,,,,PK vs CSK 2021-04-16,AK Chaudhary,AY Dandekar,DL Chahar,Chennai Super Kings,Mumbai,"Wankhede Stadium, Mumbai",2021-04-16
2nd innings,Chennai Super Kings,Punjab Kings,11.3,MM Ali,F du Plessis,JA Richardson,0,4,4,,,,,PK vs CSK 2021-04-16,AK Chaudhary,AY Dandekar,DL Chahar,Chennai Super Kings,Mumbai,"Wankhede Stadium, Mumbai",2021-04-16
2nd innings,Chennai Super Kings,Punjab Kings,11.4,MM Ali,F du Plessis,JA Richardson,0,4,4,,,,,PK vs CSK 2021-04-16,AK Chaudhary,AY Dandekar,DL Chahar,Chennai Super Kings,Mumbai,"Wankhede Stadium, Mumbai",2021-04-16
2nd innings,Chennai Super Kings,Punjab Kings,11.5,MM Ali,F du Plessis,JA Richardson,0,1,1,,,,,PK vs CSK 2021-04-16,AK Chaudhary,AY Dandekar,DL Chahar,Chennai Super Kings,Mumbai,"Wankhede Stadium, Mumbai",2021-04-16
2nd innings,Chennai Super Kings,Punjab Kings,11.6,F du Plessis,MM Ali,JA Richardson,0,1,1,,,,,PK vs CSK 2021-04-16,AK Chaudhary,AY Dandekar,DL Chahar,Chennai Super Kings,Mumbai,"Wankhede Stadium, Mumbai",2021-04-16
2nd innings,Chennai Super Kings,Punjab Kings,12.1,F du Plessis,MM Ali,M Ashwin,0,6,6,,,,,PK vs CSK 2021-04-16,AK Chaudhary,AY Dandekar,DL Chahar,Chennai Super Kings,Mumbai,"Wankhede Stadium, Mumbai",2021-04-16
2nd innings,Chennai Super Kings,Punjab Kings,12.2,F du Plessis,MM Ali,M Ashwin,0,0,0,,,,,PK vs CSK 2021-04-16,AK Chaudhary,AY Dandekar,DL Chahar,Chennai Super Kings,Mumbai,"Wankhede Stadium, Mumbai",2021-04-16
2nd innings,Chennai Super Kings,Punjab Kings,12.3,F du Plessis,MM Ali,M Ashwin,0,0,0,,MM Ali,caught,M Shahrukh Khan,PK vs CSK 2021-04-16,AK Chaudhary,AY Dandekar,DL Chahar,Chennai Super Kings,Mumbai,"Wankhede Stadium, Mumbai",2021-04-16
2nd innings,Chennai Super Kings,Punjab Kings,12.4,F du Plessis,SK Raina,M Ashwin,0,0,0,,,,,PK vs CSK 2021-04-16,AK Chaudhary,AY Dandekar,DL Chahar,Chennai Super Kings,Mumbai,"Wankhede Stadium, Mumbai",2021-04-16
2nd innings,Chennai Super Kings,Punjab Kings,12.5,F du Plessis,SK Raina,M Ashwin,0,4,4,,,,,PK vs CSK 2021-04-16,AK Chaudhary,AY Dandekar,DL Chahar,Chennai Super Kings,Mumbai,"Wankhede Stadium, Mumbai",2021-04-16
2nd innings,Chennai Super Kings,Punjab Kings,12.6,F du Plessis,SK Raina,M Ashwin,0,1,1,,,,,PK vs CSK 2021-04-16,AK Chaudhary,AY Dandekar,DL Chahar,Chennai Super Kings,Mumbai,"Wankhede Stadium, Mumbai",2021-04-16
2nd innings,Chennai Super Kings,Punjab Kings,13.1,F du Plessis,SK Raina,RP Meredith,1,0,1,wides,,,,PK vs CSK 2021-04-16,AK Chaudhary,AY Dandekar,DL Chahar,Chennai Super Kings,Mumbai,"Wankhede Stadium, Mumbai",2021-04-16
2nd innings,Chennai Super Kings,Punjab Kings,13.2,F du Plessis,SK Raina,RP Meredith,0,0,0,,,,,PK vs CSK 2021-04-16,AK Chaudhary,AY Dandekar,DL Chahar,Chennai Super Kings,Mumbai,"Wankhede Stadium, Mumbai",2021-04-16
2nd innings,Chennai Super Kings,Punjab Kings,13.3,F du Plessis,SK Raina,RP Meredith,0,0,0,,,,,PK vs CSK 2021-04-16,AK Chaudhary,AY Dandekar,DL Chahar,Chennai Super Kings,Mumbai,"Wankhede Stadium, Mumbai",2021-04-16
2nd innings,Chennai Super Kings,Punjab Kings,13.4,F du Plessis,SK Raina,RP Meredith,0,0,0,,,,,PK vs CSK 2021-04-16,AK Chaudhary,AY Dandekar,DL Chahar,Chennai Super Kings,Mumbai,"Wankhede Stadium, Mumbai",2021-04-16
2nd innings,Chennai Super Kings,Punjab Kings,13.5,F du Plessis,SK Raina,RP Meredith,0,1,1,,,,,PK vs CSK 2021-04-16,AK Chaudhary,AY Dandekar,DL Chahar,Chennai Super Kings,Mumbai,"Wankhede Stadium, Mumbai",2021-04-16
2nd innings,Chennai Super Kings,Punjab Kings,13.6,SK Raina,F du Plessis,RP Meredith,0,0,0,,,,,PK vs CSK 2021-04-16,AK Chaudhary,AY Dandekar,DL Chahar,Chennai Super Kings,Mumbai,"Wankhede Stadium, Mumbai",2021-04-16
2nd innings,Chennai Super Kings,Punjab Kings,13.7,SK Raina,F du Plessis,RP Meredith,0,0,0,,,,,PK vs CSK 2021-04-16,AK Chaudhary,AY Dandekar,DL Chahar,Chennai Super Kings,Mumbai,"Wankhede Stadium, Mumbai",2021-04-16
2nd innings,Chennai Super Kings,Punjab Kings,14.1,F du Plessis,SK Raina,Mohammed Shami,0,2,2,,,,,PK vs CSK 2021-04-16,AK Chaudhary,AY Dandekar,DL Chahar,Chennai Super Kings,Mumbai,"Wankhede Stadium, Mumbai",2021-04-16
2nd innings,Chennai Super Kings,Punjab Kings,14.2,F du Plessis,SK Raina,Mohammed Shami,0,0,0,,SK Raina,caught,KL Rahul,PK vs CSK 2021-04-16,AK Chaudhary,AY Dandekar,DL Chahar,Chennai Super Kings,Mumbai,"Wankhede Stadium, Mumbai",2021-04-16
2nd innings,Chennai Super Kings,Punjab Kings,14.3,F du Plessis,AT Rayudu,Mohammed Shami,0,0,0,,AT Rayudu,caught,N Pooran,PK vs CSK 2021-04-16,AK Chaudhary,AY Dandekar,DL Chahar,Chennai Super Kings,Mumbai,"Wankhede Stadium, Mumbai",2021-04-16
2nd innings,Chennai Super Kings,Punjab Kings,14.4,SM Curran,F du Plessis,Mohammed Shami,0,1,1,,,,,PK vs CSK 2021-04-16,AK Chaudhary,AY Dandekar,DL Chahar,Chennai Super Kings,Mumbai,"Wankhede Stadium, Mumbai",2021-04-16
2nd innings,Chennai Super Kings,Punjab Kings,14.5,F du Plessis,SM Curran,Mohammed Shami,0,1,1,,,,,PK vs CSK 2021-04-16,AK Chaudhary,AY Dandekar,DL Chahar,Chennai Super Kings,Mumbai,"Wankhede Stadium, Mumbai",2021-04-16
2nd innings,Chennai Super Kings,Punjab Kings,14.6,SM Curran,F du Plessis,Mohammed Shami,0,1,1,,,,,PK vs CSK 2021-04-16,AK Chaudhary,AY Dandekar,DL Chahar,Chennai Super Kings,Mumbai,"Wankhede Stadium, Mumbai",2021-04-16
2nd innings,Chennai Super Kings,Punjab Kings,15.1,SM Curran,F du Plessis,RP Meredith,0,1,1,,,,,PK vs CSK 2021-04-16,AK Chaudhary,AY Dandekar,DL Chahar,Chennai Super Kings,Mumbai,"Wankhede Stadium, Mumbai",2021-04-16
2nd innings,Chennai Super Kings,Punjab Kings,15.2,F du Plessis,SM Curran,RP Meredith,0,0,0,,,,,PK vs CSK 2021-04-16,AK Chaudhary,AY Dandekar,DL Chahar,Chennai Super Kings,Mumbai,"Wankhede Stadium, Mumbai",2021-04-16
2nd innings,Chennai Super Kings,Punjab Kings,15.3,F du Plessis,SM Curran,RP Meredith,0,0,0,,,,,PK vs CSK 2021-04-16,AK Chaudhary,AY Dandekar,DL Chahar,Chennai Super Kings,Mumbai,"Wankhede Stadium, Mumbai",2021-04-16
2nd innings,Chennai Super Kings,Punjab Kings,15.4,F du Plessis,SM Curran,RP Meredith,0,4,4,,,,,PK vs CSK 2021-04-16,AK Chaudhary,AY Dandekar,DL Chahar,Chennai Super Kings,Mumbai,"Wankhede Stadium, Mumbai",2021-04-16
