inning,batting_team,bowling_team,ball,non_striker,batsman,bowler,extra_runs,batsman_run,total_runs,extras,player_out,elimination_kind,fielders_caught,match_name,umpires_1,umpires_2,player_of_match,winner,city,venue,dates
1st innings,Punjab Kings,Rajasthan Royals,0.1,MA Agarwal,KL Rahul,C Sakariya,0,0,0,,,,,PK vs RR 2021-04-12,AK Chaudhary,S Ravi,SV Samson,Punjab Kings,Mumbai,"Wankhede Stadium, Mumbai",2021-04-12
1st innings,Punjab Kings,Rajasthan Royals,0.2,MA Agarwal,KL Rahul,C Sakariya,0,1,1,,,,,PK vs RR 2021-04-12,AK Chaudhary,S Ravi,SV Samson,Punjab Kings,Mumbai,"Wankhede Stadium, Mumbai",2021-04-12
1st innings,Punjab Kings,Rajasthan Royals,0.3,KL Rahul,MA Agarwal,C Sakariya,0,4,4,,,,,PK vs RR 2021-04-12,AK Chaudhary,S Ravi,SV Samson,Punjab Kings,Mumbai,"Wankhede Stadium, Mumbai",2021-04-12
1st innings,Punjab Kings,Rajasthan Royals,0.4,KL Rahul,MA Agarwal,C Sakariya,0,0,0,,,,,PK vs RR 2021-04-12,AK Chaudhary,S Ravi,SV Samson,Punjab Kings,Mumbai,"Wankhede Stadium, Mumbai",2021-04-12
1st innings,Punjab Kings,Rajasthan Royals,0.5,KL Rahul,MA Agarwal,C Sakariya,0,1,1,,,,,PK vs RR 2021-04-12,AK Chaudhary,S Ravi,SV Samson,Punjab Kings,Mumbai,"Wankhede Stadium, Mumbai",2021-04-12
1st innings,Punjab Kings,Rajasthan Royals,0.6,MA Agarwal,KL Rahul,C Sakariya,0,4,4,,,,,PK vs RR 2021-04-12,AK Chaudhary,S Ravi,SV Samson,Punjab Kings,Mumbai,"Wankhede Stadium, Mumbai",2021-04-12
1st innings,Punjab Kings,Rajasthan Royals,1.1,KL Rahul,MA Agarwal,Mustafizur Rahman,0,2,2,,,,,PK vs RR 2021-04-12,AK Chaudhary,S Ravi,SV Samson,Punjab Kings,Mumbai,"Wankhede Stadium, Mumbai",2021-04-12
1st innings,Punjab Kings,Rajasthan Royals,1.2,KL Rahul,MA Agarwal,Mustafizur Rahman,0,0,0,,,,,PK vs RR 2021-04-12,AK Chaudhary,S Ravi,SV Samson,Punjab Kings,Mumbai,"Wankhede Stadium, Mumbai",2021-04-12
1st innings,Punjab Kings,Rajasthan Royals,1.3,KL Rahul,MA Agarwal,Mustafizur Rahman,0,1,1,,,,,PK vs RR 2021-04-12,AK Chaudhary,S Ravi,SV Samson,Punjab Kings,Mumbai,"Wankhede Stadium, Mumbai",2021-04-12
1st innings,Punjab Kings,Rajasthan Royals,1.4,MA Agarwal,KL Rahul,Mustafizur Rahman,0,1,1,,,,,PK vs RR 2021-04-12,AK Chaudhary,S Ravi,SV Samson,Punjab Kings,Mumbai,"Wankhede Stadium, Mumbai",2021-04-12
1st innings,Punjab Kings,Rajasthan Royals,1.5,KL Rahul,MA Agarwal,Mustafizur Rahman,1,0,1,wides,,,,PK vs RR 2021-04-12,AK Chaudhary,S Ravi,SV Samson,Punjab Kings,Mumbai,"Wankhede Stadium, Mumbai",2021-04-12
1st innings,Punjab Kings,Rajasthan Royals,1.6,KL Rahul,MA Agarwal,Mustafizur Rahman,0,2,2,,,,,PK vs RR 2021-04-12,AK Chaudhary,S Ravi,SV Samson,Punjab Kings,Mumbai,"Wankhede Stadium, Mumbai",2021-04-12
1st innings,Punjab Kings,Rajasthan Royals,1.7,KL Rahul,MA Agarwal,Mustafizur Rahman,0,4,4,,,,,PK vs RR 2021-04-12,AK Chaudhary,S Ravi,SV Samson,Punjab Kings,Mumbai,"Wankhede Stadium, Mumbai",2021-04-12
1st innings,Punjab Kings,Rajasthan Royals,2.1,MA Agarwal,KL Rahul,C Sakariya,0,0,0,,,,,PK vs RR 2021-04-12,AK Chaudhary,S Ravi,SV Samson,Punjab Kings,Mumbai,"Wankhede Stadium, Mumbai",2021-04-12
1st innings,Punjab Kings,Rajasthan Royals,2.2,MA Agarwal,KL Rahul,C Sakariya,0,0,0,,,,,PK vs RR 2021-04-12,AK Chaudhary,S Ravi,SV Samson,Punjab Kings,Mumbai,"Wankhede Stadium, Mumbai",2021-04-12
1st innings,Punjab Kings,Rajasthan Royals,2.3,MA Agarwal,KL Rahul,C Sakariya,0,1,1,,,,,PK vs RR 2021-04-12,AK Chaudhary,S Ravi,SV Samson,Punjab Kings,Mumbai,"Wankhede Stadium, Mumbai",2021-04-12
1st innings,Punjab Kings,Rajasthan Royals,2.4,KL Rahul,MA Agarwal,C Sakariya,0,0,0,,MA Agarwal,caught,SV Samson,PK vs RR 2021-04-12,AK Chaudhary,S Ravi,SV Samson,Punjab Kings,Mumbai,"Wankhede Stadium, Mumbai",2021-04-12
1st innings,Punjab Kings,Rajasthan Royals,2.5,KL Rahul,CH Gayle,C Sakariya,0,0,0,,,,,PK vs RR 2021-04-12,AK Chaudhary,S Ravi,SV Samson,Punjab Kings,Mumbai,"Wankhede Stadium, Mumbai",2021-04-12
1st innings,Punjab Kings,Rajasthan Royals,2.6,KL Rahul,CH Gayle,C Sakariya,0,0,0,,,,,PK vs RR 2021-04-12,AK Chaudhary,S Ravi,SV Samson,Punjab Kings,Mumbai,"Wankhede Stadium, Mumbai",2021-04-12
1st innings,Punjab Kings,Rajasthan Royals,3.1,CH Gayle,KL Rahul,CH Morris,0,4,4,,,,,PK vs RR 2021-04-12,AK Chaudhary,S Ravi,SV Samson,Punjab Kings,Mumbai,"Wankhede Stadium, Mumbai",2021-04-12
1st innings,Punjab Kings,Rajasthan Royals,3.2,CH Gayle,KL Rahul,CH Morris,0,2,2,,,,,PK vs RR 2021-04-12,AK Chaudhary,S Ravi,SV Samson,Punjab Kings,Mumbai,"Wankhede Stadium, Mumbai",2021-04-12
1st innings,Punjab Kings,Rajasthan Royals,3.3,CH Gayle,KL Rahul,CH Morris,0,0,0,,,,,PK vs RR 2021-04-12,AK Chaudhary,S Ravi,SV Samson,Punjab Kings,Mumbai,"Wankhede Stadium, Mumbai",2021-04-12
1st innings,Punjab Kings,Rajasthan Royals,3.4,CH Gayle,KL Rahul,CH Morris,0,0,0,,,,,PK vs RR 2021-04-12,AK Chaudhary,S Ravi,SV Samson,Punjab Kings,Mumbai,"Wankhede Stadium, Mumbai",2021-04-12
1st innings,Punjab Kings,Rajasthan Royals,3.5,CH Gayle,KL Rahul,CH Morris,1,0,1,wides,,,,PK vs RR 2021-04-12,AK Chaudhary,S Ravi,SV Samson,Punjab Kings,Mumbai,"Wankhede Stadium, Mumbai",2021-04-12
1st innings,Punjab Kings,Rajasthan Royals,3.6,CH Gayle,KL Rahul,CH Morris,0,1,1,,,,,PK vs RR 2021-04-12,AK Chaudhary,S Ravi,SV Samson,Punjab Kings,Mumbai,"Wankhede Stadium, Mumbai",2021-04-12
1st innings,Punjab Kings,Rajasthan Royals,3.7,KL Rahul,CH Gayle,CH Morris,0,1,1,,,,,PK vs RR 2021-04-12,AK Chaudhary,S Ravi,SV Samson,Punjab Kings,Mumbai,"Wankhede Stadium, Mumbai",2021-04-12
1st innings,Punjab Kings,Rajasthan Royals,4.1,KL Rahul,CH Gayle,Mustafizur Rahman,0,0,0,,,,,PK vs RR 2021-04-12,AK Chaudhary,S Ravi,SV Samson,Punjab Kings,Mumbai,"Wankhede Stadium, Mumbai",2021-04-12
1st innings,Punjab Kings,Rajasthan Royals,4.2,KL Rahul,CH Gayle,Mustafizur Rahman,0,1,1,,,,,PK vs RR 2021-04-12,AK Chaudhary,S Ravi,SV Samson,Punjab Kings,Mumbai,"Wankhede Stadium, Mumbai",2021-04-12
1st innings,Punjab Kings,Rajasthan Royals,4.3,CH Gayle,KL Rahul,Mustafizur Rahman,0,1,1,,,,,PK vs RR 2021-04-12,AK Chaudhary,S Ravi,SV Samson,Punjab Kings,Mumbai,"Wankhede Stadium, Mumbai",2021-04-12
1st innings,Punjab Kings,Rajasthan Royals,4.4,KL Rahul,CH Gayle,Mustafizur Rahman,1,0,1,wides,,,,PK vs RR 2021-04-12,AK Chaudhary,S Ravi,SV Samson,Punjab Kings,Mumbai,"Wankhede Stadium, Mumbai",2021-04-12
1st innings,Punjab Kings,Rajasthan Royals,4.5,KL Rahul,CH Gayle,Mustafizur Rahman,0,4,4,,,,,PK vs RR 2021-04-12,AK Chaudhary,S Ravi,SV Samson,Punjab Kings,Mumbai,"Wankhede Stadium, Mumbai",2021-04-12
1st innings,Punjab Kings,Rajasthan Royals,4.6,KL Rahul,CH Gayle,Mustafizur Rahman,0,0,0,,,,,PK vs RR 2021-04-12,AK Chaudhary,S Ravi,SV Samson,Punjab Kings,Mumbai,"Wankhede Stadium, Mumbai",2021-04-12
1st innings,Punjab Kings,Rajasthan Royals,4.7,KL Rahul,CH Gayle,Mustafizur Rahman,0,1,1,,,,,PK vs RR 2021-04-12,AK Chaudhary,S Ravi,SV Samson,Punjab Kings,Mumbai,"Wankhede Stadium, Mumbai",2021-04-12
1st innings,Punjab Kings,Rajasthan Royals,5.1,KL Rahul,CH Gayle,CH Morris,0,0,0,,,,,PK vs RR 2021-04-12,AK Chaudhary,S Ravi,SV Samson,Punjab Kings,Mumbai,"Wankhede Stadium, Mumbai",2021-04-12
1st innings,Punjab Kings,Rajasthan Royals,5.2,KL Rahul,CH Gayle,CH Morris,0,0,0,,,,,PK vs RR 2021-04-12,AK Chaudhary,S Ravi,SV Samson,Punjab Kings,Mumbai,"Wankhede Stadium, Mumbai",2021-04-12
1st innings,Punjab Kings,Rajasthan Royals,5.3,KL Rahul,CH Gayle,CH Morris,0,2,2,,,,,PK vs RR 2021-04-12,AK Chaudhary,S Ravi,SV Samson,Punjab Kings,Mumbai,"Wankhede Stadium, Mumbai",2021-04-12
1st innings,Punjab Kings,Rajasthan Royals,5.4,KL Rahul,CH Gayle,CH Morris,0,0,0,,,,,PK vs RR 2021-04-12,AK Chaudhary,S Ravi,SV Samson,Punjab Kings,Mumbai,"Wankhede Stadium, Mumbai",2021-04-12
1st innings,Punjab Kings,Rajasthan Royals,5.5,KL Rahul,CH Gayle,CH Morris,0,4,4,,,,,PK vs RR 2021-04-12,AK Chaudhary,S Ravi,SV Samson,Punjab Kings,Mumbai,"Wankhede Stadium, Mumbai",2021-04-12
1st innings,Punjab Kings,Rajasthan Royals,5.6,KL Rahul,CH Gayle,CH Morris,0,1,1,,,,,PK vs RR 2021-04-12,AK Chaudhary,S Ravi,SV Samson,Punjab Kings,Mumbai,"Wankhede Stadium, Mumbai",2021-04-12
1st innings,Punjab Kings,Rajasthan Royals,6.1,KL Rahul,CH Gayle,S Gopal,0,1,1,,,,,PK vs RR 2021-04-12,AK Chaudhary,S Ravi,SV Samson,Punjab Kings,Mumbai,"Wankhede Stadium, Mumbai",2021-04-12
1st innings,Punjab Kings,Rajasthan Royals,6.2,CH Gayle,KL Rahul,S Gopal,0,0,0,,,,,PK vs RR 2021-04-12,AK Chaudhary,S Ravi,SV Samson,Punjab Kings,Mumbai,"Wankhede Stadium, Mumbai",2021-04-12
1st innings,Punjab Kings,Rajasthan Royals,6.3,CH Gayle,KL Rahul,S Gopal,0,4,4,,,,,PK vs RR 2021-04-12,AK Chaudhary,S Ravi,SV Samson,Punjab Kings,Mumbai,"Wankhede Stadium, Mumbai",2021-04-12
1st innings,Punjab Kings,Rajasthan Royals,6.4,CH Gayle,KL Rahul,S Gopal,0,1,1,,,,,PK vs RR 2021-04-12,AK Chaudhary,S Ravi,SV Samson,Punjab Kings,Mumbai,"Wankhede Stadium, Mumbai",2021-04-12
1st innings,Punjab Kings,Rajasthan Royals,6.5,KL Rahul,CH Gayle,S Gopal,0,4,4,,,,,PK vs RR 2021-04-12,AK Chaudhary,S Ravi,SV Samson,Punjab Kings,Mumbai,"Wankhede Stadium, Mumbai",2021-04-12
1st innings,Punjab Kings,Rajasthan Royals,6.6,KL Rahul,CH Gayle,S Gopal,0,2,2,,,,,PK vs RR 2021-04-12,AK Chaudhary,S Ravi,SV Samson,Punjab Kings,Mumbai,"Wankhede Stadium, Mumbai",2021-04-12
1st innings,Punjab Kings,Rajasthan Royals,7.1,CH Gayle,KL Rahul,BA Stokes,0,4,4,,,,,PK vs RR 2021-04-12,AK Chaudhary,S Ravi,SV Samson,Punjab Kings,Mumbai,"Wankhede Stadium, Mumbai",2021-04-12
1st innings,Punjab Kings,Rajasthan Royals,7.2,CH Gayle,KL Rahul,BA Stokes,0,1,1,,,,,PK vs RR 2021-04-12,AK Chaudhary,S Ravi,SV Samson,Punjab Kings,Mumbai,"Wankhede Stadium, Mumbai",2021-04-12
1st innings,Punjab Kings,Rajasthan Royals,7.3,KL Rahul,CH Gayle,BA Stokes,0,6,6,,,,,PK vs RR 2021-04-12,AK Chaudhary,S Ravi,SV Samson,Punjab Kings,Mumbai,"Wankhede Stadium, Mumbai",2021-04-12
1st innings,Punjab Kings,Rajasthan Royals,7.4,KL Rahul,CH Gayle,BA Stokes,0,0,0,,,,,PK vs RR 2021-04-12,AK Chaudhary,S Ravi,SV Samson,Punjab Kings,Mumbai,"Wankhede Stadium, Mumbai",2021-04-12
1st innings,Punjab Kings,Rajasthan Royals,7.5,KL Rahul,CH Gayle,BA Stokes,0,0,0,,,,,PK vs RR 2021-04-12,AK Chaudhary,S Ravi,SV Samson,Punjab Kings,Mumbai,"Wankhede Stadium, Mumbai",2021-04-12
1st innings,Punjab Kings,Rajasthan Royals,7.6,KL Rahul,CH Gayle,BA Stokes,0,1,1,,,,,PK vs RR 2021-04-12,AK Chaudhary,S Ravi,SV Samson,Punjab Kings,Mumbai,"Wankhede Stadium, Mumbai",2021-04-12
1st innings,Punjab Kings,Rajasthan Royals,8.1,KL Rahul,CH Gayle,R Tewatia,0,1,1,,,,,PK vs RR 2021-04-12,AK Chaudhary,S Ravi,SV Samson,Punjab Kings,Mumbai,"Wankhede Stadium, Mumbai",2021-04-12
1st innings,Punjab Kings,Rajasthan Royals,8.2,CH Gayle,KL Rahul,R Tewatia,0,1,1,,,,,PK vs RR 2021-04-12,AK Chaudhary,S Ravi,SV Samson,Punjab Kings,Mumbai,"Wankhede Stadium, Mumbai",2021-04-12
1st innings,Punjab Kings,Rajasthan Royals,8.3,KL Rahul,CH Gayle,R Tewatia,0,0,0,,,,,PK vs RR 2021-04-12,AK Chaudhary,S Ravi,SV Samson,Punjab Kings,Mumbai,"Wankhede Stadium, Mumbai",2021-04-12
1st innings,Punjab Kings,Rajasthan Royals,8.4,KL Rahul,CH Gayle,R Tewatia,0,4,4,,,,,PK vs RR 2021-04-12,AK Chaudhary,S Ravi,SV Samson,Punjab Kings,Mumbai,"Wankhede Stadium, Mumbai",2021-04-12
1st innings,Punjab Kings,Rajasthan Royals,8.5,KL Rahul,CH Gayle,R Tewatia,0,0,0,,,,,PK vs RR 2021-04-12,AK Chaudhary,S Ravi,SV Samson,Punjab Kings,Mumbai,"Wankhede Stadium, Mumbai",2021-04-12
1st innings,Punjab Kings,Rajasthan Royals,8.6,KL Rahul,CH Gayle,R Tewatia,0,6,6,,,,,PK vs RR 2021-04-12,AK Chaudhary,S Ravi,SV Samson,Punjab Kings,Mumbai,"Wankhede Stadium, Mumbai",2021-04-12
1st innings,Punjab Kings,Rajasthan Royals,9.1,CH Gayle,KL Rahul,R Parag,0,4,4,,,,,PK vs RR 2021-04-12,AK Chaudhary,S Ravi,SV Samson,Punjab Kings,Mumbai,"Wankhede Stadium, Mumbai",2021-04-12
1st innings,Punjab Kings,Rajasthan Royals,9.2,CH Gayle,KL Rahul,R Parag,0,1,1,,,,,PK vs RR 2021-04-12,AK Chaudhary,S Ravi,SV Samson,Punjab Kings,Mumbai,"Wankhede Stadium, Mumbai",2021-04-12
1st innings,Punjab Kings,Rajasthan Royals,9.3,KL Rahul,CH Gayle,R Parag,0,1,1,,,,,PK vs RR 2021-04-12,AK Chaudhary,S Ravi,SV Samson,Punjab Kings,Mumbai,"Wankhede Stadium, Mumbai",2021-04-12
1st innings,Punjab Kings,Rajasthan Royals,9.4,CH Gayle,KL Rahul,R Parag,0,1,1,,,,,PK vs RR 2021-04-12,AK Chaudhary,S Ravi,SV Samson,Punjab Kings,Mumbai,"Wankhede Stadium, Mumbai",2021-04-12
1st innings,Punjab Kings,Rajasthan Royals,9.5,KL Rahul,CH Gayle,R Parag,0,0,0,,CH Gayle,caught,BA Stokes,PK vs RR 2021-04-12,AK Chaudhary,S Ravi,SV Samson,Punjab Kings,Mumbai,"Wankhede Stadium, Mumbai",2021-04-12
1st innings,Punjab Kings,Rajasthan Royals,9.6,KL Rahul,DJ Hooda,R Parag,0,0,0,,,,,PK vs RR 2021-04-12,AK Chaudhary,S Ravi,SV Samson,Punjab Kings,Mumbai,"Wankhede Stadium, Mumbai",2021-04-12
1st innings,Punjab Kings,Rajasthan Royals,10.1,DJ Hooda,KL Rahul,R Tewatia,0,2,2,,,,,PK vs RR 2021-04-12,AK Chaudhary,S Ravi,SV Samson,Punjab Kings,Mumbai,"Wankhede Stadium, Mumbai",2021-04-12
1st innings,Punjab Kings,Rajasthan Royals,10.2,DJ Hooda,KL Rahul,R Tewatia,0,1,1,,,,,PK vs RR 2021-04-12,AK Chaudhary,S Ravi,SV Samson,Punjab Kings,Mumbai,"Wankhede Stadium, Mumbai",2021-04-12
1st innings,Punjab Kings,Rajasthan Royals,10.3,KL Rahul,DJ Hooda,R Tewatia,0,1,1,,,,,PK vs RR 2021-04-12,AK Chaudhary,S Ravi,SV Samson,Punjab Kings,Mumbai,"Wankhede Stadium, Mumbai",2021-04-12
1st innings,Punjab Kings,Rajasthan Royals,10.4,DJ Hooda,KL Rahul,R Tewatia,0,2,2,,,,,PK vs RR 2021-04-12,AK Chaudhary,S Ravi,SV Samson,Punjab Kings,Mumbai,"Wankhede Stadium, Mumbai",2021-04-12
1st innings,Punjab Kings,Rajasthan Royals,10.5,DJ Hooda,KL Rahul,R Tewatia,0,6,6,,,,,PK vs RR 2021-04-12,AK Chaudhary,S Ravi,SV Samson,Punjab Kings,Mumbai,"Wankhede Stadium, Mumbai",2021-04-12
1st innings,Punjab Kings,Rajasthan Royals,10.6,DJ Hooda,KL Rahul,R Tewatia,0,1,1,,,,,PK vs RR 2021-04-12,AK Chaudhary,S Ravi,SV Samson,Punjab Kings,Mumbai,"Wankhede Stadium, Mumbai",2021-04-12
1st innings,Punjab Kings,Rajasthan Royals,11.1,DJ Hooda,KL Rahul,S Gopal,0,1,1,,,,,PK vs RR 2021-04-12,AK Chaudhary,S Ravi,SV Samson,Punjab Kings,Mumbai,"Wankhede Stadium, Mumbai",2021-04-12
1st innings,Punjab Kings,Rajasthan Royals,11.2,KL Rahul,DJ Hooda,S Gopal,0,1,1,,,,,PK vs RR 2021-04-12,AK Chaudhary,S Ravi,SV Samson,Punjab Kings,Mumbai,"Wankhede Stadium, Mumbai",2021-04-12
1st innings,Punjab Kings,Rajasthan Royals,11.3,DJ Hooda,KL Rahul,S Gopal,0,1,1,,,,,PK vs RR 2021-04-12,AK Chaudhary,S Ravi,SV Samson,Punjab Kings,Mumbai,"Wankhede Stadium, Mumbai",2021-04-12
1st innings,Punjab Kings,Rajasthan Royals,11.4,KL Rahul,DJ Hooda,S Gopal,0,0,0,,,,,PK vs RR 2021-04-12,AK Chaudhary,S Ravi,SV Samson,Punjab Kings,Mumbai,"Wankhede Stadium, Mumbai",2021-04-12
1st innings,Punjab Kings,Rajasthan Royals,11.5,KL Rahul,DJ Hooda,S Gopal,0,4,4,,,,,PK vs RR 2021-04-12,AK Chaudhary,S Ravi,SV Samson,Punjab Kings,Mumbai,"Wankhede Stadium, Mumbai",2021-04-12
1st innings,Punjab Kings,Rajasthan Royals,11.6,KL Rahul,DJ Hooda,S Gopal,0,1,1,,,,,PK vs RR 2021-04-12,AK Chaudhary,S Ravi,SV Samson,Punjab Kings,Mumbai,"Wankhede Stadium, Mumbai",2021-04-12
1st innings,Punjab Kings,Rajasthan Royals,12.1,KL Rahul,DJ Hooda,S Dube,0,1,1,,,,,PK vs RR 2021-04-12,AK Chaudhary,S Ravi,SV Samson,Punjab Kings,Mumbai,"Wankhede Stadium, Mumbai",2021-04-12
1st innings,Punjab Kings,Rajasthan Royals,12.2,DJ Hooda,KL Rahul,S Dube,0,6,6,,,,,PK vs RR 2021-04-12,AK Chaudhary,S Ravi,SV Samson,Punjab Kings,Mumbai,"Wankhede Stadium, Mumbai",2021-04-12
1st innings,Punjab Kings,Rajasthan Royals,12.3,DJ Hooda,KL Rahul,S Dube,0,1,1,,,,,PK vs RR 2021-04-12,AK Chaudhary,S Ravi,SV Samson,Punjab Kings,Mumbai,"Wankhede Stadium, Mumbai",2021-04-12
1st innings,Punjab Kings,Rajasthan Royals,12.4,KL Rahul,DJ Hooda,S Dube,0,6,6,,,,,PK vs RR 2021-04-12,AK Chaudhary,S Ravi,SV Samson,Punjab Kings,Mumbai,"Wankhede Stadium, Mumbai",2021-04-12
1st innings,Punjab Kings,Rajasthan Royals,12.5,KL Rahul,DJ Hooda,S Dube,0,0,0,,,,,PK vs RR 2021-04-12,AK Chaudhary,S Ravi,SV Samson,Punjab Kings,Mumbai,"Wankhede Stadium, Mumbai",2021-04-12
1st innings,Punjab Kings,Rajasthan Royals,12.6,KL Rahul,DJ Hooda,S Dube,0,6,6,,,,,PK vs RR 2021-04-12,AK Chaudhary,S Ravi,SV Samson,Punjab Kings,Mumbai,"Wankhede Stadium, Mumbai",2021-04-12
1st innings,Punjab Kings,Rajasthan Royals,13.1,DJ Hooda,KL Rahul,S Gopal,0,1,1,,,,,PK vs RR 2021-04-12,AK Chaudhary,S Ravi,SV Samson,Punjab Kings,Mumbai,"Wankhede Stadium, Mumbai",2021-04-12
1st innings,Punjab Kings,Rajasthan Royals,13.2,KL Rahul,DJ Hooda,S Gopal,0,6,6,,,,,PK vs RR 2021-04-12,AK Chaudhary,S Ravi,SV Samson,Punjab Kings,Mumbai,"Wankhede Stadium, Mumbai",2021-04-12
1st innings,Punjab Kings,Rajasthan Royals,13.3,KL Rahul,DJ Hooda,S Gopal,0,6,6,,,,,PK vs RR 2021-04-12,AK Chaudhary,S Ravi,SV Samson,Punjab Kings,Mumbai,"Wankhede Stadium, Mumbai",2021-04-12
1st innings,Punjab Kings,Rajasthan Royals,13.4,KL Rahul,DJ Hooda,S Gopal,0,0,0,,,,,PK vs RR 2021-04-12,AK Chaudhary,S Ravi,SV Samson,Punjab Kings,Mumbai,"Wankhede Stadium, Mumbai",2021-04-12
1st innings,Punjab Kings,Rajasthan Royals,13.5,KL Rahul,DJ Hooda,S Gopal,0,6,6,,,,,PK vs RR 2021-04-12,AK Chaudhary,S Ravi,SV Samson,Punjab Kings,Mumbai,"Wankhede Stadium, Mumbai",2021-04-12
1st innings,Punjab Kings,Rajasthan Royals,13.6,KL Rahul,DJ Hooda,S Gopal,0,1,1,,,,,PK vs RR 2021-04-12,AK Chaudhary,S Ravi,SV Samson,Punjab Kings,Mumbai,"Wankhede Stadium, Mumbai",2021-04-12
1st innings,Punjab Kings,Rajasthan Royals,14.1,KL Rahul,DJ Hooda,Mustafizur Rahman,0,1,1,,,,,PK vs RR 2021-04-12,AK Chaudhary,S Ravi,SV Samson,Punjab Kings,Mumbai,"Wankhede Stadium, Mumbai",2021-04-12
1st innings,Punjab Kings,Rajasthan Royals,14.2,DJ Hooda,KL Rahul,Mustafizur Rahman,0,2,2,,,,,PK vs RR 2021-04-12,AK Chaudhary,S Ravi,SV Samson,Punjab Kings,Mumbai,"Wankhede Stadium, Mumbai",2021-04-12
1st innings,Punjab Kings,Rajasthan Royals,14.3,DJ Hooda,KL Rahul,Mustafizur Rahman,0,0,0,,,,,PK vs RR 2021-04-12,AK Chaudhary,S Ravi,SV Samson,Punjab Kings,Mumbai,"Wankhede Stadium, Mumbai",2021-04-12
1st innings,Punjab Kings,Rajasthan Royals,14.4,DJ Hooda,KL Rahul,Mustafizur Rahman,0,6,6,,,,,PK vs RR 2021-04-12,AK Chaudhary,S Ravi,SV Samson,Punjab Kings,Mumbai,"Wankhede Stadium, Mumbai",2021-04-12
1st innings,Punjab Kings,Rajasthan Royals,14.5,DJ Hooda,KL Rahul,Mustafizur Rahman,0,1,1,,,,,PK vs RR 2021-04-12,AK Chaudhary,S Ravi,SV Samson,Punjab Kings,Mumbai,"Wankhede Stadium, Mumbai",2021-04-12
1st innings,Punjab Kings,Rajasthan Royals,14.6,KL Rahul,DJ Hooda,Mustafizur Rahman,0,1,1,,,,,PK vs RR 2021-04-12,AK Chaudhary,S Ravi,SV Samson,Punjab Kings,Mumbai,"Wankhede Stadium, Mumbai",2021-04-12
1st innings,Punjab Kings,Rajasthan Royals,15.1,KL Rahul,DJ Hooda,CH Morris,0,6,6,,,,,PK vs RR 2021-04-12,AK Chaudhary,S Ravi,SV Samson,Punjab Kings,Mumbai,"Wankhede Stadium, Mumbai",2021-04-12
1st innings,Punjab Kings,Rajasthan Royals,15.2,KL Rahul,DJ Hooda,CH Morris,0,2,2,,,,,PK vs RR 2021-04-12,AK Chaudhary,S Ravi,SV Samson,Punjab Kings,Mumbai,"Wankhede Stadium, Mumbai",2021-04-12
1st innings,Punjab Kings,Rajasthan Royals,15.3,KL Rahul,DJ Hooda,CH Morris,0,1,1,,,,,PK vs RR 2021-04-12,AK Chaudhary,S Ravi,SV Samson,Punjab Kings,Mumbai,"Wankhede Stadium, Mumbai",2021-04-12
1st innings,Punjab Kings,Rajasthan Royals,15.4,DJ Hooda,KL Rahul,CH Morris,0,0,0,,,,,PK vs RR 2021-04-12,AK Chaudhary,S Ravi,SV Samson,Punjab Kings,Mumbai,"Wankhede Stadium, Mumbai",2021-04-12
1st innings,Punjab Kings,Rajasthan Royals,15.5,DJ Hooda,KL Rahul,CH Morris,0,1,1,,,,,PK vs RR 2021-04-12,AK Chaudhary,S Ravi,SV Samson,Punjab Kings,Mumbai,"Wankhede Stadium, Mumbai",2021-04-12
1st innings,Punjab Kings,Rajasthan Royals,15.6,KL Rahul,DJ Hooda,CH Morris,0,1,1,,,,,PK vs RR 2021-04-12,AK Chaudhary,S Ravi,SV Samson,Punjab Kings,Mumbai,"Wankhede Stadium, Mumbai",2021-04-12
1st innings,Punjab Kings,Rajasthan Royals,16.1,KL Rahul,DJ Hooda,C Sakariya,0,0,0,,,,,PK vs RR 2021-04-12,AK Chaudhary,S Ravi,SV Samson,Punjab Kings,Mumbai,"Wankhede Stadium, Mumbai",2021-04-12
1st innings,Punjab Kings,Rajasthan Royals,16.2,KL Rahul,DJ Hooda,C Sakariya,0,1,1,,,,,PK vs RR 2021-04-12,AK Chaudhary,S Ravi,SV Samson,Punjab Kings,Mumbai,"Wankhede Stadium, Mumbai",2021-04-12
1st innings,Punjab Kings,Rajasthan Royals,16.3,DJ Hooda,KL Rahul,C Sakariya,0,1,1,,,,,PK vs RR 2021-04-12,AK Chaudhary,S Ravi,SV Samson,Punjab Kings,Mumbai,"Wankhede Stadium, Mumbai",2021-04-12
1st innings,Punjab Kings,Rajasthan Royals,16.4,KL Rahul,DJ Hooda,C Sakariya,0,0,0,,,,,PK vs RR 2021-04-12,AK Chaudhary,S Ravi,SV Samson,Punjab Kings,Mumbai,"Wankhede Stadium, Mumbai",2021-04-12
1st innings,Punjab Kings,Rajasthan Royals,16.5,KL Rahul,DJ Hooda,C Sakariya,0,4,4,,,,,PK vs RR 2021-04-12,AK Chaudhary,S Ravi,SV Samson,Punjab Kings,Mumbai,"Wankhede Stadium, Mumbai",2021-04-12
1st innings,Punjab Kings,Rajasthan Royals,16.6,KL Rahul,DJ Hooda,C Sakariya,1,4,5,noballs,,,,PK vs RR 2021-04-12,AK Chaudhary,S Ravi,SV Samson,Punjab Kings,Mumbai,"Wankhede Stadium, Mumbai",2021-04-12
1st innings,Punjab Kings,Rajasthan Royals,16.7,KL Rahul,DJ Hooda,C Sakariya,0,4,4,,,,,PK vs RR 2021-04-12,AK Chaudhary,S Ravi,SV Samson,Punjab Kings,Mumbai,"Wankhede Stadium, Mumbai",2021-04-12
1st innings,Punjab Kings,Rajasthan Royals,17.1,DJ Hooda,KL Rahul,CH Morris,0,6,6,,,,,PK vs RR 2021-04-12,AK Chaudhary,S Ravi,SV Samson,Punjab Kings,Mumbai,"Wankhede Stadium, Mumbai",2021-04-12
1st innings,Punjab Kings,Rajasthan Royals,17.2,DJ Hooda,KL Rahul,CH Morris,0,1,1,,,,,PK vs RR 2021-04-12,AK Chaudhary,S Ravi,SV Samson,Punjab Kings,Mumbai,"Wankhede Stadium, Mumbai",2021-04-12
1st innings,Punjab Kings,Rajasthan Royals,17.3,KL Rahul,DJ Hooda,CH Morris,0,0,0,,DJ Hooda,caught,R Parag,PK vs RR 2021-04-12,AK Chaudhary,S Ravi,SV Samson,Punjab Kings,Mumbai,"Wankhede Stadium, Mumbai",2021-04-12
1st innings,Punjab Kings,Rajasthan Royals,17.4,N Pooran,KL Rahul,CH Morris,0,6,6,,,,,PK vs RR 2021-04-12,AK Chaudhary,S Ravi,SV Samson,Punjab Kings,Mumbai,"Wankhede Stadium, Mumbai",2021-04-12
1st innings,Punjab Kings,Rajasthan Royals,17.5,N Pooran,KL Rahul,CH Morris,0,1,1,,,,,PK vs RR 2021-04-12,AK Chaudhary,S Ravi,SV Samson,Punjab Kings,Mumbai,"Wankhede Stadium, Mumbai",2021-04-12
1st innings,Punjab Kings,Rajasthan Royals,17.6,KL Rahul,N Pooran,CH Morris,0,0,0,,N Pooran,caught,C Sakariya,PK vs RR 2021-04-12,AK Chaudhary,S Ravi,SV Samson,Punjab Kings,Mumbai,"Wankhede Stadium, Mumbai",2021-04-12
1st innings,Punjab Kings,Rajasthan Royals,18.1,M Shahrukh Khan,KL Rahul,Mustafizur Rahman,0,1,1,,,,,PK vs RR 2021-04-12,AK Chaudhary,S Ravi,SV Samson,Punjab Kings,Mumbai,"Wankhede Stadium, Mumbai",2021-04-12
1st innings,Punjab Kings,Rajasthan Royals,18.2,KL Rahul,M Shahrukh Khan,Mustafizur Rahman,0,1,1,,,,,PK vs RR 2021-04-12,AK Chaudhary,S Ravi,SV Samson,Punjab Kings,Mumbai,"Wankhede Stadium, Mumbai",2021-04-12
1st innings,Punjab Kings,Rajasthan Royals,18.3,M Shahrukh Khan,KL Rahul,Mustafizur Rahman,1,0,1,noballs,,,,PK vs RR 2021-04-12,AK Chaudhary,S Ravi,SV Samson,Punjab Kings,Mumbai,"Wankhede Stadium, Mumbai",2021-04-12
1st innings,Punjab Kings,Rajasthan Royals,18.4,M Shahrukh Khan,KL Rahul,Mustafizur Rahman,1,0,1,wides,,,,PK vs RR 2021-04-12,AK Chaudhary,S Ravi,SV Samson,Punjab Kings,Mumbai,"Wankhede Stadium, Mumbai",2021-04-12
1st innings,Punjab Kings,Rajasthan Royals,18.5,M Shahrukh Khan,KL Rahul,Mustafizur Rahman,0,4,4,,,,,PK vs RR 2021-04-12,AK Chaudhary,S Ravi,SV Samson,Punjab Kings,Mumbai,"Wankhede Stadium, Mumbai",2021-04-12
1st innings,Punjab Kings,Rajasthan Royals,18.6,M Shahrukh Khan,KL Rahul,Mustafizur Rahman,0,2,2,,,,,PK vs RR 2021-04-12,AK Chaudhary,S Ravi,SV Samson,Punjab Kings,Mumbai,"Wankhede Stadium, Mumbai",2021-04-12
1st innings,Punjab Kings,Rajasthan Royals,18.7,M Shahrukh Khan,KL Rahul,Mustafizur Rahman,0,1,1,,,,,PK vs RR 2021-04-12,AK Chaudhary,S Ravi,SV Samson,Punjab Kings,Mumbai,"Wankhede Stadium, Mumbai",2021-04-12
1st innings,Punjab Kings,Rajasthan Royals,18.8,KL Rahul,M Shahrukh Khan,Mustafizur Rahman,0,4,4,,,,,PK vs RR 2021-04-12,AK Chaudhary,S Ravi,SV Samson,Punjab Kings,Mumbai,"Wankhede Stadium, Mumbai",2021-04-12
1st innings,Punjab Kings,Rajasthan Royals,19.1,M Shahrukh Khan,KL Rahul,C Sakariya,0,4,4,,,,,PK vs RR 2021-04-12,AK Chaudhary,S Ravi,SV Samson,Punjab Kings,Mumbai,"Wankhede Stadium, Mumbai",2021-04-12
1st innings,Punjab Kings,Rajasthan Royals,19.2,M Shahrukh Khan,KL Rahul,C Sakariya,0,0,0,,KL Rahul,caught,R Tewatia,PK vs RR 2021-04-12,AK Chaudhary,S Ravi,SV Samson,Punjab Kings,Mumbai,"Wankhede Stadium, Mumbai",2021-04-12
1st innings,Punjab Kings,Rajasthan Royals,19.3,JA Richardson,M Shahrukh Khan,C Sakariya,0,0,0,,,,,PK vs RR 2021-04-12,AK Chaudhary,S Ravi,SV Samson,Punjab Kings,Mumbai,"Wankhede Stadium, Mumbai",2021-04-12
1st innings,Punjab Kings,Rajasthan Royals,19.4,JA Richardson,M Shahrukh Khan,C Sakariya,0,1,1,,,,,PK vs RR 2021-04-12,AK Chaudhary,S Ravi,SV Samson,Punjab Kings,Mumbai,"Wankhede Stadium, Mumbai",2021-04-12
1st innings,Punjab Kings,Rajasthan Royals,19.5,M Shahrukh Khan,JA Richardson,C Sakariya,0,0,0,,,,,PK vs RR 2021-04-12,AK Chaudhary,S Ravi,SV Samson,Punjab Kings,Mumbai,"Wankhede Stadium, Mumbai",2021-04-12
1st innings,Punjab Kings,Rajasthan Royals,19.6,M Shahrukh Khan,JA Richardson,C Sakariya,0,0,0,,JA Richardson,caught,CH Morris,PK vs RR 2021-04-12,AK Chaudhary,S Ravi,SV Samson,Punjab Kings,Mumbai,"Wankhede Stadium, Mumbai",2021-04-12
2nd innings,Rajasthan Royals,Punjab Kings,0.1,M Vohra,BA Stokes,Mohammed Shami,0,0,0,,,,,PK vs RR 2021-04-12,AK Chaudhary,S Ravi,SV Samson,Punjab Kings,Mumbai,"Wankhede Stadium, Mumbai",2021-04-12
2nd innings,Rajasthan Royals,Punjab Kings,0.2,M Vohra,BA Stokes,Mohammed Shami,0,0,0,,,,,PK vs RR 2021-04-12,AK Chaudhary,S Ravi,SV Samson,Punjab Kings,Mumbai,"Wankhede Stadium, Mumbai",2021-04-12
2nd innings,Rajasthan Royals,Punjab Kings,0.3,M Vohra,BA Stokes,Mohammed Shami,0,0,0,,BA Stokes,caught and bowled,,PK vs RR 2021-04-12,AK Chaudhary,S Ravi,SV Samson,Punjab Kings,Mumbai,"Wankhede Stadium, Mumbai",2021-04-12
2nd innings,Rajasthan Royals,Punjab Kings,0.4,M Vohra,SV Samson,Mohammed Shami,0,0,0,,,,,PK vs RR 2021-04-12,AK Chaudhary,S Ravi,SV Samson,Punjab Kings,Mumbai,"Wankhede Stadium, Mumbai",2021-04-12
2nd innings,Rajasthan Royals,Punjab Kings,0.5,M Vohra,SV Samson,Mohammed Shami,0,4,4,,,,,PK vs RR 2021-04-12,AK Chaudhary,S Ravi,SV Samson,Punjab Kings,Mumbai,"Wankhede Stadium, Mumbai",2021-04-12
2nd innings,Rajasthan Royals,Punjab Kings,0.6,M Vohra,SV Samson,Mohammed Shami,0,0,0,,,,,PK vs RR 2021-04-12,AK Chaudhary,S Ravi,SV Samson,Punjab Kings,Mumbai,"Wankhede Stadium, Mumbai",2021-04-12
2nd innings,Rajasthan Royals,Punjab Kings,1.1,SV Samson,M Vohra,JA Richardson,1,0,1,wides,,,,PK vs RR 2021-04-12,AK Chaudhary,S Ravi,SV Samson,Punjab Kings,Mumbai,"Wankhede Stadium, Mumbai",2021-04-12
2nd innings,Rajasthan Royals,Punjab Kings,1.2,SV Samson,M Vohra,JA Richardson,0,6,6,,,,,PK vs RR 2021-04-12,AK Chaudhary,S Ravi,SV Samson,Punjab Kings,Mumbai,"Wankhede Stadium, Mumbai",2021-04-12
2nd innings,Rajasthan Royals,Punjab Kings,1.3,SV Samson,M Vohra,JA Richardson,0,0,0,,,,,PK vs RR 2021-04-12,AK Chaudhary,S Ravi,SV Samson,Punjab Kings,Mumbai,"Wankhede Stadium, Mumbai",2021-04-12
2nd innings,Rajasthan Royals,Punjab Kings,1.4,SV Samson,M Vohra,JA Richardson,0,0,0,,,,,PK vs RR 2021-04-12,AK Chaudhary,S Ravi,SV Samson,Punjab Kings,Mumbai,"Wankhede Stadium, Mumbai",2021-04-12
2nd innings,Rajasthan Royals,Punjab Kings,1.5,SV Samson,M Vohra,JA Richardson,0,4,4,,,,,PK vs RR 2021-04-12,AK Chaudhary,S Ravi,SV Samson,Punjab Kings,Mumbai,"Wankhede Stadium, Mumbai",2021-04-12
2nd innings,Rajasthan Royals,Punjab Kings,1.6,SV Samson,M Vohra,JA Richardson,0,0,0,,,,,PK vs RR 2021-04-12,AK Chaudhary,S Ravi,SV Samson,Punjab Kings,Mumbai,"Wankhede Stadium, Mumbai",2021-04-12
2nd innings,Rajasthan Royals,Punjab Kings,1.7,SV Samson,M Vohra,JA Richardson,0,2,2,,,,,PK vs RR 2021-04-12,AK Chaudhary,S Ravi,SV Samson,Punjab Kings,Mumbai,"Wankhede Stadium, Mumbai",2021-04-12
2nd innings,Rajasthan Royals,Punjab Kings,2.1,M Vohra,SV Samson,Mohammed Shami,0,0,0,,,,,PK vs RR 2021-04-12,AK Chaudhary,S Ravi,SV Samson,Punjab Kings,Mumbai,"Wankhede Stadium, Mumbai",2021-04-12
2nd innings,Rajasthan Royals,Punjab Kings,2.2,M Vohra,SV Samson,Mohammed Shami,0,0,0,,,,,PK vs RR 2021-04-12,AK Chaudhary,S Ravi,SV Samson,Punjab Kings,Mumbai,"Wankhede Stadium, Mumbai",2021-04-12
2nd innings,Rajasthan Royals,Punjab Kings,2.3,M Vohra,SV Samson,Mohammed Shami,0,0,0,,,,,PK vs RR 2021-04-12,AK Chaudhary,S Ravi,SV Samson,Punjab Kings,Mumbai,"Wankhede Stadium, Mumbai",2021-04-12
2nd innings,Rajasthan Royals,Punjab Kings,2.4,M Vohra,SV Samson,Mohammed Shami,0,4,4,,,,,PK vs RR 2021-04-12,AK Chaudhary,S Ravi,SV Samson,Punjab Kings,Mumbai,"Wankhede Stadium, Mumbai",2021-04-12
2nd innings,Rajasthan Royals,Punjab Kings,2.5,M Vohra,SV Samson,Mohammed Shami,0,0,0,,,,,PK vs RR 2021-04-12,AK Chaudhary,S Ravi,SV Samson,Punjab Kings,Mumbai,"Wankhede Stadium, Mumbai",2021-04-12
2nd innings,Rajasthan Royals,Punjab Kings,2.6,M Vohra,SV Samson,Mohammed Shami,0,4,4,,,,,PK vs RR 2021-04-12,AK Chaudhary,S Ravi,SV Samson,Punjab Kings,Mumbai,"Wankhede Stadium, Mumbai",2021-04-12
2nd innings,Rajasthan Royals,Punjab Kings,3.1,SV Samson,M Vohra,Arshdeep Singh,0,0,0,,,,,PK vs RR 2021-04-12,AK Chaudhary,S Ravi,SV Samson,Punjab Kings,Mumbai,"Wankhede Stadium, Mumbai",2021-04-12
2nd innings,Rajasthan Royals,Punjab Kings,3.2,SV Samson,M Vohra,Arshdeep Singh,0,0,0,,M Vohra,caught and bowled,,PK vs RR 2021-04-12,AK Chaudhary,S Ravi,SV Samson,Punjab Kings,Mumbai,"Wankhede Stadium, Mumbai",2021-04-12
2nd innings,Rajasthan Royals,Punjab Kings,3.3,SV Samson,JC Buttler,Arshdeep Singh,0,1,1,,,,,PK vs RR 2021-04-12,AK Chaudhary,S Ravi,SV Samson,Punjab Kings,Mumbai,"Wankhede Stadium, Mumbai",2021-04-12
2nd innings,Rajasthan Royals,Punjab Kings,3.4,JC Buttler,SV Samson,Arshdeep Singh,0,0,0,,,,,PK vs RR 2021-04-12,AK Chaudhary,S Ravi,SV Samson,Punjab Kings,Mumbai,"Wankhede Stadium, Mumbai",2021-04-12
2nd innings,Rajasthan Royals,Punjab Kings,3.5,JC Buttler,SV Samson,Arshdeep Singh,0,0,0,,,,,PK vs RR 2021-04-12,AK Chaudhary,S Ravi,SV Samson,Punjab Kings,Mumbai,"Wankhede Stadium, Mumbai",2021-04-12
2nd innings,Rajasthan Royals,Punjab Kings,3.6,JC Buttler,SV Samson,Arshdeep Singh,0,4,4,,,,,PK vs RR 2021-04-12,AK Chaudhary,S Ravi,SV Samson,Punjab Kings,Mumbai,"Wankhede Stadium, Mumbai",2021-04-12
2nd innings,Rajasthan Royals,Punjab Kings,4.1,SV Samson,JC Buttler,RP Meredith,0,4,4,,,,,PK vs RR 2021-04-12,AK Chaudhary,S Ravi,SV Samson,Punjab Kings,Mumbai,"Wankhede Stadium, Mumbai",2021-04-12
2nd innings,Rajasthan Royals,Punjab Kings,4.2,SV Samson,JC Buttler,RP Meredith,0,4,4,,,,,PK vs RR 2021-04-12,AK Chaudhary,S Ravi,SV Samson,Punjab Kings,Mumbai,"Wankhede Stadium, Mumbai",2021-04-12
2nd innings,Rajasthan Royals,Punjab Kings,4.3,SV Samson,JC Buttler,RP Meredith,0,4,4,,,,,PK vs RR 2021-04-12,AK Chaudhary,S Ravi,SV Samson,Punjab Kings,Mumbai,"Wankhede Stadium, Mumbai",2021-04-12
2nd innings,Rajasthan Royals,Punjab Kings,4.4,SV Samson,JC Buttler,RP Meredith,0,4,4,,,,,PK vs RR 2021-04-12,AK Chaudhary,S Ravi,SV Samson,Punjab Kings,Mumbai,"Wankhede Stadium, Mumbai",2021-04-12
2nd innings,Rajasthan Royals,Punjab Kings,4.5,SV Samson,JC Buttler,RP Meredith,0,1,1,,,,,PK vs RR 2021-04-12,AK Chaudhary,S Ravi,SV Samson,Punjab Kings,Mumbai,"Wankhede Stadium, Mumbai",2021-04-12
2nd innings,Rajasthan Royals,Punjab Kings,4.6,JC Buttler,SV Samson,RP Meredith,0,1,1,,,,,PK vs RR 2021-04-12,AK Chaudhary,S Ravi,SV Samson,Punjab Kings,Mumbai,"Wankhede Stadium, Mumbai",2021-04-12
2nd innings,Rajasthan Royals,Punjab Kings,5.1,JC Buttler,SV Samson,Arshdeep Singh,0,4,4,,,,,PK vs RR 2021-04-12,AK Chaudhary,S Ravi,SV Samson,Punjab Kings,Mumbai,"Wankhede Stadium, Mumbai",2021-04-12
2nd innings,Rajasthan Royals,Punjab Kings,5.2,JC Buttler,SV Samson,Arshdeep Singh,0,1,1,,,,,PK vs RR 2021-04-12,AK Chaudhary,S Ravi,SV Samson,Punjab Kings,Mumbai,"Wankhede Stadium, Mumbai",2021-04-12
2nd innings,Rajasthan Royals,Punjab Kings,5.3,SV Samson,JC Buttler,Arshdeep Singh,0,0,0,,,,,PK vs RR 2021-04-12,AK Chaudhary,S Ravi,SV Samson,Punjab Kings,Mumbai,"Wankhede Stadium, Mumbai",2021-04-12
2nd innings,Rajasthan Royals,Punjab Kings,5.4,SV Samson,JC Buttler,Arshdeep Singh,0,1,1,,,,,PK vs RR 2021-04-12,AK Chaudhary,S Ravi,SV Samson,Punjab Kings,Mumbai,"Wankhede Stadium, Mumbai",2021-04-12
2nd innings,Rajasthan Royals,Punjab Kings,5.5,JC Buttler,SV Samson,Arshdeep Singh,0,4,4,,,,,PK vs RR 2021-04-12,AK Chaudhary,S Ravi,SV Samson,Punjab Kings,Mumbai,"Wankhede Stadium, Mumbai",2021-04-12
2nd innings,Rajasthan Royals,Punjab Kings,5.6,JC Buttler,SV Samson,Arshdeep Singh,0,1,1,,,,,PK vs RR 2021-04-12,AK Chaudhary,S Ravi,SV Samson,Punjab Kings,Mumbai,"Wankhede Stadium, Mumbai",2021-04-12
2nd innings,Rajasthan Royals,Punjab Kings,6.1,JC Buttler,SV Samson,M Ashwin,1,1,2,noballs,,,,PK vs RR 2021-04-12,AK Chaudhary,S Ravi,SV Samson,Punjab Kings,Mumbai,"Wankhede Stadium, Mumbai",2021-04-12
2nd innings,Rajasthan Royals,Punjab Kings,6.2,SV Samson,JC Buttler,M Ashwin,0,4,4,,,,,PK vs RR 2021-04-12,AK Chaudhary,S Ravi,SV Samson,Punjab Kings,Mumbai,"Wankhede Stadium, Mumbai",2021-04-12
2nd innings,Rajasthan Royals,Punjab Kings,6.3,SV Samson,JC Buttler,M Ashwin,0,1,1,,,,,PK vs RR 2021-04-12,AK Chaudhary,S Ravi,SV Samson,Punjab Kings,Mumbai,"Wankhede Stadium, Mumbai",2021-04-12
2nd innings,Rajasthan Royals,Punjab Kings,6.4,JC Buttler,SV Samson,M Ashwin,0,0,0,,,,,PK vs RR 2021-04-12,AK Chaudhary,S Ravi,SV Samson,Punjab Kings,Mumbai,"Wankhede Stadium, Mumbai",2021-04-12
2nd innings,Rajasthan Royals,Punjab Kings,6.5,JC Buttler,SV Samson,M Ashwin,0,0,0,,,,,PK vs RR 2021-04-12,AK Chaudhary,S Ravi,SV Samson,Punjab Kings,Mumbai,"Wankhede Stadium, Mumbai",2021-04-12
2nd innings,Rajasthan Royals,Punjab Kings,6.6,JC Buttler,SV Samson,M Ashwin,1,0,1,legbyes,,,,PK vs RR 2021-04-12,AK Chaudhary,S Ravi,SV Samson,Punjab Kings,Mumbai,"Wankhede Stadium, Mumbai",2021-04-12
2nd innings,Rajasthan Royals,Punjab Kings,6.7,SV Samson,JC Buttler,M Ashwin,1,0,1,legbyes,,,,PK vs RR 2021-04-12,AK Chaudhary,S Ravi,SV Samson,Punjab Kings,Mumbai,"Wankhede Stadium, Mumbai",2021-04-12
2nd innings,Rajasthan Royals,Punjab Kings,7.1,SV Samson,JC Buttler,JA Richardson,0,1,1,,,,,PK vs RR 2021-04-12,AK Chaudhary,S Ravi,SV Samson,Punjab Kings,Mumbai,"Wankhede Stadium, Mumbai",2021-04-12
2nd innings,Rajasthan Royals,Punjab Kings,7.2,JC Buttler,SV Samson,JA Richardson,0,1,1,,,,,PK vs RR 2021-04-12,AK Chaudhary,S Ravi,SV Samson,Punjab Kings,Mumbai,"Wankhede Stadium, Mumbai",2021-04-12
2nd innings,Rajasthan Royals,Punjab Kings,7.3,SV Samson,JC Buttler,JA Richardson,0,0,0,,JC Buttler,bowled,,PK vs RR 2021-04-12,AK Chaudhary,S Ravi,SV Samson,Punjab Kings,Mumbai,"Wankhede Stadium, Mumbai",2021-04-12
2nd innings,Rajasthan Royals,Punjab Kings,7.4,SV Samson,S Dube,JA Richardson,0,4,4,,,,,PK vs RR 2021-04-12,AK Chaudhary,S Ravi,SV Samson,Punjab Kings,Mumbai,"Wankhede Stadium, Mumbai",2021-04-12
2nd innings,Rajasthan Royals,Punjab Kings,7.5,SV Samson,S Dube,JA Richardson,0,2,2,,,,,PK vs RR 2021-04-12,AK Chaudhary,S Ravi,SV Samson,Punjab Kings,Mumbai,"Wankhede Stadium, Mumbai",2021-04-12
2nd innings,Rajasthan Royals,Punjab Kings,7.6,SV Samson,S Dube,JA Richardson,0,2,2,,,,,PK vs RR 2021-04-12,AK Chaudhary,S Ravi,SV Samson,Punjab Kings,Mumbai,"Wankhede Stadium, Mumbai",2021-04-12
2nd innings,Rajasthan Royals,Punjab Kings,8.1,S Dube,SV Samson,RP Meredith,0,6,6,,,,,PK vs RR 2021-04-12,AK Chaudhary,S Ravi,SV Samson,Punjab Kings,Mumbai,"Wankhede Stadium, Mumbai",2021-04-12
2nd innings,Rajasthan Royals,Punjab Kings,8.2,S Dube,SV Samson,RP Meredith,0,0,0,,,,,PK vs RR 2021-04-12,AK Chaudhary,S Ravi,SV Samson,Punjab Kings,Mumbai,"Wankhede Stadium, Mumbai",2021-04-12
2nd innings,Rajasthan Royals,Punjab Kings,8.3,S Dube,SV Samson,RP Meredith,0,1,1,,,,,PK vs RR 2021-04-12,AK Chaudhary,S Ravi,SV Samson,Punjab Kings,Mumbai,"Wankhede Stadium, Mumbai",2021-04-12
2nd innings,Rajasthan Royals,Punjab Kings,8.4,SV Samson,S Dube,RP Meredith,0,0,0,,,,,PK vs RR 2021-04-12,AK Chaudhary,S Ravi,SV Samson,Punjab Kings,Mumbai,"Wankhede Stadium, Mumbai",2021-04-12
2nd innings,Rajasthan Royals,Punjab Kings,8.5,SV Samson,S Dube,RP Meredith,0,1,1,,,,,PK vs RR 2021-04-12,AK Chaudhary,S Ravi,SV Samson,Punjab Kings,Mumbai,"Wankhede Stadium, Mumbai",2021-04-12
2nd innings,Rajasthan Royals,Punjab Kings,8.6,S Dube,SV Samson,RP Meredith,0,1,1,,,,,PK vs RR 2021-04-12,AK Chaudhary,S Ravi,SV Samson,Punjab Kings,Mumbai,"Wankhede Stadium, Mumbai",2021-04-12
2nd innings,Rajasthan Royals,Punjab Kings,9.1,S Dube,SV Samson,M Ashwin,0,1,1,,,,,PK vs RR 2021-04-12,AK Chaudhary,S Ravi,SV Samson,Punjab Kings,Mumbai,"Wankhede Stadium, Mumbai",2021-04-12
2nd innings,Rajasthan Royals,Punjab Kings,9.2,SV Samson,S Dube,M Ashwin,0,1,1,,,,,PK vs RR 2021-04-12,AK Chaudhary,S Ravi,SV Samson,Punjab Kings,Mumbai,"Wankhede Stadium, Mumbai",2021-04-12
2nd innings,Rajasthan Royals,Punjab Kings,9.3,S Dube,SV Samson,M Ashwin,1,0,1,wides,,,,PK vs RR 2021-04-12,AK Chaudhary,S Ravi,SV Samson,Punjab Kings,Mumbai,"Wankhede Stadium, Mumbai",2021-04-12
2nd innings,Rajasthan Royals,Punjab Kings,9.4,S Dube,SV Samson,M Ashwin,1,0,1,wides,,,,PK vs RR 2021-04-12,AK Chaudhary,S Ravi,SV Samson,Punjab Kings,Mumbai,"Wankhede Stadium, Mumbai",2021-04-12
2nd innings,Rajasthan Royals,Punjab Kings,9.5,S Dube,SV Samson,M Ashwin,0,1,1,,,,,PK vs RR 2021-04-12,AK Chaudhary,S Ravi,SV Samson,Punjab Kings,Mumbai,"Wankhede Stadium, Mumbai",2021-04-12
2nd innings,Rajasthan Royals,Punjab Kings,9.6,SV Samson,S Dube,M Ashwin,0,1,1,,,,,PK vs RR 2021-04-12,AK Chaudhary,S Ravi,SV Samson,Punjab Kings,Mumbai,"Wankhede Stadium, Mumbai",2021-04-12
2nd innings,Rajasthan Royals,Punjab Kings,9.7,S Dube,SV Samson,M Ashwin,0,0,0,,,,,PK vs RR 2021-04-12,AK Chaudhary,S Ravi,SV Samson,Punjab Kings,Mumbai,"Wankhede Stadium, Mumbai",2021-04-12
2nd innings,Rajasthan Royals,Punjab Kings,9.8,S Dube,SV Samson,M Ashwin,0,2,2,,,,,PK vs RR 2021-04-12,AK Chaudhary,S Ravi,SV Samson,Punjab Kings,Mumbai,"Wankhede Stadium, Mumbai",2021-04-12
2nd innings,Rajasthan Royals,Punjab Kings,10.1,SV Samson,S Dube,RP Meredith,0,1,1,,,,,PK vs RR 2021-04-12,AK Chaudhary,S Ravi,SV Samson,Punjab Kings,Mumbai,"Wankhede Stadium, Mumbai",2021-04-12
2nd innings,Rajasthan Royals,Punjab Kings,10.2,S Dube,SV Samson,RP Meredith,0,6,6,,,,,PK vs RR 2021-04-12,AK Chaudhary,S Ravi,SV Samson,Punjab Kings,Mumbai,"Wankhede Stadium, Mumbai",2021-04-12
2nd innings,Rajasthan Royals,Punjab Kings,10.3,S Dube,SV Samson,RP Meredith,0,2,2,,,,,PK vs RR 2021-04-12,AK Chaudhary,S Ravi,SV Samson,Punjab Kings,Mumbai,"Wankhede Stadium, Mumbai",2021-04-12
2nd innings,Rajasthan Royals,Punjab Kings,10.4,S Dube,SV Samson,RP Meredith,0,4,4,,,,,PK vs RR 2021-04-12,AK Chaudhary,S Ravi,SV Samson,Punjab Kings,Mumbai,"Wankhede Stadium, Mumbai",2021-04-12
2nd innings,Rajasthan Royals,Punjab Kings,10.5,S Dube,SV Samson,RP Meredith,0,0,0,,,,,PK vs RR 2021-04-12,AK Chaudhary,S Ravi,SV Samson,Punjab Kings,Mumbai,"Wankhede Stadium, Mumbai",2021-04-12
2nd innings,Rajasthan Royals,Punjab Kings,10.6,S Dube,SV Samson,RP Meredith,0,1,1,,,,,PK vs RR 2021-04-12,AK Chaudhary,S Ravi,SV Samson,Punjab Kings,Mumbai,"Wankhede Stadium, Mumbai",2021-04-12
2nd innings,Rajasthan Royals,Punjab Kings,11.1,S Dube,SV Samson,M Ashwin,0,1,1,,,,,PK vs RR 2021-04-12,AK Chaudhary,S Ravi,SV Samson,Punjab Kings,Mumbai,"Wankhede Stadium, Mumbai",2021-04-12
2nd innings,Rajasthan Royals,Punjab Kings,11.2,SV Samson,S Dube,M Ashwin,0,0,0,,,,,PK vs RR 2021-04-12,AK Chaudhary,S Ravi,SV Samson,Punjab Kings,Mumbai,"Wankhede Stadium, Mumbai",2021-04-12
2nd innings,Rajasthan Royals,Punjab Kings,11.3,SV Samson,S Dube,M Ashwin,0,4,4,,,,,PK vs RR 2021-04-12,AK Chaudhary,S Ravi,SV Samson,Punjab Kings,Mumbai,"Wankhede Stadium, Mumbai",2021-04-12
2nd innings,Rajasthan Royals,Punjab Kings,11.4,SV Samson,S Dube,M Ashwin,0,1,1,,,,,PK vs RR 2021-04-12,AK Chaudhary,S Ravi,SV Samson,Punjab Kings,Mumbai,"Wankhede Stadium, Mumbai",2021-04-12
2nd innings,Rajasthan Royals,Punjab Kings,11.5,S Dube,SV Samson,M Ashwin,0,1,1,,,,,PK vs RR 2021-04-12,AK Chaudhary,S Ravi,SV Samson,Punjab Kings,Mumbai,"Wankhede Stadium, Mumbai",2021-04-12
2nd innings,Rajasthan Royals,Punjab Kings,11.6,SV Samson,S Dube,M Ashwin,0,1,1,,,,,PK vs RR 2021-04-12,AK Chaudhary,S Ravi,SV Samson,Punjab Kings,Mumbai,"Wankhede Stadium, Mumbai",2021-04-12
2nd innings,Rajasthan Royals,Punjab Kings,12.1,SV Samson,S Dube,Arshdeep Singh,0,4,4,,,,,PK vs RR 2021-04-12,AK Chaudhary,S Ravi,SV Samson,Punjab Kings,Mumbai,"Wankhede Stadium, Mumbai",2021-04-12
2nd innings,Rajasthan Royals,Punjab Kings,12.2,SV Samson,S Dube,Arshdeep Singh,0,1,1,,,,,PK vs RR 2021-04-12,AK Chaudhary,S Ravi,SV Samson,Punjab Kings,Mumbai,"Wankhede Stadium, Mumbai",2021-04-12
2nd innings,Rajasthan Royals,Punjab Kings,12.3,S Dube,SV Samson,Arshdeep Singh,0,1,1,,,,,PK vs RR 2021-04-12,AK Chaudhary,S Ravi,SV Samson,Punjab Kings,Mumbai,"Wankhede Stadium, Mumbai",2021-04-12
2nd innings,Rajasthan Royals,Punjab Kings,12.4,SV Samson,S Dube,Arshdeep Singh,0,0,0,,S Dube,caught,DJ Hooda,PK vs RR 2021-04-12,AK Chaudhary,S Ravi,SV Samson,Punjab Kings,Mumbai,"Wankhede Stadium, Mumbai",2021-04-12
2nd innings,Rajasthan Royals,Punjab Kings,12.5,R Parag,SV Samson,Arshdeep Singh,0,1,1,,,,,PK vs RR 2021-04-12,AK Chaudhary,S Ravi,SV Samson,Punjab Kings,Mumbai,"Wankhede Stadium, Mumbai",2021-04-12
2nd innings,Rajasthan Royals,Punjab Kings,12.6,SV Samson,R Parag,Arshdeep Singh,0,4,4,,,,,PK vs RR 2021-04-12,AK Chaudhary,S Ravi,SV Samson,Punjab Kings,Mumbai,"Wankhede Stadium, Mumbai",2021-04-12
2nd innings,Rajasthan Royals,Punjab Kings,13.1,R Parag,SV Samson,Mohammed Shami,0,0,0,,,,,PK vs RR 2021-04-12,AK Chaudhary,S Ravi,SV Samson,Punjab Kings,Mumbai,"Wankhede Stadium, Mumbai",2021-04-12
2nd innings,Rajasthan Royals,Punjab Kings,13.2,R Parag,SV Samson,Mohammed Shami,0,4,4,,,,,PK vs RR 2021-04-12,AK Chaudhary,S Ravi,SV Samson,Punjab Kings,Mumbai,"Wankhede Stadium, Mumbai",2021-04-12
2nd innings,Rajasthan Royals,Punjab Kings,13.3,R Parag,SV Samson,Mohammed Shami,0,1,1,,,,,PK vs RR 2021-04-12,AK Chaudhary,S Ravi,SV Samson,Punjab Kings,Mumbai,"Wankhede Stadium, Mumbai",2021-04-12
2nd innings,Rajasthan Royals,Punjab Kings,13.4,SV Samson,R Parag,Mohammed Shami,0,6,6,,,,,PK vs RR 2021-04-12,AK Chaudhary,S Ravi,SV Samson,Punjab Kings,Mumbai,"Wankhede Stadium, Mumbai",2021-04-12
2nd innings,Rajasthan Royals,Punjab Kings,13.5,SV Samson,R Parag,Mohammed Shami,0,1,1,,,,,PK vs RR 2021-04-12,AK Chaudhary,S Ravi,SV Samson,Punjab Kings,Mumbai,"Wankhede Stadium, Mumbai",2021-04-12
2nd innings,Rajasthan Royals,Punjab Kings,13.6,R Parag,SV Samson,Mohammed Shami,0,1,1,,,,,PK vs RR 2021-04-12,AK Chaudhary,S Ravi,SV Samson,Punjab Kings,Mumbai,"Wankhede Stadium, Mumbai",2021-04-12
2nd innings,Rajasthan Royals,Punjab Kings,14.1,R Parag,SV Samson,JA Richardson,0,1,1,,,,,PK vs RR 2021-04-12,AK Chaudhary,S Ravi,SV Samson,Punjab Kings,Mumbai,"Wankhede Stadium, Mumbai",2021-04-12
2nd innings,Rajasthan Royals,Punjab Kings,14.2,SV Samson,R Parag,JA Richardson,0,1,1,,,,,PK vs RR 2021-04-12,AK Chaudhary,S Ravi,SV Samson,Punjab Kings,Mumbai,"Wankhede Stadium, Mumbai",2021-04-12
2nd innings,Rajasthan Royals,Punjab Kings,14.3,R Parag,SV Samson,JA Richardson,0,4,4,,,,,PK vs RR 2021-04-12,AK Chaudhary,S Ravi,SV Samson,Punjab Kings,Mumbai,"Wankhede Stadium, Mumbai",2021-04-12
2nd innings,Rajasthan Royals,Punjab Kings,14.4,R Parag,SV Samson,JA Richardson,0,6,6,,,,,PK vs RR 2021-04-12,AK Chaudhary,S Ravi,SV Samson,Punjab Kings,Mumbai,"Wankhede Stadium, Mumbai",2021-04-12
2nd innings,Rajasthan Royals,Punjab Kings,14.5,R Parag,SV Samson,JA Richardson,0,1,1,,,,,PK vs RR 2021-04-12,AK Chaudhary,S Ravi,SV Samson,Punjab Kings,Mumbai,"Wankhede Stadium, Mumbai",2021-04-12
2nd innings,Rajasthan Royals,Punjab Kings,14.6,SV Samson,R Parag,JA Richardson,0,0,0,,,,,PK vs RR 2021-04-12,AK Chaudhary,S Ravi,SV Samson,Punjab Kings,Mumbai,"Wankhede Stadium, Mumbai",2021-04-12
2nd innings,Rajasthan Royals,Punjab Kings,15.1,R Parag,SV Samson,M Ashwin,0,6,6,,,,,PK vs RR 2021-04-12,AK Chaudhary,S Ravi,SV Samson,Punjab Kings,Mumbai,"Wankhede Stadium, Mumbai",2021-04-12
2nd innings,Rajasthan Royals,Punjab Kings,15.2,R Parag,SV Samson,M Ashwin,0,1,1,,,,,PK vs RR 2021-04-12,AK Chaudhary,S Ravi,SV Samson,Punjab Kings,Mumbai,"Wankhede Stadium, Mumbai",2021-04-12
2nd innings,Rajasthan Royals,Punjab Kings,15.3,SV Samson,R Parag,M Ashwin,0,0,0,,,,,PK vs RR 2021-04-12,AK Chaudhary,S Ravi,SV Samson,Punjab Kings,Mumbai,"Wankhede Stadium, Mumbai",2021-04-12
2nd innings,Rajasthan Royals,Punjab Kings,15.4,SV Samson,R Parag,M Ashwin,0,6,6,,,,,PK vs RR 2021-04-12,AK Chaudhary,S Ravi,SV Samson,Punjab Kings,Mumbai,"Wankhede Stadium, Mumbai",2021-04-12
2nd innings,Rajasthan Royals,Punjab Kings,15.5,SV Samson,R Parag,M Ashwin,0,6,6,,,,,PK vs RR 2021-04-12,AK Chaudhary,S Ravi,SV Samson,Punjab Kings,Mumbai,"Wankhede Stadium, Mumbai",2021-04-12
2nd innings,Rajasthan Royals,Punjab Kings,15.6,SV Samson,R Parag,M Ashwin,0,1,1,,,,,PK vs RR 2021-04-12,AK Chaudhary,S Ravi,SV Samson,Punjab Kings,Mumbai,"Wankhede Stadium, Mumbai",2021-04-12
2nd innings,Rajasthan Royals,Punjab Kings,16.1,SV Samson,R Parag,Mohammed Shami,1,0,1,wides,,,,PK vs RR 2021-04-12,AK Chaudhary,S Ravi,SV Samson,Punjab Kings,Mumbai,"Wankhede Stadium, Mumbai",2021-04-12
2nd innings,Rajasthan Royals,Punjab Kings,16.2,SV Samson,R Parag,Mohammed Shami,0,0,0,,,,,PK vs RR 2021-04-12,AK Chaudhary,S Ravi,SV Samson,Punjab Kings,Mumbai,"Wankhede Stadium, Mumbai",2021-04-12
2nd innings,Rajasthan Royals,Punjab Kings,16.3,SV Samson,R Parag,Mohammed Shami,0,0,0,,R Parag,caught,KL Rahul,PK vs RR 2021-04-12,AK Chaudhary,S Ravi,SV Samson,Punjab Kings,Mumbai,"Wankhede Stadium, Mumbai",2021-04-12
2nd innings,Rajasthan Royals,Punjab Kings,16.4,SV Samson,R Tewatia,Mohammed Shami,0,0,0,,,,,PK vs RR 2021-04-12,AK Chaudhary,S Ravi,SV Samson,Punjab Kings,Mumbai,"Wankhede Stadium, Mumbai",2021-04-12
2nd innings,Rajasthan Royals,Punjab Kings,16.5,SV Samson,R Tewatia,Mohammed Shami,1,0,1,wides,,,,PK vs RR 2021-04-12,AK Chaudhary,S Ravi,SV Samson,Punjab Kings,Mumbai,"Wankhede Stadium, Mumbai",2021-04-12
2nd innings,Rajasthan Royals,Punjab Kings,16.6,SV Samson,R Tewatia,Mohammed Shami,0,1,1,,,,,PK vs RR 2021-04-12,AK Chaudhary,S Ravi,SV Samson,Punjab Kings,Mumbai,"Wankhede Stadium, Mumbai",2021-04-12
2nd innings,Rajasthan Royals,Punjab Kings,16.7,R Tewatia,SV Samson,Mohammed Shami,0,4,4,,,,,PK vs RR 2021-04-12,AK Chaudhary,S Ravi,SV Samson,Punjab Kings,Mumbai,"Wankhede Stadium, Mumbai",2021-04-12
2nd innings,Rajasthan Royals,Punjab Kings,16.8,R Tewatia,SV Samson,Mohammed Shami,0,1,1,,,,,PK vs RR 2021-04-12,AK Chaudhary,S Ravi,SV Samson,Punjab Kings,Mumbai,"Wankhede Stadium, Mumbai",2021-04-12
2nd innings,Rajasthan Royals,Punjab Kings,17.1,R Tewatia,SV Samson,JA Richardson,0,4,4,,,,,PK vs RR 2021-04-12,AK Chaudhary,S Ravi,SV Samson,Punjab Kings,Mumbai,"Wankhede Stadium, Mumbai",2021-04-12
2nd innings,Rajasthan Royals,Punjab Kings,17.2,R Tewatia,SV Samson,JA Richardson,0,6,6,,,,,PK vs RR 2021-04-12,AK Chaudhary,S Ravi,SV Samson,Punjab Kings,Mumbai,"Wankhede Stadium, Mumbai",2021-04-12
2nd innings,Rajasthan Royals,Punjab Kings,17.3,R Tewatia,SV Samson,JA Richardson,0,4,4,,,,,PK vs RR 2021-04-12,AK Chaudhary,S Ravi,SV Samson,Punjab Kings,Mumbai,"Wankhede Stadium, Mumbai",2021-04-12
2nd innings,Rajasthan Royals,Punjab Kings,17.4,R Tewatia,SV Samson,JA Richardson,0,2,2,,,,,PK vs RR 2021-04-12,AK Chaudhary,S Ravi,SV Samson,Punjab Kings,Mumbai,"Wankhede Stadium, Mumbai",2021-04-12
2nd innings,Rajasthan Royals,Punjab Kings,17.5,R Tewatia,SV Samson,JA Richardson,1,0,1,wides,,,,PK vs RR 2021-04-12,AK Chaudhary,S Ravi,SV Samson,Punjab Kings,Mumbai,"Wankhede Stadium, Mumbai",2021-04-12
2nd innings,Rajasthan Royals,Punjab Kings,17.6,R Tewatia,SV Samson,JA Richardson,0,1,1,,,,,PK vs RR 2021-04-12,AK Chaudhary,S Ravi,SV Samson,Punjab Kings,Mumbai,"Wankhede Stadium, Mumbai",2021-04-12
2nd innings,Rajasthan Royals,Punjab Kings,17.7,SV Samson,R Tewatia,JA Richardson,0,1,1,,,,,PK vs RR 2021-04-12,AK Chaudhary,S Ravi,SV Samson,Punjab Kings,Mumbai,"Wankhede Stadium, Mumbai",2021-04-12
2nd innings,Rajasthan Royals,Punjab Kings,18.1,SV Samson,R Tewatia,RP Meredith,0,0,0,,R Tewatia,caught,KL Rahul,PK vs RR 2021-04-12,AK Chaudhary,S Ravi,SV Samson,Punjab Kings,Mumbai,"Wankhede Stadium, Mumbai",2021-04-12
2nd innings,Rajasthan Royals,Punjab Kings,18.2,SV Samson,CH Morris,RP Meredith,0,0,0,,,,,PK vs RR 2021-04-12,AK Chaudhary,S Ravi,SV Samson,Punjab Kings,Mumbai,"Wankhede Stadium, Mumbai",2021-04-12
2nd innings,Rajasthan Royals,Punjab Kings,18.3,SV Samson,CH Morris,RP Meredith,0,1,1,,,,,PK vs RR 2021-04-12,AK Chaudhary,S Ravi,SV Samson,Punjab Kings,Mumbai,"Wankhede Stadium, Mumbai",2021-04-12
2nd innings,Rajasthan Royals,Punjab Kings,18.4,CH Morris,SV Samson,RP Meredith,0,6,6,,,,,PK vs RR 2021-04-12,AK Chaudhary,S Ravi,SV Samson,Punjab Kings,Mumbai,"Wankhede Stadium, Mumbai",2021-04-12
2nd innings,Rajasthan Royals,Punjab Kings,18.5,CH Morris,SV Samson,RP Meredith,0,1,1,,,,,PK vs RR 2021-04-12,AK Chaudhary,S Ravi,SV Samson,Punjab Kings,Mumbai,"Wankhede Stadium, Mumbai",2021-04-12
2nd innings,Rajasthan Royals,Punjab Kings,18.6,SV Samson,CH Morris,RP Meredith,0,0,0,,,,,PK vs RR 2021-04-12,AK Chaudhary,S Ravi,SV Samson,Punjab Kings,Mumbai,"Wankhede Stadium, Mumbai",2021-04-12
2nd innings,Rajasthan Royals,Punjab Kings,19.1,CH Morris,SV Samson,Arshdeep Singh,0,0,0,,,,,PK vs RR 2021-04-12,AK Chaudhary,S Ravi,SV Samson,Punjab Kings,Mumbai,"Wankhede Stadium, Mumbai",2021-04-12
2nd innings,Rajasthan Royals,Punjab Kings,19.2,CH Morris,SV Samson,Arshdeep Singh,0,1,1,,,,,PK vs RR 2021-04-12,AK Chaudhary,S Ravi,SV Samson,Punjab Kings,Mumbai,"Wankhede Stadium, Mumbai",2021-04-12
2nd innings,Rajasthan Royals,Punjab Kings,19.3,SV Samson,CH Morris,Arshdeep Singh,0,1,1,,,,,PK vs RR 2021-04-12,AK Chaudhary,S Ravi,SV Samson,Punjab Kings,Mumbai,"Wankhede Stadium, Mumbai",2021-04-12
2nd innings,Rajasthan Royals,Punjab Kings,19.4,CH Morris,SV Samson,Arshdeep Singh,0,6,6,,,,,PK vs RR 2021-04-12,AK Chaudhary,S Ravi,SV Samson,Punjab Kings,Mumbai,"Wankhede Stadium, Mumbai",2021-04-12
2nd innings,Rajasthan Royals,Punjab Kings,19.5,CH Morris,SV Samson,Arshdeep Singh,0,0,0,,,,,PK vs RR 2021-04-12,AK Chaudhary,S Ravi,SV Samson,Punjab Kings,Mumbai,"Wankhede Stadium, Mumbai",2021-04-12
2nd innings,Rajasthan Royals,Punjab Kings,19.6,CH Morris,SV Samson,Arshdeep Singh,0,0,0,,SV Samson,caught,DJ Hooda,PK vs RR 2021-04-12,AK Chaudhary,S Ravi,SV Samson,Punjab Kings,Mumbai,"Wankhede Stadium, Mumbai",2021-04-12
