inning,batting_team,bowling_team,ball,non_striker,batsman,bowler,extra_runs,batsman_run,total_runs,extras,player_out,elimination_kind,fielders_caught,match_name,umpires_1,umpires_2,player_of_match,winner,city,venue,dates
1st innings,Royal Challengers Bangalore,Kolkata Knight Riders,0.1,V Kohli,D Padikkal,Shakib Al Hasan,0,1,1,,,,,RCB vs KKR 2021-10-11,CB Gaffaney,VK Sharma,SP Narine,Kolkata Knight Riders,Sharjah,Sharjah Cricket Stadium,2021-10-11
1st innings,Royal Challengers Bangalore,Kolkata Knight Riders,0.2,D Padikkal,V Kohli,Shakib Al Hasan,0,1,1,,,,,RCB vs KKR 2021-10-11,CB Gaffaney,VK Sharma,SP Narine,Kolkata Knight Riders,Sharjah,Sharjah Cricket Stadium,2021-10-11
1st innings,Royal Challengers Bangalore,Kolkata Knight Riders,0.3,V Kohli,D Padikkal,Shakib Al Hasan,0,1,1,,,,,RCB vs KKR 2021-10-11,CB Gaffaney,VK Sharma,SP Narine,Kolkata Knight Riders,Sharjah,Sharjah Cricket Stadium,2021-10-11
1st innings,Royal Challengers Bangalore,Kolkata Knight Riders,0.4,D Padikkal,V Kohli,Shakib Al Hasan,0,0,0,,,,,RCB vs KKR 2021-10-11,CB Gaffaney,VK Sharma,SP Narine,Kolkata Knight Riders,Sharjah,Sharjah Cricket Stadium,2021-10-11
1st innings,Royal Challengers Bangalore,Kolkata Knight Riders,0.5,D Padikkal,V Kohli,Shakib Al Hasan,0,0,0,,,,,RCB vs KKR 2021-10-11,CB Gaffaney,VK Sharma,SP Narine,Kolkata Knight Riders,Sharjah,Sharjah Cricket Stadium,2021-10-11
1st innings,Royal Challengers Bangalore,Kolkata Knight Riders,0.6,D Padikkal,V Kohli,Shakib Al Hasan,0,4,4,,,,,RCB vs KKR 2021-10-11,CB Gaffaney,VK Sharma,SP Narine,Kolkata Knight Riders,Sharjah,Sharjah Cricket Stadium,2021-10-11
1st innings,Royal Challengers Bangalore,Kolkata Knight Riders,1.1,V Kohli,D Padikkal,Shivam Mavi,0,0,0,,,,,RCB vs KKR 2021-10-11,CB Gaffaney,VK Sharma,SP Narine,Kolkata Knight Riders,Sharjah,Sharjah Cricket Stadium,2021-10-11
1st innings,Royal Challengers Bangalore,Kolkata Knight Riders,1.2,V Kohli,D Padikkal,Shivam Mavi,0,0,0,,,,,RCB vs KKR 2021-10-11,CB Gaffaney,VK Sharma,SP Narine,Kolkata Knight Riders,Sharjah,Sharjah Cricket Stadium,2021-10-11
1st innings,Royal Challengers Bangalore,Kolkata Knight Riders,1.3,V Kohli,D Padikkal,Shivam Mavi,0,1,1,,,,,RCB vs KKR 2021-10-11,CB Gaffaney,VK Sharma,SP Narine,Kolkata Knight Riders,Sharjah,Sharjah Cricket Stadium,2021-10-11
1st innings,Royal Challengers Bangalore,Kolkata Knight Riders,1.4,D Padikkal,V Kohli,Shivam Mavi,0,0,0,,,,,RCB vs KKR 2021-10-11,CB Gaffaney,VK Sharma,SP Narine,Kolkata Knight Riders,Sharjah,Sharjah Cricket Stadium,2021-10-11
1st innings,Royal Challengers Bangalore,Kolkata Knight Riders,1.5,D Padikkal,V Kohli,Shivam Mavi,0,0,0,,,,,RCB vs KKR 2021-10-11,CB Gaffaney,VK Sharma,SP Narine,Kolkata Knight Riders,Sharjah,Sharjah Cricket Stadium,2021-10-11
1st innings,Royal Challengers Bangalore,Kolkata Knight Riders,1.6,D Padikkal,V Kohli,Shivam Mavi,1,4,5,noballs,,,,RCB vs KKR 2021-10-11,CB Gaffaney,VK Sharma,SP Narine,Kolkata Knight Riders,Sharjah,Sharjah Cricket Stadium,2021-10-11
1st innings,Royal Challengers Bangalore,Kolkata Knight Riders,1.7,D Padikkal,V Kohli,Shivam Mavi,0,4,4,,,,,RCB vs KKR 2021-10-11,CB Gaffaney,VK Sharma,SP Narine,Kolkata Knight Riders,Sharjah,Sharjah Cricket Stadium,2021-10-11
1st innings,Royal Challengers Bangalore,Kolkata Knight Riders,2.1,V Kohli,D Padikkal,CV Varun,0,1,1,,,,,RCB vs KKR 2021-10-11,CB Gaffaney,VK Sharma,SP Narine,Kolkata Knight Riders,Sharjah,Sharjah Cricket Stadium,2021-10-11
1st innings,Royal Challengers Bangalore,Kolkata Knight Riders,2.2,D Padikkal,V Kohli,CV Varun,0,1,1,,,,,RCB vs KKR 2021-10-11,CB Gaffaney,VK Sharma,SP Narine,Kolkata Knight Riders,Sharjah,Sharjah Cricket Stadium,2021-10-11
1st innings,Royal Challengers Bangalore,Kolkata Knight Riders,2.3,V Kohli,D Padikkal,CV Varun,0,2,2,,,,,RCB vs KKR 2021-10-11,CB Gaffaney,VK Sharma,SP Narine,Kolkata Knight Riders,Sharjah,Sharjah Cricket Stadium,2021-10-11
1st innings,Royal Challengers Bangalore,Kolkata Knight Riders,2.4,V Kohli,D Padikkal,CV Varun,0,1,1,,,,,RCB vs KKR 2021-10-11,CB Gaffaney,VK Sharma,SP Narine,Kolkata Knight Riders,Sharjah,Sharjah Cricket Stadium,2021-10-11
1st innings,Royal Challengers Bangalore,Kolkata Knight Riders,2.5,D Padikkal,V Kohli,CV Varun,0,1,1,,,,,RCB vs KKR 2021-10-11,CB Gaffaney,VK Sharma,SP Narine,Kolkata Knight Riders,Sharjah,Sharjah Cricket Stadium,2021-10-11
1st innings,Royal Challengers Bangalore,Kolkata Knight Riders,2.6,V Kohli,D Padikkal,CV Varun,0,1,1,,,,,RCB vs KKR 2021-10-11,CB Gaffaney,VK Sharma,SP Narine,Kolkata Knight Riders,Sharjah,Sharjah Cricket Stadium,2021-10-11
1st innings,Royal Challengers Bangalore,Kolkata Knight Riders,3.1,V Kohli,D Padikkal,LH Ferguson,0,4,4,,,,,RCB vs KKR 2021-10-11,CB Gaffaney,VK Sharma,SP Narine,Kolkata Knight Riders,Sharjah,Sharjah Cricket Stadium,2021-10-11
1st innings,Royal Challengers Bangalore,Kolkata Knight Riders,3.2,V Kohli,D Padikkal,LH Ferguson,0,0,0,,,,,RCB vs KKR 2021-10-11,CB Gaffaney,VK Sharma,SP Narine,Kolkata Knight Riders,Sharjah,Sharjah Cricket Stadium,2021-10-11
1st innings,Royal Challengers Bangalore,Kolkata Knight Riders,3.3,V Kohli,D Padikkal,LH Ferguson,0,1,1,,,,,RCB vs KKR 2021-10-11,CB Gaffaney,VK Sharma,SP Narine,Kolkata Knight Riders,Sharjah,Sharjah Cricket Stadium,2021-10-11
1st innings,Royal Challengers Bangalore,Kolkata Knight Riders,3.4,D Padikkal,V Kohli,LH Ferguson,0,1,1,,,,,RCB vs KKR 2021-10-11,CB Gaffaney,VK Sharma,SP Narine,Kolkata Knight Riders,Sharjah,Sharjah Cricket Stadium,2021-10-11
1st innings,Royal Challengers Bangalore,Kolkata Knight Riders,3.5,V Kohli,D Padikkal,LH Ferguson,0,4,4,,,,,RCB vs KKR 2021-10-11,CB Gaffaney,VK Sharma,SP Narine,Kolkata Knight Riders,Sharjah,Sharjah Cricket Stadium,2021-10-11
1st innings,Royal Challengers Bangalore,Kolkata Knight Riders,3.6,V Kohli,D Padikkal,LH Ferguson,0,2,2,,,,,RCB vs KKR 2021-10-11,CB Gaffaney,VK Sharma,SP Narine,Kolkata Knight Riders,Sharjah,Sharjah Cricket Stadium,2021-10-11
1st innings,Royal Challengers Bangalore,Kolkata Knight Riders,4.1,D Padikkal,V Kohli,Shivam Mavi,0,4,4,,,,,RCB vs KKR 2021-10-11,CB Gaffaney,VK Sharma,SP Narine,Kolkata Knight Riders,Sharjah,Sharjah Cricket Stadium,2021-10-11
1st innings,Royal Challengers Bangalore,Kolkata Knight Riders,4.2,D Padikkal,V Kohli,Shivam Mavi,0,1,1,,,,,RCB vs KKR 2021-10-11,CB Gaffaney,VK Sharma,SP Narine,Kolkata Knight Riders,Sharjah,Sharjah Cricket Stadium,2021-10-11
1st innings,Royal Challengers Bangalore,Kolkata Knight Riders,4.3,V Kohli,D Padikkal,Shivam Mavi,4,0,4,legbyes,,,,RCB vs KKR 2021-10-11,CB Gaffaney,VK Sharma,SP Narine,Kolkata Knight Riders,Sharjah,Sharjah Cricket Stadium,2021-10-11
1st innings,Royal Challengers Bangalore,Kolkata Knight Riders,4.4,V Kohli,D Padikkal,Shivam Mavi,1,0,1,wides,,,,RCB vs KKR 2021-10-11,CB Gaffaney,VK Sharma,SP Narine,Kolkata Knight Riders,Sharjah,Sharjah Cricket Stadium,2021-10-11
1st innings,Royal Challengers Bangalore,Kolkata Knight Riders,4.5,V Kohli,D Padikkal,Shivam Mavi,0,1,1,,,,,RCB vs KKR 2021-10-11,CB Gaffaney,VK Sharma,SP Narine,Kolkata Knight Riders,Sharjah,Sharjah Cricket Stadium,2021-10-11
1st innings,Royal Challengers Bangalore,Kolkata Knight Riders,4.6,D Padikkal,V Kohli,Shivam Mavi,0,1,1,,,,,RCB vs KKR 2021-10-11,CB Gaffaney,VK Sharma,SP Narine,Kolkata Knight Riders,Sharjah,Sharjah Cricket Stadium,2021-10-11
1st innings,Royal Challengers Bangalore,Kolkata Knight Riders,4.7,V Kohli,D Padikkal,Shivam Mavi,0,1,1,,,,,RCB vs KKR 2021-10-11,CB Gaffaney,VK Sharma,SP Narine,Kolkata Knight Riders,Sharjah,Sharjah Cricket Stadium,2021-10-11
1st innings,Royal Challengers Bangalore,Kolkata Knight Riders,5.1,V Kohli,D Padikkal,LH Ferguson,0,0,0,,D Padikkal,bowled,,RCB vs KKR 2021-10-11,CB Gaffaney,VK Sharma,SP Narine,Kolkata Knight Riders,Sharjah,Sharjah Cricket Stadium,2021-10-11
1st innings,Royal Challengers Bangalore,Kolkata Knight Riders,5.2,V Kohli,KS Bharat,LH Ferguson,0,0,0,,,,,RCB vs KKR 2021-10-11,CB Gaffaney,VK Sharma,SP Narine,Kolkata Knight Riders,Sharjah,Sharjah Cricket Stadium,2021-10-11
1st innings,Royal Challengers Bangalore,Kolkata Knight Riders,5.3,V Kohli,KS Bharat,LH Ferguson,0,1,1,,,,,RCB vs KKR 2021-10-11,CB Gaffaney,VK Sharma,SP Narine,Kolkata Knight Riders,Sharjah,Sharjah Cricket Stadium,2021-10-11
1st innings,Royal Challengers Bangalore,Kolkata Knight Riders,5.4,KS Bharat,V Kohli,LH Ferguson,0,1,1,,,,,RCB vs KKR 2021-10-11,CB Gaffaney,VK Sharma,SP Narine,Kolkata Knight Riders,Sharjah,Sharjah Cricket Stadium,2021-10-11
1st innings,Royal Challengers Bangalore,Kolkata Knight Riders,5.5,V Kohli,KS Bharat,LH Ferguson,0,1,1,,,,,RCB vs KKR 2021-10-11,CB Gaffaney,VK Sharma,SP Narine,Kolkata Knight Riders,Sharjah,Sharjah Cricket Stadium,2021-10-11
1st innings,Royal Challengers Bangalore,Kolkata Knight Riders,5.6,KS Bharat,V Kohli,LH Ferguson,0,1,1,,,,,RCB vs KKR 2021-10-11,CB Gaffaney,VK Sharma,SP Narine,Kolkata Knight Riders,Sharjah,Sharjah Cricket Stadium,2021-10-11
1st innings,Royal Challengers Bangalore,Kolkata Knight Riders,6.1,KS Bharat,V Kohli,Shakib Al Hasan,0,1,1,,,,,RCB vs KKR 2021-10-11,CB Gaffaney,VK Sharma,SP Narine,Kolkata Knight Riders,Sharjah,Sharjah Cricket Stadium,2021-10-11
1st innings,Royal Challengers Bangalore,Kolkata Knight Riders,6.2,V Kohli,KS Bharat,Shakib Al Hasan,0,1,1,,,,,RCB vs KKR 2021-10-11,CB Gaffaney,VK Sharma,SP Narine,Kolkata Knight Riders,Sharjah,Sharjah Cricket Stadium,2021-10-11
1st innings,Royal Challengers Bangalore,Kolkata Knight Riders,6.3,KS Bharat,V Kohli,Shakib Al Hasan,0,0,0,,,,,RCB vs KKR 2021-10-11,CB Gaffaney,VK Sharma,SP Narine,Kolkata Knight Riders,Sharjah,Sharjah Cricket Stadium,2021-10-11
1st innings,Royal Challengers Bangalore,Kolkata Knight Riders,6.4,KS Bharat,V Kohli,Shakib Al Hasan,0,1,1,,,,,RCB vs KKR 2021-10-11,CB Gaffaney,VK Sharma,SP Narine,Kolkata Knight Riders,Sharjah,Sharjah Cricket Stadium,2021-10-11
1st innings,Royal Challengers Bangalore,Kolkata Knight Riders,6.5,V Kohli,KS Bharat,Shakib Al Hasan,0,0,0,,,,,RCB vs KKR 2021-10-11,CB Gaffaney,VK Sharma,SP Narine,Kolkata Knight Riders,Sharjah,Sharjah Cricket Stadium,2021-10-11
1st innings,Royal Challengers Bangalore,Kolkata Knight Riders,6.6,V Kohli,KS Bharat,Shakib Al Hasan,0,1,1,,,,,RCB vs KKR 2021-10-11,CB Gaffaney,VK Sharma,SP Narine,Kolkata Knight Riders,Sharjah,Sharjah Cricket Stadium,2021-10-11
1st innings,Royal Challengers Bangalore,Kolkata Knight Riders,7.1,V Kohli,KS Bharat,CV Varun,0,1,1,,,,,RCB vs KKR 2021-10-11,CB Gaffaney,VK Sharma,SP Narine,Kolkata Knight Riders,Sharjah,Sharjah Cricket Stadium,2021-10-11
1st innings,Royal Challengers Bangalore,Kolkata Knight Riders,7.2,KS Bharat,V Kohli,CV Varun,0,1,1,,,,,RCB vs KKR 2021-10-11,CB Gaffaney,VK Sharma,SP Narine,Kolkata Knight Riders,Sharjah,Sharjah Cricket Stadium,2021-10-11
1st innings,Royal Challengers Bangalore,Kolkata Knight Riders,7.3,V Kohli,KS Bharat,CV Varun,1,0,1,legbyes,,,,RCB vs KKR 2021-10-11,CB Gaffaney,VK Sharma,SP Narine,Kolkata Knight Riders,Sharjah,Sharjah Cricket Stadium,2021-10-11
1st innings,Royal Challengers Bangalore,Kolkata Knight Riders,7.4,KS Bharat,V Kohli,CV Varun,0,1,1,,,,,RCB vs KKR 2021-10-11,CB Gaffaney,VK Sharma,SP Narine,Kolkata Knight Riders,Sharjah,Sharjah Cricket Stadium,2021-10-11
1st innings,Royal Challengers Bangalore,Kolkata Knight Riders,7.5,V Kohli,KS Bharat,CV Varun,0,0,0,,,,,RCB vs KKR 2021-10-11,CB Gaffaney,VK Sharma,SP Narine,Kolkata Knight Riders,Sharjah,Sharjah Cricket Stadium,2021-10-11
1st innings,Royal Challengers Bangalore,Kolkata Knight Riders,7.6,V Kohli,KS Bharat,CV Varun,0,1,1,,,,,RCB vs KKR 2021-10-11,CB Gaffaney,VK Sharma,SP Narine,Kolkata Knight Riders,Sharjah,Sharjah Cricket Stadium,2021-10-11
1st innings,Royal Challengers Bangalore,Kolkata Knight Riders,8.1,V Kohli,KS Bharat,Shakib Al Hasan,0,0,0,,,,,RCB vs KKR 2021-10-11,CB Gaffaney,VK Sharma,SP Narine,Kolkata Knight Riders,Sharjah,Sharjah Cricket Stadium,2021-10-11
1st innings,Royal Challengers Bangalore,Kolkata Knight Riders,8.2,V Kohli,KS Bharat,Shakib Al Hasan,0,1,1,,,,,RCB vs KKR 2021-10-11,CB Gaffaney,VK Sharma,SP Narine,Kolkata Knight Riders,Sharjah,Sharjah Cricket Stadium,2021-10-11
1st innings,Royal Challengers Bangalore,Kolkata Knight Riders,8.3,KS Bharat,V Kohli,Shakib Al Hasan,0,1,1,,,,,RCB vs KKR 2021-10-11,CB Gaffaney,VK Sharma,SP Narine,Kolkata Knight Riders,Sharjah,Sharjah Cricket Stadium,2021-10-11
1st innings,Royal Challengers Bangalore,Kolkata Knight Riders,8.4,V Kohli,KS Bharat,Shakib Al Hasan,0,0,0,,,,,RCB vs KKR 2021-10-11,CB Gaffaney,VK Sharma,SP Narine,Kolkata Knight Riders,Sharjah,Sharjah Cricket Stadium,2021-10-11
1st innings,Royal Challengers Bangalore,Kolkata Knight Riders,8.5,V Kohli,KS Bharat,Shakib Al Hasan,0,1,1,,,,,RCB vs KKR 2021-10-11,CB Gaffaney,VK Sharma,SP Narine,Kolkata Knight Riders,Sharjah,Sharjah Cricket Stadium,2021-10-11
1st innings,Royal Challengers Bangalore,Kolkata Knight Riders,8.6,KS Bharat,V Kohli,Shakib Al Hasan,0,1,1,,,,,RCB vs KKR 2021-10-11,CB Gaffaney,VK Sharma,SP Narine,Kolkata Knight Riders,Sharjah,Sharjah Cricket Stadium,2021-10-11
1st innings,Royal Challengers Bangalore,Kolkata Knight Riders,9.1,KS Bharat,V Kohli,SP Narine,0,1,1,,,,,RCB vs KKR 2021-10-11,CB Gaffaney,VK Sharma,SP Narine,Kolkata Knight Riders,Sharjah,Sharjah Cricket Stadium,2021-10-11
1st innings,Royal Challengers Bangalore,Kolkata Knight Riders,9.2,V Kohli,KS Bharat,SP Narine,0,1,1,,,,,RCB vs KKR 2021-10-11,CB Gaffaney,VK Sharma,SP Narine,Kolkata Knight Riders,Sharjah,Sharjah Cricket Stadium,2021-10-11
1st innings,Royal Challengers Bangalore,Kolkata Knight Riders,9.3,KS Bharat,V Kohli,SP Narine,0,1,1,,,,,RCB vs KKR 2021-10-11,CB Gaffaney,VK Sharma,SP Narine,Kolkata Knight Riders,Sharjah,Sharjah Cricket Stadium,2021-10-11
1st innings,Royal Challengers Bangalore,Kolkata Knight Riders,9.4,V Kohli,KS Bharat,SP Narine,0,0,0,,KS Bharat,caught,VR Iyer,RCB vs KKR 2021-10-11,CB Gaffaney,VK Sharma,SP Narine,Kolkata Knight Riders,Sharjah,Sharjah Cricket Stadium,2021-10-11
1st innings,Royal Challengers Bangalore,Kolkata Knight Riders,9.5,V Kohli,GJ Maxwell,SP Narine,0,1,1,,,,,RCB vs KKR 2021-10-11,CB Gaffaney,VK Sharma,SP Narine,Kolkata Knight Riders,Sharjah,Sharjah Cricket Stadium,2021-10-11
1st innings,Royal Challengers Bangalore,Kolkata Knight Riders,9.6,GJ Maxwell,V Kohli,SP Narine,0,0,0,,,,,RCB vs KKR 2021-10-11,CB Gaffaney,VK Sharma,SP Narine,Kolkata Knight Riders,Sharjah,Sharjah Cricket Stadium,2021-10-11
1st innings,Royal Challengers Bangalore,Kolkata Knight Riders,10.1,V Kohli,GJ Maxwell,Shakib Al Hasan,0,1,1,,,,,RCB vs KKR 2021-10-11,CB Gaffaney,VK Sharma,SP Narine,Kolkata Knight Riders,Sharjah,Sharjah Cricket Stadium,2021-10-11
1st innings,Royal Challengers Bangalore,Kolkata Knight Riders,10.2,GJ Maxwell,V Kohli,Shakib Al Hasan,0,1,1,,,,,RCB vs KKR 2021-10-11,CB Gaffaney,VK Sharma,SP Narine,Kolkata Knight Riders,Sharjah,Sharjah Cricket Stadium,2021-10-11
1st innings,Royal Challengers Bangalore,Kolkata Knight Riders,10.3,V Kohli,GJ Maxwell,Shakib Al Hasan,0,4,4,,,,,RCB vs KKR 2021-10-11,CB Gaffaney,VK Sharma,SP Narine,Kolkata Knight Riders,Sharjah,Sharjah Cricket Stadium,2021-10-11
1st innings,Royal Challengers Bangalore,Kolkata Knight Riders,10.4,V Kohli,GJ Maxwell,Shakib Al Hasan,0,1,1,,,,,RCB vs KKR 2021-10-11,CB Gaffaney,VK Sharma,SP Narine,Kolkata Knight Riders,Sharjah,Sharjah Cricket Stadium,2021-10-11
1st innings,Royal Challengers Bangalore,Kolkata Knight Riders,10.5,GJ Maxwell,V Kohli,Shakib Al Hasan,0,1,1,,,,,RCB vs KKR 2021-10-11,CB Gaffaney,VK Sharma,SP Narine,Kolkata Knight Riders,Sharjah,Sharjah Cricket Stadium,2021-10-11
1st innings,Royal Challengers Bangalore,Kolkata Knight Riders,10.6,V Kohli,GJ Maxwell,Shakib Al Hasan,0,1,1,,,,,RCB vs KKR 2021-10-11,CB Gaffaney,VK Sharma,SP Narine,Kolkata Knight Riders,Sharjah,Sharjah Cricket Stadium,2021-10-11
1st innings,Royal Challengers Bangalore,Kolkata Knight Riders,11.1,V Kohli,GJ Maxwell,LH Ferguson,1,0,1,wides,,,,RCB vs KKR 2021-10-11,CB Gaffaney,VK Sharma,SP Narine,Kolkata Knight Riders,Sharjah,Sharjah Cricket Stadium,2021-10-11
1st innings,Royal Challengers Bangalore,Kolkata Knight Riders,11.2,V Kohli,GJ Maxwell,LH Ferguson,1,0,1,legbyes,,,,RCB vs KKR 2021-10-11,CB Gaffaney,VK Sharma,SP Narine,Kolkata Knight Riders,Sharjah,Sharjah Cricket Stadium,2021-10-11
1st innings,Royal Challengers Bangalore,Kolkata Knight Riders,11.3,GJ Maxwell,V Kohli,LH Ferguson,0,0,0,,,,,RCB vs KKR 2021-10-11,CB Gaffaney,VK Sharma,SP Narine,Kolkata Knight Riders,Sharjah,Sharjah Cricket Stadium,2021-10-11
1st innings,Royal Challengers Bangalore,Kolkata Knight Riders,11.4,GJ Maxwell,V Kohli,LH Ferguson,0,1,1,,,,,RCB vs KKR 2021-10-11,CB Gaffaney,VK Sharma,SP Narine,Kolkata Knight Riders,Sharjah,Sharjah Cricket Stadium,2021-10-11
1st innings,Royal Challengers Bangalore,Kolkata Knight Riders,11.5,V Kohli,GJ Maxwell,LH Ferguson,0,1,1,,,,,RCB vs KKR 2021-10-11,CB Gaffaney,VK Sharma,SP Narine,Kolkata Knight Riders,Sharjah,Sharjah Cricket Stadium,2021-10-11
1st innings,Royal Challengers Bangalore,Kolkata Knight Riders,11.6,GJ Maxwell,V Kohli,LH Ferguson,0,0,0,,,,,RCB vs KKR 2021-10-11,CB Gaffaney,VK Sharma,SP Narine,Kolkata Knight Riders,Sharjah,Sharjah Cricket Stadium,2021-10-11
1st innings,Royal Challengers Bangalore,Kolkata Knight Riders,11.7,GJ Maxwell,V Kohli,LH Ferguson,0,4,4,,,,,RCB vs KKR 2021-10-11,CB Gaffaney,VK Sharma,SP Narine,Kolkata Knight Riders,Sharjah,Sharjah Cricket Stadium,2021-10-11
1st innings,Royal Challengers Bangalore,Kolkata Knight Riders,12.1,V Kohli,GJ Maxwell,SP Narine,0,1,1,,,,,RCB vs KKR 2021-10-11,CB Gaffaney,VK Sharma,SP Narine,Kolkata Knight Riders,Sharjah,Sharjah Cricket Stadium,2021-10-11
1st innings,Royal Challengers Bangalore,Kolkata Knight Riders,12.2,GJ Maxwell,V Kohli,SP Narine,0,0,0,,V Kohli,bowled,,RCB vs KKR 2021-10-11,CB Gaffaney,VK Sharma,SP Narine,Kolkata Knight Riders,Sharjah,Sharjah Cricket Stadium,2021-10-11
1st innings,Royal Challengers Bangalore,Kolkata Knight Riders,12.3,GJ Maxwell,AB de Villiers,SP Narine,0,1,1,,,,,RCB vs KKR 2021-10-11,CB Gaffaney,VK Sharma,SP Narine,Kolkata Knight Riders,Sharjah,Sharjah Cricket Stadium,2021-10-11
1st innings,Royal Challengers Bangalore,Kolkata Knight Riders,12.4,AB de Villiers,GJ Maxwell,SP Narine,0,1,1,,,,,RCB vs KKR 2021-10-11,CB Gaffaney,VK Sharma,SP Narine,Kolkata Knight Riders,Sharjah,Sharjah Cricket Stadium,2021-10-11
1st innings,Royal Challengers Bangalore,Kolkata Knight Riders,12.5,GJ Maxwell,AB de Villiers,SP Narine,0,0,0,,,,,RCB vs KKR 2021-10-11,CB Gaffaney,VK Sharma,SP Narine,Kolkata Knight Riders,Sharjah,Sharjah Cricket Stadium,2021-10-11
1st innings,Royal Challengers Bangalore,Kolkata Knight Riders,12.6,GJ Maxwell,AB de Villiers,SP Narine,0,4,4,,,,,RCB vs KKR 2021-10-11,CB Gaffaney,VK Sharma,SP Narine,Kolkata Knight Riders,Sharjah,Sharjah Cricket Stadium,2021-10-11
1st innings,Royal Challengers Bangalore,Kolkata Knight Riders,13.1,AB de Villiers,GJ Maxwell,CV Varun,0,1,1,,,,,RCB vs KKR 2021-10-11,CB Gaffaney,VK Sharma,SP Narine,Kolkata Knight Riders,Sharjah,Sharjah Cricket Stadium,2021-10-11
1st innings,Royal Challengers Bangalore,Kolkata Knight Riders,13.2,GJ Maxwell,AB de Villiers,CV Varun,0,1,1,,,,,RCB vs KKR 2021-10-11,CB Gaffaney,VK Sharma,SP Narine,Kolkata Knight Riders,Sharjah,Sharjah Cricket Stadium,2021-10-11
1st innings,Royal Challengers Bangalore,Kolkata Knight Riders,13.3,AB de Villiers,GJ Maxwell,CV Varun,0,1,1,,,,,RCB vs KKR 2021-10-11,CB Gaffaney,VK Sharma,SP Narine,Kolkata Knight Riders,Sharjah,Sharjah Cricket Stadium,2021-10-11
1st innings,Royal Challengers Bangalore,Kolkata Knight Riders,13.4,GJ Maxwell,AB de Villiers,CV Varun,0,2,2,,,,,RCB vs KKR 2021-10-11,CB Gaffaney,VK Sharma,SP Narine,Kolkata Knight Riders,Sharjah,Sharjah Cricket Stadium,2021-10-11
1st innings,Royal Challengers Bangalore,Kolkata Knight Riders,13.5,GJ Maxwell,AB de Villiers,CV Varun,0,0,0,,,,,RCB vs KKR 2021-10-11,CB Gaffaney,VK Sharma,SP Narine,Kolkata Knight Riders,Sharjah,Sharjah Cricket Stadium,2021-10-11
1st innings,Royal Challengers Bangalore,Kolkata Knight Riders,13.6,GJ Maxwell,AB de Villiers,CV Varun,0,1,1,,,,,RCB vs KKR 2021-10-11,CB Gaffaney,VK Sharma,SP Narine,Kolkata Knight Riders,Sharjah,Sharjah Cricket Stadium,2021-10-11
1st innings,Royal Challengers Bangalore,Kolkata Knight Riders,14.1,GJ Maxwell,AB de Villiers,SP Narine,0,2,2,,,,,RCB vs KKR 2021-10-11,CB Gaffaney,VK Sharma,SP Narine,Kolkata Knight Riders,Sharjah,Sharjah Cricket Stadium,2021-10-11
1st innings,Royal Challengers Bangalore,Kolkata Knight Riders,14.2,GJ Maxwell,AB de Villiers,SP Narine,0,0,0,,AB de Villiers,bowled,,RCB vs KKR 2021-10-11,CB Gaffaney,VK Sharma,SP Narine,Kolkata Knight Riders,Sharjah,Sharjah Cricket Stadium,2021-10-11
1st innings,Royal Challengers Bangalore,Kolkata Knight Riders,14.3,GJ Maxwell,Shahbaz Ahmed,SP Narine,1,0,1,wides,,,,RCB vs KKR 2021-10-11,CB Gaffaney,VK Sharma,SP Narine,Kolkata Knight Riders,Sharjah,Sharjah Cricket Stadium,2021-10-11
1st innings,Royal Challengers Bangalore,Kolkata Knight Riders,14.4,GJ Maxwell,Shahbaz Ahmed,SP Narine,0,4,4,,,,,RCB vs KKR 2021-10-11,CB Gaffaney,VK Sharma,SP Narine,Kolkata Knight Riders,Sharjah,Sharjah Cricket Stadium,2021-10-11
1st innings,Royal Challengers Bangalore,Kolkata Knight Riders,14.5,GJ Maxwell,Shahbaz Ahmed,SP Narine,0,1,1,,,,,RCB vs KKR 2021-10-11,CB Gaffaney,VK Sharma,SP Narine,Kolkata Knight Riders,Sharjah,Sharjah Cricket Stadium,2021-10-11
1st innings,Royal Challengers Bangalore,Kolkata Knight Riders,14.6,Shahbaz Ahmed,GJ Maxwell,SP Narine,0,0,0,,,,,RCB vs KKR 2021-10-11,CB Gaffaney,VK Sharma,SP Narine,Kolkata Knight Riders,Sharjah,Sharjah Cricket Stadium,2021-10-11
1st innings,Royal Challengers Bangalore,Kolkata Knight Riders,14.7,Shahbaz Ahmed,GJ Maxwell,SP Narine,0,0,0,,,,,RCB vs KKR 2021-10-11,CB Gaffaney,VK Sharma,SP Narine,Kolkata Knight Riders,Sharjah,Sharjah Cricket Stadium,2021-10-11
1st innings,Royal Challengers Bangalore,Kolkata Knight Riders,15.1,GJ Maxwell,Shahbaz Ahmed,CV Varun,0,0,0,,,,,RCB vs KKR 2021-10-11,CB Gaffaney,VK Sharma,SP Narine,Kolkata Knight Riders,Sharjah,Sharjah Cricket Stadium,2021-10-11
1st innings,Royal Challengers Bangalore,Kolkata Knight Riders,15.2,GJ Maxwell,Shahbaz Ahmed,CV Varun,0,0,0,,,,,RCB vs KKR 2021-10-11,CB Gaffaney,VK Sharma,SP Narine,Kolkata Knight Riders,Sharjah,Sharjah Cricket Stadium,2021-10-11
1st innings,Royal Challengers Bangalore,Kolkata Knight Riders,15.3,GJ Maxwell,Shahbaz Ahmed,CV Varun,0,0,0,,,,,RCB vs KKR 2021-10-11,CB Gaffaney,VK Sharma,SP Narine,Kolkata Knight Riders,Sharjah,Sharjah Cricket Stadium,2021-10-11
1st innings,Royal Challengers Bangalore,Kolkata Knight Riders,15.4,GJ Maxwell,Shahbaz Ahmed,CV Varun,0,1,1,,,,,RCB vs KKR 2021-10-11,CB Gaffaney,VK Sharma,SP Narine,Kolkata Knight Riders,Sharjah,Sharjah Cricket Stadium,2021-10-11
1st innings,Royal Challengers Bangalore,Kolkata Knight Riders,15.5,Shahbaz Ahmed,GJ Maxwell,CV Varun,0,0,0,,,,,RCB vs KKR 2021-10-11,CB Gaffaney,VK Sharma,SP Narine,Kolkata Knight Riders,Sharjah,Sharjah Cricket Stadium,2021-10-11
1st innings,Royal Challengers Bangalore,Kolkata Knight Riders,15.6,Shahbaz Ahmed,GJ Maxwell,CV Varun,0,2,2,,,,,RCB vs KKR 2021-10-11,CB Gaffaney,VK Sharma,SP Narine,Kolkata Knight Riders,Sharjah,Sharjah Cricket Stadium,2021-10-11
1st innings,Royal Challengers Bangalore,Kolkata Knight Riders,16.1,GJ Maxwell,Shahbaz Ahmed,SP Narine,0,1,1,,,,,RCB vs KKR 2021-10-11,CB Gaffaney,VK Sharma,SP Narine,Kolkata Knight Riders,Sharjah,Sharjah Cricket Stadium,2021-10-11
1st innings,Royal Challengers Bangalore,Kolkata Knight Riders,16.2,Shahbaz Ahmed,GJ Maxwell,SP Narine,0,0,0,,,,,RCB vs KKR 2021-10-11,CB Gaffaney,VK Sharma,SP Narine,Kolkata Knight Riders,Sharjah,Sharjah Cricket Stadium,2021-10-11
1st innings,Royal Challengers Bangalore,Kolkata Knight Riders,16.3,Shahbaz Ahmed,GJ Maxwell,SP Narine,0,0,0,,,,,RCB vs KKR 2021-10-11,CB Gaffaney,VK Sharma,SP Narine,Kolkata Knight Riders,Sharjah,Sharjah Cricket Stadium,2021-10-11
1st innings,Royal Challengers Bangalore,Kolkata Knight Riders,16.4,Shahbaz Ahmed,GJ Maxwell,SP Narine,0,0,0,,GJ Maxwell,caught,LH Ferguson,RCB vs KKR 2021-10-11,CB Gaffaney,VK Sharma,SP Narine,Kolkata Knight Riders,Sharjah,Sharjah Cricket Stadium,2021-10-11
1st innings,Royal Challengers Bangalore,Kolkata Knight Riders,16.5,DT Christian,Shahbaz Ahmed,SP Narine,0,0,0,,,,,RCB vs KKR 2021-10-11,CB Gaffaney,VK Sharma,SP Narine,Kolkata Knight Riders,Sharjah,Sharjah Cricket Stadium,2021-10-11
1st innings,Royal Challengers Bangalore,Kolkata Knight Riders,16.6,DT Christian,Shahbaz Ahmed,SP Narine,0,1,1,,,,,RCB vs KKR 2021-10-11,CB Gaffaney,VK Sharma,SP Narine,Kolkata Knight Riders,Sharjah,Sharjah Cricket Stadium,2021-10-11
1st innings,Royal Challengers Bangalore,Kolkata Knight Riders,17.1,DT Christian,Shahbaz Ahmed,Shivam Mavi,0,1,1,,,,,RCB vs KKR 2021-10-11,CB Gaffaney,VK Sharma,SP Narine,Kolkata Knight Riders,Sharjah,Sharjah Cricket Stadium,2021-10-11
1st innings,Royal Challengers Bangalore,Kolkata Knight Riders,17.2,Shahbaz Ahmed,DT Christian,Shivam Mavi,0,0,0,,,,,RCB vs KKR 2021-10-11,CB Gaffaney,VK Sharma,SP Narine,Kolkata Knight Riders,Sharjah,Sharjah Cricket Stadium,2021-10-11
1st innings,Royal Challengers Bangalore,Kolkata Knight Riders,17.3,Shahbaz Ahmed,DT Christian,Shivam Mavi,0,1,1,,,,,RCB vs KKR 2021-10-11,CB Gaffaney,VK Sharma,SP Narine,Kolkata Knight Riders,Sharjah,Sharjah Cricket Stadium,2021-10-11
1st innings,Royal Challengers Bangalore,Kolkata Knight Riders,17.4,DT Christian,Shahbaz Ahmed,Shivam Mavi,0,1,1,,,,,RCB vs KKR 2021-10-11,CB Gaffaney,VK Sharma,SP Narine,Kolkata Knight Riders,Sharjah,Sharjah Cricket Stadium,2021-10-11
1st innings,Royal Challengers Bangalore,Kolkata Knight Riders,17.5,Shahbaz Ahmed,DT Christian,Shivam Mavi,0,1,1,,,,,RCB vs KKR 2021-10-11,CB Gaffaney,VK Sharma,SP Narine,Kolkata Knight Riders,Sharjah,Sharjah Cricket Stadium,2021-10-11
1st innings,Royal Challengers Bangalore,Kolkata Knight Riders,17.6,DT Christian,Shahbaz Ahmed,Shivam Mavi,0,2,2,,,,,RCB vs KKR 2021-10-11,CB Gaffaney,VK Sharma,SP Narine,Kolkata Knight Riders,Sharjah,Sharjah Cricket Stadium,2021-10-11
1st innings,Royal Challengers Bangalore,Kolkata Knight Riders,18.1,Shahbaz Ahmed,DT Christian,LH Ferguson,0,0,0,,,,,RCB vs KKR 2021-10-11,CB Gaffaney,VK Sharma,SP Narine,Kolkata Knight Riders,Sharjah,Sharjah Cricket Stadium,2021-10-11
1st innings,Royal Challengers Bangalore,Kolkata Knight Riders,18.2,Shahbaz Ahmed,DT Christian,LH Ferguson,0,4,4,,,,,RCB vs KKR 2021-10-11,CB Gaffaney,VK Sharma,SP Narine,Kolkata Knight Riders,Sharjah,Sharjah Cricket Stadium,2021-10-11
1st innings,Royal Challengers Bangalore,Kolkata Knight Riders,18.3,Shahbaz Ahmed,DT Christian,LH Ferguson,0,1,1,,,,,RCB vs KKR 2021-10-11,CB Gaffaney,VK Sharma,SP Narine,Kolkata Knight Riders,Sharjah,Sharjah Cricket Stadium,2021-10-11
1st innings,Royal Challengers Bangalore,Kolkata Knight Riders,18.4,DT Christian,Shahbaz Ahmed,LH Ferguson,0,1,1,,,,,RCB vs KKR 2021-10-11,CB Gaffaney,VK Sharma,SP Narine,Kolkata Knight Riders,Sharjah,Sharjah Cricket Stadium,2021-10-11
1st innings,Royal Challengers Bangalore,Kolkata Knight Riders,18.5,Shahbaz Ahmed,DT Christian,LH Ferguson,0,1,1,,,,,RCB vs KKR 2021-10-11,CB Gaffaney,VK Sharma,SP Narine,Kolkata Knight Riders,Sharjah,Sharjah Cricket Stadium,2021-10-11
1st innings,Royal Challengers Bangalore,Kolkata Knight Riders,18.6,DT Christian,Shahbaz Ahmed,LH Ferguson,0,0,0,,Shahbaz Ahmed,caught,Shivam Mavi,RCB vs KKR 2021-10-11,CB Gaffaney,VK Sharma,SP Narine,Kolkata Knight Riders,Sharjah,Sharjah Cricket Stadium,2021-10-11
1st innings,Royal Challengers Bangalore,Kolkata Knight Riders,19.1,DT Christian,HV Patel,Shivam Mavi,0,1,1,,,,,RCB vs KKR 2021-10-11,CB Gaffaney,VK Sharma,SP Narine,Kolkata Knight Riders,Sharjah,Sharjah Cricket Stadium,2021-10-11
1st innings,Royal Challengers Bangalore,Kolkata Knight Riders,19.2,HV Patel,DT Christian,Shivam Mavi,1,1,2,noballs,,,,RCB vs KKR 2021-10-11,CB Gaffaney,VK Sharma,SP Narine,Kolkata Knight Riders,Sharjah,Sharjah Cricket Stadium,2021-10-11
1st innings,Royal Challengers Bangalore,Kolkata Knight Riders,19.3,DT Christian,HV Patel,Shivam Mavi,0,4,4,,,,,RCB vs KKR 2021-10-11,CB Gaffaney,VK Sharma,SP Narine,Kolkata Knight Riders,Sharjah,Sharjah Cricket Stadium,2021-10-11
1st innings,Royal Challengers Bangalore,Kolkata Knight Riders,19.4,DT Christian,HV Patel,Shivam Mavi,0,0,0,,,,,RCB vs KKR 2021-10-11,CB Gaffaney,VK Sharma,SP Narine,Kolkata Knight Riders,Sharjah,Sharjah Cricket Stadium,2021-10-11
1st innings,Royal Challengers Bangalore,Kolkata Knight Riders,19.5,DT Christian,HV Patel,Shivam Mavi,0,1,1,,DT Christian,run out,,RCB vs KKR 2021-10-11,CB Gaffaney,VK Sharma,SP Narine,Kolkata Knight Riders,Sharjah,Sharjah Cricket Stadium,2021-10-11
1st innings,Royal Challengers Bangalore,Kolkata Knight Riders,19.6,GHS Garton,HV Patel,Shivam Mavi,1,0,1,wides,,,,RCB vs KKR 2021-10-11,CB Gaffaney,VK Sharma,SP Narine,Kolkata Knight Riders,Sharjah,Sharjah Cricket Stadium,2021-10-11
1st innings,Royal Challengers Bangalore,Kolkata Knight Riders,19.7,GHS Garton,HV Patel,Shivam Mavi,0,2,2,,,,,RCB vs KKR 2021-10-11,CB Gaffaney,VK Sharma,SP Narine,Kolkata Knight Riders,Sharjah,Sharjah Cricket Stadium,2021-10-11
1st innings,Royal Challengers Bangalore,Kolkata Knight Riders,19.8,GHS Garton,HV Patel,Shivam Mavi,1,0,1,byes,,,,RCB vs KKR 2021-10-11,CB Gaffaney,VK Sharma,SP Narine,Kolkata Knight Riders,Sharjah,Sharjah Cricket Stadium,2021-10-11
2nd innings,Kolkata Knight Riders,Royal Challengers Bangalore,0.1,VR Iyer,Shubman Gill,Mohammed Siraj,0,1,1,,,,,RCB vs KKR 2021-10-11,CB Gaffaney,VK Sharma,SP Narine,Kolkata Knight Riders,Sharjah,Sharjah Cricket Stadium,2021-10-11
2nd innings,Kolkata Knight Riders,Royal Challengers Bangalore,0.2,Shubman Gill,VR Iyer,Mohammed Siraj,0,1,1,,,,,RCB vs KKR 2021-10-11,CB Gaffaney,VK Sharma,SP Narine,Kolkata Knight Riders,Sharjah,Sharjah Cricket Stadium,2021-10-11
2nd innings,Kolkata Knight Riders,Royal Challengers Bangalore,0.3,VR Iyer,Shubman Gill,Mohammed Siraj,0,4,4,,,,,RCB vs KKR 2021-10-11,CB Gaffaney,VK Sharma,SP Narine,Kolkata Knight Riders,Sharjah,Sharjah Cricket Stadium,2021-10-11
2nd innings,Kolkata Knight Riders,Royal Challengers Bangalore,0.4,VR Iyer,Shubman Gill,Mohammed Siraj,0,0,0,,,,,RCB vs KKR 2021-10-11,CB Gaffaney,VK Sharma,SP Narine,Kolkata Knight Riders,Sharjah,Sharjah Cricket Stadium,2021-10-11
2nd innings,Kolkata Knight Riders,Royal Challengers Bangalore,0.5,VR Iyer,Shubman Gill,Mohammed Siraj,0,1,1,,,,,RCB vs KKR 2021-10-11,CB Gaffaney,VK Sharma,SP Narine,Kolkata Knight Riders,Sharjah,Sharjah Cricket Stadium,2021-10-11
2nd innings,Kolkata Knight Riders,Royal Challengers Bangalore,0.6,Shubman Gill,VR Iyer,Mohammed Siraj,0,0,0,,,,,RCB vs KKR 2021-10-11,CB Gaffaney,VK Sharma,SP Narine,Kolkata Knight Riders,Sharjah,Sharjah Cricket Stadium,2021-10-11
2nd innings,Kolkata Knight Riders,Royal Challengers Bangalore,1.1,VR Iyer,Shubman Gill,GHS Garton,0,1,1,,,,,RCB vs KKR 2021-10-11,CB Gaffaney,VK Sharma,SP Narine,Kolkata Knight Riders,Sharjah,Sharjah Cricket Stadium,2021-10-11
2nd innings,Kolkata Knight Riders,Royal Challengers Bangalore,1.2,Shubman Gill,VR Iyer,GHS Garton,0,1,1,,,,,RCB vs KKR 2021-10-11,CB Gaffaney,VK Sharma,SP Narine,Kolkata Knight Riders,Sharjah,Sharjah Cricket Stadium,2021-10-11
2nd innings,Kolkata Knight Riders,Royal Challengers Bangalore,1.3,VR Iyer,Shubman Gill,GHS Garton,0,1,1,,,,,RCB vs KKR 2021-10-11,CB Gaffaney,VK Sharma,SP Narine,Kolkata Knight Riders,Sharjah,Sharjah Cricket Stadium,2021-10-11
2nd innings,Kolkata Knight Riders,Royal Challengers Bangalore,1.4,Shubman Gill,VR Iyer,GHS Garton,0,0,0,,,,,RCB vs KKR 2021-10-11,CB Gaffaney,VK Sharma,SP Narine,Kolkata Knight Riders,Sharjah,Sharjah Cricket Stadium,2021-10-11
2nd innings,Kolkata Knight Riders,Royal Challengers Bangalore,1.5,Shubman Gill,VR Iyer,GHS Garton,0,0,0,,,,,RCB vs KKR 2021-10-11,CB Gaffaney,VK Sharma,SP Narine,Kolkata Knight Riders,Sharjah,Sharjah Cricket Stadium,2021-10-11
2nd innings,Kolkata Knight Riders,Royal Challengers Bangalore,1.6,Shubman Gill,VR Iyer,GHS Garton,0,6,6,,,,,RCB vs KKR 2021-10-11,CB Gaffaney,VK Sharma,SP Narine,Kolkata Knight Riders,Sharjah,Sharjah Cricket Stadium,2021-10-11
2nd innings,Kolkata Knight Riders,Royal Challengers Bangalore,2.1,VR Iyer,Shubman Gill,Mohammed Siraj,0,0,0,,,,,RCB vs KKR 2021-10-11,CB Gaffaney,VK Sharma,SP Narine,Kolkata Knight Riders,Sharjah,Sharjah Cricket Stadium,2021-10-11
2nd innings,Kolkata Knight Riders,Royal Challengers Bangalore,2.2,VR Iyer,Shubman Gill,Mohammed Siraj,0,1,1,,,,,RCB vs KKR 2021-10-11,CB Gaffaney,VK Sharma,SP Narine,Kolkata Knight Riders,Sharjah,Sharjah Cricket Stadium,2021-10-11
2nd innings,Kolkata Knight Riders,Royal Challengers Bangalore,2.3,Shubman Gill,VR Iyer,Mohammed Siraj,0,1,1,,,,,RCB vs KKR 2021-10-11,CB Gaffaney,VK Sharma,SP Narine,Kolkata Knight Riders,Sharjah,Sharjah Cricket Stadium,2021-10-11
2nd innings,Kolkata Knight Riders,Royal Challengers Bangalore,2.4,VR Iyer,Shubman Gill,Mohammed Siraj,0,1,1,,,,,RCB vs KKR 2021-10-11,CB Gaffaney,VK Sharma,SP Narine,Kolkata Knight Riders,Sharjah,Sharjah Cricket Stadium,2021-10-11
2nd innings,Kolkata Knight Riders,Royal Challengers Bangalore,2.5,Shubman Gill,VR Iyer,Mohammed Siraj,0,0,0,,,,,RCB vs KKR 2021-10-11,CB Gaffaney,VK Sharma,SP Narine,Kolkata Knight Riders,Sharjah,Sharjah Cricket Stadium,2021-10-11
2nd innings,Kolkata Knight Riders,Royal Challengers Bangalore,2.6,Shubman Gill,VR Iyer,Mohammed Siraj,0,0,0,,,,,RCB vs KKR 2021-10-11,CB Gaffaney,VK Sharma,SP Narine,Kolkata Knight Riders,Sharjah,Sharjah Cricket Stadium,2021-10-11
2nd innings,Kolkata Knight Riders,Royal Challengers Bangalore,3.1,VR Iyer,Shubman Gill,GHS Garton,0,4,4,,,,,RCB vs KKR 2021-10-11,CB Gaffaney,VK Sharma,SP Narine,Kolkata Knight Riders,Sharjah,Sharjah Cricket Stadium,2021-10-11
2nd innings,Kolkata Knight Riders,Royal Challengers Bangalore,3.2,VR Iyer,Shubman Gill,GHS Garton,0,4,4,,,,,RCB vs KKR 2021-10-11,CB Gaffaney,VK Sharma,SP Narine,Kolkata Knight Riders,Sharjah,Sharjah Cricket Stadium,2021-10-11
2nd innings,Kolkata Knight Riders,Royal Challengers Bangalore,3.3,VR Iyer,Shubman Gill,GHS Garton,0,4,4,,,,,RCB vs KKR 2021-10-11,CB Gaffaney,VK Sharma,SP Narine,Kolkata Knight Riders,Sharjah,Sharjah Cricket Stadium,2021-10-11
2nd innings,Kolkata Knight Riders,Royal Challengers Bangalore,3.4,VR Iyer,Shubman Gill,GHS Garton,0,1,1,,,,,RCB vs KKR 2021-10-11,CB Gaffaney,VK Sharma,SP Narine,Kolkata Knight Riders,Sharjah,Sharjah Cricket Stadium,2021-10-11
2nd innings,Kolkata Knight Riders,Royal Challengers Bangalore,3.5,Shubman Gill,VR Iyer,GHS Garton,0,1,1,,,,,RCB vs KKR 2021-10-11,CB Gaffaney,VK Sharma,SP Narine,Kolkata Knight Riders,Sharjah,Sharjah Cricket Stadium,2021-10-11
2nd innings,Kolkata Knight Riders,Royal Challengers Bangalore,3.6,VR Iyer,Shubman Gill,GHS Garton,0,1,1,,,,,RCB vs KKR 2021-10-11,CB Gaffaney,VK Sharma,SP Narine,Kolkata Knight Riders,Sharjah,Sharjah Cricket Stadium,2021-10-11
2nd innings,Kolkata Knight Riders,Royal Challengers Bangalore,4.1,VR Iyer,Shubman Gill,Mohammed Siraj,0,2,2,,,,,RCB vs KKR 2021-10-11,CB Gaffaney,VK Sharma,SP Narine,Kolkata Knight Riders,Sharjah,Sharjah Cricket Stadium,2021-10-11
2nd innings,Kolkata Knight Riders,Royal Challengers Bangalore,4.2,VR Iyer,Shubman Gill,Mohammed Siraj,0,1,1,,,,,RCB vs KKR 2021-10-11,CB Gaffaney,VK Sharma,SP Narine,Kolkata Knight Riders,Sharjah,Sharjah Cricket Stadium,2021-10-11
2nd innings,Kolkata Knight Riders,Royal Challengers Bangalore,4.3,Shubman Gill,VR Iyer,Mohammed Siraj,0,0,0,,,,,RCB vs KKR 2021-10-11,CB Gaffaney,VK Sharma,SP Narine,Kolkata Knight Riders,Sharjah,Sharjah Cricket Stadium,2021-10-11
2nd innings,Kolkata Knight Riders,Royal Challengers Bangalore,4.4,Shubman Gill,VR Iyer,Mohammed Siraj,0,0,0,,,,,RCB vs KKR 2021-10-11,CB Gaffaney,VK Sharma,SP Narine,Kolkata Knight Riders,Sharjah,Sharjah Cricket Stadium,2021-10-11
2nd innings,Kolkata Knight Riders,Royal Challengers Bangalore,4.5,Shubman Gill,VR Iyer,Mohammed Siraj,0,1,1,,,,,RCB vs KKR 2021-10-11,CB Gaffaney,VK Sharma,SP Narine,Kolkata Knight Riders,Sharjah,Sharjah Cricket Stadium,2021-10-11
2nd innings,Kolkata Knight Riders,Royal Challengers Bangalore,4.6,VR Iyer,Shubman Gill,Mohammed Siraj,0,2,2,,,,,RCB vs KKR 2021-10-11,CB Gaffaney,VK Sharma,SP Narine,Kolkata Knight Riders,Sharjah,Sharjah Cricket Stadium,2021-10-11
2nd innings,Kolkata Knight Riders,Royal Challengers Bangalore,5.1,Shubman Gill,VR Iyer,HV Patel,0,1,1,,,,,RCB vs KKR 2021-10-11,CB Gaffaney,VK Sharma,SP Narine,Kolkata Knight Riders,Sharjah,Sharjah Cricket Stadium,2021-10-11
2nd innings,Kolkata Knight Riders,Royal Challengers Bangalore,5.2,VR Iyer,Shubman Gill,HV Patel,0,0,0,,Shubman Gill,caught,AB de Villiers,RCB vs KKR 2021-10-11,CB Gaffaney,VK Sharma,SP Narine,Kolkata Knight Riders,Sharjah,Sharjah Cricket Stadium,2021-10-11
2nd innings,Kolkata Knight Riders,Royal Challengers Bangalore,5.3,RA Tripathi,VR Iyer,HV Patel,0,2,2,,,,,RCB vs KKR 2021-10-11,CB Gaffaney,VK Sharma,SP Narine,Kolkata Knight Riders,Sharjah,Sharjah Cricket Stadium,2021-10-11
2nd innings,Kolkata Knight Riders,Royal Challengers Bangalore,5.4,RA Tripathi,VR Iyer,HV Patel,0,1,1,,,,,RCB vs KKR 2021-10-11,CB Gaffaney,VK Sharma,SP Narine,Kolkata Knight Riders,Sharjah,Sharjah Cricket Stadium,2021-10-11
2nd innings,Kolkata Knight Riders,Royal Challengers Bangalore,5.5,VR Iyer,RA Tripathi,HV Patel,0,0,0,,,,,RCB vs KKR 2021-10-11,CB Gaffaney,VK Sharma,SP Narine,Kolkata Knight Riders,Sharjah,Sharjah Cricket Stadium,2021-10-11
2nd innings,Kolkata Knight Riders,Royal Challengers Bangalore,5.6,VR Iyer,RA Tripathi,HV Patel,0,4,4,,,,,RCB vs KKR 2021-10-11,CB Gaffaney,VK Sharma,SP Narine,Kolkata Knight Riders,Sharjah,Sharjah Cricket Stadium,2021-10-11
2nd innings,Kolkata Knight Riders,Royal Challengers Bangalore,6.1,RA Tripathi,VR Iyer,YS Chahal,0,1,1,,,,,RCB vs KKR 2021-10-11,CB Gaffaney,VK Sharma,SP Narine,Kolkata Knight Riders,Sharjah,Sharjah Cricket Stadium,2021-10-11
2nd innings,Kolkata Knight Riders,Royal Challengers Bangalore,6.2,VR Iyer,RA Tripathi,YS Chahal,0,1,1,,,,,RCB vs KKR 2021-10-11,CB Gaffaney,VK Sharma,SP Narine,Kolkata Knight Riders,Sharjah,Sharjah Cricket Stadium,2021-10-11
2nd innings,Kolkata Knight Riders,Royal Challengers Bangalore,6.3,RA Tripathi,VR Iyer,YS Chahal,0,1,1,,,,,RCB vs KKR 2021-10-11,CB Gaffaney,VK Sharma,SP Narine,Kolkata Knight Riders,Sharjah,Sharjah Cricket Stadium,2021-10-11
2nd innings,Kolkata Knight Riders,Royal Challengers Bangalore,6.4,VR Iyer,RA Tripathi,YS Chahal,0,1,1,,,,,RCB vs KKR 2021-10-11,CB Gaffaney,VK Sharma,SP Narine,Kolkata Knight Riders,Sharjah,Sharjah Cricket Stadium,2021-10-11
2nd innings,Kolkata Knight Riders,Royal Challengers Bangalore,6.5,RA Tripathi,VR Iyer,YS Chahal,0,1,1,,,,,RCB vs KKR 2021-10-11,CB Gaffaney,VK Sharma,SP Narine,Kolkata Knight Riders,Sharjah,Sharjah Cricket Stadium,2021-10-11
2nd innings,Kolkata Knight Riders,Royal Challengers Bangalore,6.6,VR Iyer,RA Tripathi,YS Chahal,0,0,0,,RA Tripathi,lbw,,RCB vs KKR 2021-10-11,CB Gaffaney,VK Sharma,SP Narine,Kolkata Knight Riders,Sharjah,Sharjah Cricket Stadium,2021-10-11
2nd innings,Kolkata Knight Riders,Royal Challengers Bangalore,7.1,N Rana,VR Iyer,GJ Maxwell,0,1,1,,,,,RCB vs KKR 2021-10-11,CB Gaffaney,VK Sharma,SP Narine,Kolkata Knight Riders,Sharjah,Sharjah Cricket Stadium,2021-10-11
2nd innings,Kolkata Knight Riders,Royal Challengers Bangalore,7.2,VR Iyer,N Rana,GJ Maxwell,0,0,0,,,,,RCB vs KKR 2021-10-11,CB Gaffaney,VK Sharma,SP Narine,Kolkata Knight Riders,Sharjah,Sharjah Cricket Stadium,2021-10-11
2nd innings,Kolkata Knight Riders,Royal Challengers Bangalore,7.3,VR Iyer,N Rana,GJ Maxwell,0,1,1,,,,,RCB vs KKR 2021-10-11,CB Gaffaney,VK Sharma,SP Narine,Kolkata Knight Riders,Sharjah,Sharjah Cricket Stadium,2021-10-11
2nd innings,Kolkata Knight Riders,Royal Challengers Bangalore,7.4,N Rana,VR Iyer,GJ Maxwell,0,0,0,,,,,RCB vs KKR 2021-10-11,CB Gaffaney,VK Sharma,SP Narine,Kolkata Knight Riders,Sharjah,Sharjah Cricket Stadium,2021-10-11
2nd innings,Kolkata Knight Riders,Royal Challengers Bangalore,7.5,N Rana,VR Iyer,GJ Maxwell,0,1,1,,,,,RCB vs KKR 2021-10-11,CB Gaffaney,VK Sharma,SP Narine,Kolkata Knight Riders,Sharjah,Sharjah Cricket Stadium,2021-10-11
2nd innings,Kolkata Knight Riders,Royal Challengers Bangalore,7.6,VR Iyer,N Rana,GJ Maxwell,0,1,1,,,,,RCB vs KKR 2021-10-11,CB Gaffaney,VK Sharma,SP Narine,Kolkata Knight Riders,Sharjah,Sharjah Cricket Stadium,2021-10-11
2nd innings,Kolkata Knight Riders,Royal Challengers Bangalore,8.1,VR Iyer,N Rana,YS Chahal,0,1,1,,,,,RCB vs KKR 2021-10-11,CB Gaffaney,VK Sharma,SP Narine,Kolkata Knight Riders,Sharjah,Sharjah Cricket Stadium,2021-10-11
2nd innings,Kolkata Knight Riders,Royal Challengers Bangalore,8.2,N Rana,VR Iyer,YS Chahal,0,1,1,,,,,RCB vs KKR 2021-10-11,CB Gaffaney,VK Sharma,SP Narine,Kolkata Knight Riders,Sharjah,Sharjah Cricket Stadium,2021-10-11
2nd innings,Kolkata Knight Riders,Royal Challengers Bangalore,8.3,VR Iyer,N Rana,YS Chahal,0,1,1,,,,,RCB vs KKR 2021-10-11,CB Gaffaney,VK Sharma,SP Narine,Kolkata Knight Riders,Sharjah,Sharjah Cricket Stadium,2021-10-11
2nd innings,Kolkata Knight Riders,Royal Challengers Bangalore,8.4,N Rana,VR Iyer,YS Chahal,0,1,1,,,,,RCB vs KKR 2021-10-11,CB Gaffaney,VK Sharma,SP Narine,Kolkata Knight Riders,Sharjah,Sharjah Cricket Stadium,2021-10-11
2nd innings,Kolkata Knight Riders,Royal Challengers Bangalore,8.5,VR Iyer,N Rana,YS Chahal,0,0,0,,,,,RCB vs KKR 2021-10-11,CB Gaffaney,VK Sharma,SP Narine,Kolkata Knight Riders,Sharjah,Sharjah Cricket Stadium,2021-10-11
2nd innings,Kolkata Knight Riders,Royal Challengers Bangalore,8.6,VR Iyer,N Rana,YS Chahal,0,0,0,,,,,RCB vs KKR 2021-10-11,CB Gaffaney,VK Sharma,SP Narine,Kolkata Knight Riders,Sharjah,Sharjah Cricket Stadium,2021-10-11
2nd innings,Kolkata Knight Riders,Royal Challengers Bangalore,9.1,N Rana,VR Iyer,GJ Maxwell,0,1,1,,,,,RCB vs KKR 2021-10-11,CB Gaffaney,VK Sharma,SP Narine,Kolkata Knight Riders,Sharjah,Sharjah Cricket Stadium,2021-10-11
2nd innings,Kolkata Knight Riders,Royal Challengers Bangalore,9.2,VR Iyer,N Rana,GJ Maxwell,0,6,6,,,,,RCB vs KKR 2021-10-11,CB Gaffaney,VK Sharma,SP Narine,Kolkata Knight Riders,Sharjah,Sharjah Cricket Stadium,2021-10-11
2nd innings,Kolkata Knight Riders,Royal Challengers Bangalore,9.3,VR Iyer,N Rana,GJ Maxwell,0,1,1,,,,,RCB vs KKR 2021-10-11,CB Gaffaney,VK Sharma,SP Narine,Kolkata Knight Riders,Sharjah,Sharjah Cricket Stadium,2021-10-11
2nd innings,Kolkata Knight Riders,Royal Challengers Bangalore,9.4,N Rana,VR Iyer,GJ Maxwell,0,1,1,,,,,RCB vs KKR 2021-10-11,CB Gaffaney,VK Sharma,SP Narine,Kolkata Knight Riders,Sharjah,Sharjah Cricket Stadium,2021-10-11
2nd innings,Kolkata Knight Riders,Royal Challengers Bangalore,9.5,VR Iyer,N Rana,GJ Maxwell,0,0,0,,,,,RCB vs KKR 2021-10-11,CB Gaffaney,VK Sharma,SP Narine,Kolkata Knight Riders,Sharjah,Sharjah Cricket Stadium,2021-10-11
2nd innings,Kolkata Knight Riders,Royal Challengers Bangalore,9.6,VR Iyer,N Rana,GJ Maxwell,0,4,4,,,,,RCB vs KKR 2021-10-11,CB Gaffaney,VK Sharma,SP Narine,Kolkata Knight Riders,Sharjah,Sharjah Cricket Stadium,2021-10-11
2nd innings,Kolkata Knight Riders,Royal Challengers Bangalore,10.1,N Rana,VR Iyer,HV Patel,0,1,1,,,,,RCB vs KKR 2021-10-11,CB Gaffaney,VK Sharma,SP Narine,Kolkata Knight Riders,Sharjah,Sharjah Cricket Stadium,2021-10-11
2nd innings,Kolkata Knight Riders,Royal Challengers Bangalore,10.2,VR Iyer,N Rana,HV Patel,0,1,1,,,,,RCB vs KKR 2021-10-11,CB Gaffaney,VK Sharma,SP Narine,Kolkata Knight Riders,Sharjah,Sharjah Cricket Stadium,2021-10-11
2nd innings,Kolkata Knight Riders,Royal Challengers Bangalore,10.3,N Rana,VR Iyer,HV Patel,0,1,1,,,,,RCB vs KKR 2021-10-11,CB Gaffaney,VK Sharma,SP Narine,Kolkata Knight Riders,Sharjah,Sharjah Cricket Stadium,2021-10-11
2nd innings,Kolkata Knight Riders,Royal Challengers Bangalore,10.4,VR Iyer,N Rana,HV Patel,1,0,1,wides,,,,RCB vs KKR 2021-10-11,CB Gaffaney,VK Sharma,SP Narine,Kolkata Knight Riders,Sharjah,Sharjah Cricket Stadium,2021-10-11
2nd innings,Kolkata Knight Riders,Royal Challengers Bangalore,10.5,VR Iyer,N Rana,HV Patel,0,1,1,,,,,RCB vs KKR 2021-10-11,CB Gaffaney,VK Sharma,SP Narine,Kolkata Knight Riders,Sharjah,Sharjah Cricket Stadium,2021-10-11
2nd innings,Kolkata Knight Riders,Royal Challengers Bangalore,10.6,N Rana,VR Iyer,HV Patel,0,0,0,,,,,RCB vs KKR 2021-10-11,CB Gaffaney,VK Sharma,SP Narine,Kolkata Knight Riders,Sharjah,Sharjah Cricket Stadium,2021-10-11
2nd innings,Kolkata Knight Riders,Royal Challengers Bangalore,10.7,N Rana,VR Iyer,HV Patel,0,0,0,,VR Iyer,caught,KS Bharat,RCB vs KKR 2021-10-11,CB Gaffaney,VK Sharma,SP Narine,Kolkata Knight Riders,Sharjah,Sharjah Cricket Stadium,2021-10-11
2nd innings,Kolkata Knight Riders,Royal Challengers Bangalore,11.1,SP Narine,N Rana,DT Christian,0,0,0,,,,,RCB vs KKR 2021-10-11,CB Gaffaney,VK Sharma,SP Narine,Kolkata Knight Riders,Sharjah,Sharjah Cricket Stadium,2021-10-11
2nd innings,Kolkata Knight Riders,Royal Challengers Bangalore,11.2,SP Narine,N Rana,DT Christian,0,1,1,,,,,RCB vs KKR 2021-10-11,CB Gaffaney,VK Sharma,SP Narine,Kolkata Knight Riders,Sharjah,Sharjah Cricket Stadium,2021-10-11
2nd innings,Kolkata Knight Riders,Royal Challengers Bangalore,11.3,N Rana,SP Narine,DT Christian,0,6,6,,,,,RCB vs KKR 2021-10-11,CB Gaffaney,VK Sharma,SP Narine,Kolkata Knight Riders,Sharjah,Sharjah Cricket Stadium,2021-10-11
2nd innings,Kolkata Knight Riders,Royal Challengers Bangalore,11.4,N Rana,SP Narine,DT Christian,0,6,6,,,,,RCB vs KKR 2021-10-11,CB Gaffaney,VK Sharma,SP Narine,Kolkata Knight Riders,Sharjah,Sharjah Cricket Stadium,2021-10-11
2nd innings,Kolkata Knight Riders,Royal Challengers Bangalore,11.5,N Rana,SP Narine,DT Christian,1,0,1,wides,,,,RCB vs KKR 2021-10-11,CB Gaffaney,VK Sharma,SP Narine,Kolkata Knight Riders,Sharjah,Sharjah Cricket Stadium,2021-10-11
2nd innings,Kolkata Knight Riders,Royal Challengers Bangalore,11.6,N Rana,SP Narine,DT Christian,0,6,6,,,,,RCB vs KKR 2021-10-11,CB Gaffaney,VK Sharma,SP Narine,Kolkata Knight Riders,Sharjah,Sharjah Cricket Stadium,2021-10-11
2nd innings,Kolkata Knight Riders,Royal Challengers Bangalore,11.7,N Rana,SP Narine,DT Christian,1,0,1,wides,,,,RCB vs KKR 2021-10-11,CB Gaffaney,VK Sharma,SP Narine,Kolkata Knight Riders,Sharjah,Sharjah Cricket Stadium,2021-10-11
2nd innings,Kolkata Knight Riders,Royal Challengers Bangalore,11.8,N Rana,SP Narine,DT Christian,0,1,1,,,,,RCB vs KKR 2021-10-11,CB Gaffaney,VK Sharma,SP Narine,Kolkata Knight Riders,Sharjah,Sharjah Cricket Stadium,2021-10-11
2nd innings,Kolkata Knight Riders,Royal Challengers Bangalore,12.1,N Rana,SP Narine,YS Chahal,1,0,1,legbyes,,,,RCB vs KKR 2021-10-11,CB Gaffaney,VK Sharma,SP Narine,Kolkata Knight Riders,Sharjah,Sharjah Cricket Stadium,2021-10-11
2nd innings,Kolkata Knight Riders,Royal Challengers Bangalore,12.2,SP Narine,N Rana,YS Chahal,0,1,1,,,,,RCB vs KKR 2021-10-11,CB Gaffaney,VK Sharma,SP Narine,Kolkata Knight Riders,Sharjah,Sharjah Cricket Stadium,2021-10-11
2nd innings,Kolkata Knight Riders,Royal Challengers Bangalore,12.3,N Rana,SP Narine,YS Chahal,0,1,1,,,,,RCB vs KKR 2021-10-11,CB Gaffaney,VK Sharma,SP Narine,Kolkata Knight Riders,Sharjah,Sharjah Cricket Stadium,2021-10-11
2nd innings,Kolkata Knight Riders,Royal Challengers Bangalore,12.4,SP Narine,N Rana,YS Chahal,0,1,1,,,,,RCB vs KKR 2021-10-11,CB Gaffaney,VK Sharma,SP Narine,Kolkata Knight Riders,Sharjah,Sharjah Cricket Stadium,2021-10-11
2nd innings,Kolkata Knight Riders,Royal Challengers Bangalore,12.5,N Rana,SP Narine,YS Chahal,0,1,1,,,,,RCB vs KKR 2021-10-11,CB Gaffaney,VK Sharma,SP Narine,Kolkata Knight Riders,Sharjah,Sharjah Cricket Stadium,2021-10-11
2nd innings,Kolkata Knight Riders,Royal Challengers Bangalore,12.6,SP Narine,N Rana,YS Chahal,0,1,1,,,,,RCB vs KKR 2021-10-11,CB Gaffaney,VK Sharma,SP Narine,Kolkata Knight Riders,Sharjah,Sharjah Cricket Stadium,2021-10-11
2nd innings,Kolkata Knight Riders,Royal Challengers Bangalore,13.1,SP Narine,N Rana,HV Patel,0,0,0,,,,,RCB vs KKR 2021-10-11,CB Gaffaney,VK Sharma,SP Narine,Kolkata Knight Riders,Sharjah,Sharjah Cricket Stadium,2021-10-11
2nd innings,Kolkata Knight Riders,Royal Challengers Bangalore,13.2,SP Narine,N Rana,HV Patel,0,0,0,,,,,RCB vs KKR 2021-10-11,CB Gaffaney,VK Sharma,SP Narine,Kolkata Knight Riders,Sharjah,Sharjah Cricket Stadium,2021-10-11
2nd innings,Kolkata Knight Riders,Royal Challengers Bangalore,13.3,SP Narine,N Rana,HV Patel,0,1,1,,,,,RCB vs KKR 2021-10-11,CB Gaffaney,VK Sharma,SP Narine,Kolkata Knight Riders,Sharjah,Sharjah Cricket Stadium,2021-10-11
2nd innings,Kolkata Knight Riders,Royal Challengers Bangalore,13.4,N Rana,SP Narine,HV Patel,0,1,1,,,,,RCB vs KKR 2021-10-11,CB Gaffaney,VK Sharma,SP Narine,Kolkata Knight Riders,Sharjah,Sharjah Cricket Stadium,2021-10-11
2nd innings,Kolkata Knight Riders,Royal Challengers Bangalore,13.5,SP Narine,N Rana,HV Patel,0,0,0,,,,,RCB vs KKR 2021-10-11,CB Gaffaney,VK Sharma,SP Narine,Kolkata Knight Riders,Sharjah,Sharjah Cricket Stadium,2021-10-11
2nd innings,Kolkata Knight Riders,Royal Challengers Bangalore,13.6,SP Narine,N Rana,HV Patel,0,1,1,,,,,RCB vs KKR 2021-10-11,CB Gaffaney,VK Sharma,SP Narine,Kolkata Knight Riders,Sharjah,Sharjah Cricket Stadium,2021-10-11
2nd innings,Kolkata Knight Riders,Royal Challengers Bangalore,14.1,SP Narine,N Rana,YS Chahal,0,0,0,,,,,RCB vs KKR 2021-10-11,CB Gaffaney,VK Sharma,SP Narine,Kolkata Knight Riders,Sharjah,Sharjah Cricket Stadium,2021-10-11
2nd innings,Kolkata Knight Riders,Royal Challengers Bangalore,14.2,SP Narine,N Rana,YS Chahal,0,0,0,,N Rana,caught,AB de Villiers,RCB vs KKR 2021-10-11,CB Gaffaney,VK Sharma,SP Narine,Kolkata Knight Riders,Sharjah,Sharjah Cricket Stadium,2021-10-11
2nd innings,Kolkata Knight Riders,Royal Challengers Bangalore,14.3,KD Karthik,SP Narine,YS Chahal,0,1,1,,,,,RCB vs KKR 2021-10-11,CB Gaffaney,VK Sharma,SP Narine,Kolkata Knight Riders,Sharjah,Sharjah Cricket Stadium,2021-10-11
2nd innings,Kolkata Knight Riders,Royal Challengers Bangalore,14.4,SP Narine,KD Karthik,YS Chahal,0,0,0,,,,,RCB vs KKR 2021-10-11,CB Gaffaney,VK Sharma,SP Narine,Kolkata Knight Riders,Sharjah,Sharjah Cricket Stadium,2021-10-11
2nd innings,Kolkata Knight Riders,Royal Challengers Bangalore,14.5,SP Narine,KD Karthik,YS Chahal,0,0,0,,,,,RCB vs KKR 2021-10-11,CB Gaffaney,VK Sharma,SP Narine,Kolkata Knight Riders,Sharjah,Sharjah Cricket Stadium,2021-10-11
2nd innings,Kolkata Knight Riders,Royal Challengers Bangalore,14.6,SP Narine,KD Karthik,YS Chahal,0,1,1,,,,,RCB vs KKR 2021-10-11,CB Gaffaney,VK Sharma,SP Narine,Kolkata Knight Riders,Sharjah,Sharjah Cricket Stadium,2021-10-11
2nd innings,Kolkata Knight Riders,Royal Challengers Bangalore,15.1,SP Narine,KD Karthik,GJ Maxwell,0,4,4,,,,,RCB vs KKR 2021-10-11,CB Gaffaney,VK Sharma,SP Narine,Kolkata Knight Riders,Sharjah,Sharjah Cricket Stadium,2021-10-11
2nd innings,Kolkata Knight Riders,Royal Challengers Bangalore,15.2,SP Narine,KD Karthik,GJ Maxwell,0,0,0,,,,,RCB vs KKR 2021-10-11,CB Gaffaney,VK Sharma,SP Narine,Kolkata Knight Riders,Sharjah,Sharjah Cricket Stadium,2021-10-11
2nd innings,Kolkata Knight Riders,Royal Challengers Bangalore,15.3,SP Narine,KD Karthik,GJ Maxwell,0,1,1,,,,,RCB vs KKR 2021-10-11,CB Gaffaney,VK Sharma,SP Narine,Kolkata Knight Riders,Sharjah,Sharjah Cricket Stadium,2021-10-11
2nd innings,Kolkata Knight Riders,Royal Challengers Bangalore,15.4,KD Karthik,SP Narine,GJ Maxwell,0,1,1,,,,,RCB vs KKR 2021-10-11,CB Gaffaney,VK Sharma,SP Narine,Kolkata Knight Riders,Sharjah,Sharjah Cricket Stadium,2021-10-11
2nd innings,Kolkata Knight Riders,Royal Challengers Bangalore,15.5,SP Narine,KD Karthik,GJ Maxwell,0,1,1,,,,,RCB vs KKR 2021-10-11,CB Gaffaney,VK Sharma,SP Narine,Kolkata Knight Riders,Sharjah,Sharjah Cricket Stadium,2021-10-11
2nd innings,Kolkata Knight Riders,Royal Challengers Bangalore,15.6,KD Karthik,SP Narine,GJ Maxwell,0,1,1,,,,,RCB vs KKR 2021-10-11,CB Gaffaney,VK Sharma,SP Narine,Kolkata Knight Riders,Sharjah,Sharjah Cricket Stadium,2021-10-11
2nd innings,Kolkata Knight Riders,Royal Challengers Bangalore,16.1,KD Karthik,SP Narine,HV Patel,0,1,1,,,,,RCB vs KKR 2021-10-11,CB Gaffaney,VK Sharma,SP Narine,Kolkata Knight Riders,Sharjah,Sharjah Cricket Stadium,2021-10-11
2nd innings,Kolkata Knight Riders,Royal Challengers Bangalore,16.2,SP Narine,KD Karthik,HV Patel,0,1,1,,,,,RCB vs KKR 2021-10-11,CB Gaffaney,VK Sharma,SP Narine,Kolkata Knight Riders,Sharjah,Sharjah Cricket Stadium,2021-10-11
2nd innings,Kolkata Knight Riders,Royal Challengers Bangalore,16.3,KD Karthik,SP Narine,HV Patel,0,0,0,,,,,RCB vs KKR 2021-10-11,CB Gaffaney,VK Sharma,SP Narine,Kolkata Knight Riders,Sharjah,Sharjah Cricket Stadium,2021-10-11
2nd innings,Kolkata Knight Riders,Royal Challengers Bangalore,16.4,KD Karthik,SP Narine,HV Patel,1,0,1,legbyes,,,,RCB vs KKR 2021-10-11,CB Gaffaney,VK Sharma,SP Narine,Kolkata Knight Riders,Sharjah,Sharjah Cricket Stadium,2021-10-11
2nd innings,Kolkata Knight Riders,Royal Challengers Bangalore,16.5,SP Narine,KD Karthik,HV Patel,0,0,0,,,,,RCB vs KKR 2021-10-11,CB Gaffaney,VK Sharma,SP Narine,Kolkata Knight Riders,Sharjah,Sharjah Cricket Stadium,2021-10-11
2nd innings,Kolkata Knight Riders,Royal Challengers Bangalore,16.6,SP Narine,KD Karthik,HV Patel,0,1,1,,,,,RCB vs KKR 2021-10-11,CB Gaffaney,VK Sharma,SP Narine,Kolkata Knight Riders,Sharjah,Sharjah Cricket Stadium,2021-10-11
2nd innings,Kolkata Knight Riders,Royal Challengers Bangalore,17.1,SP Narine,KD Karthik,Mohammed Siraj,0,1,1,,,,,RCB vs KKR 2021-10-11,CB Gaffaney,VK Sharma,SP Narine,Kolkata Knight Riders,Sharjah,Sharjah Cricket Stadium,2021-10-11
2nd innings,Kolkata Knight Riders,Royal Challengers Bangalore,17.2,KD Karthik,SP Narine,Mohammed Siraj,0,0,0,,SP Narine,bowled,,RCB vs KKR 2021-10-11,CB Gaffaney,VK Sharma,SP Narine,Kolkata Knight Riders,Sharjah,Sharjah Cricket Stadium,2021-10-11
2nd innings,Kolkata Knight Riders,Royal Challengers Bangalore,17.3,KD Karthik,EJG Morgan,Mohammed Siraj,0,1,1,,,,,RCB vs KKR 2021-10-11,CB Gaffaney,VK Sharma,SP Narine,Kolkata Knight Riders,Sharjah,Sharjah Cricket Stadium,2021-10-11
2nd innings,Kolkata Knight Riders,Royal Challengers Bangalore,17.4,EJG Morgan,KD Karthik,Mohammed Siraj,0,0,0,,KD Karthik,caught,KS Bharat,RCB vs KKR 2021-10-11,CB Gaffaney,VK Sharma,SP Narine,Kolkata Knight Riders,Sharjah,Sharjah Cricket Stadium,2021-10-11
2nd innings,Kolkata Knight Riders,Royal Challengers Bangalore,17.5,EJG Morgan,Shakib Al Hasan,Mohammed Siraj,0,1,1,,,,,RCB vs KKR 2021-10-11,CB Gaffaney,VK Sharma,SP Narine,Kolkata Knight Riders,Sharjah,Sharjah Cricket Stadium,2021-10-11
2nd innings,Kolkata Knight Riders,Royal Challengers Bangalore,17.6,Shakib Al Hasan,EJG Morgan,Mohammed Siraj,0,0,0,,,,,RCB vs KKR 2021-10-11,CB Gaffaney,VK Sharma,SP Narine,Kolkata Knight Riders,Sharjah,Sharjah Cricket Stadium,2021-10-11
2nd innings,Kolkata Knight Riders,Royal Challengers Bangalore,18.1,EJG Morgan,Shakib Al Hasan,GHS Garton,0,1,1,,,,,RCB vs KKR 2021-10-11,CB Gaffaney,VK Sharma,SP Narine,Kolkata Knight Riders,Sharjah,Sharjah Cricket Stadium,2021-10-11
2nd innings,Kolkata Knight Riders,Royal Challengers Bangalore,18.2,Shakib Al Hasan,EJG Morgan,GHS Garton,0,2,2,,,,,RCB vs KKR 2021-10-11,CB Gaffaney,VK Sharma,SP Narine,Kolkata Knight Riders,Sharjah,Sharjah Cricket Stadium,2021-10-11
2nd innings,Kolkata Knight Riders,Royal Challengers Bangalore,18.3,Shakib Al Hasan,EJG Morgan,GHS Garton,0,0,0,,,,,RCB vs KKR 2021-10-11,CB Gaffaney,VK Sharma,SP Narine,Kolkata Knight Riders,Sharjah,Sharjah Cricket Stadium,2021-10-11
2nd innings,Kolkata Knight Riders,Royal Challengers Bangalore,18.4,Shakib Al Hasan,EJG Morgan,GHS Garton,0,1,1,,,,,RCB vs KKR 2021-10-11,CB Gaffaney,VK Sharma,SP Narine,Kolkata Knight Riders,Sharjah,Sharjah Cricket Stadium,2021-10-11
2nd innings,Kolkata Knight Riders,Royal Challengers Bangalore,18.5,EJG Morgan,Shakib Al Hasan,GHS Garton,0,1,1,,,,,RCB vs KKR 2021-10-11,CB Gaffaney,VK Sharma,SP Narine,Kolkata Knight Riders,Sharjah,Sharjah Cricket Stadium,2021-10-11
2nd innings,Kolkata Knight Riders,Royal Challengers Bangalore,18.6,Shakib Al Hasan,EJG Morgan,GHS Garton,0,0,0,,,,,RCB vs KKR 2021-10-11,CB Gaffaney,VK Sharma,SP Narine,Kolkata Knight Riders,Sharjah,Sharjah Cricket Stadium,2021-10-11
2nd innings,Kolkata Knight Riders,Royal Challengers Bangalore,19.1,EJG Morgan,Shakib Al Hasan,DT Christian,0,4,4,,,,,RCB vs KKR 2021-10-11,CB Gaffaney,VK Sharma,SP Narine,Kolkata Knight Riders,Sharjah,Sharjah Cricket Stadium,2021-10-11
2nd innings,Kolkata Knight Riders,Royal Challengers Bangalore,19.2,EJG Morgan,Shakib Al Hasan,DT Christian,0,1,1,,,,,RCB vs KKR 2021-10-11,CB Gaffaney,VK Sharma,SP Narine,Kolkata Knight Riders,Sharjah,Sharjah Cricket Stadium,2021-10-11
2nd innings,Kolkata Knight Riders,Royal Challengers Bangalore,19.3,Shakib Al Hasan,EJG Morgan,DT Christian,0,1,1,,,,,RCB vs KKR 2021-10-11,CB Gaffaney,VK Sharma,SP Narine,Kolkata Knight Riders,Sharjah,Sharjah Cricket Stadium,2021-10-11
2nd innings,Kolkata Knight Riders,Royal Challengers Bangalore,19.4,EJG Morgan,Shakib Al Hasan,DT Christian,0,1,1,,,,,RCB vs KKR 2021-10-11,CB Gaffaney,VK Sharma,SP Narine,Kolkata Knight Riders,Sharjah,Sharjah Cricket Stadium,2021-10-11
