inning,batting_team,bowling_team,ball,non_striker,batsman,bowler,extra_runs,batsman_run,total_runs,extras,player_out,elimination_kind,fielders_caught,match_name,umpires_1,umpires_2,player_of_match,winner,city,venue,dates
1st innings,Royal Challengers Bangalore,Sunrisers Hyderabad,0.1,D Padikkal,V Kohli,B Kumar,0,0,0,,,,,RCB vs SH 2021-04-14,Nitin Menon,UV Gandhe,GJ Maxwell,Royal Challengers Bangalore,Chennai,"MA Chidambaram Stadium, Chepauk, Chennai",2021-04-14
1st innings,Royal Challengers Bangalore,Sunrisers Hyderabad,0.2,D Padikkal,V Kohli,B Kumar,0,4,4,,,,,RCB vs SH 2021-04-14,Nitin Menon,UV Gandhe,GJ Maxwell,Royal Challengers Bangalore,Chennai,"MA Chidambaram Stadium, Chepauk, Chennai",2021-04-14
1st innings,Royal Challengers Bangalore,Sunrisers Hyderabad,0.3,D Padikkal,V Kohli,B Kumar,0,1,1,,,,,RCB vs SH 2021-04-14,Nitin Menon,UV Gandhe,GJ Maxwell,Royal Challengers Bangalore,Chennai,"MA Chidambaram Stadium, Chepauk, Chennai",2021-04-14
1st innings,Royal Challengers Bangalore,Sunrisers Hyderabad,0.4,V Kohli,D Padikkal,B Kumar,0,0,0,,,,,RCB vs SH 2021-04-14,Nitin Menon,UV Gandhe,GJ Maxwell,Royal Challengers Bangalore,Chennai,"MA Chidambaram Stadium, Chepauk, Chennai",2021-04-14
1st innings,Royal Challengers Bangalore,Sunrisers Hyderabad,0.5,V Kohli,D Padikkal,B Kumar,0,0,0,,,,,RCB vs SH 2021-04-14,Nitin Menon,UV Gandhe,GJ Maxwell,Royal Challengers Bangalore,Chennai,"MA Chidambaram Stadium, Chepauk, Chennai",2021-04-14
1st innings,Royal Challengers Bangalore,Sunrisers Hyderabad,0.6,V Kohli,D Padikkal,B Kumar,0,1,1,,,,,RCB vs SH 2021-04-14,Nitin Menon,UV Gandhe,GJ Maxwell,Royal Challengers Bangalore,Chennai,"MA Chidambaram Stadium, Chepauk, Chennai",2021-04-14
1st innings,Royal Challengers Bangalore,Sunrisers Hyderabad,1.1,V Kohli,D Padikkal,JO Holder,0,4,4,,,,,RCB vs SH 2021-04-14,Nitin Menon,UV Gandhe,GJ Maxwell,Royal Challengers Bangalore,Chennai,"MA Chidambaram Stadium, Chepauk, Chennai",2021-04-14
1st innings,Royal Challengers Bangalore,Sunrisers Hyderabad,1.2,V Kohli,D Padikkal,JO Holder,0,0,0,,,,,RCB vs SH 2021-04-14,Nitin Menon,UV Gandhe,GJ Maxwell,Royal Challengers Bangalore,Chennai,"MA Chidambaram Stadium, Chepauk, Chennai",2021-04-14
1st innings,Royal Challengers Bangalore,Sunrisers Hyderabad,1.3,V Kohli,D Padikkal,JO Holder,0,0,0,,,,,RCB vs SH 2021-04-14,Nitin Menon,UV Gandhe,GJ Maxwell,Royal Challengers Bangalore,Chennai,"MA Chidambaram Stadium, Chepauk, Chennai",2021-04-14
1st innings,Royal Challengers Bangalore,Sunrisers Hyderabad,1.4,V Kohli,D Padikkal,JO Holder,0,0,0,,,,,RCB vs SH 2021-04-14,Nitin Menon,UV Gandhe,GJ Maxwell,Royal Challengers Bangalore,Chennai,"MA Chidambaram Stadium, Chepauk, Chennai",2021-04-14
1st innings,Royal Challengers Bangalore,Sunrisers Hyderabad,1.5,V Kohli,D Padikkal,JO Holder,1,0,1,wides,,,,RCB vs SH 2021-04-14,Nitin Menon,UV Gandhe,GJ Maxwell,Royal Challengers Bangalore,Chennai,"MA Chidambaram Stadium, Chepauk, Chennai",2021-04-14
1st innings,Royal Challengers Bangalore,Sunrisers Hyderabad,1.6,V Kohli,D Padikkal,JO Holder,0,4,4,,,,,RCB vs SH 2021-04-14,Nitin Menon,UV Gandhe,GJ Maxwell,Royal Challengers Bangalore,Chennai,"MA Chidambaram Stadium, Chepauk, Chennai",2021-04-14
1st innings,Royal Challengers Bangalore,Sunrisers Hyderabad,1.7,V Kohli,D Padikkal,JO Holder,0,1,1,,,,,RCB vs SH 2021-04-14,Nitin Menon,UV Gandhe,GJ Maxwell,Royal Challengers Bangalore,Chennai,"MA Chidambaram Stadium, Chepauk, Chennai",2021-04-14
1st innings,Royal Challengers Bangalore,Sunrisers Hyderabad,2.1,V Kohli,D Padikkal,B Kumar,0,1,1,,,,,RCB vs SH 2021-04-14,Nitin Menon,UV Gandhe,GJ Maxwell,Royal Challengers Bangalore,Chennai,"MA Chidambaram Stadium, Chepauk, Chennai",2021-04-14
1st innings,Royal Challengers Bangalore,Sunrisers Hyderabad,2.2,D Padikkal,V Kohli,B Kumar,0,1,1,,,,,RCB vs SH 2021-04-14,Nitin Menon,UV Gandhe,GJ Maxwell,Royal Challengers Bangalore,Chennai,"MA Chidambaram Stadium, Chepauk, Chennai",2021-04-14
1st innings,Royal Challengers Bangalore,Sunrisers Hyderabad,2.3,V Kohli,D Padikkal,B Kumar,0,0,0,,,,,RCB vs SH 2021-04-14,Nitin Menon,UV Gandhe,GJ Maxwell,Royal Challengers Bangalore,Chennai,"MA Chidambaram Stadium, Chepauk, Chennai",2021-04-14
1st innings,Royal Challengers Bangalore,Sunrisers Hyderabad,2.4,V Kohli,D Padikkal,B Kumar,0,0,0,,,,,RCB vs SH 2021-04-14,Nitin Menon,UV Gandhe,GJ Maxwell,Royal Challengers Bangalore,Chennai,"MA Chidambaram Stadium, Chepauk, Chennai",2021-04-14
1st innings,Royal Challengers Bangalore,Sunrisers Hyderabad,2.5,V Kohli,D Padikkal,B Kumar,1,0,1,wides,,,,RCB vs SH 2021-04-14,Nitin Menon,UV Gandhe,GJ Maxwell,Royal Challengers Bangalore,Chennai,"MA Chidambaram Stadium, Chepauk, Chennai",2021-04-14
1st innings,Royal Challengers Bangalore,Sunrisers Hyderabad,2.6,V Kohli,D Padikkal,B Kumar,0,0,0,,D Padikkal,caught,S Nadeem,RCB vs SH 2021-04-14,Nitin Menon,UV Gandhe,GJ Maxwell,Royal Challengers Bangalore,Chennai,"MA Chidambaram Stadium, Chepauk, Chennai",2021-04-14
1st innings,Royal Challengers Bangalore,Sunrisers Hyderabad,2.7,V Kohli,Shahbaz Ahmed,B Kumar,0,1,1,,,,,RCB vs SH 2021-04-14,Nitin Menon,UV Gandhe,GJ Maxwell,Royal Challengers Bangalore,Chennai,"MA Chidambaram Stadium, Chepauk, Chennai",2021-04-14
1st innings,Royal Challengers Bangalore,Sunrisers Hyderabad,3.1,V Kohli,Shahbaz Ahmed,JO Holder,0,1,1,,,,,RCB vs SH 2021-04-14,Nitin Menon,UV Gandhe,GJ Maxwell,Royal Challengers Bangalore,Chennai,"MA Chidambaram Stadium, Chepauk, Chennai",2021-04-14
1st innings,Royal Challengers Bangalore,Sunrisers Hyderabad,3.2,Shahbaz Ahmed,V Kohli,JO Holder,0,0,0,,,,,RCB vs SH 2021-04-14,Nitin Menon,UV Gandhe,GJ Maxwell,Royal Challengers Bangalore,Chennai,"MA Chidambaram Stadium, Chepauk, Chennai",2021-04-14
1st innings,Royal Challengers Bangalore,Sunrisers Hyderabad,3.3,Shahbaz Ahmed,V Kohli,JO Holder,0,1,1,,,,,RCB vs SH 2021-04-14,Nitin Menon,UV Gandhe,GJ Maxwell,Royal Challengers Bangalore,Chennai,"MA Chidambaram Stadium, Chepauk, Chennai",2021-04-14
1st innings,Royal Challengers Bangalore,Sunrisers Hyderabad,3.4,V Kohli,Shahbaz Ahmed,JO Holder,0,0,0,,,,,RCB vs SH 2021-04-14,Nitin Menon,UV Gandhe,GJ Maxwell,Royal Challengers Bangalore,Chennai,"MA Chidambaram Stadium, Chepauk, Chennai",2021-04-14
1st innings,Royal Challengers Bangalore,Sunrisers Hyderabad,3.5,V Kohli,Shahbaz Ahmed,JO Holder,0,3,3,,,,,RCB vs SH 2021-04-14,Nitin Menon,UV Gandhe,GJ Maxwell,Royal Challengers Bangalore,Chennai,"MA Chidambaram Stadium, Chepauk, Chennai",2021-04-14
1st innings,Royal Challengers Bangalore,Sunrisers Hyderabad,3.6,Shahbaz Ahmed,V Kohli,JO Holder,0,1,1,,,,,RCB vs SH 2021-04-14,Nitin Menon,UV Gandhe,GJ Maxwell,Royal Challengers Bangalore,Chennai,"MA Chidambaram Stadium, Chepauk, Chennai",2021-04-14
1st innings,Royal Challengers Bangalore,Sunrisers Hyderabad,4.1,Shahbaz Ahmed,V Kohli,S Nadeem,0,0,0,,,,,RCB vs SH 2021-04-14,Nitin Menon,UV Gandhe,GJ Maxwell,Royal Challengers Bangalore,Chennai,"MA Chidambaram Stadium, Chepauk, Chennai",2021-04-14
1st innings,Royal Challengers Bangalore,Sunrisers Hyderabad,4.2,Shahbaz Ahmed,V Kohli,S Nadeem,0,1,1,,,,,RCB vs SH 2021-04-14,Nitin Menon,UV Gandhe,GJ Maxwell,Royal Challengers Bangalore,Chennai,"MA Chidambaram Stadium, Chepauk, Chennai",2021-04-14
1st innings,Royal Challengers Bangalore,Sunrisers Hyderabad,4.3,V Kohli,Shahbaz Ahmed,S Nadeem,0,6,6,,,,,RCB vs SH 2021-04-14,Nitin Menon,UV Gandhe,GJ Maxwell,Royal Challengers Bangalore,Chennai,"MA Chidambaram Stadium, Chepauk, Chennai",2021-04-14
1st innings,Royal Challengers Bangalore,Sunrisers Hyderabad,4.4,V Kohli,Shahbaz Ahmed,S Nadeem,0,1,1,,,,,RCB vs SH 2021-04-14,Nitin Menon,UV Gandhe,GJ Maxwell,Royal Challengers Bangalore,Chennai,"MA Chidambaram Stadium, Chepauk, Chennai",2021-04-14
1st innings,Royal Challengers Bangalore,Sunrisers Hyderabad,4.5,Shahbaz Ahmed,V Kohli,S Nadeem,0,1,1,,,,,RCB vs SH 2021-04-14,Nitin Menon,UV Gandhe,GJ Maxwell,Royal Challengers Bangalore,Chennai,"MA Chidambaram Stadium, Chepauk, Chennai",2021-04-14
1st innings,Royal Challengers Bangalore,Sunrisers Hyderabad,4.6,V Kohli,Shahbaz Ahmed,S Nadeem,0,1,1,,,,,RCB vs SH 2021-04-14,Nitin Menon,UV Gandhe,GJ Maxwell,Royal Challengers Bangalore,Chennai,"MA Chidambaram Stadium, Chepauk, Chennai",2021-04-14
1st innings,Royal Challengers Bangalore,Sunrisers Hyderabad,5.1,V Kohli,Shahbaz Ahmed,T Natarajan,1,0,1,legbyes,,,,RCB vs SH 2021-04-14,Nitin Menon,UV Gandhe,GJ Maxwell,Royal Challengers Bangalore,Chennai,"MA Chidambaram Stadium, Chepauk, Chennai",2021-04-14
1st innings,Royal Challengers Bangalore,Sunrisers Hyderabad,5.2,Shahbaz Ahmed,V Kohli,T Natarajan,0,4,4,,,,,RCB vs SH 2021-04-14,Nitin Menon,UV Gandhe,GJ Maxwell,Royal Challengers Bangalore,Chennai,"MA Chidambaram Stadium, Chepauk, Chennai",2021-04-14
1st innings,Royal Challengers Bangalore,Sunrisers Hyderabad,5.3,Shahbaz Ahmed,V Kohli,T Natarajan,0,1,1,,,,,RCB vs SH 2021-04-14,Nitin Menon,UV Gandhe,GJ Maxwell,Royal Challengers Bangalore,Chennai,"MA Chidambaram Stadium, Chepauk, Chennai",2021-04-14
1st innings,Royal Challengers Bangalore,Sunrisers Hyderabad,5.4,V Kohli,Shahbaz Ahmed,T Natarajan,0,1,1,,,,,RCB vs SH 2021-04-14,Nitin Menon,UV Gandhe,GJ Maxwell,Royal Challengers Bangalore,Chennai,"MA Chidambaram Stadium, Chepauk, Chennai",2021-04-14
1st innings,Royal Challengers Bangalore,Sunrisers Hyderabad,5.5,Shahbaz Ahmed,V Kohli,T Natarajan,0,4,4,,,,,RCB vs SH 2021-04-14,Nitin Menon,UV Gandhe,GJ Maxwell,Royal Challengers Bangalore,Chennai,"MA Chidambaram Stadium, Chepauk, Chennai",2021-04-14
1st innings,Royal Challengers Bangalore,Sunrisers Hyderabad,5.6,Shahbaz Ahmed,V Kohli,T Natarajan,0,0,0,,,,,RCB vs SH 2021-04-14,Nitin Menon,UV Gandhe,GJ Maxwell,Royal Challengers Bangalore,Chennai,"MA Chidambaram Stadium, Chepauk, Chennai",2021-04-14
1st innings,Royal Challengers Bangalore,Sunrisers Hyderabad,6.1,V Kohli,Shahbaz Ahmed,S Nadeem,0,0,0,,Shahbaz Ahmed,caught,Rashid Khan,RCB vs SH 2021-04-14,Nitin Menon,UV Gandhe,GJ Maxwell,Royal Challengers Bangalore,Chennai,"MA Chidambaram Stadium, Chepauk, Chennai",2021-04-14
1st innings,Royal Challengers Bangalore,Sunrisers Hyderabad,6.2,GJ Maxwell,V Kohli,S Nadeem,0,1,1,,,,,RCB vs SH 2021-04-14,Nitin Menon,UV Gandhe,GJ Maxwell,Royal Challengers Bangalore,Chennai,"MA Chidambaram Stadium, Chepauk, Chennai",2021-04-14
1st innings,Royal Challengers Bangalore,Sunrisers Hyderabad,6.3,V Kohli,GJ Maxwell,S Nadeem,0,0,0,,,,,RCB vs SH 2021-04-14,Nitin Menon,UV Gandhe,GJ Maxwell,Royal Challengers Bangalore,Chennai,"MA Chidambaram Stadium, Chepauk, Chennai",2021-04-14
1st innings,Royal Challengers Bangalore,Sunrisers Hyderabad,6.4,V Kohli,GJ Maxwell,S Nadeem,0,0,0,,,,,RCB vs SH 2021-04-14,Nitin Menon,UV Gandhe,GJ Maxwell,Royal Challengers Bangalore,Chennai,"MA Chidambaram Stadium, Chepauk, Chennai",2021-04-14
1st innings,Royal Challengers Bangalore,Sunrisers Hyderabad,6.5,V Kohli,GJ Maxwell,S Nadeem,0,0,0,,,,,RCB vs SH 2021-04-14,Nitin Menon,UV Gandhe,GJ Maxwell,Royal Challengers Bangalore,Chennai,"MA Chidambaram Stadium, Chepauk, Chennai",2021-04-14
1st innings,Royal Challengers Bangalore,Sunrisers Hyderabad,6.6,V Kohli,GJ Maxwell,S Nadeem,0,0,0,,,,,RCB vs SH 2021-04-14,Nitin Menon,UV Gandhe,GJ Maxwell,Royal Challengers Bangalore,Chennai,"MA Chidambaram Stadium, Chepauk, Chennai",2021-04-14
1st innings,Royal Challengers Bangalore,Sunrisers Hyderabad,7.1,GJ Maxwell,V Kohli,Rashid Khan,0,1,1,,,,,RCB vs SH 2021-04-14,Nitin Menon,UV Gandhe,GJ Maxwell,Royal Challengers Bangalore,Chennai,"MA Chidambaram Stadium, Chepauk, Chennai",2021-04-14
1st innings,Royal Challengers Bangalore,Sunrisers Hyderabad,7.2,V Kohli,GJ Maxwell,Rashid Khan,1,0,1,wides,,,,RCB vs SH 2021-04-14,Nitin Menon,UV Gandhe,GJ Maxwell,Royal Challengers Bangalore,Chennai,"MA Chidambaram Stadium, Chepauk, Chennai",2021-04-14
1st innings,Royal Challengers Bangalore,Sunrisers Hyderabad,7.3,V Kohli,GJ Maxwell,Rashid Khan,0,4,4,,,,,RCB vs SH 2021-04-14,Nitin Menon,UV Gandhe,GJ Maxwell,Royal Challengers Bangalore,Chennai,"MA Chidambaram Stadium, Chepauk, Chennai",2021-04-14
1st innings,Royal Challengers Bangalore,Sunrisers Hyderabad,7.4,V Kohli,GJ Maxwell,Rashid Khan,0,0,0,,,,,RCB vs SH 2021-04-14,Nitin Menon,UV Gandhe,GJ Maxwell,Royal Challengers Bangalore,Chennai,"MA Chidambaram Stadium, Chepauk, Chennai",2021-04-14
1st innings,Royal Challengers Bangalore,Sunrisers Hyderabad,7.5,V Kohli,GJ Maxwell,Rashid Khan,0,0,0,,,,,RCB vs SH 2021-04-14,Nitin Menon,UV Gandhe,GJ Maxwell,Royal Challengers Bangalore,Chennai,"MA Chidambaram Stadium, Chepauk, Chennai",2021-04-14
1st innings,Royal Challengers Bangalore,Sunrisers Hyderabad,7.6,V Kohli,GJ Maxwell,Rashid Khan,0,1,1,,,,,RCB vs SH 2021-04-14,Nitin Menon,UV Gandhe,GJ Maxwell,Royal Challengers Bangalore,Chennai,"MA Chidambaram Stadium, Chepauk, Chennai",2021-04-14
1st innings,Royal Challengers Bangalore,Sunrisers Hyderabad,7.7,GJ Maxwell,V Kohli,Rashid Khan,0,0,0,,,,,RCB vs SH 2021-04-14,Nitin Menon,UV Gandhe,GJ Maxwell,Royal Challengers Bangalore,Chennai,"MA Chidambaram Stadium, Chepauk, Chennai",2021-04-14
1st innings,Royal Challengers Bangalore,Sunrisers Hyderabad,8.1,V Kohli,GJ Maxwell,S Nadeem,0,1,1,,,,,RCB vs SH 2021-04-14,Nitin Menon,UV Gandhe,GJ Maxwell,Royal Challengers Bangalore,Chennai,"MA Chidambaram Stadium, Chepauk, Chennai",2021-04-14
1st innings,Royal Challengers Bangalore,Sunrisers Hyderabad,8.2,GJ Maxwell,V Kohli,S Nadeem,0,1,1,,,,,RCB vs SH 2021-04-14,Nitin Menon,UV Gandhe,GJ Maxwell,Royal Challengers Bangalore,Chennai,"MA Chidambaram Stadium, Chepauk, Chennai",2021-04-14
1st innings,Royal Challengers Bangalore,Sunrisers Hyderabad,8.3,V Kohli,GJ Maxwell,S Nadeem,0,0,0,,,,,RCB vs SH 2021-04-14,Nitin Menon,UV Gandhe,GJ Maxwell,Royal Challengers Bangalore,Chennai,"MA Chidambaram Stadium, Chepauk, Chennai",2021-04-14
1st innings,Royal Challengers Bangalore,Sunrisers Hyderabad,8.4,V Kohli,GJ Maxwell,S Nadeem,0,0,0,,,,,RCB vs SH 2021-04-14,Nitin Menon,UV Gandhe,GJ Maxwell,Royal Challengers Bangalore,Chennai,"MA Chidambaram Stadium, Chepauk, Chennai",2021-04-14
1st innings,Royal Challengers Bangalore,Sunrisers Hyderabad,8.5,V Kohli,GJ Maxwell,S Nadeem,0,0,0,,,,,RCB vs SH 2021-04-14,Nitin Menon,UV Gandhe,GJ Maxwell,Royal Challengers Bangalore,Chennai,"MA Chidambaram Stadium, Chepauk, Chennai",2021-04-14
1st innings,Royal Challengers Bangalore,Sunrisers Hyderabad,8.6,V Kohli,GJ Maxwell,S Nadeem,0,1,1,,,,,RCB vs SH 2021-04-14,Nitin Menon,UV Gandhe,GJ Maxwell,Royal Challengers Bangalore,Chennai,"MA Chidambaram Stadium, Chepauk, Chennai",2021-04-14
1st innings,Royal Challengers Bangalore,Sunrisers Hyderabad,9.1,V Kohli,GJ Maxwell,Rashid Khan,0,1,1,,,,,RCB vs SH 2021-04-14,Nitin Menon,UV Gandhe,GJ Maxwell,Royal Challengers Bangalore,Chennai,"MA Chidambaram Stadium, Chepauk, Chennai",2021-04-14
1st innings,Royal Challengers Bangalore,Sunrisers Hyderabad,9.2,GJ Maxwell,V Kohli,Rashid Khan,0,1,1,,,,,RCB vs SH 2021-04-14,Nitin Menon,UV Gandhe,GJ Maxwell,Royal Challengers Bangalore,Chennai,"MA Chidambaram Stadium, Chepauk, Chennai",2021-04-14
1st innings,Royal Challengers Bangalore,Sunrisers Hyderabad,9.3,V Kohli,GJ Maxwell,Rashid Khan,1,0,1,legbyes,,,,RCB vs SH 2021-04-14,Nitin Menon,UV Gandhe,GJ Maxwell,Royal Challengers Bangalore,Chennai,"MA Chidambaram Stadium, Chepauk, Chennai",2021-04-14
1st innings,Royal Challengers Bangalore,Sunrisers Hyderabad,9.4,GJ Maxwell,V Kohli,Rashid Khan,0,1,1,,,,,RCB vs SH 2021-04-14,Nitin Menon,UV Gandhe,GJ Maxwell,Royal Challengers Bangalore,Chennai,"MA Chidambaram Stadium, Chepauk, Chennai",2021-04-14
1st innings,Royal Challengers Bangalore,Sunrisers Hyderabad,9.5,V Kohli,GJ Maxwell,Rashid Khan,0,1,1,,,,,RCB vs SH 2021-04-14,Nitin Menon,UV Gandhe,GJ Maxwell,Royal Challengers Bangalore,Chennai,"MA Chidambaram Stadium, Chepauk, Chennai",2021-04-14
1st innings,Royal Challengers Bangalore,Sunrisers Hyderabad,9.6,GJ Maxwell,V Kohli,Rashid Khan,0,0,0,,,,,RCB vs SH 2021-04-14,Nitin Menon,UV Gandhe,GJ Maxwell,Royal Challengers Bangalore,Chennai,"MA Chidambaram Stadium, Chepauk, Chennai",2021-04-14
1st innings,Royal Challengers Bangalore,Sunrisers Hyderabad,10.1,V Kohli,GJ Maxwell,S Nadeem,0,6,6,,,,,RCB vs SH 2021-04-14,Nitin Menon,UV Gandhe,GJ Maxwell,Royal Challengers Bangalore,Chennai,"MA Chidambaram Stadium, Chepauk, Chennai",2021-04-14
1st innings,Royal Challengers Bangalore,Sunrisers Hyderabad,10.2,V Kohli,GJ Maxwell,S Nadeem,0,4,4,,,,,RCB vs SH 2021-04-14,Nitin Menon,UV Gandhe,GJ Maxwell,Royal Challengers Bangalore,Chennai,"MA Chidambaram Stadium, Chepauk, Chennai",2021-04-14
1st innings,Royal Challengers Bangalore,Sunrisers Hyderabad,10.3,V Kohli,GJ Maxwell,S Nadeem,0,6,6,,,,,RCB vs SH 2021-04-14,Nitin Menon,UV Gandhe,GJ Maxwell,Royal Challengers Bangalore,Chennai,"MA Chidambaram Stadium, Chepauk, Chennai",2021-04-14
1st innings,Royal Challengers Bangalore,Sunrisers Hyderabad,10.4,V Kohli,GJ Maxwell,S Nadeem,0,1,1,,,,,RCB vs SH 2021-04-14,Nitin Menon,UV Gandhe,GJ Maxwell,Royal Challengers Bangalore,Chennai,"MA Chidambaram Stadium, Chepauk, Chennai",2021-04-14
1st innings,Royal Challengers Bangalore,Sunrisers Hyderabad,10.5,GJ Maxwell,V Kohli,S Nadeem,0,4,4,,,,,RCB vs SH 2021-04-14,Nitin Menon,UV Gandhe,GJ Maxwell,Royal Challengers Bangalore,Chennai,"MA Chidambaram Stadium, Chepauk, Chennai",2021-04-14
1st innings,Royal Challengers Bangalore,Sunrisers Hyderabad,10.6,GJ Maxwell,V Kohli,S Nadeem,0,1,1,,,,,RCB vs SH 2021-04-14,Nitin Menon,UV Gandhe,GJ Maxwell,Royal Challengers Bangalore,Chennai,"MA Chidambaram Stadium, Chepauk, Chennai",2021-04-14
1st innings,Royal Challengers Bangalore,Sunrisers Hyderabad,11.1,GJ Maxwell,V Kohli,T Natarajan,0,2,2,,,,,RCB vs SH 2021-04-14,Nitin Menon,UV Gandhe,GJ Maxwell,Royal Challengers Bangalore,Chennai,"MA Chidambaram Stadium, Chepauk, Chennai",2021-04-14
1st innings,Royal Challengers Bangalore,Sunrisers Hyderabad,11.2,GJ Maxwell,V Kohli,T Natarajan,1,0,1,wides,,,,RCB vs SH 2021-04-14,Nitin Menon,UV Gandhe,GJ Maxwell,Royal Challengers Bangalore,Chennai,"MA Chidambaram Stadium, Chepauk, Chennai",2021-04-14
1st innings,Royal Challengers Bangalore,Sunrisers Hyderabad,11.3,GJ Maxwell,V Kohli,T Natarajan,0,0,0,,,,,RCB vs SH 2021-04-14,Nitin Menon,UV Gandhe,GJ Maxwell,Royal Challengers Bangalore,Chennai,"MA Chidambaram Stadium, Chepauk, Chennai",2021-04-14
1st innings,Royal Challengers Bangalore,Sunrisers Hyderabad,11.4,GJ Maxwell,V Kohli,T Natarajan,0,1,1,,,,,RCB vs SH 2021-04-14,Nitin Menon,UV Gandhe,GJ Maxwell,Royal Challengers Bangalore,Chennai,"MA Chidambaram Stadium, Chepauk, Chennai",2021-04-14
1st innings,Royal Challengers Bangalore,Sunrisers Hyderabad,11.5,V Kohli,GJ Maxwell,T Natarajan,0,1,1,,,,,RCB vs SH 2021-04-14,Nitin Menon,UV Gandhe,GJ Maxwell,Royal Challengers Bangalore,Chennai,"MA Chidambaram Stadium, Chepauk, Chennai",2021-04-14
1st innings,Royal Challengers Bangalore,Sunrisers Hyderabad,11.6,GJ Maxwell,V Kohli,T Natarajan,0,0,0,,,,,RCB vs SH 2021-04-14,Nitin Menon,UV Gandhe,GJ Maxwell,Royal Challengers Bangalore,Chennai,"MA Chidambaram Stadium, Chepauk, Chennai",2021-04-14
1st innings,Royal Challengers Bangalore,Sunrisers Hyderabad,11.7,GJ Maxwell,V Kohli,T Natarajan,0,1,1,,,,,RCB vs SH 2021-04-14,Nitin Menon,UV Gandhe,GJ Maxwell,Royal Challengers Bangalore,Chennai,"MA Chidambaram Stadium, Chepauk, Chennai",2021-04-14
1st innings,Royal Challengers Bangalore,Sunrisers Hyderabad,12.1,GJ Maxwell,V Kohli,JO Holder,0,0,0,,V Kohli,caught,V Shankar,RCB vs SH 2021-04-14,Nitin Menon,UV Gandhe,GJ Maxwell,Royal Challengers Bangalore,Chennai,"MA Chidambaram Stadium, Chepauk, Chennai",2021-04-14
1st innings,Royal Challengers Bangalore,Sunrisers Hyderabad,12.2,AB de Villiers,GJ Maxwell,JO Holder,0,0,0,,,,,RCB vs SH 2021-04-14,Nitin Menon,UV Gandhe,GJ Maxwell,Royal Challengers Bangalore,Chennai,"MA Chidambaram Stadium, Chepauk, Chennai",2021-04-14
1st innings,Royal Challengers Bangalore,Sunrisers Hyderabad,12.3,AB de Villiers,GJ Maxwell,JO Holder,0,1,1,,,,,RCB vs SH 2021-04-14,Nitin Menon,UV Gandhe,GJ Maxwell,Royal Challengers Bangalore,Chennai,"MA Chidambaram Stadium, Chepauk, Chennai",2021-04-14
1st innings,Royal Challengers Bangalore,Sunrisers Hyderabad,12.4,GJ Maxwell,AB de Villiers,JO Holder,0,0,0,,,,,RCB vs SH 2021-04-14,Nitin Menon,UV Gandhe,GJ Maxwell,Royal Challengers Bangalore,Chennai,"MA Chidambaram Stadium, Chepauk, Chennai",2021-04-14
1st innings,Royal Challengers Bangalore,Sunrisers Hyderabad,12.5,GJ Maxwell,AB de Villiers,JO Holder,0,0,0,,,,,RCB vs SH 2021-04-14,Nitin Menon,UV Gandhe,GJ Maxwell,Royal Challengers Bangalore,Chennai,"MA Chidambaram Stadium, Chepauk, Chennai",2021-04-14
1st innings,Royal Challengers Bangalore,Sunrisers Hyderabad,12.6,GJ Maxwell,AB de Villiers,JO Holder,0,0,0,,,,,RCB vs SH 2021-04-14,Nitin Menon,UV Gandhe,GJ Maxwell,Royal Challengers Bangalore,Chennai,"MA Chidambaram Stadium, Chepauk, Chennai",2021-04-14
1st innings,Royal Challengers Bangalore,Sunrisers Hyderabad,13.1,AB de Villiers,GJ Maxwell,Rashid Khan,0,1,1,,,,,RCB vs SH 2021-04-14,Nitin Menon,UV Gandhe,GJ Maxwell,Royal Challengers Bangalore,Chennai,"MA Chidambaram Stadium, Chepauk, Chennai",2021-04-14
1st innings,Royal Challengers Bangalore,Sunrisers Hyderabad,13.2,GJ Maxwell,AB de Villiers,Rashid Khan,0,1,1,,,,,RCB vs SH 2021-04-14,Nitin Menon,UV Gandhe,GJ Maxwell,Royal Challengers Bangalore,Chennai,"MA Chidambaram Stadium, Chepauk, Chennai",2021-04-14
1st innings,Royal Challengers Bangalore,Sunrisers Hyderabad,13.3,AB de Villiers,GJ Maxwell,Rashid Khan,0,1,1,,,,,RCB vs SH 2021-04-14,Nitin Menon,UV Gandhe,GJ Maxwell,Royal Challengers Bangalore,Chennai,"MA Chidambaram Stadium, Chepauk, Chennai",2021-04-14
1st innings,Royal Challengers Bangalore,Sunrisers Hyderabad,13.4,GJ Maxwell,AB de Villiers,Rashid Khan,0,0,0,,AB de Villiers,caught,DA Warner,RCB vs SH 2021-04-14,Nitin Menon,UV Gandhe,GJ Maxwell,Royal Challengers Bangalore,Chennai,"MA Chidambaram Stadium, Chepauk, Chennai",2021-04-14
1st innings,Royal Challengers Bangalore,Sunrisers Hyderabad,13.5,GJ Maxwell,Washington Sundar,Rashid Khan,0,0,0,,,,,RCB vs SH 2021-04-14,Nitin Menon,UV Gandhe,GJ Maxwell,Royal Challengers Bangalore,Chennai,"MA Chidambaram Stadium, Chepauk, Chennai",2021-04-14
1st innings,Royal Challengers Bangalore,Sunrisers Hyderabad,13.6,GJ Maxwell,Washington Sundar,Rashid Khan,0,1,1,,,,,RCB vs SH 2021-04-14,Nitin Menon,UV Gandhe,GJ Maxwell,Royal Challengers Bangalore,Chennai,"MA Chidambaram Stadium, Chepauk, Chennai",2021-04-14
1st innings,Royal Challengers Bangalore,Sunrisers Hyderabad,14.1,GJ Maxwell,Washington Sundar,B Kumar,0,4,4,,,,,RCB vs SH 2021-04-14,Nitin Menon,UV Gandhe,GJ Maxwell,Royal Challengers Bangalore,Chennai,"MA Chidambaram Stadium, Chepauk, Chennai",2021-04-14
1st innings,Royal Challengers Bangalore,Sunrisers Hyderabad,14.2,GJ Maxwell,Washington Sundar,B Kumar,0,1,1,,,,,RCB vs SH 2021-04-14,Nitin Menon,UV Gandhe,GJ Maxwell,Royal Challengers Bangalore,Chennai,"MA Chidambaram Stadium, Chepauk, Chennai",2021-04-14
1st innings,Royal Challengers Bangalore,Sunrisers Hyderabad,14.3,Washington Sundar,GJ Maxwell,B Kumar,0,1,1,,,,,RCB vs SH 2021-04-14,Nitin Menon,UV Gandhe,GJ Maxwell,Royal Challengers Bangalore,Chennai,"MA Chidambaram Stadium, Chepauk, Chennai",2021-04-14
1st innings,Royal Challengers Bangalore,Sunrisers Hyderabad,14.4,GJ Maxwell,Washington Sundar,B Kumar,0,0,0,,,,,RCB vs SH 2021-04-14,Nitin Menon,UV Gandhe,GJ Maxwell,Royal Challengers Bangalore,Chennai,"MA Chidambaram Stadium, Chepauk, Chennai",2021-04-14
1st innings,Royal Challengers Bangalore,Sunrisers Hyderabad,14.5,GJ Maxwell,Washington Sundar,B Kumar,0,0,0,,,,,RCB vs SH 2021-04-14,Nitin Menon,UV Gandhe,GJ Maxwell,Royal Challengers Bangalore,Chennai,"MA Chidambaram Stadium, Chepauk, Chennai",2021-04-14
1st innings,Royal Challengers Bangalore,Sunrisers Hyderabad,14.6,GJ Maxwell,Washington Sundar,B Kumar,0,1,1,,,,,RCB vs SH 2021-04-14,Nitin Menon,UV Gandhe,GJ Maxwell,Royal Challengers Bangalore,Chennai,"MA Chidambaram Stadium, Chepauk, Chennai",2021-04-14
1st innings,Royal Challengers Bangalore,Sunrisers Hyderabad,15.1,GJ Maxwell,Washington Sundar,Rashid Khan,0,0,0,,,,,RCB vs SH 2021-04-14,Nitin Menon,UV Gandhe,GJ Maxwell,Royal Challengers Bangalore,Chennai,"MA Chidambaram Stadium, Chepauk, Chennai",2021-04-14
1st innings,Royal Challengers Bangalore,Sunrisers Hyderabad,15.2,GJ Maxwell,Washington Sundar,Rashid Khan,0,0,0,,,,,RCB vs SH 2021-04-14,Nitin Menon,UV Gandhe,GJ Maxwell,Royal Challengers Bangalore,Chennai,"MA Chidambaram Stadium, Chepauk, Chennai",2021-04-14
1st innings,Royal Challengers Bangalore,Sunrisers Hyderabad,15.3,GJ Maxwell,Washington Sundar,Rashid Khan,0,1,1,,,,,RCB vs SH 2021-04-14,Nitin Menon,UV Gandhe,GJ Maxwell,Royal Challengers Bangalore,Chennai,"MA Chidambaram Stadium, Chepauk, Chennai",2021-04-14
1st innings,Royal Challengers Bangalore,Sunrisers Hyderabad,15.4,Washington Sundar,GJ Maxwell,Rashid Khan,0,1,1,,,,,RCB vs SH 2021-04-14,Nitin Menon,UV Gandhe,GJ Maxwell,Royal Challengers Bangalore,Chennai,"MA Chidambaram Stadium, Chepauk, Chennai",2021-04-14
1st innings,Royal Challengers Bangalore,Sunrisers Hyderabad,15.5,GJ Maxwell,Washington Sundar,Rashid Khan,0,0,0,,Washington Sundar,caught,MK Pandey,RCB vs SH 2021-04-14,Nitin Menon,UV Gandhe,GJ Maxwell,Royal Challengers Bangalore,Chennai,"MA Chidambaram Stadium, Chepauk, Chennai",2021-04-14
1st innings,Royal Challengers Bangalore,Sunrisers Hyderabad,15.6,DT Christian,GJ Maxwell,Rashid Khan,0,1,1,,,,,RCB vs SH 2021-04-14,Nitin Menon,UV Gandhe,GJ Maxwell,Royal Challengers Bangalore,Chennai,"MA Chidambaram Stadium, Chepauk, Chennai",2021-04-14
1st innings,Royal Challengers Bangalore,Sunrisers Hyderabad,16.1,DT Christian,GJ Maxwell,T Natarajan,0,1,1,,,,,RCB vs SH 2021-04-14,Nitin Menon,UV Gandhe,GJ Maxwell,Royal Challengers Bangalore,Chennai,"MA Chidambaram Stadium, Chepauk, Chennai",2021-04-14
1st innings,Royal Challengers Bangalore,Sunrisers Hyderabad,16.2,GJ Maxwell,DT Christian,T Natarajan,0,1,1,,,,,RCB vs SH 2021-04-14,Nitin Menon,UV Gandhe,GJ Maxwell,Royal Challengers Bangalore,Chennai,"MA Chidambaram Stadium, Chepauk, Chennai",2021-04-14
1st innings,Royal Challengers Bangalore,Sunrisers Hyderabad,16.3,DT Christian,GJ Maxwell,T Natarajan,0,1,1,,,,,RCB vs SH 2021-04-14,Nitin Menon,UV Gandhe,GJ Maxwell,Royal Challengers Bangalore,Chennai,"MA Chidambaram Stadium, Chepauk, Chennai",2021-04-14
1st innings,Royal Challengers Bangalore,Sunrisers Hyderabad,16.4,GJ Maxwell,DT Christian,T Natarajan,0,0,0,,DT Christian,caught,WP Saha,RCB vs SH 2021-04-14,Nitin Menon,UV Gandhe,GJ Maxwell,Royal Challengers Bangalore,Chennai,"MA Chidambaram Stadium, Chepauk, Chennai",2021-04-14
1st innings,Royal Challengers Bangalore,Sunrisers Hyderabad,16.5,GJ Maxwell,KA Jamieson,T Natarajan,0,0,0,,,,,RCB vs SH 2021-04-14,Nitin Menon,UV Gandhe,GJ Maxwell,Royal Challengers Bangalore,Chennai,"MA Chidambaram Stadium, Chepauk, Chennai",2021-04-14
1st innings,Royal Challengers Bangalore,Sunrisers Hyderabad,16.6,GJ Maxwell,KA Jamieson,T Natarajan,0,1,1,,,,,RCB vs SH 2021-04-14,Nitin Menon,UV Gandhe,GJ Maxwell,Royal Challengers Bangalore,Chennai,"MA Chidambaram Stadium, Chepauk, Chennai",2021-04-14
1st innings,Royal Challengers Bangalore,Sunrisers Hyderabad,17.1,GJ Maxwell,KA Jamieson,B Kumar,0,4,4,,,,,RCB vs SH 2021-04-14,Nitin Menon,UV Gandhe,GJ Maxwell,Royal Challengers Bangalore,Chennai,"MA Chidambaram Stadium, Chepauk, Chennai",2021-04-14
1st innings,Royal Challengers Bangalore,Sunrisers Hyderabad,17.2,GJ Maxwell,KA Jamieson,B Kumar,1,0,1,legbyes,,,,RCB vs SH 2021-04-14,Nitin Menon,UV Gandhe,GJ Maxwell,Royal Challengers Bangalore,Chennai,"MA Chidambaram Stadium, Chepauk, Chennai",2021-04-14
1st innings,Royal Challengers Bangalore,Sunrisers Hyderabad,17.3,KA Jamieson,GJ Maxwell,B Kumar,0,4,4,,,,,RCB vs SH 2021-04-14,Nitin Menon,UV Gandhe,GJ Maxwell,Royal Challengers Bangalore,Chennai,"MA Chidambaram Stadium, Chepauk, Chennai",2021-04-14
1st innings,Royal Challengers Bangalore,Sunrisers Hyderabad,17.4,KA Jamieson,GJ Maxwell,B Kumar,0,1,1,,,,,RCB vs SH 2021-04-14,Nitin Menon,UV Gandhe,GJ Maxwell,Royal Challengers Bangalore,Chennai,"MA Chidambaram Stadium, Chepauk, Chennai",2021-04-14
1st innings,Royal Challengers Bangalore,Sunrisers Hyderabad,17.5,GJ Maxwell,KA Jamieson,B Kumar,0,4,4,,,,,RCB vs SH 2021-04-14,Nitin Menon,UV Gandhe,GJ Maxwell,Royal Challengers Bangalore,Chennai,"MA Chidambaram Stadium, Chepauk, Chennai",2021-04-14
1st innings,Royal Challengers Bangalore,Sunrisers Hyderabad,17.6,GJ Maxwell,KA Jamieson,B Kumar,0,0,0,,,,,RCB vs SH 2021-04-14,Nitin Menon,UV Gandhe,GJ Maxwell,Royal Challengers Bangalore,Chennai,"MA Chidambaram Stadium, Chepauk, Chennai",2021-04-14
1st innings,Royal Challengers Bangalore,Sunrisers Hyderabad,18.1,KA Jamieson,GJ Maxwell,T Natarajan,0,1,1,,,,,RCB vs SH 2021-04-14,Nitin Menon,UV Gandhe,GJ Maxwell,Royal Challengers Bangalore,Chennai,"MA Chidambaram Stadium, Chepauk, Chennai",2021-04-14
1st innings,Royal Challengers Bangalore,Sunrisers Hyderabad,18.2,GJ Maxwell,KA Jamieson,T Natarajan,0,2,2,,,,,RCB vs SH 2021-04-14,Nitin Menon,UV Gandhe,GJ Maxwell,Royal Challengers Bangalore,Chennai,"MA Chidambaram Stadium, Chepauk, Chennai",2021-04-14
1st innings,Royal Challengers Bangalore,Sunrisers Hyderabad,18.3,GJ Maxwell,KA Jamieson,T Natarajan,0,1,1,,,,,RCB vs SH 2021-04-14,Nitin Menon,UV Gandhe,GJ Maxwell,Royal Challengers Bangalore,Chennai,"MA Chidambaram Stadium, Chepauk, Chennai",2021-04-14
1st innings,Royal Challengers Bangalore,Sunrisers Hyderabad,18.4,KA Jamieson,GJ Maxwell,T Natarajan,0,4,4,,,,,RCB vs SH 2021-04-14,Nitin Menon,UV Gandhe,GJ Maxwell,Royal Challengers Bangalore,Chennai,"MA Chidambaram Stadium, Chepauk, Chennai",2021-04-14
1st innings,Royal Challengers Bangalore,Sunrisers Hyderabad,18.5,KA Jamieson,GJ Maxwell,T Natarajan,0,0,0,,,,,RCB vs SH 2021-04-14,Nitin Menon,UV Gandhe,GJ Maxwell,Royal Challengers Bangalore,Chennai,"MA Chidambaram Stadium, Chepauk, Chennai",2021-04-14
1st innings,Royal Challengers Bangalore,Sunrisers Hyderabad,18.6,KA Jamieson,GJ Maxwell,T Natarajan,0,4,4,,,,,RCB vs SH 2021-04-14,Nitin Menon,UV Gandhe,GJ Maxwell,Royal Challengers Bangalore,Chennai,"MA Chidambaram Stadium, Chepauk, Chennai",2021-04-14
1st innings,Royal Challengers Bangalore,Sunrisers Hyderabad,19.1,GJ Maxwell,KA Jamieson,JO Holder,0,0,0,,KA Jamieson,caught,MK Pandey,RCB vs SH 2021-04-14,Nitin Menon,UV Gandhe,GJ Maxwell,Royal Challengers Bangalore,Chennai,"MA Chidambaram Stadium, Chepauk, Chennai",2021-04-14
1st innings,Royal Challengers Bangalore,Sunrisers Hyderabad,19.2,HV Patel,GJ Maxwell,JO Holder,0,0,0,,,,,RCB vs SH 2021-04-14,Nitin Menon,UV Gandhe,GJ Maxwell,Royal Challengers Bangalore,Chennai,"MA Chidambaram Stadium, Chepauk, Chennai",2021-04-14
1st innings,Royal Challengers Bangalore,Sunrisers Hyderabad,19.3,HV Patel,GJ Maxwell,JO Holder,0,2,2,,,,,RCB vs SH 2021-04-14,Nitin Menon,UV Gandhe,GJ Maxwell,Royal Challengers Bangalore,Chennai,"MA Chidambaram Stadium, Chepauk, Chennai",2021-04-14
1st innings,Royal Challengers Bangalore,Sunrisers Hyderabad,19.4,HV Patel,GJ Maxwell,JO Holder,1,0,1,wides,,,,RCB vs SH 2021-04-14,Nitin Menon,UV Gandhe,GJ Maxwell,Royal Challengers Bangalore,Chennai,"MA Chidambaram Stadium, Chepauk, Chennai",2021-04-14
1st innings,Royal Challengers Bangalore,Sunrisers Hyderabad,19.5,HV Patel,GJ Maxwell,JO Holder,0,6,6,,,,,RCB vs SH 2021-04-14,Nitin Menon,UV Gandhe,GJ Maxwell,Royal Challengers Bangalore,Chennai,"MA Chidambaram Stadium, Chepauk, Chennai",2021-04-14
1st innings,Royal Challengers Bangalore,Sunrisers Hyderabad,19.6,HV Patel,GJ Maxwell,JO Holder,1,0,1,wides,,,,RCB vs SH 2021-04-14,Nitin Menon,UV Gandhe,GJ Maxwell,Royal Challengers Bangalore,Chennai,"MA Chidambaram Stadium, Chepauk, Chennai",2021-04-14
1st innings,Royal Challengers Bangalore,Sunrisers Hyderabad,19.7,HV Patel,GJ Maxwell,JO Holder,0,2,2,,,,,RCB vs SH 2021-04-14,Nitin Menon,UV Gandhe,GJ Maxwell,Royal Challengers Bangalore,Chennai,"MA Chidambaram Stadium, Chepauk, Chennai",2021-04-14
1st innings,Royal Challengers Bangalore,Sunrisers Hyderabad,19.8,HV Patel,GJ Maxwell,JO Holder,1,0,1,wides,,,,RCB vs SH 2021-04-14,Nitin Menon,UV Gandhe,GJ Maxwell,Royal Challengers Bangalore,Chennai,"MA Chidambaram Stadium, Chepauk, Chennai",2021-04-14
1st innings,Royal Challengers Bangalore,Sunrisers Hyderabad,19.9,HV Patel,GJ Maxwell,JO Holder,0,0,0,,GJ Maxwell,caught,WP Saha,RCB vs SH 2021-04-14,Nitin Menon,UV Gandhe,GJ Maxwell,Royal Challengers Bangalore,Chennai,"MA Chidambaram Stadium, Chepauk, Chennai",2021-04-14
2nd innings,Sunrisers Hyderabad,Royal Challengers Bangalore,0.1,DA Warner,WP Saha,Mohammed Siraj,0,0,0,,,,,RCB vs SH 2021-04-14,Nitin Menon,UV Gandhe,GJ Maxwell,Royal Challengers Bangalore,Chennai,"MA Chidambaram Stadium, Chepauk, Chennai",2021-04-14
2nd innings,Sunrisers Hyderabad,Royal Challengers Bangalore,0.2,DA Warner,WP Saha,Mohammed Siraj,0,0,0,,,,,RCB vs SH 2021-04-14,Nitin Menon,UV Gandhe,GJ Maxwell,Royal Challengers Bangalore,Chennai,"MA Chidambaram Stadium, Chepauk, Chennai",2021-04-14
2nd innings,Sunrisers Hyderabad,Royal Challengers Bangalore,0.3,DA Warner,WP Saha,Mohammed Siraj,0,0,0,,,,,RCB vs SH 2021-04-14,Nitin Menon,UV Gandhe,GJ Maxwell,Royal Challengers Bangalore,Chennai,"MA Chidambaram Stadium, Chepauk, Chennai",2021-04-14
2nd innings,Sunrisers Hyderabad,Royal Challengers Bangalore,0.4,DA Warner,WP Saha,Mohammed Siraj,0,0,0,,,,,RCB vs SH 2021-04-14,Nitin Menon,UV Gandhe,GJ Maxwell,Royal Challengers Bangalore,Chennai,"MA Chidambaram Stadium, Chepauk, Chennai",2021-04-14
2nd innings,Sunrisers Hyderabad,Royal Challengers Bangalore,0.5,DA Warner,WP Saha,Mohammed Siraj,0,0,0,,,,,RCB vs SH 2021-04-14,Nitin Menon,UV Gandhe,GJ Maxwell,Royal Challengers Bangalore,Chennai,"MA Chidambaram Stadium, Chepauk, Chennai",2021-04-14
2nd innings,Sunrisers Hyderabad,Royal Challengers Bangalore,0.6,DA Warner,WP Saha,Mohammed Siraj,4,0,4,byes,,,,RCB vs SH 2021-04-14,Nitin Menon,UV Gandhe,GJ Maxwell,Royal Challengers Bangalore,Chennai,"MA Chidambaram Stadium, Chepauk, Chennai",2021-04-14
2nd innings,Sunrisers Hyderabad,Royal Challengers Bangalore,1.1,WP Saha,DA Warner,KA Jamieson,1,0,1,wides,,,,RCB vs SH 2021-04-14,Nitin Menon,UV Gandhe,GJ Maxwell,Royal Challengers Bangalore,Chennai,"MA Chidambaram Stadium, Chepauk, Chennai",2021-04-14
2nd innings,Sunrisers Hyderabad,Royal Challengers Bangalore,1.2,WP Saha,DA Warner,KA Jamieson,0,0,0,,,,,RCB vs SH 2021-04-14,Nitin Menon,UV Gandhe,GJ Maxwell,Royal Challengers Bangalore,Chennai,"MA Chidambaram Stadium, Chepauk, Chennai",2021-04-14
2nd innings,Sunrisers Hyderabad,Royal Challengers Bangalore,1.3,WP Saha,DA Warner,KA Jamieson,0,1,1,,,,,RCB vs SH 2021-04-14,Nitin Menon,UV Gandhe,GJ Maxwell,Royal Challengers Bangalore,Chennai,"MA Chidambaram Stadium, Chepauk, Chennai",2021-04-14
2nd innings,Sunrisers Hyderabad,Royal Challengers Bangalore,1.4,DA Warner,WP Saha,KA Jamieson,0,1,1,,,,,RCB vs SH 2021-04-14,Nitin Menon,UV Gandhe,GJ Maxwell,Royal Challengers Bangalore,Chennai,"MA Chidambaram Stadium, Chepauk, Chennai",2021-04-14
2nd innings,Sunrisers Hyderabad,Royal Challengers Bangalore,1.5,WP Saha,DA Warner,KA Jamieson,0,2,2,,,,,RCB vs SH 2021-04-14,Nitin Menon,UV Gandhe,GJ Maxwell,Royal Challengers Bangalore,Chennai,"MA Chidambaram Stadium, Chepauk, Chennai",2021-04-14
2nd innings,Sunrisers Hyderabad,Royal Challengers Bangalore,1.6,WP Saha,DA Warner,KA Jamieson,0,4,4,,,,,RCB vs SH 2021-04-14,Nitin Menon,UV Gandhe,GJ Maxwell,Royal Challengers Bangalore,Chennai,"MA Chidambaram Stadium, Chepauk, Chennai",2021-04-14
2nd innings,Sunrisers Hyderabad,Royal Challengers Bangalore,1.7,WP Saha,DA Warner,KA Jamieson,0,0,0,,,,,RCB vs SH 2021-04-14,Nitin Menon,UV Gandhe,GJ Maxwell,Royal Challengers Bangalore,Chennai,"MA Chidambaram Stadium, Chepauk, Chennai",2021-04-14
2nd innings,Sunrisers Hyderabad,Royal Challengers Bangalore,2.1,DA Warner,WP Saha,Mohammed Siraj,0,0,0,,,,,RCB vs SH 2021-04-14,Nitin Menon,UV Gandhe,GJ Maxwell,Royal Challengers Bangalore,Chennai,"MA Chidambaram Stadium, Chepauk, Chennai",2021-04-14
2nd innings,Sunrisers Hyderabad,Royal Challengers Bangalore,2.2,DA Warner,WP Saha,Mohammed Siraj,0,0,0,,WP Saha,caught,GJ Maxwell,RCB vs SH 2021-04-14,Nitin Menon,UV Gandhe,GJ Maxwell,Royal Challengers Bangalore,Chennai,"MA Chidambaram Stadium, Chepauk, Chennai",2021-04-14
2nd innings,Sunrisers Hyderabad,Royal Challengers Bangalore,2.3,DA Warner,MK Pandey,Mohammed Siraj,0,0,0,,,,,RCB vs SH 2021-04-14,Nitin Menon,UV Gandhe,GJ Maxwell,Royal Challengers Bangalore,Chennai,"MA Chidambaram Stadium, Chepauk, Chennai",2021-04-14
2nd innings,Sunrisers Hyderabad,Royal Challengers Bangalore,2.4,DA Warner,MK Pandey,Mohammed Siraj,0,0,0,,,,,RCB vs SH 2021-04-14,Nitin Menon,UV Gandhe,GJ Maxwell,Royal Challengers Bangalore,Chennai,"MA Chidambaram Stadium, Chepauk, Chennai",2021-04-14
2nd innings,Sunrisers Hyderabad,Royal Challengers Bangalore,2.5,DA Warner,MK Pandey,Mohammed Siraj,1,0,1,wides,,,,RCB vs SH 2021-04-14,Nitin Menon,UV Gandhe,GJ Maxwell,Royal Challengers Bangalore,Chennai,"MA Chidambaram Stadium, Chepauk, Chennai",2021-04-14
2nd innings,Sunrisers Hyderabad,Royal Challengers Bangalore,2.6,DA Warner,MK Pandey,Mohammed Siraj,0,0,0,,,,,RCB vs SH 2021-04-14,Nitin Menon,UV Gandhe,GJ Maxwell,Royal Challengers Bangalore,Chennai,"MA Chidambaram Stadium, Chepauk, Chennai",2021-04-14
2nd innings,Sunrisers Hyderabad,Royal Challengers Bangalore,2.7,DA Warner,MK Pandey,Mohammed Siraj,0,1,1,,,,,RCB vs SH 2021-04-14,Nitin Menon,UV Gandhe,GJ Maxwell,Royal Challengers Bangalore,Chennai,"MA Chidambaram Stadium, Chepauk, Chennai",2021-04-14
2nd innings,Sunrisers Hyderabad,Royal Challengers Bangalore,3.1,DA Warner,MK Pandey,KA Jamieson,0,0,0,,,,,RCB vs SH 2021-04-14,Nitin Menon,UV Gandhe,GJ Maxwell,Royal Challengers Bangalore,Chennai,"MA Chidambaram Stadium, Chepauk, Chennai",2021-04-14
2nd innings,Sunrisers Hyderabad,Royal Challengers Bangalore,3.2,DA Warner,MK Pandey,KA Jamieson,0,6,6,,,,,RCB vs SH 2021-04-14,Nitin Menon,UV Gandhe,GJ Maxwell,Royal Challengers Bangalore,Chennai,"MA Chidambaram Stadium, Chepauk, Chennai",2021-04-14
2nd innings,Sunrisers Hyderabad,Royal Challengers Bangalore,3.3,DA Warner,MK Pandey,KA Jamieson,0,1,1,,,,,RCB vs SH 2021-04-14,Nitin Menon,UV Gandhe,GJ Maxwell,Royal Challengers Bangalore,Chennai,"MA Chidambaram Stadium, Chepauk, Chennai",2021-04-14
2nd innings,Sunrisers Hyderabad,Royal Challengers Bangalore,3.4,MK Pandey,DA Warner,KA Jamieson,0,4,4,,,,,RCB vs SH 2021-04-14,Nitin Menon,UV Gandhe,GJ Maxwell,Royal Challengers Bangalore,Chennai,"MA Chidambaram Stadium, Chepauk, Chennai",2021-04-14
2nd innings,Sunrisers Hyderabad,Royal Challengers Bangalore,3.5,MK Pandey,DA Warner,KA Jamieson,0,0,0,,,,,RCB vs SH 2021-04-14,Nitin Menon,UV Gandhe,GJ Maxwell,Royal Challengers Bangalore,Chennai,"MA Chidambaram Stadium, Chepauk, Chennai",2021-04-14
2nd innings,Sunrisers Hyderabad,Royal Challengers Bangalore,3.6,MK Pandey,DA Warner,KA Jamieson,0,6,6,,,,,RCB vs SH 2021-04-14,Nitin Menon,UV Gandhe,GJ Maxwell,Royal Challengers Bangalore,Chennai,"MA Chidambaram Stadium, Chepauk, Chennai",2021-04-14
2nd innings,Sunrisers Hyderabad,Royal Challengers Bangalore,4.1,DA Warner,MK Pandey,Washington Sundar,0,0,0,,,,,RCB vs SH 2021-04-14,Nitin Menon,UV Gandhe,GJ Maxwell,Royal Challengers Bangalore,Chennai,"MA Chidambaram Stadium, Chepauk, Chennai",2021-04-14
2nd innings,Sunrisers Hyderabad,Royal Challengers Bangalore,4.2,DA Warner,MK Pandey,Washington Sundar,0,0,0,,,,,RCB vs SH 2021-04-14,Nitin Menon,UV Gandhe,GJ Maxwell,Royal Challengers Bangalore,Chennai,"MA Chidambaram Stadium, Chepauk, Chennai",2021-04-14
2nd innings,Sunrisers Hyderabad,Royal Challengers Bangalore,4.3,DA Warner,MK Pandey,Washington Sundar,0,0,0,,,,,RCB vs SH 2021-04-14,Nitin Menon,UV Gandhe,GJ Maxwell,Royal Challengers Bangalore,Chennai,"MA Chidambaram Stadium, Chepauk, Chennai",2021-04-14
2nd innings,Sunrisers Hyderabad,Royal Challengers Bangalore,4.4,DA Warner,MK Pandey,Washington Sundar,0,4,4,,,,,RCB vs SH 2021-04-14,Nitin Menon,UV Gandhe,GJ Maxwell,Royal Challengers Bangalore,Chennai,"MA Chidambaram Stadium, Chepauk, Chennai",2021-04-14
2nd innings,Sunrisers Hyderabad,Royal Challengers Bangalore,4.5,DA Warner,MK Pandey,Washington Sundar,1,0,1,wides,,,,RCB vs SH 2021-04-14,Nitin Menon,UV Gandhe,GJ Maxwell,Royal Challengers Bangalore,Chennai,"MA Chidambaram Stadium, Chepauk, Chennai",2021-04-14
2nd innings,Sunrisers Hyderabad,Royal Challengers Bangalore,4.6,DA Warner,MK Pandey,Washington Sundar,0,1,1,,,,,RCB vs SH 2021-04-14,Nitin Menon,UV Gandhe,GJ Maxwell,Royal Challengers Bangalore,Chennai,"MA Chidambaram Stadium, Chepauk, Chennai",2021-04-14
2nd innings,Sunrisers Hyderabad,Royal Challengers Bangalore,4.7,MK Pandey,DA Warner,Washington Sundar,0,0,0,,,,,RCB vs SH 2021-04-14,Nitin Menon,UV Gandhe,GJ Maxwell,Royal Challengers Bangalore,Chennai,"MA Chidambaram Stadium, Chepauk, Chennai",2021-04-14
2nd innings,Sunrisers Hyderabad,Royal Challengers Bangalore,5.1,DA Warner,MK Pandey,Mohammed Siraj,0,0,0,,,,,RCB vs SH 2021-04-14,Nitin Menon,UV Gandhe,GJ Maxwell,Royal Challengers Bangalore,Chennai,"MA Chidambaram Stadium, Chepauk, Chennai",2021-04-14
2nd innings,Sunrisers Hyderabad,Royal Challengers Bangalore,5.2,DA Warner,MK Pandey,Mohammed Siraj,0,1,1,,,,,RCB vs SH 2021-04-14,Nitin Menon,UV Gandhe,GJ Maxwell,Royal Challengers Bangalore,Chennai,"MA Chidambaram Stadium, Chepauk, Chennai",2021-04-14
2nd innings,Sunrisers Hyderabad,Royal Challengers Bangalore,5.3,MK Pandey,DA Warner,Mohammed Siraj,0,2,2,,,,,RCB vs SH 2021-04-14,Nitin Menon,UV Gandhe,GJ Maxwell,Royal Challengers Bangalore,Chennai,"MA Chidambaram Stadium, Chepauk, Chennai",2021-04-14
2nd innings,Sunrisers Hyderabad,Royal Challengers Bangalore,5.4,MK Pandey,DA Warner,Mohammed Siraj,0,4,4,,,,,RCB vs SH 2021-04-14,Nitin Menon,UV Gandhe,GJ Maxwell,Royal Challengers Bangalore,Chennai,"MA Chidambaram Stadium, Chepauk, Chennai",2021-04-14
2nd innings,Sunrisers Hyderabad,Royal Challengers Bangalore,5.5,MK Pandey,DA Warner,Mohammed Siraj,0,4,4,,,,,RCB vs SH 2021-04-14,Nitin Menon,UV Gandhe,GJ Maxwell,Royal Challengers Bangalore,Chennai,"MA Chidambaram Stadium, Chepauk, Chennai",2021-04-14
2nd innings,Sunrisers Hyderabad,Royal Challengers Bangalore,5.6,MK Pandey,DA Warner,Mohammed Siraj,0,1,1,,,,,RCB vs SH 2021-04-14,Nitin Menon,UV Gandhe,GJ Maxwell,Royal Challengers Bangalore,Chennai,"MA Chidambaram Stadium, Chepauk, Chennai",2021-04-14
2nd innings,Sunrisers Hyderabad,Royal Challengers Bangalore,6.1,MK Pandey,DA Warner,YS Chahal,1,0,1,wides,,,,RCB vs SH 2021-04-14,Nitin Menon,UV Gandhe,GJ Maxwell,Royal Challengers Bangalore,Chennai,"MA Chidambaram Stadium, Chepauk, Chennai",2021-04-14
2nd innings,Sunrisers Hyderabad,Royal Challengers Bangalore,6.2,MK Pandey,DA Warner,YS Chahal,0,1,1,,,,,RCB vs SH 2021-04-14,Nitin Menon,UV Gandhe,GJ Maxwell,Royal Challengers Bangalore,Chennai,"MA Chidambaram Stadium, Chepauk, Chennai",2021-04-14
2nd innings,Sunrisers Hyderabad,Royal Challengers Bangalore,6.3,DA Warner,MK Pandey,YS Chahal,0,4,4,,,,,RCB vs SH 2021-04-14,Nitin Menon,UV Gandhe,GJ Maxwell,Royal Challengers Bangalore,Chennai,"MA Chidambaram Stadium, Chepauk, Chennai",2021-04-14
2nd innings,Sunrisers Hyderabad,Royal Challengers Bangalore,6.4,DA Warner,MK Pandey,YS Chahal,0,0,0,,,,,RCB vs SH 2021-04-14,Nitin Menon,UV Gandhe,GJ Maxwell,Royal Challengers Bangalore,Chennai,"MA Chidambaram Stadium, Chepauk, Chennai",2021-04-14
2nd innings,Sunrisers Hyderabad,Royal Challengers Bangalore,6.5,DA Warner,MK Pandey,YS Chahal,0,1,1,,,,,RCB vs SH 2021-04-14,Nitin Menon,UV Gandhe,GJ Maxwell,Royal Challengers Bangalore,Chennai,"MA Chidambaram Stadium, Chepauk, Chennai",2021-04-14
2nd innings,Sunrisers Hyderabad,Royal Challengers Bangalore,6.6,MK Pandey,DA Warner,YS Chahal,0,0,0,,,,,RCB vs SH 2021-04-14,Nitin Menon,UV Gandhe,GJ Maxwell,Royal Challengers Bangalore,Chennai,"MA Chidambaram Stadium, Chepauk, Chennai",2021-04-14
2nd innings,Sunrisers Hyderabad,Royal Challengers Bangalore,6.7,MK Pandey,DA Warner,YS Chahal,0,0,0,,,,,RCB vs SH 2021-04-14,Nitin Menon,UV Gandhe,GJ Maxwell,Royal Challengers Bangalore,Chennai,"MA Chidambaram Stadium, Chepauk, Chennai",2021-04-14
2nd innings,Sunrisers Hyderabad,Royal Challengers Bangalore,7.1,DA Warner,MK Pandey,Washington Sundar,0,1,1,,,,,RCB vs SH 2021-04-14,Nitin Menon,UV Gandhe,GJ Maxwell,Royal Challengers Bangalore,Chennai,"MA Chidambaram Stadium, Chepauk, Chennai",2021-04-14
2nd innings,Sunrisers Hyderabad,Royal Challengers Bangalore,7.2,MK Pandey,DA Warner,Washington Sundar,0,1,1,,,,,RCB vs SH 2021-04-14,Nitin Menon,UV Gandhe,GJ Maxwell,Royal Challengers Bangalore,Chennai,"MA Chidambaram Stadium, Chepauk, Chennai",2021-04-14
2nd innings,Sunrisers Hyderabad,Royal Challengers Bangalore,7.3,DA Warner,MK Pandey,Washington Sundar,0,0,0,,,,,RCB vs SH 2021-04-14,Nitin Menon,UV Gandhe,GJ Maxwell,Royal Challengers Bangalore,Chennai,"MA Chidambaram Stadium, Chepauk, Chennai",2021-04-14
2nd innings,Sunrisers Hyderabad,Royal Challengers Bangalore,7.4,DA Warner,MK Pandey,Washington Sundar,0,6,6,,,,,RCB vs SH 2021-04-14,Nitin Menon,UV Gandhe,GJ Maxwell,Royal Challengers Bangalore,Chennai,"MA Chidambaram Stadium, Chepauk, Chennai",2021-04-14
2nd innings,Sunrisers Hyderabad,Royal Challengers Bangalore,7.5,DA Warner,MK Pandey,Washington Sundar,0,0,0,,,,,RCB vs SH 2021-04-14,Nitin Menon,UV Gandhe,GJ Maxwell,Royal Challengers Bangalore,Chennai,"MA Chidambaram Stadium, Chepauk, Chennai",2021-04-14
2nd innings,Sunrisers Hyderabad,Royal Challengers Bangalore,7.6,DA Warner,MK Pandey,Washington Sundar,0,0,0,,,,,RCB vs SH 2021-04-14,Nitin Menon,UV Gandhe,GJ Maxwell,Royal Challengers Bangalore,Chennai,"MA Chidambaram Stadium, Chepauk, Chennai",2021-04-14
2nd innings,Sunrisers Hyderabad,Royal Challengers Bangalore,8.1,MK Pandey,DA Warner,YS Chahal,0,1,1,,,,,RCB vs SH 2021-04-14,Nitin Menon,UV Gandhe,GJ Maxwell,Royal Challengers Bangalore,Chennai,"MA Chidambaram Stadium, Chepauk, Chennai",2021-04-14
2nd innings,Sunrisers Hyderabad,Royal Challengers Bangalore,8.2,DA Warner,MK Pandey,YS Chahal,0,1,1,,,,,RCB vs SH 2021-04-14,Nitin Menon,UV Gandhe,GJ Maxwell,Royal Challengers Bangalore,Chennai,"MA Chidambaram Stadium, Chepauk, Chennai",2021-04-14
2nd innings,Sunrisers Hyderabad,Royal Challengers Bangalore,8.3,MK Pandey,DA Warner,YS Chahal,0,1,1,,,,,RCB vs SH 2021-04-14,Nitin Menon,UV Gandhe,GJ Maxwell,Royal Challengers Bangalore,Chennai,"MA Chidambaram Stadium, Chepauk, Chennai",2021-04-14
2nd innings,Sunrisers Hyderabad,Royal Challengers Bangalore,8.4,DA Warner,MK Pandey,YS Chahal,0,2,2,,,,,RCB vs SH 2021-04-14,Nitin Menon,UV Gandhe,GJ Maxwell,Royal Challengers Bangalore,Chennai,"MA Chidambaram Stadium, Chepauk, Chennai",2021-04-14
2nd innings,Sunrisers Hyderabad,Royal Challengers Bangalore,8.5,DA Warner,MK Pandey,YS Chahal,0,0,0,,,,,RCB vs SH 2021-04-14,Nitin Menon,UV Gandhe,GJ Maxwell,Royal Challengers Bangalore,Chennai,"MA Chidambaram Stadium, Chepauk, Chennai",2021-04-14
2nd innings,Sunrisers Hyderabad,Royal Challengers Bangalore,8.6,DA Warner,MK Pandey,YS Chahal,0,0,0,,,,,RCB vs SH 2021-04-14,Nitin Menon,UV Gandhe,GJ Maxwell,Royal Challengers Bangalore,Chennai,"MA Chidambaram Stadium, Chepauk, Chennai",2021-04-14
2nd innings,Sunrisers Hyderabad,Royal Challengers Bangalore,9.1,MK Pandey,DA Warner,HV Patel,0,4,4,,,,,RCB vs SH 2021-04-14,Nitin Menon,UV Gandhe,GJ Maxwell,Royal Challengers Bangalore,Chennai,"MA Chidambaram Stadium, Chepauk, Chennai",2021-04-14
2nd innings,Sunrisers Hyderabad,Royal Challengers Bangalore,9.2,MK Pandey,DA Warner,HV Patel,0,1,1,,,,,RCB vs SH 2021-04-14,Nitin Menon,UV Gandhe,GJ Maxwell,Royal Challengers Bangalore,Chennai,"MA Chidambaram Stadium, Chepauk, Chennai",2021-04-14
2nd innings,Sunrisers Hyderabad,Royal Challengers Bangalore,9.3,DA Warner,MK Pandey,HV Patel,0,1,1,,,,,RCB vs SH 2021-04-14,Nitin Menon,UV Gandhe,GJ Maxwell,Royal Challengers Bangalore,Chennai,"MA Chidambaram Stadium, Chepauk, Chennai",2021-04-14
2nd innings,Sunrisers Hyderabad,Royal Challengers Bangalore,9.4,MK Pandey,DA Warner,HV Patel,0,0,0,,,,,RCB vs SH 2021-04-14,Nitin Menon,UV Gandhe,GJ Maxwell,Royal Challengers Bangalore,Chennai,"MA Chidambaram Stadium, Chepauk, Chennai",2021-04-14
2nd innings,Sunrisers Hyderabad,Royal Challengers Bangalore,9.5,MK Pandey,DA Warner,HV Patel,0,0,0,,,,,RCB vs SH 2021-04-14,Nitin Menon,UV Gandhe,GJ Maxwell,Royal Challengers Bangalore,Chennai,"MA Chidambaram Stadium, Chepauk, Chennai",2021-04-14
2nd innings,Sunrisers Hyderabad,Royal Challengers Bangalore,9.6,MK Pandey,DA Warner,HV Patel,0,1,1,,,,,RCB vs SH 2021-04-14,Nitin Menon,UV Gandhe,GJ Maxwell,Royal Challengers Bangalore,Chennai,"MA Chidambaram Stadium, Chepauk, Chennai",2021-04-14
2nd innings,Sunrisers Hyderabad,Royal Challengers Bangalore,10.1,MK Pandey,DA Warner,YS Chahal,0,4,4,,,,,RCB vs SH 2021-04-14,Nitin Menon,UV Gandhe,GJ Maxwell,Royal Challengers Bangalore,Chennai,"MA Chidambaram Stadium, Chepauk, Chennai",2021-04-14
2nd innings,Sunrisers Hyderabad,Royal Challengers Bangalore,10.2,MK Pandey,DA Warner,YS Chahal,0,0,0,,,,,RCB vs SH 2021-04-14,Nitin Menon,UV Gandhe,GJ Maxwell,Royal Challengers Bangalore,Chennai,"MA Chidambaram Stadium, Chepauk, Chennai",2021-04-14
2nd innings,Sunrisers Hyderabad,Royal Challengers Bangalore,10.3,MK Pandey,DA Warner,YS Chahal,0,4,4,,,,,RCB vs SH 2021-04-14,Nitin Menon,UV Gandhe,GJ Maxwell,Royal Challengers Bangalore,Chennai,"MA Chidambaram Stadium, Chepauk, Chennai",2021-04-14
2nd innings,Sunrisers Hyderabad,Royal Challengers Bangalore,10.4,MK Pandey,DA Warner,YS Chahal,0,1,1,,,,,RCB vs SH 2021-04-14,Nitin Menon,UV Gandhe,GJ Maxwell,Royal Challengers Bangalore,Chennai,"MA Chidambaram Stadium, Chepauk, Chennai",2021-04-14
2nd innings,Sunrisers Hyderabad,Royal Challengers Bangalore,10.5,DA Warner,MK Pandey,YS Chahal,0,1,1,,,,,RCB vs SH 2021-04-14,Nitin Menon,UV Gandhe,GJ Maxwell,Royal Challengers Bangalore,Chennai,"MA Chidambaram Stadium, Chepauk, Chennai",2021-04-14
2nd innings,Sunrisers Hyderabad,Royal Challengers Bangalore,10.6,MK Pandey,DA Warner,YS Chahal,0,0,0,,,,,RCB vs SH 2021-04-14,Nitin Menon,UV Gandhe,GJ Maxwell,Royal Challengers Bangalore,Chennai,"MA Chidambaram Stadium, Chepauk, Chennai",2021-04-14
2nd innings,Sunrisers Hyderabad,Royal Challengers Bangalore,11.1,DA Warner,MK Pandey,HV Patel,0,0,0,,,,,RCB vs SH 2021-04-14,Nitin Menon,UV Gandhe,GJ Maxwell,Royal Challengers Bangalore,Chennai,"MA Chidambaram Stadium, Chepauk, Chennai",2021-04-14
2nd innings,Sunrisers Hyderabad,Royal Challengers Bangalore,11.2,DA Warner,MK Pandey,HV Patel,0,0,0,,,,,RCB vs SH 2021-04-14,Nitin Menon,UV Gandhe,GJ Maxwell,Royal Challengers Bangalore,Chennai,"MA Chidambaram Stadium, Chepauk, Chennai",2021-04-14
2nd innings,Sunrisers Hyderabad,Royal Challengers Bangalore,11.3,DA Warner,MK Pandey,HV Patel,0,0,0,,,,,RCB vs SH 2021-04-14,Nitin Menon,UV Gandhe,GJ Maxwell,Royal Challengers Bangalore,Chennai,"MA Chidambaram Stadium, Chepauk, Chennai",2021-04-14
2nd innings,Sunrisers Hyderabad,Royal Challengers Bangalore,11.4,DA Warner,MK Pandey,HV Patel,0,0,0,,,,,RCB vs SH 2021-04-14,Nitin Menon,UV Gandhe,GJ Maxwell,Royal Challengers Bangalore,Chennai,"MA Chidambaram Stadium, Chepauk, Chennai",2021-04-14
2nd innings,Sunrisers Hyderabad,Royal Challengers Bangalore,11.5,DA Warner,MK Pandey,HV Patel,0,1,1,,,,,RCB vs SH 2021-04-14,Nitin Menon,UV Gandhe,GJ Maxwell,Royal Challengers Bangalore,Chennai,"MA Chidambaram Stadium, Chepauk, Chennai",2021-04-14
2nd innings,Sunrisers Hyderabad,Royal Challengers Bangalore,11.6,MK Pandey,DA Warner,HV Patel,0,1,1,,,,,RCB vs SH 2021-04-14,Nitin Menon,UV Gandhe,GJ Maxwell,Royal Challengers Bangalore,Chennai,"MA Chidambaram Stadium, Chepauk, Chennai",2021-04-14
2nd innings,Sunrisers Hyderabad,Royal Challengers Bangalore,12.1,MK Pandey,DA Warner,DT Christian,0,2,2,,,,,RCB vs SH 2021-04-14,Nitin Menon,UV Gandhe,GJ Maxwell,Royal Challengers Bangalore,Chennai,"MA Chidambaram Stadium, Chepauk, Chennai",2021-04-14
2nd innings,Sunrisers Hyderabad,Royal Challengers Bangalore,12.2,MK Pandey,DA Warner,DT Christian,0,2,2,,,,,RCB vs SH 2021-04-14,Nitin Menon,UV Gandhe,GJ Maxwell,Royal Challengers Bangalore,Chennai,"MA Chidambaram Stadium, Chepauk, Chennai",2021-04-14
2nd innings,Sunrisers Hyderabad,Royal Challengers Bangalore,12.3,MK Pandey,DA Warner,DT Christian,0,1,1,,,,,RCB vs SH 2021-04-14,Nitin Menon,UV Gandhe,GJ Maxwell,Royal Challengers Bangalore,Chennai,"MA Chidambaram Stadium, Chepauk, Chennai",2021-04-14
2nd innings,Sunrisers Hyderabad,Royal Challengers Bangalore,12.4,DA Warner,MK Pandey,DT Christian,0,1,1,,,,,RCB vs SH 2021-04-14,Nitin Menon,UV Gandhe,GJ Maxwell,Royal Challengers Bangalore,Chennai,"MA Chidambaram Stadium, Chepauk, Chennai",2021-04-14
2nd innings,Sunrisers Hyderabad,Royal Challengers Bangalore,12.5,MK Pandey,DA Warner,DT Christian,0,0,0,,,,,RCB vs SH 2021-04-14,Nitin Menon,UV Gandhe,GJ Maxwell,Royal Challengers Bangalore,Chennai,"MA Chidambaram Stadium, Chepauk, Chennai",2021-04-14
2nd innings,Sunrisers Hyderabad,Royal Challengers Bangalore,12.6,MK Pandey,DA Warner,DT Christian,0,1,1,,,,,RCB vs SH 2021-04-14,Nitin Menon,UV Gandhe,GJ Maxwell,Royal Challengers Bangalore,Chennai,"MA Chidambaram Stadium, Chepauk, Chennai",2021-04-14
2nd innings,Sunrisers Hyderabad,Royal Challengers Bangalore,13.1,MK Pandey,DA Warner,KA Jamieson,0,0,0,,,,,RCB vs SH 2021-04-14,Nitin Menon,UV Gandhe,GJ Maxwell,Royal Challengers Bangalore,Chennai,"MA Chidambaram Stadium, Chepauk, Chennai",2021-04-14
2nd innings,Sunrisers Hyderabad,Royal Challengers Bangalore,13.2,MK Pandey,DA Warner,KA Jamieson,0,0,0,,DA Warner,caught,DT Christian,RCB vs SH 2021-04-14,Nitin Menon,UV Gandhe,GJ Maxwell,Royal Challengers Bangalore,Chennai,"MA Chidambaram Stadium, Chepauk, Chennai",2021-04-14
2nd innings,Sunrisers Hyderabad,Royal Challengers Bangalore,13.3,MK Pandey,JM Bairstow,KA Jamieson,2,0,2,legbyes,,,,RCB vs SH 2021-04-14,Nitin Menon,UV Gandhe,GJ Maxwell,Royal Challengers Bangalore,Chennai,"MA Chidambaram Stadium, Chepauk, Chennai",2021-04-14
2nd innings,Sunrisers Hyderabad,Royal Challengers Bangalore,13.4,MK Pandey,JM Bairstow,KA Jamieson,0,0,0,,,,,RCB vs SH 2021-04-14,Nitin Menon,UV Gandhe,GJ Maxwell,Royal Challengers Bangalore,Chennai,"MA Chidambaram Stadium, Chepauk, Chennai",2021-04-14
2nd innings,Sunrisers Hyderabad,Royal Challengers Bangalore,13.5,MK Pandey,JM Bairstow,KA Jamieson,0,0,0,,,,,RCB vs SH 2021-04-14,Nitin Menon,UV Gandhe,GJ Maxwell,Royal Challengers Bangalore,Chennai,"MA Chidambaram Stadium, Chepauk, Chennai",2021-04-14
2nd innings,Sunrisers Hyderabad,Royal Challengers Bangalore,13.6,MK Pandey,JM Bairstow,KA Jamieson,0,4,4,,,,,RCB vs SH 2021-04-14,Nitin Menon,UV Gandhe,GJ Maxwell,Royal Challengers Bangalore,Chennai,"MA Chidambaram Stadium, Chepauk, Chennai",2021-04-14
2nd innings,Sunrisers Hyderabad,Royal Challengers Bangalore,14.1,JM Bairstow,MK Pandey,Shahbaz Ahmed,0,1,1,,,,,RCB vs SH 2021-04-14,Nitin Menon,UV Gandhe,GJ Maxwell,Royal Challengers Bangalore,Chennai,"MA Chidambaram Stadium, Chepauk, Chennai",2021-04-14
2nd innings,Sunrisers Hyderabad,Royal Challengers Bangalore,14.2,MK Pandey,JM Bairstow,Shahbaz Ahmed,0,0,0,,,,,RCB vs SH 2021-04-14,Nitin Menon,UV Gandhe,GJ Maxwell,Royal Challengers Bangalore,Chennai,"MA Chidambaram Stadium, Chepauk, Chennai",2021-04-14
2nd innings,Sunrisers Hyderabad,Royal Challengers Bangalore,14.3,MK Pandey,JM Bairstow,Shahbaz Ahmed,0,1,1,,,,,RCB vs SH 2021-04-14,Nitin Menon,UV Gandhe,GJ Maxwell,Royal Challengers Bangalore,Chennai,"MA Chidambaram Stadium, Chepauk, Chennai",2021-04-14
2nd innings,Sunrisers Hyderabad,Royal Challengers Bangalore,14.4,JM Bairstow,MK Pandey,Shahbaz Ahmed,0,2,2,,,,,RCB vs SH 2021-04-14,Nitin Menon,UV Gandhe,GJ Maxwell,Royal Challengers Bangalore,Chennai,"MA Chidambaram Stadium, Chepauk, Chennai",2021-04-14
2nd innings,Sunrisers Hyderabad,Royal Challengers Bangalore,14.5,JM Bairstow,MK Pandey,Shahbaz Ahmed,0,1,1,,,,,RCB vs SH 2021-04-14,Nitin Menon,UV Gandhe,GJ Maxwell,Royal Challengers Bangalore,Chennai,"MA Chidambaram Stadium, Chepauk, Chennai",2021-04-14
2nd innings,Sunrisers Hyderabad,Royal Challengers Bangalore,14.6,MK Pandey,JM Bairstow,Shahbaz Ahmed,0,1,1,,,,,RCB vs SH 2021-04-14,Nitin Menon,UV Gandhe,GJ Maxwell,Royal Challengers Bangalore,Chennai,"MA Chidambaram Stadium, Chepauk, Chennai",2021-04-14
2nd innings,Sunrisers Hyderabad,Royal Challengers Bangalore,15.1,MK Pandey,JM Bairstow,YS Chahal,0,0,0,,,,,RCB vs SH 2021-04-14,Nitin Menon,UV Gandhe,GJ Maxwell,Royal Challengers Bangalore,Chennai,"MA Chidambaram Stadium, Chepauk, Chennai",2021-04-14
2nd innings,Sunrisers Hyderabad,Royal Challengers Bangalore,15.2,MK Pandey,JM Bairstow,YS Chahal,0,3,3,,,,,RCB vs SH 2021-04-14,Nitin Menon,UV Gandhe,GJ Maxwell,Royal Challengers Bangalore,Chennai,"MA Chidambaram Stadium, Chepauk, Chennai",2021-04-14
2nd innings,Sunrisers Hyderabad,Royal Challengers Bangalore,15.3,JM Bairstow,MK Pandey,YS Chahal,0,1,1,,,,,RCB vs SH 2021-04-14,Nitin Menon,UV Gandhe,GJ Maxwell,Royal Challengers Bangalore,Chennai,"MA Chidambaram Stadium, Chepauk, Chennai",2021-04-14
2nd innings,Sunrisers Hyderabad,Royal Challengers Bangalore,15.4,MK Pandey,JM Bairstow,YS Chahal,0,0,0,,,,,RCB vs SH 2021-04-14,Nitin Menon,UV Gandhe,GJ Maxwell,Royal Challengers Bangalore,Chennai,"MA Chidambaram Stadium, Chepauk, Chennai",2021-04-14
2nd innings,Sunrisers Hyderabad,Royal Challengers Bangalore,15.5,MK Pandey,JM Bairstow,YS Chahal,0,2,2,,,,,RCB vs SH 2021-04-14,Nitin Menon,UV Gandhe,GJ Maxwell,Royal Challengers Bangalore,Chennai,"MA Chidambaram Stadium, Chepauk, Chennai",2021-04-14
2nd innings,Sunrisers Hyderabad,Royal Challengers Bangalore,15.6,MK Pandey,JM Bairstow,YS Chahal,0,1,1,,,,,RCB vs SH 2021-04-14,Nitin Menon,UV Gandhe,GJ Maxwell,Royal Challengers Bangalore,Chennai,"MA Chidambaram Stadium, Chepauk, Chennai",2021-04-14
2nd innings,Sunrisers Hyderabad,Royal Challengers Bangalore,16.1,MK Pandey,JM Bairstow,Shahbaz Ahmed,0,0,0,,JM Bairstow,caught,AB de Villiers,RCB vs SH 2021-04-14,Nitin Menon,UV Gandhe,GJ Maxwell,Royal Challengers Bangalore,Chennai,"MA Chidambaram Stadium, Chepauk, Chennai",2021-04-14
2nd innings,Sunrisers Hyderabad,Royal Challengers Bangalore,16.2,Abdul Samad,MK Pandey,Shahbaz Ahmed,0,0,0,,MK Pandey,caught,HV Patel,RCB vs SH 2021-04-14,Nitin Menon,UV Gandhe,GJ Maxwell,Royal Challengers Bangalore,Chennai,"MA Chidambaram Stadium, Chepauk, Chennai",2021-04-14
2nd innings,Sunrisers Hyderabad,Royal Challengers Bangalore,16.3,Abdul Samad,V Shankar,Shahbaz Ahmed,0,0,0,,,,,RCB vs SH 2021-04-14,Nitin Menon,UV Gandhe,GJ Maxwell,Royal Challengers Bangalore,Chennai,"MA Chidambaram Stadium, Chepauk, Chennai",2021-04-14
2nd innings,Sunrisers Hyderabad,Royal Challengers Bangalore,16.4,Abdul Samad,V Shankar,Shahbaz Ahmed,0,1,1,,,,,RCB vs SH 2021-04-14,Nitin Menon,UV Gandhe,GJ Maxwell,Royal Challengers Bangalore,Chennai,"MA Chidambaram Stadium, Chepauk, Chennai",2021-04-14
2nd innings,Sunrisers Hyderabad,Royal Challengers Bangalore,16.5,V Shankar,Abdul Samad,Shahbaz Ahmed,0,0,0,,,,,RCB vs SH 2021-04-14,Nitin Menon,UV Gandhe,GJ Maxwell,Royal Challengers Bangalore,Chennai,"MA Chidambaram Stadium, Chepauk, Chennai",2021-04-14
2nd innings,Sunrisers Hyderabad,Royal Challengers Bangalore,16.6,V Shankar,Abdul Samad,Shahbaz Ahmed,0,0,0,,Abdul Samad,caught and bowled,,RCB vs SH 2021-04-14,Nitin Menon,UV Gandhe,GJ Maxwell,Royal Challengers Bangalore,Chennai,"MA Chidambaram Stadium, Chepauk, Chennai",2021-04-14
2nd innings,Sunrisers Hyderabad,Royal Challengers Bangalore,17.1,JO Holder,V Shankar,HV Patel,0,1,1,,,,,RCB vs SH 2021-04-14,Nitin Menon,UV Gandhe,GJ Maxwell,Royal Challengers Bangalore,Chennai,"MA Chidambaram Stadium, Chepauk, Chennai",2021-04-14
2nd innings,Sunrisers Hyderabad,Royal Challengers Bangalore,17.2,V Shankar,JO Holder,HV Patel,0,1,1,,,,,RCB vs SH 2021-04-14,Nitin Menon,UV Gandhe,GJ Maxwell,Royal Challengers Bangalore,Chennai,"MA Chidambaram Stadium, Chepauk, Chennai",2021-04-14
2nd innings,Sunrisers Hyderabad,Royal Challengers Bangalore,17.3,JO Holder,V Shankar,HV Patel,0,1,1,,,,,RCB vs SH 2021-04-14,Nitin Menon,UV Gandhe,GJ Maxwell,Royal Challengers Bangalore,Chennai,"MA Chidambaram Stadium, Chepauk, Chennai",2021-04-14
2nd innings,Sunrisers Hyderabad,Royal Challengers Bangalore,17.4,V Shankar,JO Holder,HV Patel,1,0,1,noballs,,,,RCB vs SH 2021-04-14,Nitin Menon,UV Gandhe,GJ Maxwell,Royal Challengers Bangalore,Chennai,"MA Chidambaram Stadium, Chepauk, Chennai",2021-04-14
2nd innings,Sunrisers Hyderabad,Royal Challengers Bangalore,17.5,V Shankar,JO Holder,HV Patel,0,2,2,,,,,RCB vs SH 2021-04-14,Nitin Menon,UV Gandhe,GJ Maxwell,Royal Challengers Bangalore,Chennai,"MA Chidambaram Stadium, Chepauk, Chennai",2021-04-14
2nd innings,Sunrisers Hyderabad,Royal Challengers Bangalore,17.6,V Shankar,JO Holder,HV Patel,0,1,1,,,,,RCB vs SH 2021-04-14,Nitin Menon,UV Gandhe,GJ Maxwell,Royal Challengers Bangalore,Chennai,"MA Chidambaram Stadium, Chepauk, Chennai",2021-04-14
2nd innings,Sunrisers Hyderabad,Royal Challengers Bangalore,17.7,JO Holder,V Shankar,HV Patel,0,0,0,,V Shankar,caught,V Kohli,RCB vs SH 2021-04-14,Nitin Menon,UV Gandhe,GJ Maxwell,Royal Challengers Bangalore,Chennai,"MA Chidambaram Stadium, Chepauk, Chennai",2021-04-14
2nd innings,Sunrisers Hyderabad,Royal Challengers Bangalore,18.1,JO Holder,Rashid Khan,Mohammed Siraj,0,6,6,,,,,RCB vs SH 2021-04-14,Nitin Menon,UV Gandhe,GJ Maxwell,Royal Challengers Bangalore,Chennai,"MA Chidambaram Stadium, Chepauk, Chennai",2021-04-14
2nd innings,Sunrisers Hyderabad,Royal Challengers Bangalore,18.2,JO Holder,Rashid Khan,Mohammed Siraj,0,1,1,,,,,RCB vs SH 2021-04-14,Nitin Menon,UV Gandhe,GJ Maxwell,Royal Challengers Bangalore,Chennai,"MA Chidambaram Stadium, Chepauk, Chennai",2021-04-14
2nd innings,Sunrisers Hyderabad,Royal Challengers Bangalore,18.3,Rashid Khan,JO Holder,Mohammed Siraj,0,0,0,,JO Holder,caught,DT Christian,RCB vs SH 2021-04-14,Nitin Menon,UV Gandhe,GJ Maxwell,Royal Challengers Bangalore,Chennai,"MA Chidambaram Stadium, Chepauk, Chennai",2021-04-14
2nd innings,Sunrisers Hyderabad,Royal Challengers Bangalore,18.4,B Kumar,Rashid Khan,Mohammed Siraj,0,2,2,,,,,RCB vs SH 2021-04-14,Nitin Menon,UV Gandhe,GJ Maxwell,Royal Challengers Bangalore,Chennai,"MA Chidambaram Stadium, Chepauk, Chennai",2021-04-14
2nd innings,Sunrisers Hyderabad,Royal Challengers Bangalore,18.5,B Kumar,Rashid Khan,Mohammed Siraj,0,2,2,,,,,RCB vs SH 2021-04-14,Nitin Menon,UV Gandhe,GJ Maxwell,Royal Challengers Bangalore,Chennai,"MA Chidambaram Stadium, Chepauk, Chennai",2021-04-14
2nd innings,Sunrisers Hyderabad,Royal Challengers Bangalore,18.6,B Kumar,Rashid Khan,Mohammed Siraj,0,0,0,,,,,RCB vs SH 2021-04-14,Nitin Menon,UV Gandhe,GJ Maxwell,Royal Challengers Bangalore,Chennai,"MA Chidambaram Stadium, Chepauk, Chennai",2021-04-14
2nd innings,Sunrisers Hyderabad,Royal Challengers Bangalore,19.1,Rashid Khan,B Kumar,HV Patel,0,1,1,,,,,RCB vs SH 2021-04-14,Nitin Menon,UV Gandhe,GJ Maxwell,Royal Challengers Bangalore,Chennai,"MA Chidambaram Stadium, Chepauk, Chennai",2021-04-14
2nd innings,Sunrisers Hyderabad,Royal Challengers Bangalore,19.2,B Kumar,Rashid Khan,HV Patel,0,2,2,,,,,RCB vs SH 2021-04-14,Nitin Menon,UV Gandhe,GJ Maxwell,Royal Challengers Bangalore,Chennai,"MA Chidambaram Stadium, Chepauk, Chennai",2021-04-14
2nd innings,Sunrisers Hyderabad,Royal Challengers Bangalore,19.3,B Kumar,Rashid Khan,HV Patel,1,4,5,noballs,,,,RCB vs SH 2021-04-14,Nitin Menon,UV Gandhe,GJ Maxwell,Royal Challengers Bangalore,Chennai,"MA Chidambaram Stadium, Chepauk, Chennai",2021-04-14
2nd innings,Sunrisers Hyderabad,Royal Challengers Bangalore,19.4,B Kumar,Rashid Khan,HV Patel,0,0,0,,,,,RCB vs SH 2021-04-14,Nitin Menon,UV Gandhe,GJ Maxwell,Royal Challengers Bangalore,Chennai,"MA Chidambaram Stadium, Chepauk, Chennai",2021-04-14
2nd innings,Sunrisers Hyderabad,Royal Challengers Bangalore,19.5,B Kumar,Rashid Khan,HV Patel,0,0,0,,Rashid Khan,run out,,RCB vs SH 2021-04-14,Nitin Menon,UV Gandhe,GJ Maxwell,Royal Challengers Bangalore,Chennai,"MA Chidambaram Stadium, Chepauk, Chennai",2021-04-14
2nd innings,Sunrisers Hyderabad,Royal Challengers Bangalore,19.6,B Kumar,S Nadeem,HV Patel,0,0,0,,S Nadeem,caught,Shahbaz Ahmed,RCB vs SH 2021-04-14,Nitin Menon,UV Gandhe,GJ Maxwell,Royal Challengers Bangalore,Chennai,"MA Chidambaram Stadium, Chepauk, Chennai",2021-04-14
2nd innings,Sunrisers Hyderabad,Royal Challengers Bangalore,19.7,T Natarajan,B Kumar,HV Patel,0,1,1,,,,,RCB vs SH 2021-04-14,Nitin Menon,UV Gandhe,GJ Maxwell,Royal Challengers Bangalore,Chennai,"MA Chidambaram Stadium, Chepauk, Chennai",2021-04-14
