inning,batting_team,bowling_team,ball,non_striker,batsman,bowler,extra_runs,batsman_run,total_runs,extras,player_out,elimination_kind,fielders_caught,match_name,umpires_1,umpires_2,player_of_match,winner,city,venue,dates
1st innings,Royal Challengers Bangalore,Mumbai Indians,0.1,D Padikkal,V Kohli,TA Boult,0,0,0,,,,,RCB vs MI 2021-09-26,AK Chaudhary,MA Gough,GJ Maxwell,Royal Challengers Bangalore,Dubai,Dubai International Cricket Stadium,2021-09-26
1st innings,Royal Challengers Bangalore,Mumbai Indians,0.2,D Padikkal,V Kohli,TA Boult,0,6,6,,,,,RCB vs MI 2021-09-26,AK Chaudhary,MA Gough,GJ Maxwell,Royal Challengers Bangalore,Dubai,Dubai International Cricket Stadium,2021-09-26
1st innings,Royal Challengers Bangalore,Mumbai Indians,0.3,D Padikkal,V Kohli,TA Boult,0,0,0,,,,,RCB vs MI 2021-09-26,AK Chaudhary,MA Gough,GJ Maxwell,Royal Challengers Bangalore,Dubai,Dubai International Cricket Stadium,2021-09-26
1st innings,Royal Challengers Bangalore,Mumbai Indians,0.4,D Padikkal,V Kohli,TA Boult,0,0,0,,,,,RCB vs MI 2021-09-26,AK Chaudhary,MA Gough,GJ Maxwell,Royal Challengers Bangalore,Dubai,Dubai International Cricket Stadium,2021-09-26
1st innings,Royal Challengers Bangalore,Mumbai Indians,0.5,D Padikkal,V Kohli,TA Boult,0,0,0,,,,,RCB vs MI 2021-09-26,AK Chaudhary,MA Gough,GJ Maxwell,Royal Challengers Bangalore,Dubai,Dubai International Cricket Stadium,2021-09-26
1st innings,Royal Challengers Bangalore,Mumbai Indians,0.6,D Padikkal,V Kohli,TA Boult,1,0,1,wides,,,,RCB vs MI 2021-09-26,AK Chaudhary,MA Gough,GJ Maxwell,Royal Challengers Bangalore,Dubai,Dubai International Cricket Stadium,2021-09-26
1st innings,Royal Challengers Bangalore,Mumbai Indians,0.7,D Padikkal,V Kohli,TA Boult,0,0,0,,,,,RCB vs MI 2021-09-26,AK Chaudhary,MA Gough,GJ Maxwell,Royal Challengers Bangalore,Dubai,Dubai International Cricket Stadium,2021-09-26
1st innings,Royal Challengers Bangalore,Mumbai Indians,1.1,V Kohli,D Padikkal,JJ Bumrah,0,0,0,,,,,RCB vs MI 2021-09-26,AK Chaudhary,MA Gough,GJ Maxwell,Royal Challengers Bangalore,Dubai,Dubai International Cricket Stadium,2021-09-26
1st innings,Royal Challengers Bangalore,Mumbai Indians,1.2,V Kohli,D Padikkal,JJ Bumrah,0,0,0,,,,,RCB vs MI 2021-09-26,AK Chaudhary,MA Gough,GJ Maxwell,Royal Challengers Bangalore,Dubai,Dubai International Cricket Stadium,2021-09-26
1st innings,Royal Challengers Bangalore,Mumbai Indians,1.3,V Kohli,D Padikkal,JJ Bumrah,0,0,0,,,,,RCB vs MI 2021-09-26,AK Chaudhary,MA Gough,GJ Maxwell,Royal Challengers Bangalore,Dubai,Dubai International Cricket Stadium,2021-09-26
1st innings,Royal Challengers Bangalore,Mumbai Indians,1.4,V Kohli,D Padikkal,JJ Bumrah,0,0,0,,D Padikkal,caught,Q de Kock,RCB vs MI 2021-09-26,AK Chaudhary,MA Gough,GJ Maxwell,Royal Challengers Bangalore,Dubai,Dubai International Cricket Stadium,2021-09-26
1st innings,Royal Challengers Bangalore,Mumbai Indians,1.5,V Kohli,KS Bharat,JJ Bumrah,0,1,1,,,,,RCB vs MI 2021-09-26,AK Chaudhary,MA Gough,GJ Maxwell,Royal Challengers Bangalore,Dubai,Dubai International Cricket Stadium,2021-09-26
1st innings,Royal Challengers Bangalore,Mumbai Indians,1.6,KS Bharat,V Kohli,JJ Bumrah,2,0,2,legbyes,,,,RCB vs MI 2021-09-26,AK Chaudhary,MA Gough,GJ Maxwell,Royal Challengers Bangalore,Dubai,Dubai International Cricket Stadium,2021-09-26
1st innings,Royal Challengers Bangalore,Mumbai Indians,2.1,V Kohli,KS Bharat,TA Boult,0,0,0,,,,,RCB vs MI 2021-09-26,AK Chaudhary,MA Gough,GJ Maxwell,Royal Challengers Bangalore,Dubai,Dubai International Cricket Stadium,2021-09-26
1st innings,Royal Challengers Bangalore,Mumbai Indians,2.2,V Kohli,KS Bharat,TA Boult,0,0,0,,,,,RCB vs MI 2021-09-26,AK Chaudhary,MA Gough,GJ Maxwell,Royal Challengers Bangalore,Dubai,Dubai International Cricket Stadium,2021-09-26
1st innings,Royal Challengers Bangalore,Mumbai Indians,2.3,V Kohli,KS Bharat,TA Boult,0,0,0,,,,,RCB vs MI 2021-09-26,AK Chaudhary,MA Gough,GJ Maxwell,Royal Challengers Bangalore,Dubai,Dubai International Cricket Stadium,2021-09-26
1st innings,Royal Challengers Bangalore,Mumbai Indians,2.4,V Kohli,KS Bharat,TA Boult,0,4,4,,,,,RCB vs MI 2021-09-26,AK Chaudhary,MA Gough,GJ Maxwell,Royal Challengers Bangalore,Dubai,Dubai International Cricket Stadium,2021-09-26
1st innings,Royal Challengers Bangalore,Mumbai Indians,2.5,V Kohli,KS Bharat,TA Boult,0,1,1,,,,,RCB vs MI 2021-09-26,AK Chaudhary,MA Gough,GJ Maxwell,Royal Challengers Bangalore,Dubai,Dubai International Cricket Stadium,2021-09-26
1st innings,Royal Challengers Bangalore,Mumbai Indians,2.6,KS Bharat,V Kohli,TA Boult,0,0,0,,,,,RCB vs MI 2021-09-26,AK Chaudhary,MA Gough,GJ Maxwell,Royal Challengers Bangalore,Dubai,Dubai International Cricket Stadium,2021-09-26
1st innings,Royal Challengers Bangalore,Mumbai Indians,3.1,V Kohli,KS Bharat,JJ Bumrah,0,1,1,,,,,RCB vs MI 2021-09-26,AK Chaudhary,MA Gough,GJ Maxwell,Royal Challengers Bangalore,Dubai,Dubai International Cricket Stadium,2021-09-26
1st innings,Royal Challengers Bangalore,Mumbai Indians,3.2,KS Bharat,V Kohli,JJ Bumrah,0,4,4,,,,,RCB vs MI 2021-09-26,AK Chaudhary,MA Gough,GJ Maxwell,Royal Challengers Bangalore,Dubai,Dubai International Cricket Stadium,2021-09-26
1st innings,Royal Challengers Bangalore,Mumbai Indians,3.3,KS Bharat,V Kohli,JJ Bumrah,0,6,6,,,,,RCB vs MI 2021-09-26,AK Chaudhary,MA Gough,GJ Maxwell,Royal Challengers Bangalore,Dubai,Dubai International Cricket Stadium,2021-09-26
1st innings,Royal Challengers Bangalore,Mumbai Indians,3.4,KS Bharat,V Kohli,JJ Bumrah,0,1,1,,,,,RCB vs MI 2021-09-26,AK Chaudhary,MA Gough,GJ Maxwell,Royal Challengers Bangalore,Dubai,Dubai International Cricket Stadium,2021-09-26
1st innings,Royal Challengers Bangalore,Mumbai Indians,3.5,V Kohli,KS Bharat,JJ Bumrah,0,4,4,,,,,RCB vs MI 2021-09-26,AK Chaudhary,MA Gough,GJ Maxwell,Royal Challengers Bangalore,Dubai,Dubai International Cricket Stadium,2021-09-26
1st innings,Royal Challengers Bangalore,Mumbai Indians,3.6,V Kohli,KS Bharat,JJ Bumrah,0,0,0,,,,,RCB vs MI 2021-09-26,AK Chaudhary,MA Gough,GJ Maxwell,Royal Challengers Bangalore,Dubai,Dubai International Cricket Stadium,2021-09-26
1st innings,Royal Challengers Bangalore,Mumbai Indians,4.1,KS Bharat,V Kohli,AF Milne,0,1,1,,,,,RCB vs MI 2021-09-26,AK Chaudhary,MA Gough,GJ Maxwell,Royal Challengers Bangalore,Dubai,Dubai International Cricket Stadium,2021-09-26
1st innings,Royal Challengers Bangalore,Mumbai Indians,4.2,V Kohli,KS Bharat,AF Milne,0,1,1,,,,,RCB vs MI 2021-09-26,AK Chaudhary,MA Gough,GJ Maxwell,Royal Challengers Bangalore,Dubai,Dubai International Cricket Stadium,2021-09-26
1st innings,Royal Challengers Bangalore,Mumbai Indians,4.3,KS Bharat,V Kohli,AF Milne,0,0,0,,,,,RCB vs MI 2021-09-26,AK Chaudhary,MA Gough,GJ Maxwell,Royal Challengers Bangalore,Dubai,Dubai International Cricket Stadium,2021-09-26
1st innings,Royal Challengers Bangalore,Mumbai Indians,4.4,KS Bharat,V Kohli,AF Milne,0,4,4,,,,,RCB vs MI 2021-09-26,AK Chaudhary,MA Gough,GJ Maxwell,Royal Challengers Bangalore,Dubai,Dubai International Cricket Stadium,2021-09-26
1st innings,Royal Challengers Bangalore,Mumbai Indians,4.5,KS Bharat,V Kohli,AF Milne,0,6,6,,,,,RCB vs MI 2021-09-26,AK Chaudhary,MA Gough,GJ Maxwell,Royal Challengers Bangalore,Dubai,Dubai International Cricket Stadium,2021-09-26
1st innings,Royal Challengers Bangalore,Mumbai Indians,4.6,KS Bharat,V Kohli,AF Milne,0,1,1,,,,,RCB vs MI 2021-09-26,AK Chaudhary,MA Gough,GJ Maxwell,Royal Challengers Bangalore,Dubai,Dubai International Cricket Stadium,2021-09-26
1st innings,Royal Challengers Bangalore,Mumbai Indians,5.1,KS Bharat,V Kohli,KH Pandya,0,1,1,,,,,RCB vs MI 2021-09-26,AK Chaudhary,MA Gough,GJ Maxwell,Royal Challengers Bangalore,Dubai,Dubai International Cricket Stadium,2021-09-26
1st innings,Royal Challengers Bangalore,Mumbai Indians,5.2,V Kohli,KS Bharat,KH Pandya,1,0,1,legbyes,,,,RCB vs MI 2021-09-26,AK Chaudhary,MA Gough,GJ Maxwell,Royal Challengers Bangalore,Dubai,Dubai International Cricket Stadium,2021-09-26
1st innings,Royal Challengers Bangalore,Mumbai Indians,5.3,KS Bharat,V Kohli,KH Pandya,0,0,0,,,,,RCB vs MI 2021-09-26,AK Chaudhary,MA Gough,GJ Maxwell,Royal Challengers Bangalore,Dubai,Dubai International Cricket Stadium,2021-09-26
1st innings,Royal Challengers Bangalore,Mumbai Indians,5.4,KS Bharat,V Kohli,KH Pandya,0,0,0,,,,,RCB vs MI 2021-09-26,AK Chaudhary,MA Gough,GJ Maxwell,Royal Challengers Bangalore,Dubai,Dubai International Cricket Stadium,2021-09-26
1st innings,Royal Challengers Bangalore,Mumbai Indians,5.5,KS Bharat,V Kohli,KH Pandya,0,1,1,,,,,RCB vs MI 2021-09-26,AK Chaudhary,MA Gough,GJ Maxwell,Royal Challengers Bangalore,Dubai,Dubai International Cricket Stadium,2021-09-26
1st innings,Royal Challengers Bangalore,Mumbai Indians,5.6,V Kohli,KS Bharat,KH Pandya,0,1,1,,,,,RCB vs MI 2021-09-26,AK Chaudhary,MA Gough,GJ Maxwell,Royal Challengers Bangalore,Dubai,Dubai International Cricket Stadium,2021-09-26
1st innings,Royal Challengers Bangalore,Mumbai Indians,6.1,V Kohli,KS Bharat,RD Chahar,0,0,0,,,,,RCB vs MI 2021-09-26,AK Chaudhary,MA Gough,GJ Maxwell,Royal Challengers Bangalore,Dubai,Dubai International Cricket Stadium,2021-09-26
1st innings,Royal Challengers Bangalore,Mumbai Indians,6.2,V Kohli,KS Bharat,RD Chahar,0,0,0,,,,,RCB vs MI 2021-09-26,AK Chaudhary,MA Gough,GJ Maxwell,Royal Challengers Bangalore,Dubai,Dubai International Cricket Stadium,2021-09-26
1st innings,Royal Challengers Bangalore,Mumbai Indians,6.3,V Kohli,KS Bharat,RD Chahar,0,6,6,,,,,RCB vs MI 2021-09-26,AK Chaudhary,MA Gough,GJ Maxwell,Royal Challengers Bangalore,Dubai,Dubai International Cricket Stadium,2021-09-26
1st innings,Royal Challengers Bangalore,Mumbai Indians,6.4,V Kohli,KS Bharat,RD Chahar,0,3,3,,,,,RCB vs MI 2021-09-26,AK Chaudhary,MA Gough,GJ Maxwell,Royal Challengers Bangalore,Dubai,Dubai International Cricket Stadium,2021-09-26
1st innings,Royal Challengers Bangalore,Mumbai Indians,6.5,KS Bharat,V Kohli,RD Chahar,0,1,1,,,,,RCB vs MI 2021-09-26,AK Chaudhary,MA Gough,GJ Maxwell,Royal Challengers Bangalore,Dubai,Dubai International Cricket Stadium,2021-09-26
1st innings,Royal Challengers Bangalore,Mumbai Indians,6.6,V Kohli,KS Bharat,RD Chahar,0,0,0,,,,,RCB vs MI 2021-09-26,AK Chaudhary,MA Gough,GJ Maxwell,Royal Challengers Bangalore,Dubai,Dubai International Cricket Stadium,2021-09-26
1st innings,Royal Challengers Bangalore,Mumbai Indians,7.1,KS Bharat,V Kohli,KH Pandya,0,1,1,,,,,RCB vs MI 2021-09-26,AK Chaudhary,MA Gough,GJ Maxwell,Royal Challengers Bangalore,Dubai,Dubai International Cricket Stadium,2021-09-26
1st innings,Royal Challengers Bangalore,Mumbai Indians,7.2,V Kohli,KS Bharat,KH Pandya,1,0,1,wides,,,,RCB vs MI 2021-09-26,AK Chaudhary,MA Gough,GJ Maxwell,Royal Challengers Bangalore,Dubai,Dubai International Cricket Stadium,2021-09-26
1st innings,Royal Challengers Bangalore,Mumbai Indians,7.3,V Kohli,KS Bharat,KH Pandya,0,0,0,,,,,RCB vs MI 2021-09-26,AK Chaudhary,MA Gough,GJ Maxwell,Royal Challengers Bangalore,Dubai,Dubai International Cricket Stadium,2021-09-26
1st innings,Royal Challengers Bangalore,Mumbai Indians,7.4,V Kohli,KS Bharat,KH Pandya,0,2,2,,,,,RCB vs MI 2021-09-26,AK Chaudhary,MA Gough,GJ Maxwell,Royal Challengers Bangalore,Dubai,Dubai International Cricket Stadium,2021-09-26
1st innings,Royal Challengers Bangalore,Mumbai Indians,7.5,V Kohli,KS Bharat,KH Pandya,0,0,0,,,,,RCB vs MI 2021-09-26,AK Chaudhary,MA Gough,GJ Maxwell,Royal Challengers Bangalore,Dubai,Dubai International Cricket Stadium,2021-09-26
1st innings,Royal Challengers Bangalore,Mumbai Indians,7.6,V Kohli,KS Bharat,KH Pandya,0,1,1,,,,,RCB vs MI 2021-09-26,AK Chaudhary,MA Gough,GJ Maxwell,Royal Challengers Bangalore,Dubai,Dubai International Cricket Stadium,2021-09-26
1st innings,Royal Challengers Bangalore,Mumbai Indians,7.7,KS Bharat,V Kohli,KH Pandya,0,0,0,,,,,RCB vs MI 2021-09-26,AK Chaudhary,MA Gough,GJ Maxwell,Royal Challengers Bangalore,Dubai,Dubai International Cricket Stadium,2021-09-26
1st innings,Royal Challengers Bangalore,Mumbai Indians,8.1,V Kohli,KS Bharat,RD Chahar,0,1,1,,,,,RCB vs MI 2021-09-26,AK Chaudhary,MA Gough,GJ Maxwell,Royal Challengers Bangalore,Dubai,Dubai International Cricket Stadium,2021-09-26
1st innings,Royal Challengers Bangalore,Mumbai Indians,8.2,KS Bharat,V Kohli,RD Chahar,0,4,4,,,,,RCB vs MI 2021-09-26,AK Chaudhary,MA Gough,GJ Maxwell,Royal Challengers Bangalore,Dubai,Dubai International Cricket Stadium,2021-09-26
1st innings,Royal Challengers Bangalore,Mumbai Indians,8.3,KS Bharat,V Kohli,RD Chahar,0,1,1,,,,,RCB vs MI 2021-09-26,AK Chaudhary,MA Gough,GJ Maxwell,Royal Challengers Bangalore,Dubai,Dubai International Cricket Stadium,2021-09-26
1st innings,Royal Challengers Bangalore,Mumbai Indians,8.4,V Kohli,KS Bharat,RD Chahar,0,6,6,,,,,RCB vs MI 2021-09-26,AK Chaudhary,MA Gough,GJ Maxwell,Royal Challengers Bangalore,Dubai,Dubai International Cricket Stadium,2021-09-26
1st innings,Royal Challengers Bangalore,Mumbai Indians,8.5,V Kohli,KS Bharat,RD Chahar,0,0,0,,KS Bharat,caught,SA Yadav,RCB vs MI 2021-09-26,AK Chaudhary,MA Gough,GJ Maxwell,Royal Challengers Bangalore,Dubai,Dubai International Cricket Stadium,2021-09-26
1st innings,Royal Challengers Bangalore,Mumbai Indians,8.6,V Kohli,GJ Maxwell,RD Chahar,0,0,0,,,,,RCB vs MI 2021-09-26,AK Chaudhary,MA Gough,GJ Maxwell,Royal Challengers Bangalore,Dubai,Dubai International Cricket Stadium,2021-09-26
1st innings,Royal Challengers Bangalore,Mumbai Indians,9.1,GJ Maxwell,V Kohli,KH Pandya,0,1,1,,,,,RCB vs MI 2021-09-26,AK Chaudhary,MA Gough,GJ Maxwell,Royal Challengers Bangalore,Dubai,Dubai International Cricket Stadium,2021-09-26
1st innings,Royal Challengers Bangalore,Mumbai Indians,9.2,V Kohli,GJ Maxwell,KH Pandya,0,1,1,,,,,RCB vs MI 2021-09-26,AK Chaudhary,MA Gough,GJ Maxwell,Royal Challengers Bangalore,Dubai,Dubai International Cricket Stadium,2021-09-26
1st innings,Royal Challengers Bangalore,Mumbai Indians,9.3,GJ Maxwell,V Kohli,KH Pandya,1,0,1,wides,,,,RCB vs MI 2021-09-26,AK Chaudhary,MA Gough,GJ Maxwell,Royal Challengers Bangalore,Dubai,Dubai International Cricket Stadium,2021-09-26
1st innings,Royal Challengers Bangalore,Mumbai Indians,9.4,GJ Maxwell,V Kohli,KH Pandya,0,2,2,,,,,RCB vs MI 2021-09-26,AK Chaudhary,MA Gough,GJ Maxwell,Royal Challengers Bangalore,Dubai,Dubai International Cricket Stadium,2021-09-26
1st innings,Royal Challengers Bangalore,Mumbai Indians,9.5,GJ Maxwell,V Kohli,KH Pandya,0,1,1,,,,,RCB vs MI 2021-09-26,AK Chaudhary,MA Gough,GJ Maxwell,Royal Challengers Bangalore,Dubai,Dubai International Cricket Stadium,2021-09-26
1st innings,Royal Challengers Bangalore,Mumbai Indians,9.6,V Kohli,GJ Maxwell,KH Pandya,0,1,1,,,,,RCB vs MI 2021-09-26,AK Chaudhary,MA Gough,GJ Maxwell,Royal Challengers Bangalore,Dubai,Dubai International Cricket Stadium,2021-09-26
1st innings,Royal Challengers Bangalore,Mumbai Indians,9.7,GJ Maxwell,V Kohli,KH Pandya,0,0,0,,,,,RCB vs MI 2021-09-26,AK Chaudhary,MA Gough,GJ Maxwell,Royal Challengers Bangalore,Dubai,Dubai International Cricket Stadium,2021-09-26
1st innings,Royal Challengers Bangalore,Mumbai Indians,10.1,V Kohli,GJ Maxwell,RD Chahar,0,0,0,,,,,RCB vs MI 2021-09-26,AK Chaudhary,MA Gough,GJ Maxwell,Royal Challengers Bangalore,Dubai,Dubai International Cricket Stadium,2021-09-26
1st innings,Royal Challengers Bangalore,Mumbai Indians,10.2,V Kohli,GJ Maxwell,RD Chahar,0,1,1,,,,,RCB vs MI 2021-09-26,AK Chaudhary,MA Gough,GJ Maxwell,Royal Challengers Bangalore,Dubai,Dubai International Cricket Stadium,2021-09-26
1st innings,Royal Challengers Bangalore,Mumbai Indians,10.3,GJ Maxwell,V Kohli,RD Chahar,0,0,0,,,,,RCB vs MI 2021-09-26,AK Chaudhary,MA Gough,GJ Maxwell,Royal Challengers Bangalore,Dubai,Dubai International Cricket Stadium,2021-09-26
1st innings,Royal Challengers Bangalore,Mumbai Indians,10.4,GJ Maxwell,V Kohli,RD Chahar,0,0,0,,,,,RCB vs MI 2021-09-26,AK Chaudhary,MA Gough,GJ Maxwell,Royal Challengers Bangalore,Dubai,Dubai International Cricket Stadium,2021-09-26
1st innings,Royal Challengers Bangalore,Mumbai Indians,10.5,GJ Maxwell,V Kohli,RD Chahar,0,1,1,,,,,RCB vs MI 2021-09-26,AK Chaudhary,MA Gough,GJ Maxwell,Royal Challengers Bangalore,Dubai,Dubai International Cricket Stadium,2021-09-26
1st innings,Royal Challengers Bangalore,Mumbai Indians,10.6,V Kohli,GJ Maxwell,RD Chahar,0,1,1,,,,,RCB vs MI 2021-09-26,AK Chaudhary,MA Gough,GJ Maxwell,Royal Challengers Bangalore,Dubai,Dubai International Cricket Stadium,2021-09-26
1st innings,Royal Challengers Bangalore,Mumbai Indians,11.1,V Kohli,GJ Maxwell,KH Pandya,1,0,1,wides,,,,RCB vs MI 2021-09-26,AK Chaudhary,MA Gough,GJ Maxwell,Royal Challengers Bangalore,Dubai,Dubai International Cricket Stadium,2021-09-26
1st innings,Royal Challengers Bangalore,Mumbai Indians,11.2,V Kohli,GJ Maxwell,KH Pandya,0,1,1,,,,,RCB vs MI 2021-09-26,AK Chaudhary,MA Gough,GJ Maxwell,Royal Challengers Bangalore,Dubai,Dubai International Cricket Stadium,2021-09-26
1st innings,Royal Challengers Bangalore,Mumbai Indians,11.3,GJ Maxwell,V Kohli,KH Pandya,0,0,0,,,,,RCB vs MI 2021-09-26,AK Chaudhary,MA Gough,GJ Maxwell,Royal Challengers Bangalore,Dubai,Dubai International Cricket Stadium,2021-09-26
1st innings,Royal Challengers Bangalore,Mumbai Indians,11.4,GJ Maxwell,V Kohli,KH Pandya,0,2,2,,,,,RCB vs MI 2021-09-26,AK Chaudhary,MA Gough,GJ Maxwell,Royal Challengers Bangalore,Dubai,Dubai International Cricket Stadium,2021-09-26
1st innings,Royal Challengers Bangalore,Mumbai Indians,11.5,GJ Maxwell,V Kohli,KH Pandya,0,1,1,,,,,RCB vs MI 2021-09-26,AK Chaudhary,MA Gough,GJ Maxwell,Royal Challengers Bangalore,Dubai,Dubai International Cricket Stadium,2021-09-26
1st innings,Royal Challengers Bangalore,Mumbai Indians,11.6,V Kohli,GJ Maxwell,KH Pandya,0,6,6,,,,,RCB vs MI 2021-09-26,AK Chaudhary,MA Gough,GJ Maxwell,Royal Challengers Bangalore,Dubai,Dubai International Cricket Stadium,2021-09-26
1st innings,Royal Challengers Bangalore,Mumbai Indians,11.7,V Kohli,GJ Maxwell,KH Pandya,0,1,1,,,,,RCB vs MI 2021-09-26,AK Chaudhary,MA Gough,GJ Maxwell,Royal Challengers Bangalore,Dubai,Dubai International Cricket Stadium,2021-09-26
1st innings,Royal Challengers Bangalore,Mumbai Indians,12.1,V Kohli,GJ Maxwell,AF Milne,0,4,4,,,,,RCB vs MI 2021-09-26,AK Chaudhary,MA Gough,GJ Maxwell,Royal Challengers Bangalore,Dubai,Dubai International Cricket Stadium,2021-09-26
1st innings,Royal Challengers Bangalore,Mumbai Indians,12.2,V Kohli,GJ Maxwell,AF Milne,1,0,1,noballs,,,,RCB vs MI 2021-09-26,AK Chaudhary,MA Gough,GJ Maxwell,Royal Challengers Bangalore,Dubai,Dubai International Cricket Stadium,2021-09-26
1st innings,Royal Challengers Bangalore,Mumbai Indians,12.3,V Kohli,GJ Maxwell,AF Milne,0,4,4,,,,,RCB vs MI 2021-09-26,AK Chaudhary,MA Gough,GJ Maxwell,Royal Challengers Bangalore,Dubai,Dubai International Cricket Stadium,2021-09-26
1st innings,Royal Challengers Bangalore,Mumbai Indians,12.4,V Kohli,GJ Maxwell,AF Milne,0,0,0,,,,,RCB vs MI 2021-09-26,AK Chaudhary,MA Gough,GJ Maxwell,Royal Challengers Bangalore,Dubai,Dubai International Cricket Stadium,2021-09-26
1st innings,Royal Challengers Bangalore,Mumbai Indians,12.5,V Kohli,GJ Maxwell,AF Milne,1,0,1,legbyes,,,,RCB vs MI 2021-09-26,AK Chaudhary,MA Gough,GJ Maxwell,Royal Challengers Bangalore,Dubai,Dubai International Cricket Stadium,2021-09-26
1st innings,Royal Challengers Bangalore,Mumbai Indians,12.6,GJ Maxwell,V Kohli,AF Milne,0,2,2,,,,,RCB vs MI 2021-09-26,AK Chaudhary,MA Gough,GJ Maxwell,Royal Challengers Bangalore,Dubai,Dubai International Cricket Stadium,2021-09-26
1st innings,Royal Challengers Bangalore,Mumbai Indians,12.7,GJ Maxwell,V Kohli,AF Milne,0,0,0,,,,,RCB vs MI 2021-09-26,AK Chaudhary,MA Gough,GJ Maxwell,Royal Challengers Bangalore,Dubai,Dubai International Cricket Stadium,2021-09-26
1st innings,Royal Challengers Bangalore,Mumbai Indians,13.1,V Kohli,GJ Maxwell,RD Chahar,0,1,1,,,,,RCB vs MI 2021-09-26,AK Chaudhary,MA Gough,GJ Maxwell,Royal Challengers Bangalore,Dubai,Dubai International Cricket Stadium,2021-09-26
1st innings,Royal Challengers Bangalore,Mumbai Indians,13.2,GJ Maxwell,V Kohli,RD Chahar,0,0,0,,,,,RCB vs MI 2021-09-26,AK Chaudhary,MA Gough,GJ Maxwell,Royal Challengers Bangalore,Dubai,Dubai International Cricket Stadium,2021-09-26
1st innings,Royal Challengers Bangalore,Mumbai Indians,13.3,GJ Maxwell,V Kohli,RD Chahar,0,1,1,,,,,RCB vs MI 2021-09-26,AK Chaudhary,MA Gough,GJ Maxwell,Royal Challengers Bangalore,Dubai,Dubai International Cricket Stadium,2021-09-26
1st innings,Royal Challengers Bangalore,Mumbai Indians,13.4,V Kohli,GJ Maxwell,RD Chahar,0,6,6,,,,,RCB vs MI 2021-09-26,AK Chaudhary,MA Gough,GJ Maxwell,Royal Challengers Bangalore,Dubai,Dubai International Cricket Stadium,2021-09-26
1st innings,Royal Challengers Bangalore,Mumbai Indians,13.5,V Kohli,GJ Maxwell,RD Chahar,0,0,0,,,,,RCB vs MI 2021-09-26,AK Chaudhary,MA Gough,GJ Maxwell,Royal Challengers Bangalore,Dubai,Dubai International Cricket Stadium,2021-09-26
1st innings,Royal Challengers Bangalore,Mumbai Indians,13.6,V Kohli,GJ Maxwell,RD Chahar,0,0,0,,,,,RCB vs MI 2021-09-26,AK Chaudhary,MA Gough,GJ Maxwell,Royal Challengers Bangalore,Dubai,Dubai International Cricket Stadium,2021-09-26
1st innings,Royal Challengers Bangalore,Mumbai Indians,14.1,GJ Maxwell,V Kohli,TA Boult,0,1,1,,,,,RCB vs MI 2021-09-26,AK Chaudhary,MA Gough,GJ Maxwell,Royal Challengers Bangalore,Dubai,Dubai International Cricket Stadium,2021-09-26
1st innings,Royal Challengers Bangalore,Mumbai Indians,14.2,V Kohli,GJ Maxwell,TA Boult,0,0,0,,,,,RCB vs MI 2021-09-26,AK Chaudhary,MA Gough,GJ Maxwell,Royal Challengers Bangalore,Dubai,Dubai International Cricket Stadium,2021-09-26
1st innings,Royal Challengers Bangalore,Mumbai Indians,14.3,V Kohli,GJ Maxwell,TA Boult,0,0,0,,,,,RCB vs MI 2021-09-26,AK Chaudhary,MA Gough,GJ Maxwell,Royal Challengers Bangalore,Dubai,Dubai International Cricket Stadium,2021-09-26
1st innings,Royal Challengers Bangalore,Mumbai Indians,14.4,V Kohli,GJ Maxwell,TA Boult,0,0,0,,,,,RCB vs MI 2021-09-26,AK Chaudhary,MA Gough,GJ Maxwell,Royal Challengers Bangalore,Dubai,Dubai International Cricket Stadium,2021-09-26
1st innings,Royal Challengers Bangalore,Mumbai Indians,14.5,V Kohli,GJ Maxwell,TA Boult,0,0,0,,,,,RCB vs MI 2021-09-26,AK Chaudhary,MA Gough,GJ Maxwell,Royal Challengers Bangalore,Dubai,Dubai International Cricket Stadium,2021-09-26
1st innings,Royal Challengers Bangalore,Mumbai Indians,14.6,V Kohli,GJ Maxwell,TA Boult,0,1,1,,,,,RCB vs MI 2021-09-26,AK Chaudhary,MA Gough,GJ Maxwell,Royal Challengers Bangalore,Dubai,Dubai International Cricket Stadium,2021-09-26
1st innings,Royal Challengers Bangalore,Mumbai Indians,15.1,V Kohli,GJ Maxwell,AF Milne,0,1,1,,,,,RCB vs MI 2021-09-26,AK Chaudhary,MA Gough,GJ Maxwell,Royal Challengers Bangalore,Dubai,Dubai International Cricket Stadium,2021-09-26
1st innings,Royal Challengers Bangalore,Mumbai Indians,15.2,GJ Maxwell,V Kohli,AF Milne,0,1,1,,,,,RCB vs MI 2021-09-26,AK Chaudhary,MA Gough,GJ Maxwell,Royal Challengers Bangalore,Dubai,Dubai International Cricket Stadium,2021-09-26
1st innings,Royal Challengers Bangalore,Mumbai Indians,15.3,V Kohli,GJ Maxwell,AF Milne,0,4,4,,,,,RCB vs MI 2021-09-26,AK Chaudhary,MA Gough,GJ Maxwell,Royal Challengers Bangalore,Dubai,Dubai International Cricket Stadium,2021-09-26
1st innings,Royal Challengers Bangalore,Mumbai Indians,15.4,V Kohli,GJ Maxwell,AF Milne,0,1,1,,,,,RCB vs MI 2021-09-26,AK Chaudhary,MA Gough,GJ Maxwell,Royal Challengers Bangalore,Dubai,Dubai International Cricket Stadium,2021-09-26
1st innings,Royal Challengers Bangalore,Mumbai Indians,15.5,GJ Maxwell,V Kohli,AF Milne,0,0,0,,V Kohli,caught,AS Roy (sub),RCB vs MI 2021-09-26,AK Chaudhary,MA Gough,GJ Maxwell,Royal Challengers Bangalore,Dubai,Dubai International Cricket Stadium,2021-09-26
1st innings,Royal Challengers Bangalore,Mumbai Indians,15.6,AB de Villiers,GJ Maxwell,AF Milne,0,0,0,,,,,RCB vs MI 2021-09-26,AK Chaudhary,MA Gough,GJ Maxwell,Royal Challengers Bangalore,Dubai,Dubai International Cricket Stadium,2021-09-26
1st innings,Royal Challengers Bangalore,Mumbai Indians,16.1,GJ Maxwell,AB de Villiers,JJ Bumrah,0,0,0,,,,,RCB vs MI 2021-09-26,AK Chaudhary,MA Gough,GJ Maxwell,Royal Challengers Bangalore,Dubai,Dubai International Cricket Stadium,2021-09-26
1st innings,Royal Challengers Bangalore,Mumbai Indians,16.2,GJ Maxwell,AB de Villiers,JJ Bumrah,0,6,6,,,,,RCB vs MI 2021-09-26,AK Chaudhary,MA Gough,GJ Maxwell,Royal Challengers Bangalore,Dubai,Dubai International Cricket Stadium,2021-09-26
1st innings,Royal Challengers Bangalore,Mumbai Indians,16.3,GJ Maxwell,AB de Villiers,JJ Bumrah,0,1,1,,,,,RCB vs MI 2021-09-26,AK Chaudhary,MA Gough,GJ Maxwell,Royal Challengers Bangalore,Dubai,Dubai International Cricket Stadium,2021-09-26
1st innings,Royal Challengers Bangalore,Mumbai Indians,16.4,AB de Villiers,GJ Maxwell,JJ Bumrah,0,1,1,,,,,RCB vs MI 2021-09-26,AK Chaudhary,MA Gough,GJ Maxwell,Royal Challengers Bangalore,Dubai,Dubai International Cricket Stadium,2021-09-26
1st innings,Royal Challengers Bangalore,Mumbai Indians,16.5,GJ Maxwell,AB de Villiers,JJ Bumrah,1,0,1,wides,,,,RCB vs MI 2021-09-26,AK Chaudhary,MA Gough,GJ Maxwell,Royal Challengers Bangalore,Dubai,Dubai International Cricket Stadium,2021-09-26
1st innings,Royal Challengers Bangalore,Mumbai Indians,16.6,GJ Maxwell,AB de Villiers,JJ Bumrah,0,4,4,,,,,RCB vs MI 2021-09-26,AK Chaudhary,MA Gough,GJ Maxwell,Royal Challengers Bangalore,Dubai,Dubai International Cricket Stadium,2021-09-26
1st innings,Royal Challengers Bangalore,Mumbai Indians,16.7,GJ Maxwell,AB de Villiers,JJ Bumrah,0,0,0,,,,,RCB vs MI 2021-09-26,AK Chaudhary,MA Gough,GJ Maxwell,Royal Challengers Bangalore,Dubai,Dubai International Cricket Stadium,2021-09-26
1st innings,Royal Challengers Bangalore,Mumbai Indians,17.1,AB de Villiers,GJ Maxwell,AF Milne,0,6,6,,,,,RCB vs MI 2021-09-26,AK Chaudhary,MA Gough,GJ Maxwell,Royal Challengers Bangalore,Dubai,Dubai International Cricket Stadium,2021-09-26
1st innings,Royal Challengers Bangalore,Mumbai Indians,17.2,AB de Villiers,GJ Maxwell,AF Milne,0,4,4,,,,,RCB vs MI 2021-09-26,AK Chaudhary,MA Gough,GJ Maxwell,Royal Challengers Bangalore,Dubai,Dubai International Cricket Stadium,2021-09-26
1st innings,Royal Challengers Bangalore,Mumbai Indians,17.3,AB de Villiers,GJ Maxwell,AF Milne,0,0,0,,,,,RCB vs MI 2021-09-26,AK Chaudhary,MA Gough,GJ Maxwell,Royal Challengers Bangalore,Dubai,Dubai International Cricket Stadium,2021-09-26
1st innings,Royal Challengers Bangalore,Mumbai Indians,17.4,AB de Villiers,GJ Maxwell,AF Milne,0,4,4,,,,,RCB vs MI 2021-09-26,AK Chaudhary,MA Gough,GJ Maxwell,Royal Challengers Bangalore,Dubai,Dubai International Cricket Stadium,2021-09-26
1st innings,Royal Challengers Bangalore,Mumbai Indians,17.5,AB de Villiers,GJ Maxwell,AF Milne,0,2,2,,,,,RCB vs MI 2021-09-26,AK Chaudhary,MA Gough,GJ Maxwell,Royal Challengers Bangalore,Dubai,Dubai International Cricket Stadium,2021-09-26
1st innings,Royal Challengers Bangalore,Mumbai Indians,17.6,AB de Villiers,GJ Maxwell,AF Milne,0,1,1,,,,,RCB vs MI 2021-09-26,AK Chaudhary,MA Gough,GJ Maxwell,Royal Challengers Bangalore,Dubai,Dubai International Cricket Stadium,2021-09-26
1st innings,Royal Challengers Bangalore,Mumbai Indians,18.1,AB de Villiers,GJ Maxwell,JJ Bumrah,0,4,4,,,,,RCB vs MI 2021-09-26,AK Chaudhary,MA Gough,GJ Maxwell,Royal Challengers Bangalore,Dubai,Dubai International Cricket Stadium,2021-09-26
1st innings,Royal Challengers Bangalore,Mumbai Indians,18.2,AB de Villiers,GJ Maxwell,JJ Bumrah,1,0,1,wides,,,,RCB vs MI 2021-09-26,AK Chaudhary,MA Gough,GJ Maxwell,Royal Challengers Bangalore,Dubai,Dubai International Cricket Stadium,2021-09-26
1st innings,Royal Challengers Bangalore,Mumbai Indians,18.3,AB de Villiers,GJ Maxwell,JJ Bumrah,0,0,0,,,,,RCB vs MI 2021-09-26,AK Chaudhary,MA Gough,GJ Maxwell,Royal Challengers Bangalore,Dubai,Dubai International Cricket Stadium,2021-09-26
1st innings,Royal Challengers Bangalore,Mumbai Indians,18.4,AB de Villiers,GJ Maxwell,JJ Bumrah,0,0,0,,GJ Maxwell,caught,TA Boult,RCB vs MI 2021-09-26,AK Chaudhary,MA Gough,GJ Maxwell,Royal Challengers Bangalore,Dubai,Dubai International Cricket Stadium,2021-09-26
1st innings,Royal Challengers Bangalore,Mumbai Indians,18.5,DT Christian,AB de Villiers,JJ Bumrah,0,0,0,,AB de Villiers,caught,Q de Kock,RCB vs MI 2021-09-26,AK Chaudhary,MA Gough,GJ Maxwell,Royal Challengers Bangalore,Dubai,Dubai International Cricket Stadium,2021-09-26
1st innings,Royal Challengers Bangalore,Mumbai Indians,18.6,DT Christian,Shahbaz Ahmed,JJ Bumrah,0,1,1,,,,,RCB vs MI 2021-09-26,AK Chaudhary,MA Gough,GJ Maxwell,Royal Challengers Bangalore,Dubai,Dubai International Cricket Stadium,2021-09-26
1st innings,Royal Challengers Bangalore,Mumbai Indians,18.7,Shahbaz Ahmed,DT Christian,JJ Bumrah,0,0,0,,,,,RCB vs MI 2021-09-26,AK Chaudhary,MA Gough,GJ Maxwell,Royal Challengers Bangalore,Dubai,Dubai International Cricket Stadium,2021-09-26
1st innings,Royal Challengers Bangalore,Mumbai Indians,19.1,DT Christian,Shahbaz Ahmed,TA Boult,0,0,0,,,,,RCB vs MI 2021-09-26,AK Chaudhary,MA Gough,GJ Maxwell,Royal Challengers Bangalore,Dubai,Dubai International Cricket Stadium,2021-09-26
1st innings,Royal Challengers Bangalore,Mumbai Indians,19.2,DT Christian,Shahbaz Ahmed,TA Boult,0,0,0,,Shahbaz Ahmed,bowled,,RCB vs MI 2021-09-26,AK Chaudhary,MA Gough,GJ Maxwell,Royal Challengers Bangalore,Dubai,Dubai International Cricket Stadium,2021-09-26
1st innings,Royal Challengers Bangalore,Mumbai Indians,19.3,DT Christian,KA Jamieson,TA Boult,0,1,1,,,,,RCB vs MI 2021-09-26,AK Chaudhary,MA Gough,GJ Maxwell,Royal Challengers Bangalore,Dubai,Dubai International Cricket Stadium,2021-09-26
1st innings,Royal Challengers Bangalore,Mumbai Indians,19.4,KA Jamieson,DT Christian,TA Boult,0,0,0,,,,,RCB vs MI 2021-09-26,AK Chaudhary,MA Gough,GJ Maxwell,Royal Challengers Bangalore,Dubai,Dubai International Cricket Stadium,2021-09-26
1st innings,Royal Challengers Bangalore,Mumbai Indians,19.5,KA Jamieson,DT Christian,TA Boult,0,1,1,,,,,RCB vs MI 2021-09-26,AK Chaudhary,MA Gough,GJ Maxwell,Royal Challengers Bangalore,Dubai,Dubai International Cricket Stadium,2021-09-26
1st innings,Royal Challengers Bangalore,Mumbai Indians,19.6,DT Christian,KA Jamieson,TA Boult,0,1,1,,,,,RCB vs MI 2021-09-26,AK Chaudhary,MA Gough,GJ Maxwell,Royal Challengers Bangalore,Dubai,Dubai International Cricket Stadium,2021-09-26
2nd innings,Mumbai Indians,Royal Challengers Bangalore,0.1,Q de Kock,RG Sharma,KA Jamieson,0,1,1,,,,,RCB vs MI 2021-09-26,AK Chaudhary,MA Gough,GJ Maxwell,Royal Challengers Bangalore,Dubai,Dubai International Cricket Stadium,2021-09-26
2nd innings,Mumbai Indians,Royal Challengers Bangalore,0.2,RG Sharma,Q de Kock,KA Jamieson,0,0,0,,,,,RCB vs MI 2021-09-26,AK Chaudhary,MA Gough,GJ Maxwell,Royal Challengers Bangalore,Dubai,Dubai International Cricket Stadium,2021-09-26
2nd innings,Mumbai Indians,Royal Challengers Bangalore,0.3,RG Sharma,Q de Kock,KA Jamieson,0,2,2,,,,,RCB vs MI 2021-09-26,AK Chaudhary,MA Gough,GJ Maxwell,Royal Challengers Bangalore,Dubai,Dubai International Cricket Stadium,2021-09-26
2nd innings,Mumbai Indians,Royal Challengers Bangalore,0.4,RG Sharma,Q de Kock,KA Jamieson,0,0,0,,,,,RCB vs MI 2021-09-26,AK Chaudhary,MA Gough,GJ Maxwell,Royal Challengers Bangalore,Dubai,Dubai International Cricket Stadium,2021-09-26
2nd innings,Mumbai Indians,Royal Challengers Bangalore,0.5,RG Sharma,Q de Kock,KA Jamieson,0,1,1,,,,,RCB vs MI 2021-09-26,AK Chaudhary,MA Gough,GJ Maxwell,Royal Challengers Bangalore,Dubai,Dubai International Cricket Stadium,2021-09-26
2nd innings,Mumbai Indians,Royal Challengers Bangalore,0.6,Q de Kock,RG Sharma,KA Jamieson,0,1,1,,,,,RCB vs MI 2021-09-26,AK Chaudhary,MA Gough,GJ Maxwell,Royal Challengers Bangalore,Dubai,Dubai International Cricket Stadium,2021-09-26
2nd innings,Mumbai Indians,Royal Challengers Bangalore,1.1,Q de Kock,RG Sharma,Mohammed Siraj,0,0,0,,,,,RCB vs MI 2021-09-26,AK Chaudhary,MA Gough,GJ Maxwell,Royal Challengers Bangalore,Dubai,Dubai International Cricket Stadium,2021-09-26
2nd innings,Mumbai Indians,Royal Challengers Bangalore,1.2,Q de Kock,RG Sharma,Mohammed Siraj,0,1,1,,,,,RCB vs MI 2021-09-26,AK Chaudhary,MA Gough,GJ Maxwell,Royal Challengers Bangalore,Dubai,Dubai International Cricket Stadium,2021-09-26
2nd innings,Mumbai Indians,Royal Challengers Bangalore,1.3,RG Sharma,Q de Kock,Mohammed Siraj,0,0,0,,,,,RCB vs MI 2021-09-26,AK Chaudhary,MA Gough,GJ Maxwell,Royal Challengers Bangalore,Dubai,Dubai International Cricket Stadium,2021-09-26
2nd innings,Mumbai Indians,Royal Challengers Bangalore,1.4,RG Sharma,Q de Kock,Mohammed Siraj,0,0,0,,,,,RCB vs MI 2021-09-26,AK Chaudhary,MA Gough,GJ Maxwell,Royal Challengers Bangalore,Dubai,Dubai International Cricket Stadium,2021-09-26
2nd innings,Mumbai Indians,Royal Challengers Bangalore,1.5,RG Sharma,Q de Kock,Mohammed Siraj,0,0,0,,,,,RCB vs MI 2021-09-26,AK Chaudhary,MA Gough,GJ Maxwell,Royal Challengers Bangalore,Dubai,Dubai International Cricket Stadium,2021-09-26
2nd innings,Mumbai Indians,Royal Challengers Bangalore,1.6,RG Sharma,Q de Kock,Mohammed Siraj,0,4,4,,,,,RCB vs MI 2021-09-26,AK Chaudhary,MA Gough,GJ Maxwell,Royal Challengers Bangalore,Dubai,Dubai International Cricket Stadium,2021-09-26
2nd innings,Mumbai Indians,Royal Challengers Bangalore,2.1,Q de Kock,RG Sharma,KA Jamieson,0,1,1,,,,,RCB vs MI 2021-09-26,AK Chaudhary,MA Gough,GJ Maxwell,Royal Challengers Bangalore,Dubai,Dubai International Cricket Stadium,2021-09-26
2nd innings,Mumbai Indians,Royal Challengers Bangalore,2.2,RG Sharma,Q de Kock,KA Jamieson,0,1,1,,,,,RCB vs MI 2021-09-26,AK Chaudhary,MA Gough,GJ Maxwell,Royal Challengers Bangalore,Dubai,Dubai International Cricket Stadium,2021-09-26
2nd innings,Mumbai Indians,Royal Challengers Bangalore,2.3,Q de Kock,RG Sharma,KA Jamieson,0,0,0,,,,,RCB vs MI 2021-09-26,AK Chaudhary,MA Gough,GJ Maxwell,Royal Challengers Bangalore,Dubai,Dubai International Cricket Stadium,2021-09-26
2nd innings,Mumbai Indians,Royal Challengers Bangalore,2.4,Q de Kock,RG Sharma,KA Jamieson,1,2,3,noballs,,,,RCB vs MI 2021-09-26,AK Chaudhary,MA Gough,GJ Maxwell,Royal Challengers Bangalore,Dubai,Dubai International Cricket Stadium,2021-09-26
2nd innings,Mumbai Indians,Royal Challengers Bangalore,2.5,Q de Kock,RG Sharma,KA Jamieson,0,4,4,,,,,RCB vs MI 2021-09-26,AK Chaudhary,MA Gough,GJ Maxwell,Royal Challengers Bangalore,Dubai,Dubai International Cricket Stadium,2021-09-26
2nd innings,Mumbai Indians,Royal Challengers Bangalore,2.6,Q de Kock,RG Sharma,KA Jamieson,0,4,4,,,,,RCB vs MI 2021-09-26,AK Chaudhary,MA Gough,GJ Maxwell,Royal Challengers Bangalore,Dubai,Dubai International Cricket Stadium,2021-09-26
2nd innings,Mumbai Indians,Royal Challengers Bangalore,2.7,Q de Kock,RG Sharma,KA Jamieson,0,4,4,,,,,RCB vs MI 2021-09-26,AK Chaudhary,MA Gough,GJ Maxwell,Royal Challengers Bangalore,Dubai,Dubai International Cricket Stadium,2021-09-26
2nd innings,Mumbai Indians,Royal Challengers Bangalore,3.1,RG Sharma,Q de Kock,Mohammed Siraj,0,0,0,,,,,RCB vs MI 2021-09-26,AK Chaudhary,MA Gough,GJ Maxwell,Royal Challengers Bangalore,Dubai,Dubai International Cricket Stadium,2021-09-26
2nd innings,Mumbai Indians,Royal Challengers Bangalore,3.2,RG Sharma,Q de Kock,Mohammed Siraj,0,4,4,,,,,RCB vs MI 2021-09-26,AK Chaudhary,MA Gough,GJ Maxwell,Royal Challengers Bangalore,Dubai,Dubai International Cricket Stadium,2021-09-26
2nd innings,Mumbai Indians,Royal Challengers Bangalore,3.3,RG Sharma,Q de Kock,Mohammed Siraj,1,0,1,legbyes,,,,RCB vs MI 2021-09-26,AK Chaudhary,MA Gough,GJ Maxwell,Royal Challengers Bangalore,Dubai,Dubai International Cricket Stadium,2021-09-26
2nd innings,Mumbai Indians,Royal Challengers Bangalore,3.4,Q de Kock,RG Sharma,Mohammed Siraj,0,0,0,,,,,RCB vs MI 2021-09-26,AK Chaudhary,MA Gough,GJ Maxwell,Royal Challengers Bangalore,Dubai,Dubai International Cricket Stadium,2021-09-26
2nd innings,Mumbai Indians,Royal Challengers Bangalore,3.5,Q de Kock,RG Sharma,Mohammed Siraj,0,4,4,,,,,RCB vs MI 2021-09-26,AK Chaudhary,MA Gough,GJ Maxwell,Royal Challengers Bangalore,Dubai,Dubai International Cricket Stadium,2021-09-26
2nd innings,Mumbai Indians,Royal Challengers Bangalore,3.6,Q de Kock,RG Sharma,Mohammed Siraj,0,0,0,,,,,RCB vs MI 2021-09-26,AK Chaudhary,MA Gough,GJ Maxwell,Royal Challengers Bangalore,Dubai,Dubai International Cricket Stadium,2021-09-26
2nd innings,Mumbai Indians,Royal Challengers Bangalore,4.1,RG Sharma,Q de Kock,DT Christian,0,4,4,,,,,RCB vs MI 2021-09-26,AK Chaudhary,MA Gough,GJ Maxwell,Royal Challengers Bangalore,Dubai,Dubai International Cricket Stadium,2021-09-26
2nd innings,Mumbai Indians,Royal Challengers Bangalore,4.2,RG Sharma,Q de Kock,DT Christian,0,4,4,,,,,RCB vs MI 2021-09-26,AK Chaudhary,MA Gough,GJ Maxwell,Royal Challengers Bangalore,Dubai,Dubai International Cricket Stadium,2021-09-26
2nd innings,Mumbai Indians,Royal Challengers Bangalore,4.3,RG Sharma,Q de Kock,DT Christian,0,0,0,,,,,RCB vs MI 2021-09-26,AK Chaudhary,MA Gough,GJ Maxwell,Royal Challengers Bangalore,Dubai,Dubai International Cricket Stadium,2021-09-26
2nd innings,Mumbai Indians,Royal Challengers Bangalore,4.4,RG Sharma,Q de Kock,DT Christian,0,2,2,,,,,RCB vs MI 2021-09-26,AK Chaudhary,MA Gough,GJ Maxwell,Royal Challengers Bangalore,Dubai,Dubai International Cricket Stadium,2021-09-26
2nd innings,Mumbai Indians,Royal Challengers Bangalore,4.5,RG Sharma,Q de Kock,DT Christian,0,1,1,,,,,RCB vs MI 2021-09-26,AK Chaudhary,MA Gough,GJ Maxwell,Royal Challengers Bangalore,Dubai,Dubai International Cricket Stadium,2021-09-26
2nd innings,Mumbai Indians,Royal Challengers Bangalore,4.6,Q de Kock,RG Sharma,DT Christian,0,4,4,,,,,RCB vs MI 2021-09-26,AK Chaudhary,MA Gough,GJ Maxwell,Royal Challengers Bangalore,Dubai,Dubai International Cricket Stadium,2021-09-26
2nd innings,Mumbai Indians,Royal Challengers Bangalore,5.1,RG Sharma,Q de Kock,HV Patel,0,0,0,,,,,RCB vs MI 2021-09-26,AK Chaudhary,MA Gough,GJ Maxwell,Royal Challengers Bangalore,Dubai,Dubai International Cricket Stadium,2021-09-26
2nd innings,Mumbai Indians,Royal Challengers Bangalore,5.2,RG Sharma,Q de Kock,HV Patel,0,1,1,,,,,RCB vs MI 2021-09-26,AK Chaudhary,MA Gough,GJ Maxwell,Royal Challengers Bangalore,Dubai,Dubai International Cricket Stadium,2021-09-26
2nd innings,Mumbai Indians,Royal Challengers Bangalore,5.3,Q de Kock,RG Sharma,HV Patel,0,0,0,,,,,RCB vs MI 2021-09-26,AK Chaudhary,MA Gough,GJ Maxwell,Royal Challengers Bangalore,Dubai,Dubai International Cricket Stadium,2021-09-26
2nd innings,Mumbai Indians,Royal Challengers Bangalore,5.4,Q de Kock,RG Sharma,HV Patel,0,2,2,,,,,RCB vs MI 2021-09-26,AK Chaudhary,MA Gough,GJ Maxwell,Royal Challengers Bangalore,Dubai,Dubai International Cricket Stadium,2021-09-26
2nd innings,Mumbai Indians,Royal Challengers Bangalore,5.5,Q de Kock,RG Sharma,HV Patel,1,0,1,wides,,,,RCB vs MI 2021-09-26,AK Chaudhary,MA Gough,GJ Maxwell,Royal Challengers Bangalore,Dubai,Dubai International Cricket Stadium,2021-09-26
2nd innings,Mumbai Indians,Royal Challengers Bangalore,5.6,Q de Kock,RG Sharma,HV Patel,0,1,1,,,,,RCB vs MI 2021-09-26,AK Chaudhary,MA Gough,GJ Maxwell,Royal Challengers Bangalore,Dubai,Dubai International Cricket Stadium,2021-09-26
2nd innings,Mumbai Indians,Royal Challengers Bangalore,5.7,RG Sharma,Q de Kock,HV Patel,0,0,0,,,,,RCB vs MI 2021-09-26,AK Chaudhary,MA Gough,GJ Maxwell,Royal Challengers Bangalore,Dubai,Dubai International Cricket Stadium,2021-09-26
2nd innings,Mumbai Indians,Royal Challengers Bangalore,6.1,Q de Kock,RG Sharma,YS Chahal,0,1,1,,,,,RCB vs MI 2021-09-26,AK Chaudhary,MA Gough,GJ Maxwell,Royal Challengers Bangalore,Dubai,Dubai International Cricket Stadium,2021-09-26
2nd innings,Mumbai Indians,Royal Challengers Bangalore,6.2,RG Sharma,Q de Kock,YS Chahal,0,0,0,,,,,RCB vs MI 2021-09-26,AK Chaudhary,MA Gough,GJ Maxwell,Royal Challengers Bangalore,Dubai,Dubai International Cricket Stadium,2021-09-26
2nd innings,Mumbai Indians,Royal Challengers Bangalore,6.3,RG Sharma,Q de Kock,YS Chahal,0,0,0,,,,,RCB vs MI 2021-09-26,AK Chaudhary,MA Gough,GJ Maxwell,Royal Challengers Bangalore,Dubai,Dubai International Cricket Stadium,2021-09-26
2nd innings,Mumbai Indians,Royal Challengers Bangalore,6.4,RG Sharma,Q de Kock,YS Chahal,0,0,0,,Q de Kock,caught,GJ Maxwell,RCB vs MI 2021-09-26,AK Chaudhary,MA Gough,GJ Maxwell,Royal Challengers Bangalore,Dubai,Dubai International Cricket Stadium,2021-09-26
2nd innings,Mumbai Indians,Royal Challengers Bangalore,6.5,Ishan Kishan,RG Sharma,YS Chahal,0,0,0,,,,,RCB vs MI 2021-09-26,AK Chaudhary,MA Gough,GJ Maxwell,Royal Challengers Bangalore,Dubai,Dubai International Cricket Stadium,2021-09-26
2nd innings,Mumbai Indians,Royal Challengers Bangalore,6.6,Ishan Kishan,RG Sharma,YS Chahal,0,1,1,,,,,RCB vs MI 2021-09-26,AK Chaudhary,MA Gough,GJ Maxwell,Royal Challengers Bangalore,Dubai,Dubai International Cricket Stadium,2021-09-26
2nd innings,Mumbai Indians,Royal Challengers Bangalore,7.1,Ishan Kishan,RG Sharma,GJ Maxwell,0,1,1,,,,,RCB vs MI 2021-09-26,AK Chaudhary,MA Gough,GJ Maxwell,Royal Challengers Bangalore,Dubai,Dubai International Cricket Stadium,2021-09-26
2nd innings,Mumbai Indians,Royal Challengers Bangalore,7.2,RG Sharma,Ishan Kishan,GJ Maxwell,0,0,0,,,,,RCB vs MI 2021-09-26,AK Chaudhary,MA Gough,GJ Maxwell,Royal Challengers Bangalore,Dubai,Dubai International Cricket Stadium,2021-09-26
2nd innings,Mumbai Indians,Royal Challengers Bangalore,7.3,RG Sharma,Ishan Kishan,GJ Maxwell,0,0,0,,,,,RCB vs MI 2021-09-26,AK Chaudhary,MA Gough,GJ Maxwell,Royal Challengers Bangalore,Dubai,Dubai International Cricket Stadium,2021-09-26
2nd innings,Mumbai Indians,Royal Challengers Bangalore,7.4,RG Sharma,Ishan Kishan,GJ Maxwell,0,1,1,,,,,RCB vs MI 2021-09-26,AK Chaudhary,MA Gough,GJ Maxwell,Royal Challengers Bangalore,Dubai,Dubai International Cricket Stadium,2021-09-26
2nd innings,Mumbai Indians,Royal Challengers Bangalore,7.5,Ishan Kishan,RG Sharma,GJ Maxwell,0,2,2,,,,,RCB vs MI 2021-09-26,AK Chaudhary,MA Gough,GJ Maxwell,Royal Challengers Bangalore,Dubai,Dubai International Cricket Stadium,2021-09-26
2nd innings,Mumbai Indians,Royal Challengers Bangalore,7.6,Ishan Kishan,RG Sharma,GJ Maxwell,1,0,1,wides,,,,RCB vs MI 2021-09-26,AK Chaudhary,MA Gough,GJ Maxwell,Royal Challengers Bangalore,Dubai,Dubai International Cricket Stadium,2021-09-26
2nd innings,Mumbai Indians,Royal Challengers Bangalore,7.7,Ishan Kishan,RG Sharma,GJ Maxwell,0,6,6,,,,,RCB vs MI 2021-09-26,AK Chaudhary,MA Gough,GJ Maxwell,Royal Challengers Bangalore,Dubai,Dubai International Cricket Stadium,2021-09-26
2nd innings,Mumbai Indians,Royal Challengers Bangalore,8.1,RG Sharma,Ishan Kishan,YS Chahal,0,0,0,,,,,RCB vs MI 2021-09-26,AK Chaudhary,MA Gough,GJ Maxwell,Royal Challengers Bangalore,Dubai,Dubai International Cricket Stadium,2021-09-26
2nd innings,Mumbai Indians,Royal Challengers Bangalore,8.2,RG Sharma,Ishan Kishan,YS Chahal,0,4,4,,,,,RCB vs MI 2021-09-26,AK Chaudhary,MA Gough,GJ Maxwell,Royal Challengers Bangalore,Dubai,Dubai International Cricket Stadium,2021-09-26
2nd innings,Mumbai Indians,Royal Challengers Bangalore,8.3,RG Sharma,Ishan Kishan,YS Chahal,0,0,0,,,,,RCB vs MI 2021-09-26,AK Chaudhary,MA Gough,GJ Maxwell,Royal Challengers Bangalore,Dubai,Dubai International Cricket Stadium,2021-09-26
2nd innings,Mumbai Indians,Royal Challengers Bangalore,8.4,RG Sharma,Ishan Kishan,YS Chahal,0,1,1,,,,,RCB vs MI 2021-09-26,AK Chaudhary,MA Gough,GJ Maxwell,Royal Challengers Bangalore,Dubai,Dubai International Cricket Stadium,2021-09-26
2nd innings,Mumbai Indians,Royal Challengers Bangalore,8.5,Ishan Kishan,RG Sharma,YS Chahal,0,0,0,,,,,RCB vs MI 2021-09-26,AK Chaudhary,MA Gough,GJ Maxwell,Royal Challengers Bangalore,Dubai,Dubai International Cricket Stadium,2021-09-26
2nd innings,Mumbai Indians,Royal Challengers Bangalore,8.6,Ishan Kishan,RG Sharma,YS Chahal,0,1,1,,,,,RCB vs MI 2021-09-26,AK Chaudhary,MA Gough,GJ Maxwell,Royal Challengers Bangalore,Dubai,Dubai International Cricket Stadium,2021-09-26
2nd innings,Mumbai Indians,Royal Challengers Bangalore,9.1,Ishan Kishan,RG Sharma,GJ Maxwell,0,1,1,,,,,RCB vs MI 2021-09-26,AK Chaudhary,MA Gough,GJ Maxwell,Royal Challengers Bangalore,Dubai,Dubai International Cricket Stadium,2021-09-26
2nd innings,Mumbai Indians,Royal Challengers Bangalore,9.2,RG Sharma,Ishan Kishan,GJ Maxwell,0,1,1,,,,,RCB vs MI 2021-09-26,AK Chaudhary,MA Gough,GJ Maxwell,Royal Challengers Bangalore,Dubai,Dubai International Cricket Stadium,2021-09-26
2nd innings,Mumbai Indians,Royal Challengers Bangalore,9.3,Ishan Kishan,RG Sharma,GJ Maxwell,0,1,1,,,,,RCB vs MI 2021-09-26,AK Chaudhary,MA Gough,GJ Maxwell,Royal Challengers Bangalore,Dubai,Dubai International Cricket Stadium,2021-09-26
2nd innings,Mumbai Indians,Royal Challengers Bangalore,9.4,RG Sharma,Ishan Kishan,GJ Maxwell,0,0,0,,,,,RCB vs MI 2021-09-26,AK Chaudhary,MA Gough,GJ Maxwell,Royal Challengers Bangalore,Dubai,Dubai International Cricket Stadium,2021-09-26
2nd innings,Mumbai Indians,Royal Challengers Bangalore,9.5,RG Sharma,Ishan Kishan,GJ Maxwell,0,1,1,,,,,RCB vs MI 2021-09-26,AK Chaudhary,MA Gough,GJ Maxwell,Royal Challengers Bangalore,Dubai,Dubai International Cricket Stadium,2021-09-26
2nd innings,Mumbai Indians,Royal Challengers Bangalore,9.6,Ishan Kishan,RG Sharma,GJ Maxwell,0,0,0,,RG Sharma,caught,D Padikkal,RCB vs MI 2021-09-26,AK Chaudhary,MA Gough,GJ Maxwell,Royal Challengers Bangalore,Dubai,Dubai International Cricket Stadium,2021-09-26
2nd innings,Mumbai Indians,Royal Challengers Bangalore,10.1,SA Yadav,Ishan Kishan,YS Chahal,0,1,1,,,,,RCB vs MI 2021-09-26,AK Chaudhary,MA Gough,GJ Maxwell,Royal Challengers Bangalore,Dubai,Dubai International Cricket Stadium,2021-09-26
2nd innings,Mumbai Indians,Royal Challengers Bangalore,10.2,Ishan Kishan,SA Yadav,YS Chahal,0,1,1,,,,,RCB vs MI 2021-09-26,AK Chaudhary,MA Gough,GJ Maxwell,Royal Challengers Bangalore,Dubai,Dubai International Cricket Stadium,2021-09-26
2nd innings,Mumbai Indians,Royal Challengers Bangalore,10.3,SA Yadav,Ishan Kishan,YS Chahal,0,0,0,,Ishan Kishan,caught,HV Patel,RCB vs MI 2021-09-26,AK Chaudhary,MA Gough,GJ Maxwell,Royal Challengers Bangalore,Dubai,Dubai International Cricket Stadium,2021-09-26
2nd innings,Mumbai Indians,Royal Challengers Bangalore,10.4,SA Yadav,KH Pandya,YS Chahal,0,0,0,,,,,RCB vs MI 2021-09-26,AK Chaudhary,MA Gough,GJ Maxwell,Royal Challengers Bangalore,Dubai,Dubai International Cricket Stadium,2021-09-26
2nd innings,Mumbai Indians,Royal Challengers Bangalore,10.5,SA Yadav,KH Pandya,YS Chahal,0,0,0,,,,,RCB vs MI 2021-09-26,AK Chaudhary,MA Gough,GJ Maxwell,Royal Challengers Bangalore,Dubai,Dubai International Cricket Stadium,2021-09-26
2nd innings,Mumbai Indians,Royal Challengers Bangalore,10.6,SA Yadav,KH Pandya,YS Chahal,0,1,1,,,,,RCB vs MI 2021-09-26,AK Chaudhary,MA Gough,GJ Maxwell,Royal Challengers Bangalore,Dubai,Dubai International Cricket Stadium,2021-09-26
2nd innings,Mumbai Indians,Royal Challengers Bangalore,11.1,SA Yadav,KH Pandya,GJ Maxwell,0,0,0,,,,,RCB vs MI 2021-09-26,AK Chaudhary,MA Gough,GJ Maxwell,Royal Challengers Bangalore,Dubai,Dubai International Cricket Stadium,2021-09-26
2nd innings,Mumbai Indians,Royal Challengers Bangalore,11.2,SA Yadav,KH Pandya,GJ Maxwell,0,1,1,,,,,RCB vs MI 2021-09-26,AK Chaudhary,MA Gough,GJ Maxwell,Royal Challengers Bangalore,Dubai,Dubai International Cricket Stadium,2021-09-26
2nd innings,Mumbai Indians,Royal Challengers Bangalore,11.3,KH Pandya,SA Yadav,GJ Maxwell,0,1,1,,,,,RCB vs MI 2021-09-26,AK Chaudhary,MA Gough,GJ Maxwell,Royal Challengers Bangalore,Dubai,Dubai International Cricket Stadium,2021-09-26
2nd innings,Mumbai Indians,Royal Challengers Bangalore,11.4,SA Yadav,KH Pandya,GJ Maxwell,0,0,0,,,,,RCB vs MI 2021-09-26,AK Chaudhary,MA Gough,GJ Maxwell,Royal Challengers Bangalore,Dubai,Dubai International Cricket Stadium,2021-09-26
2nd innings,Mumbai Indians,Royal Challengers Bangalore,11.5,SA Yadav,KH Pandya,GJ Maxwell,0,1,1,,,,,RCB vs MI 2021-09-26,AK Chaudhary,MA Gough,GJ Maxwell,Royal Challengers Bangalore,Dubai,Dubai International Cricket Stadium,2021-09-26
2nd innings,Mumbai Indians,Royal Challengers Bangalore,11.6,KH Pandya,SA Yadav,GJ Maxwell,0,1,1,,,,,RCB vs MI 2021-09-26,AK Chaudhary,MA Gough,GJ Maxwell,Royal Challengers Bangalore,Dubai,Dubai International Cricket Stadium,2021-09-26
2nd innings,Mumbai Indians,Royal Challengers Bangalore,12.1,KH Pandya,SA Yadav,HV Patel,0,2,2,,,,,RCB vs MI 2021-09-26,AK Chaudhary,MA Gough,GJ Maxwell,Royal Challengers Bangalore,Dubai,Dubai International Cricket Stadium,2021-09-26
2nd innings,Mumbai Indians,Royal Challengers Bangalore,12.2,KH Pandya,SA Yadav,HV Patel,1,0,1,legbyes,,,,RCB vs MI 2021-09-26,AK Chaudhary,MA Gough,GJ Maxwell,Royal Challengers Bangalore,Dubai,Dubai International Cricket Stadium,2021-09-26
2nd innings,Mumbai Indians,Royal Challengers Bangalore,12.3,SA Yadav,KH Pandya,HV Patel,0,0,0,,,,,RCB vs MI 2021-09-26,AK Chaudhary,MA Gough,GJ Maxwell,Royal Challengers Bangalore,Dubai,Dubai International Cricket Stadium,2021-09-26
2nd innings,Mumbai Indians,Royal Challengers Bangalore,12.4,SA Yadav,KH Pandya,HV Patel,1,0,1,wides,,,,RCB vs MI 2021-09-26,AK Chaudhary,MA Gough,GJ Maxwell,Royal Challengers Bangalore,Dubai,Dubai International Cricket Stadium,2021-09-26
2nd innings,Mumbai Indians,Royal Challengers Bangalore,12.5,SA Yadav,KH Pandya,HV Patel,0,1,1,,,,,RCB vs MI 2021-09-26,AK Chaudhary,MA Gough,GJ Maxwell,Royal Challengers Bangalore,Dubai,Dubai International Cricket Stadium,2021-09-26
2nd innings,Mumbai Indians,Royal Challengers Bangalore,12.6,KH Pandya,SA Yadav,HV Patel,0,1,1,,,,,RCB vs MI 2021-09-26,AK Chaudhary,MA Gough,GJ Maxwell,Royal Challengers Bangalore,Dubai,Dubai International Cricket Stadium,2021-09-26
2nd innings,Mumbai Indians,Royal Challengers Bangalore,12.7,SA Yadav,KH Pandya,HV Patel,0,1,1,,,,,RCB vs MI 2021-09-26,AK Chaudhary,MA Gough,GJ Maxwell,Royal Challengers Bangalore,Dubai,Dubai International Cricket Stadium,2021-09-26
2nd innings,Mumbai Indians,Royal Challengers Bangalore,13.1,SA Yadav,KH Pandya,GJ Maxwell,0,0,0,,KH Pandya,bowled,,RCB vs MI 2021-09-26,AK Chaudhary,MA Gough,GJ Maxwell,Royal Challengers Bangalore,Dubai,Dubai International Cricket Stadium,2021-09-26
2nd innings,Mumbai Indians,Royal Challengers Bangalore,13.2,SA Yadav,KA Pollard,GJ Maxwell,0,1,1,,,,,RCB vs MI 2021-09-26,AK Chaudhary,MA Gough,GJ Maxwell,Royal Challengers Bangalore,Dubai,Dubai International Cricket Stadium,2021-09-26
2nd innings,Mumbai Indians,Royal Challengers Bangalore,13.3,KA Pollard,SA Yadav,GJ Maxwell,0,1,1,,,,,RCB vs MI 2021-09-26,AK Chaudhary,MA Gough,GJ Maxwell,Royal Challengers Bangalore,Dubai,Dubai International Cricket Stadium,2021-09-26
2nd innings,Mumbai Indians,Royal Challengers Bangalore,13.4,SA Yadav,KA Pollard,GJ Maxwell,0,0,0,,,,,RCB vs MI 2021-09-26,AK Chaudhary,MA Gough,GJ Maxwell,Royal Challengers Bangalore,Dubai,Dubai International Cricket Stadium,2021-09-26
2nd innings,Mumbai Indians,Royal Challengers Bangalore,13.5,SA Yadav,KA Pollard,GJ Maxwell,0,1,1,,,,,RCB vs MI 2021-09-26,AK Chaudhary,MA Gough,GJ Maxwell,Royal Challengers Bangalore,Dubai,Dubai International Cricket Stadium,2021-09-26
2nd innings,Mumbai Indians,Royal Challengers Bangalore,13.6,KA Pollard,SA Yadav,GJ Maxwell,0,1,1,,,,,RCB vs MI 2021-09-26,AK Chaudhary,MA Gough,GJ Maxwell,Royal Challengers Bangalore,Dubai,Dubai International Cricket Stadium,2021-09-26
2nd innings,Mumbai Indians,Royal Challengers Bangalore,14.1,KA Pollard,SA Yadav,Mohammed Siraj,0,0,0,,SA Yadav,caught,YS Chahal,RCB vs MI 2021-09-26,AK Chaudhary,MA Gough,GJ Maxwell,Royal Challengers Bangalore,Dubai,Dubai International Cricket Stadium,2021-09-26
2nd innings,Mumbai Indians,Royal Challengers Bangalore,14.2,KA Pollard,HH Pandya,Mohammed Siraj,0,0,0,,,,,RCB vs MI 2021-09-26,AK Chaudhary,MA Gough,GJ Maxwell,Royal Challengers Bangalore,Dubai,Dubai International Cricket Stadium,2021-09-26
2nd innings,Mumbai Indians,Royal Challengers Bangalore,14.3,KA Pollard,HH Pandya,Mohammed Siraj,0,0,0,,,,,RCB vs MI 2021-09-26,AK Chaudhary,MA Gough,GJ Maxwell,Royal Challengers Bangalore,Dubai,Dubai International Cricket Stadium,2021-09-26
2nd innings,Mumbai Indians,Royal Challengers Bangalore,14.4,KA Pollard,HH Pandya,Mohammed Siraj,0,1,1,,,,,RCB vs MI 2021-09-26,AK Chaudhary,MA Gough,GJ Maxwell,Royal Challengers Bangalore,Dubai,Dubai International Cricket Stadium,2021-09-26
2nd innings,Mumbai Indians,Royal Challengers Bangalore,14.5,HH Pandya,KA Pollard,Mohammed Siraj,0,0,0,,,,,RCB vs MI 2021-09-26,AK Chaudhary,MA Gough,GJ Maxwell,Royal Challengers Bangalore,Dubai,Dubai International Cricket Stadium,2021-09-26
2nd innings,Mumbai Indians,Royal Challengers Bangalore,14.6,HH Pandya,KA Pollard,Mohammed Siraj,0,1,1,,,,,RCB vs MI 2021-09-26,AK Chaudhary,MA Gough,GJ Maxwell,Royal Challengers Bangalore,Dubai,Dubai International Cricket Stadium,2021-09-26
2nd innings,Mumbai Indians,Royal Challengers Bangalore,15.1,HH Pandya,KA Pollard,DT Christian,0,0,0,,,,,RCB vs MI 2021-09-26,AK Chaudhary,MA Gough,GJ Maxwell,Royal Challengers Bangalore,Dubai,Dubai International Cricket Stadium,2021-09-26
2nd innings,Mumbai Indians,Royal Challengers Bangalore,15.2,HH Pandya,KA Pollard,DT Christian,0,2,2,,,,,RCB vs MI 2021-09-26,AK Chaudhary,MA Gough,GJ Maxwell,Royal Challengers Bangalore,Dubai,Dubai International Cricket Stadium,2021-09-26
2nd innings,Mumbai Indians,Royal Challengers Bangalore,15.3,HH Pandya,KA Pollard,DT Christian,0,1,1,,,,,RCB vs MI 2021-09-26,AK Chaudhary,MA Gough,GJ Maxwell,Royal Challengers Bangalore,Dubai,Dubai International Cricket Stadium,2021-09-26
2nd innings,Mumbai Indians,Royal Challengers Bangalore,15.4,KA Pollard,HH Pandya,DT Christian,0,1,1,,,,,RCB vs MI 2021-09-26,AK Chaudhary,MA Gough,GJ Maxwell,Royal Challengers Bangalore,Dubai,Dubai International Cricket Stadium,2021-09-26
2nd innings,Mumbai Indians,Royal Challengers Bangalore,15.5,HH Pandya,KA Pollard,DT Christian,0,1,1,,,,,RCB vs MI 2021-09-26,AK Chaudhary,MA Gough,GJ Maxwell,Royal Challengers Bangalore,Dubai,Dubai International Cricket Stadium,2021-09-26
2nd innings,Mumbai Indians,Royal Challengers Bangalore,15.6,KA Pollard,HH Pandya,DT Christian,0,1,1,,,,,RCB vs MI 2021-09-26,AK Chaudhary,MA Gough,GJ Maxwell,Royal Challengers Bangalore,Dubai,Dubai International Cricket Stadium,2021-09-26
2nd innings,Mumbai Indians,Royal Challengers Bangalore,16.1,KA Pollard,HH Pandya,HV Patel,1,0,1,wides,,,,RCB vs MI 2021-09-26,AK Chaudhary,MA Gough,GJ Maxwell,Royal Challengers Bangalore,Dubai,Dubai International Cricket Stadium,2021-09-26
2nd innings,Mumbai Indians,Royal Challengers Bangalore,16.2,KA Pollard,HH Pandya,HV Patel,0,0,0,,HH Pandya,caught,V Kohli,RCB vs MI 2021-09-26,AK Chaudhary,MA Gough,GJ Maxwell,Royal Challengers Bangalore,Dubai,Dubai International Cricket Stadium,2021-09-26
2nd innings,Mumbai Indians,Royal Challengers Bangalore,16.3,AF Milne,KA Pollard,HV Patel,0,0,0,,KA Pollard,bowled,,RCB vs MI 2021-09-26,AK Chaudhary,MA Gough,GJ Maxwell,Royal Challengers Bangalore,Dubai,Dubai International Cricket Stadium,2021-09-26
2nd innings,Mumbai Indians,Royal Challengers Bangalore,16.4,AF Milne,RD Chahar,HV Patel,0,0,0,,RD Chahar,lbw,,RCB vs MI 2021-09-26,AK Chaudhary,MA Gough,GJ Maxwell,Royal Challengers Bangalore,Dubai,Dubai International Cricket Stadium,2021-09-26
2nd innings,Mumbai Indians,Royal Challengers Bangalore,16.5,AF Milne,JJ Bumrah,HV Patel,0,0,0,,,,,RCB vs MI 2021-09-26,AK Chaudhary,MA Gough,GJ Maxwell,Royal Challengers Bangalore,Dubai,Dubai International Cricket Stadium,2021-09-26
2nd innings,Mumbai Indians,Royal Challengers Bangalore,16.6,AF Milne,JJ Bumrah,HV Patel,0,4,4,,,,,RCB vs MI 2021-09-26,AK Chaudhary,MA Gough,GJ Maxwell,Royal Challengers Bangalore,Dubai,Dubai International Cricket Stadium,2021-09-26
2nd innings,Mumbai Indians,Royal Challengers Bangalore,16.7,AF Milne,JJ Bumrah,HV Patel,0,1,1,,,,,RCB vs MI 2021-09-26,AK Chaudhary,MA Gough,GJ Maxwell,Royal Challengers Bangalore,Dubai,Dubai International Cricket Stadium,2021-09-26
2nd innings,Mumbai Indians,Royal Challengers Bangalore,17.1,AF Milne,JJ Bumrah,YS Chahal,0,0,0,,,,,RCB vs MI 2021-09-26,AK Chaudhary,MA Gough,GJ Maxwell,Royal Challengers Bangalore,Dubai,Dubai International Cricket Stadium,2021-09-26
2nd innings,Mumbai Indians,Royal Challengers Bangalore,17.2,AF Milne,JJ Bumrah,YS Chahal,0,0,0,,,,,RCB vs MI 2021-09-26,AK Chaudhary,MA Gough,GJ Maxwell,Royal Challengers Bangalore,Dubai,Dubai International Cricket Stadium,2021-09-26
2nd innings,Mumbai Indians,Royal Challengers Bangalore,17.3,AF Milne,JJ Bumrah,YS Chahal,0,0,0,,JJ Bumrah,bowled,,RCB vs MI 2021-09-26,AK Chaudhary,MA Gough,GJ Maxwell,Royal Challengers Bangalore,Dubai,Dubai International Cricket Stadium,2021-09-26
2nd innings,Mumbai Indians,Royal Challengers Bangalore,17.4,AF Milne,TA Boult,YS Chahal,0,0,0,,,,,RCB vs MI 2021-09-26,AK Chaudhary,MA Gough,GJ Maxwell,Royal Challengers Bangalore,Dubai,Dubai International Cricket Stadium,2021-09-26
2nd innings,Mumbai Indians,Royal Challengers Bangalore,17.5,AF Milne,TA Boult,YS Chahal,0,0,0,,,,,RCB vs MI 2021-09-26,AK Chaudhary,MA Gough,GJ Maxwell,Royal Challengers Bangalore,Dubai,Dubai International Cricket Stadium,2021-09-26
2nd innings,Mumbai Indians,Royal Challengers Bangalore,17.6,AF Milne,TA Boult,YS Chahal,0,0,0,,,,,RCB vs MI 2021-09-26,AK Chaudhary,MA Gough,GJ Maxwell,Royal Challengers Bangalore,Dubai,Dubai International Cricket Stadium,2021-09-26
2nd innings,Mumbai Indians,Royal Challengers Bangalore,18.1,TA Boult,AF Milne,HV Patel,0,0,0,,AF Milne,bowled,,RCB vs MI 2021-09-26,AK Chaudhary,MA Gough,GJ Maxwell,Royal Challengers Bangalore,Dubai,Dubai International Cricket Stadium,2021-09-26
