inning,batting_team,bowling_team,ball,non_striker,batsman,bowler,extra_runs,batsman_run,total_runs,extras,player_out,elimination_kind,fielders_caught,match_name,umpires_1,umpires_2,player_of_match,winner,city,venue,dates
1st innings,Royal Challengers Bangalore,Kolkata Knight Riders,0.1,D Padikkal,V Kohli,Harbhajan Singh,0,0,0,,,,,RCB vs KKR 2021-04-18,C Shamshuddin,Nitin Menon,AB de Villiers,Royal Challengers Bangalore,Chennai,"MA Chidambaram Stadium, Chepauk, Chennai",2021-04-18
1st innings,Royal Challengers Bangalore,Kolkata Knight Riders,0.2,D Padikkal,V Kohli,Harbhajan Singh,1,0,1,noballs,,,,RCB vs KKR 2021-04-18,C Shamshuddin,Nitin Menon,AB de Villiers,Royal Challengers Bangalore,Chennai,"MA Chidambaram Stadium, Chepauk, Chennai",2021-04-18
1st innings,Royal Challengers Bangalore,Kolkata Knight Riders,0.3,D Padikkal,V Kohli,Harbhajan Singh,0,4,4,,,,,RCB vs KKR 2021-04-18,C Shamshuddin,Nitin Menon,AB de Villiers,Royal Challengers Bangalore,Chennai,"MA Chidambaram Stadium, Chepauk, Chennai",2021-04-18
1st innings,Royal Challengers Bangalore,Kolkata Knight Riders,0.4,D Padikkal,V Kohli,Harbhajan Singh,0,1,1,,,,,RCB vs KKR 2021-04-18,C Shamshuddin,Nitin Menon,AB de Villiers,Royal Challengers Bangalore,Chennai,"MA Chidambaram Stadium, Chepauk, Chennai",2021-04-18
1st innings,Royal Challengers Bangalore,Kolkata Knight Riders,0.5,V Kohli,D Padikkal,Harbhajan Singh,0,0,0,,,,,RCB vs KKR 2021-04-18,C Shamshuddin,Nitin Menon,AB de Villiers,Royal Challengers Bangalore,Chennai,"MA Chidambaram Stadium, Chepauk, Chennai",2021-04-18
1st innings,Royal Challengers Bangalore,Kolkata Knight Riders,0.6,V Kohli,D Padikkal,Harbhajan Singh,0,0,0,,,,,RCB vs KKR 2021-04-18,C Shamshuddin,Nitin Menon,AB de Villiers,Royal Challengers Bangalore,Chennai,"MA Chidambaram Stadium, Chepauk, Chennai",2021-04-18
1st innings,Royal Challengers Bangalore,Kolkata Knight Riders,0.7,V Kohli,D Padikkal,Harbhajan Singh,0,0,0,,,,,RCB vs KKR 2021-04-18,C Shamshuddin,Nitin Menon,AB de Villiers,Royal Challengers Bangalore,Chennai,"MA Chidambaram Stadium, Chepauk, Chennai",2021-04-18
1st innings,Royal Challengers Bangalore,Kolkata Knight Riders,1.1,D Padikkal,V Kohli,CV Varun,0,0,0,,,,,RCB vs KKR 2021-04-18,C Shamshuddin,Nitin Menon,AB de Villiers,Royal Challengers Bangalore,Chennai,"MA Chidambaram Stadium, Chepauk, Chennai",2021-04-18
1st innings,Royal Challengers Bangalore,Kolkata Knight Riders,1.2,D Padikkal,V Kohli,CV Varun,0,0,0,,V Kohli,caught,RA Tripathi,RCB vs KKR 2021-04-18,C Shamshuddin,Nitin Menon,AB de Villiers,Royal Challengers Bangalore,Chennai,"MA Chidambaram Stadium, Chepauk, Chennai",2021-04-18
1st innings,Royal Challengers Bangalore,Kolkata Knight Riders,1.3,RM Patidar,D Padikkal,CV Varun,0,1,1,,,,,RCB vs KKR 2021-04-18,C Shamshuddin,Nitin Menon,AB de Villiers,Royal Challengers Bangalore,Chennai,"MA Chidambaram Stadium, Chepauk, Chennai",2021-04-18
1st innings,Royal Challengers Bangalore,Kolkata Knight Riders,1.4,D Padikkal,RM Patidar,CV Varun,0,1,1,,,,,RCB vs KKR 2021-04-18,C Shamshuddin,Nitin Menon,AB de Villiers,Royal Challengers Bangalore,Chennai,"MA Chidambaram Stadium, Chepauk, Chennai",2021-04-18
1st innings,Royal Challengers Bangalore,Kolkata Knight Riders,1.5,RM Patidar,D Padikkal,CV Varun,0,1,1,,,,,RCB vs KKR 2021-04-18,C Shamshuddin,Nitin Menon,AB de Villiers,Royal Challengers Bangalore,Chennai,"MA Chidambaram Stadium, Chepauk, Chennai",2021-04-18
1st innings,Royal Challengers Bangalore,Kolkata Knight Riders,1.6,D Padikkal,RM Patidar,CV Varun,0,0,0,,RM Patidar,bowled,,RCB vs KKR 2021-04-18,C Shamshuddin,Nitin Menon,AB de Villiers,Royal Challengers Bangalore,Chennai,"MA Chidambaram Stadium, Chepauk, Chennai",2021-04-18
1st innings,Royal Challengers Bangalore,Kolkata Knight Riders,2.1,GJ Maxwell,D Padikkal,Harbhajan Singh,0,0,0,,,,,RCB vs KKR 2021-04-18,C Shamshuddin,Nitin Menon,AB de Villiers,Royal Challengers Bangalore,Chennai,"MA Chidambaram Stadium, Chepauk, Chennai",2021-04-18
1st innings,Royal Challengers Bangalore,Kolkata Knight Riders,2.2,GJ Maxwell,D Padikkal,Harbhajan Singh,0,0,0,,,,,RCB vs KKR 2021-04-18,C Shamshuddin,Nitin Menon,AB de Villiers,Royal Challengers Bangalore,Chennai,"MA Chidambaram Stadium, Chepauk, Chennai",2021-04-18
1st innings,Royal Challengers Bangalore,Kolkata Knight Riders,2.3,GJ Maxwell,D Padikkal,Harbhajan Singh,0,0,0,,,,,RCB vs KKR 2021-04-18,C Shamshuddin,Nitin Menon,AB de Villiers,Royal Challengers Bangalore,Chennai,"MA Chidambaram Stadium, Chepauk, Chennai",2021-04-18
1st innings,Royal Challengers Bangalore,Kolkata Knight Riders,2.4,GJ Maxwell,D Padikkal,Harbhajan Singh,0,0,0,,,,,RCB vs KKR 2021-04-18,C Shamshuddin,Nitin Menon,AB de Villiers,Royal Challengers Bangalore,Chennai,"MA Chidambaram Stadium, Chepauk, Chennai",2021-04-18
1st innings,Royal Challengers Bangalore,Kolkata Knight Riders,2.5,GJ Maxwell,D Padikkal,Harbhajan Singh,1,0,1,wides,,,,RCB vs KKR 2021-04-18,C Shamshuddin,Nitin Menon,AB de Villiers,Royal Challengers Bangalore,Chennai,"MA Chidambaram Stadium, Chepauk, Chennai",2021-04-18
1st innings,Royal Challengers Bangalore,Kolkata Knight Riders,2.6,GJ Maxwell,D Padikkal,Harbhajan Singh,0,1,1,,,,,RCB vs KKR 2021-04-18,C Shamshuddin,Nitin Menon,AB de Villiers,Royal Challengers Bangalore,Chennai,"MA Chidambaram Stadium, Chepauk, Chennai",2021-04-18
1st innings,Royal Challengers Bangalore,Kolkata Knight Riders,2.7,D Padikkal,GJ Maxwell,Harbhajan Singh,0,1,1,,,,,RCB vs KKR 2021-04-18,C Shamshuddin,Nitin Menon,AB de Villiers,Royal Challengers Bangalore,Chennai,"MA Chidambaram Stadium, Chepauk, Chennai",2021-04-18
1st innings,Royal Challengers Bangalore,Kolkata Knight Riders,3.1,D Padikkal,GJ Maxwell,Shakib Al Hasan,0,4,4,,,,,RCB vs KKR 2021-04-18,C Shamshuddin,Nitin Menon,AB de Villiers,Royal Challengers Bangalore,Chennai,"MA Chidambaram Stadium, Chepauk, Chennai",2021-04-18
1st innings,Royal Challengers Bangalore,Kolkata Knight Riders,3.2,D Padikkal,GJ Maxwell,Shakib Al Hasan,0,0,0,,,,,RCB vs KKR 2021-04-18,C Shamshuddin,Nitin Menon,AB de Villiers,Royal Challengers Bangalore,Chennai,"MA Chidambaram Stadium, Chepauk, Chennai",2021-04-18
1st innings,Royal Challengers Bangalore,Kolkata Knight Riders,3.3,D Padikkal,GJ Maxwell,Shakib Al Hasan,0,0,0,,,,,RCB vs KKR 2021-04-18,C Shamshuddin,Nitin Menon,AB de Villiers,Royal Challengers Bangalore,Chennai,"MA Chidambaram Stadium, Chepauk, Chennai",2021-04-18
1st innings,Royal Challengers Bangalore,Kolkata Knight Riders,3.4,D Padikkal,GJ Maxwell,Shakib Al Hasan,0,1,1,,,,,RCB vs KKR 2021-04-18,C Shamshuddin,Nitin Menon,AB de Villiers,Royal Challengers Bangalore,Chennai,"MA Chidambaram Stadium, Chepauk, Chennai",2021-04-18
1st innings,Royal Challengers Bangalore,Kolkata Knight Riders,3.5,GJ Maxwell,D Padikkal,Shakib Al Hasan,0,1,1,,,,,RCB vs KKR 2021-04-18,C Shamshuddin,Nitin Menon,AB de Villiers,Royal Challengers Bangalore,Chennai,"MA Chidambaram Stadium, Chepauk, Chennai",2021-04-18
1st innings,Royal Challengers Bangalore,Kolkata Knight Riders,3.6,D Padikkal,GJ Maxwell,Shakib Al Hasan,0,1,1,,,,,RCB vs KKR 2021-04-18,C Shamshuddin,Nitin Menon,AB de Villiers,Royal Challengers Bangalore,Chennai,"MA Chidambaram Stadium, Chepauk, Chennai",2021-04-18
1st innings,Royal Challengers Bangalore,Kolkata Knight Riders,4.1,D Padikkal,GJ Maxwell,PJ Cummins,0,0,0,,,,,RCB vs KKR 2021-04-18,C Shamshuddin,Nitin Menon,AB de Villiers,Royal Challengers Bangalore,Chennai,"MA Chidambaram Stadium, Chepauk, Chennai",2021-04-18
1st innings,Royal Challengers Bangalore,Kolkata Knight Riders,4.2,D Padikkal,GJ Maxwell,PJ Cummins,0,4,4,,,,,RCB vs KKR 2021-04-18,C Shamshuddin,Nitin Menon,AB de Villiers,Royal Challengers Bangalore,Chennai,"MA Chidambaram Stadium, Chepauk, Chennai",2021-04-18
1st innings,Royal Challengers Bangalore,Kolkata Knight Riders,4.3,D Padikkal,GJ Maxwell,PJ Cummins,0,1,1,,,,,RCB vs KKR 2021-04-18,C Shamshuddin,Nitin Menon,AB de Villiers,Royal Challengers Bangalore,Chennai,"MA Chidambaram Stadium, Chepauk, Chennai",2021-04-18
1st innings,Royal Challengers Bangalore,Kolkata Knight Riders,4.4,GJ Maxwell,D Padikkal,PJ Cummins,0,2,2,,,,,RCB vs KKR 2021-04-18,C Shamshuddin,Nitin Menon,AB de Villiers,Royal Challengers Bangalore,Chennai,"MA Chidambaram Stadium, Chepauk, Chennai",2021-04-18
1st innings,Royal Challengers Bangalore,Kolkata Knight Riders,4.5,GJ Maxwell,D Padikkal,PJ Cummins,0,0,0,,,,,RCB vs KKR 2021-04-18,C Shamshuddin,Nitin Menon,AB de Villiers,Royal Challengers Bangalore,Chennai,"MA Chidambaram Stadium, Chepauk, Chennai",2021-04-18
1st innings,Royal Challengers Bangalore,Kolkata Knight Riders,4.6,GJ Maxwell,D Padikkal,PJ Cummins,0,2,2,,,,,RCB vs KKR 2021-04-18,C Shamshuddin,Nitin Menon,AB de Villiers,Royal Challengers Bangalore,Chennai,"MA Chidambaram Stadium, Chepauk, Chennai",2021-04-18
1st innings,Royal Challengers Bangalore,Kolkata Knight Riders,5.1,D Padikkal,GJ Maxwell,Shakib Al Hasan,0,6,6,,,,,RCB vs KKR 2021-04-18,C Shamshuddin,Nitin Menon,AB de Villiers,Royal Challengers Bangalore,Chennai,"MA Chidambaram Stadium, Chepauk, Chennai",2021-04-18
1st innings,Royal Challengers Bangalore,Kolkata Knight Riders,5.2,D Padikkal,GJ Maxwell,Shakib Al Hasan,0,1,1,,,,,RCB vs KKR 2021-04-18,C Shamshuddin,Nitin Menon,AB de Villiers,Royal Challengers Bangalore,Chennai,"MA Chidambaram Stadium, Chepauk, Chennai",2021-04-18
1st innings,Royal Challengers Bangalore,Kolkata Knight Riders,5.3,GJ Maxwell,D Padikkal,Shakib Al Hasan,0,4,4,,,,,RCB vs KKR 2021-04-18,C Shamshuddin,Nitin Menon,AB de Villiers,Royal Challengers Bangalore,Chennai,"MA Chidambaram Stadium, Chepauk, Chennai",2021-04-18
1st innings,Royal Challengers Bangalore,Kolkata Knight Riders,5.4,GJ Maxwell,D Padikkal,Shakib Al Hasan,0,1,1,,,,,RCB vs KKR 2021-04-18,C Shamshuddin,Nitin Menon,AB de Villiers,Royal Challengers Bangalore,Chennai,"MA Chidambaram Stadium, Chepauk, Chennai",2021-04-18
1st innings,Royal Challengers Bangalore,Kolkata Knight Riders,5.5,D Padikkal,GJ Maxwell,Shakib Al Hasan,0,4,4,,,,,RCB vs KKR 2021-04-18,C Shamshuddin,Nitin Menon,AB de Villiers,Royal Challengers Bangalore,Chennai,"MA Chidambaram Stadium, Chepauk, Chennai",2021-04-18
1st innings,Royal Challengers Bangalore,Kolkata Knight Riders,5.6,D Padikkal,GJ Maxwell,Shakib Al Hasan,0,1,1,,,,,RCB vs KKR 2021-04-18,C Shamshuddin,Nitin Menon,AB de Villiers,Royal Challengers Bangalore,Chennai,"MA Chidambaram Stadium, Chepauk, Chennai",2021-04-18
1st innings,Royal Challengers Bangalore,Kolkata Knight Riders,6.1,D Padikkal,GJ Maxwell,M Prasidh Krishna,0,0,0,,,,,RCB vs KKR 2021-04-18,C Shamshuddin,Nitin Menon,AB de Villiers,Royal Challengers Bangalore,Chennai,"MA Chidambaram Stadium, Chepauk, Chennai",2021-04-18
1st innings,Royal Challengers Bangalore,Kolkata Knight Riders,6.2,D Padikkal,GJ Maxwell,M Prasidh Krishna,0,1,1,,,,,RCB vs KKR 2021-04-18,C Shamshuddin,Nitin Menon,AB de Villiers,Royal Challengers Bangalore,Chennai,"MA Chidambaram Stadium, Chepauk, Chennai",2021-04-18
1st innings,Royal Challengers Bangalore,Kolkata Knight Riders,6.3,GJ Maxwell,D Padikkal,M Prasidh Krishna,1,1,2,noballs,,,,RCB vs KKR 2021-04-18,C Shamshuddin,Nitin Menon,AB de Villiers,Royal Challengers Bangalore,Chennai,"MA Chidambaram Stadium, Chepauk, Chennai",2021-04-18
1st innings,Royal Challengers Bangalore,Kolkata Knight Riders,6.4,D Padikkal,GJ Maxwell,M Prasidh Krishna,0,4,4,,,,,RCB vs KKR 2021-04-18,C Shamshuddin,Nitin Menon,AB de Villiers,Royal Challengers Bangalore,Chennai,"MA Chidambaram Stadium, Chepauk, Chennai",2021-04-18
1st innings,Royal Challengers Bangalore,Kolkata Knight Riders,6.5,D Padikkal,GJ Maxwell,M Prasidh Krishna,0,0,0,,,,,RCB vs KKR 2021-04-18,C Shamshuddin,Nitin Menon,AB de Villiers,Royal Challengers Bangalore,Chennai,"MA Chidambaram Stadium, Chepauk, Chennai",2021-04-18
1st innings,Royal Challengers Bangalore,Kolkata Knight Riders,6.6,D Padikkal,GJ Maxwell,M Prasidh Krishna,0,0,0,,,,,RCB vs KKR 2021-04-18,C Shamshuddin,Nitin Menon,AB de Villiers,Royal Challengers Bangalore,Chennai,"MA Chidambaram Stadium, Chepauk, Chennai",2021-04-18
1st innings,Royal Challengers Bangalore,Kolkata Knight Riders,6.7,D Padikkal,GJ Maxwell,M Prasidh Krishna,0,1,1,,,,,RCB vs KKR 2021-04-18,C Shamshuddin,Nitin Menon,AB de Villiers,Royal Challengers Bangalore,Chennai,"MA Chidambaram Stadium, Chepauk, Chennai",2021-04-18
1st innings,Royal Challengers Bangalore,Kolkata Knight Riders,7.1,D Padikkal,GJ Maxwell,CV Varun,1,0,1,noballs,,,,RCB vs KKR 2021-04-18,C Shamshuddin,Nitin Menon,AB de Villiers,Royal Challengers Bangalore,Chennai,"MA Chidambaram Stadium, Chepauk, Chennai",2021-04-18
1st innings,Royal Challengers Bangalore,Kolkata Knight Riders,7.2,D Padikkal,GJ Maxwell,CV Varun,0,6,6,,,,,RCB vs KKR 2021-04-18,C Shamshuddin,Nitin Menon,AB de Villiers,Royal Challengers Bangalore,Chennai,"MA Chidambaram Stadium, Chepauk, Chennai",2021-04-18
1st innings,Royal Challengers Bangalore,Kolkata Knight Riders,7.3,D Padikkal,GJ Maxwell,CV Varun,0,4,4,,,,,RCB vs KKR 2021-04-18,C Shamshuddin,Nitin Menon,AB de Villiers,Royal Challengers Bangalore,Chennai,"MA Chidambaram Stadium, Chepauk, Chennai",2021-04-18
1st innings,Royal Challengers Bangalore,Kolkata Knight Riders,7.4,D Padikkal,GJ Maxwell,CV Varun,0,1,1,,,,,RCB vs KKR 2021-04-18,C Shamshuddin,Nitin Menon,AB de Villiers,Royal Challengers Bangalore,Chennai,"MA Chidambaram Stadium, Chepauk, Chennai",2021-04-18
1st innings,Royal Challengers Bangalore,Kolkata Knight Riders,7.5,GJ Maxwell,D Padikkal,CV Varun,0,1,1,,,,,RCB vs KKR 2021-04-18,C Shamshuddin,Nitin Menon,AB de Villiers,Royal Challengers Bangalore,Chennai,"MA Chidambaram Stadium, Chepauk, Chennai",2021-04-18
1st innings,Royal Challengers Bangalore,Kolkata Knight Riders,7.6,D Padikkal,GJ Maxwell,CV Varun,0,1,1,,,,,RCB vs KKR 2021-04-18,C Shamshuddin,Nitin Menon,AB de Villiers,Royal Challengers Bangalore,Chennai,"MA Chidambaram Stadium, Chepauk, Chennai",2021-04-18
1st innings,Royal Challengers Bangalore,Kolkata Knight Riders,7.7,GJ Maxwell,D Padikkal,CV Varun,0,0,0,,,,,RCB vs KKR 2021-04-18,C Shamshuddin,Nitin Menon,AB de Villiers,Royal Challengers Bangalore,Chennai,"MA Chidambaram Stadium, Chepauk, Chennai",2021-04-18
1st innings,Royal Challengers Bangalore,Kolkata Knight Riders,8.1,D Padikkal,GJ Maxwell,PJ Cummins,0,1,1,,,,,RCB vs KKR 2021-04-18,C Shamshuddin,Nitin Menon,AB de Villiers,Royal Challengers Bangalore,Chennai,"MA Chidambaram Stadium, Chepauk, Chennai",2021-04-18
1st innings,Royal Challengers Bangalore,Kolkata Knight Riders,8.2,GJ Maxwell,D Padikkal,PJ Cummins,0,2,2,,,,,RCB vs KKR 2021-04-18,C Shamshuddin,Nitin Menon,AB de Villiers,Royal Challengers Bangalore,Chennai,"MA Chidambaram Stadium, Chepauk, Chennai",2021-04-18
1st innings,Royal Challengers Bangalore,Kolkata Knight Riders,8.3,GJ Maxwell,D Padikkal,PJ Cummins,0,1,1,,,,,RCB vs KKR 2021-04-18,C Shamshuddin,Nitin Menon,AB de Villiers,Royal Challengers Bangalore,Chennai,"MA Chidambaram Stadium, Chepauk, Chennai",2021-04-18
1st innings,Royal Challengers Bangalore,Kolkata Knight Riders,8.4,D Padikkal,GJ Maxwell,PJ Cummins,0,4,4,,,,,RCB vs KKR 2021-04-18,C Shamshuddin,Nitin Menon,AB de Villiers,Royal Challengers Bangalore,Chennai,"MA Chidambaram Stadium, Chepauk, Chennai",2021-04-18
1st innings,Royal Challengers Bangalore,Kolkata Knight Riders,8.5,D Padikkal,GJ Maxwell,PJ Cummins,0,2,2,,,,,RCB vs KKR 2021-04-18,C Shamshuddin,Nitin Menon,AB de Villiers,Royal Challengers Bangalore,Chennai,"MA Chidambaram Stadium, Chepauk, Chennai",2021-04-18
1st innings,Royal Challengers Bangalore,Kolkata Knight Riders,8.6,D Padikkal,GJ Maxwell,PJ Cummins,0,1,1,,,,,RCB vs KKR 2021-04-18,C Shamshuddin,Nitin Menon,AB de Villiers,Royal Challengers Bangalore,Chennai,"MA Chidambaram Stadium, Chepauk, Chennai",2021-04-18
1st innings,Royal Challengers Bangalore,Kolkata Knight Riders,9.1,D Padikkal,GJ Maxwell,M Prasidh Krishna,0,1,1,,,,,RCB vs KKR 2021-04-18,C Shamshuddin,Nitin Menon,AB de Villiers,Royal Challengers Bangalore,Chennai,"MA Chidambaram Stadium, Chepauk, Chennai",2021-04-18
1st innings,Royal Challengers Bangalore,Kolkata Knight Riders,9.2,GJ Maxwell,D Padikkal,M Prasidh Krishna,0,0,0,,,,,RCB vs KKR 2021-04-18,C Shamshuddin,Nitin Menon,AB de Villiers,Royal Challengers Bangalore,Chennai,"MA Chidambaram Stadium, Chepauk, Chennai",2021-04-18
1st innings,Royal Challengers Bangalore,Kolkata Knight Riders,9.3,GJ Maxwell,D Padikkal,M Prasidh Krishna,0,1,1,,,,,RCB vs KKR 2021-04-18,C Shamshuddin,Nitin Menon,AB de Villiers,Royal Challengers Bangalore,Chennai,"MA Chidambaram Stadium, Chepauk, Chennai",2021-04-18
1st innings,Royal Challengers Bangalore,Kolkata Knight Riders,9.4,D Padikkal,GJ Maxwell,M Prasidh Krishna,0,0,0,,,,,RCB vs KKR 2021-04-18,C Shamshuddin,Nitin Menon,AB de Villiers,Royal Challengers Bangalore,Chennai,"MA Chidambaram Stadium, Chepauk, Chennai",2021-04-18
1st innings,Royal Challengers Bangalore,Kolkata Knight Riders,9.5,D Padikkal,GJ Maxwell,M Prasidh Krishna,0,4,4,,,,,RCB vs KKR 2021-04-18,C Shamshuddin,Nitin Menon,AB de Villiers,Royal Challengers Bangalore,Chennai,"MA Chidambaram Stadium, Chepauk, Chennai",2021-04-18
1st innings,Royal Challengers Bangalore,Kolkata Knight Riders,9.6,D Padikkal,GJ Maxwell,M Prasidh Krishna,0,0,0,,,,,RCB vs KKR 2021-04-18,C Shamshuddin,Nitin Menon,AB de Villiers,Royal Challengers Bangalore,Chennai,"MA Chidambaram Stadium, Chepauk, Chennai",2021-04-18
1st innings,Royal Challengers Bangalore,Kolkata Knight Riders,10.1,GJ Maxwell,D Padikkal,Harbhajan Singh,0,0,0,,,,,RCB vs KKR 2021-04-18,C Shamshuddin,Nitin Menon,AB de Villiers,Royal Challengers Bangalore,Chennai,"MA Chidambaram Stadium, Chepauk, Chennai",2021-04-18
1st innings,Royal Challengers Bangalore,Kolkata Knight Riders,10.2,GJ Maxwell,D Padikkal,Harbhajan Singh,0,4,4,,,,,RCB vs KKR 2021-04-18,C Shamshuddin,Nitin Menon,AB de Villiers,Royal Challengers Bangalore,Chennai,"MA Chidambaram Stadium, Chepauk, Chennai",2021-04-18
1st innings,Royal Challengers Bangalore,Kolkata Knight Riders,10.3,GJ Maxwell,D Padikkal,Harbhajan Singh,0,1,1,,,,,RCB vs KKR 2021-04-18,C Shamshuddin,Nitin Menon,AB de Villiers,Royal Challengers Bangalore,Chennai,"MA Chidambaram Stadium, Chepauk, Chennai",2021-04-18
1st innings,Royal Challengers Bangalore,Kolkata Knight Riders,10.4,D Padikkal,GJ Maxwell,Harbhajan Singh,0,4,4,,,,,RCB vs KKR 2021-04-18,C Shamshuddin,Nitin Menon,AB de Villiers,Royal Challengers Bangalore,Chennai,"MA Chidambaram Stadium, Chepauk, Chennai",2021-04-18
1st innings,Royal Challengers Bangalore,Kolkata Knight Riders,10.5,D Padikkal,GJ Maxwell,Harbhajan Singh,0,1,1,,,,,RCB vs KKR 2021-04-18,C Shamshuddin,Nitin Menon,AB de Villiers,Royal Challengers Bangalore,Chennai,"MA Chidambaram Stadium, Chepauk, Chennai",2021-04-18
1st innings,Royal Challengers Bangalore,Kolkata Knight Riders,10.6,GJ Maxwell,D Padikkal,Harbhajan Singh,0,1,1,,,,,RCB vs KKR 2021-04-18,C Shamshuddin,Nitin Menon,AB de Villiers,Royal Challengers Bangalore,Chennai,"MA Chidambaram Stadium, Chepauk, Chennai",2021-04-18
1st innings,Royal Challengers Bangalore,Kolkata Knight Riders,11.1,GJ Maxwell,D Padikkal,M Prasidh Krishna,0,0,0,,D Padikkal,caught,RA Tripathi,RCB vs KKR 2021-04-18,C Shamshuddin,Nitin Menon,AB de Villiers,Royal Challengers Bangalore,Chennai,"MA Chidambaram Stadium, Chepauk, Chennai",2021-04-18
1st innings,Royal Challengers Bangalore,Kolkata Knight Riders,11.2,AB de Villiers,GJ Maxwell,M Prasidh Krishna,0,0,0,,,,,RCB vs KKR 2021-04-18,C Shamshuddin,Nitin Menon,AB de Villiers,Royal Challengers Bangalore,Chennai,"MA Chidambaram Stadium, Chepauk, Chennai",2021-04-18
1st innings,Royal Challengers Bangalore,Kolkata Knight Riders,11.3,AB de Villiers,GJ Maxwell,M Prasidh Krishna,0,0,0,,,,,RCB vs KKR 2021-04-18,C Shamshuddin,Nitin Menon,AB de Villiers,Royal Challengers Bangalore,Chennai,"MA Chidambaram Stadium, Chepauk, Chennai",2021-04-18
1st innings,Royal Challengers Bangalore,Kolkata Knight Riders,11.4,AB de Villiers,GJ Maxwell,M Prasidh Krishna,0,1,1,,,,,RCB vs KKR 2021-04-18,C Shamshuddin,Nitin Menon,AB de Villiers,Royal Challengers Bangalore,Chennai,"MA Chidambaram Stadium, Chepauk, Chennai",2021-04-18
1st innings,Royal Challengers Bangalore,Kolkata Knight Riders,11.5,GJ Maxwell,AB de Villiers,M Prasidh Krishna,0,2,2,,,,,RCB vs KKR 2021-04-18,C Shamshuddin,Nitin Menon,AB de Villiers,Royal Challengers Bangalore,Chennai,"MA Chidambaram Stadium, Chepauk, Chennai",2021-04-18
1st innings,Royal Challengers Bangalore,Kolkata Knight Riders,11.6,GJ Maxwell,AB de Villiers,M Prasidh Krishna,0,3,3,,,,,RCB vs KKR 2021-04-18,C Shamshuddin,Nitin Menon,AB de Villiers,Royal Challengers Bangalore,Chennai,"MA Chidambaram Stadium, Chepauk, Chennai",2021-04-18
1st innings,Royal Challengers Bangalore,Kolkata Knight Riders,12.1,GJ Maxwell,AB de Villiers,CV Varun,0,1,1,,,,,RCB vs KKR 2021-04-18,C Shamshuddin,Nitin Menon,AB de Villiers,Royal Challengers Bangalore,Chennai,"MA Chidambaram Stadium, Chepauk, Chennai",2021-04-18
1st innings,Royal Challengers Bangalore,Kolkata Knight Riders,12.2,AB de Villiers,GJ Maxwell,CV Varun,0,1,1,,,,,RCB vs KKR 2021-04-18,C Shamshuddin,Nitin Menon,AB de Villiers,Royal Challengers Bangalore,Chennai,"MA Chidambaram Stadium, Chepauk, Chennai",2021-04-18
1st innings,Royal Challengers Bangalore,Kolkata Knight Riders,12.3,GJ Maxwell,AB de Villiers,CV Varun,0,1,1,,,,,RCB vs KKR 2021-04-18,C Shamshuddin,Nitin Menon,AB de Villiers,Royal Challengers Bangalore,Chennai,"MA Chidambaram Stadium, Chepauk, Chennai",2021-04-18
1st innings,Royal Challengers Bangalore,Kolkata Knight Riders,12.4,AB de Villiers,GJ Maxwell,CV Varun,0,1,1,,,,,RCB vs KKR 2021-04-18,C Shamshuddin,Nitin Menon,AB de Villiers,Royal Challengers Bangalore,Chennai,"MA Chidambaram Stadium, Chepauk, Chennai",2021-04-18
1st innings,Royal Challengers Bangalore,Kolkata Knight Riders,12.5,GJ Maxwell,AB de Villiers,CV Varun,0,1,1,,,,,RCB vs KKR 2021-04-18,C Shamshuddin,Nitin Menon,AB de Villiers,Royal Challengers Bangalore,Chennai,"MA Chidambaram Stadium, Chepauk, Chennai",2021-04-18
1st innings,Royal Challengers Bangalore,Kolkata Knight Riders,12.6,AB de Villiers,GJ Maxwell,CV Varun,0,0,0,,,,,RCB vs KKR 2021-04-18,C Shamshuddin,Nitin Menon,AB de Villiers,Royal Challengers Bangalore,Chennai,"MA Chidambaram Stadium, Chepauk, Chennai",2021-04-18
1st innings,Royal Challengers Bangalore,Kolkata Knight Riders,13.1,GJ Maxwell,AB de Villiers,PJ Cummins,0,2,2,,,,,RCB vs KKR 2021-04-18,C Shamshuddin,Nitin Menon,AB de Villiers,Royal Challengers Bangalore,Chennai,"MA Chidambaram Stadium, Chepauk, Chennai",2021-04-18
1st innings,Royal Challengers Bangalore,Kolkata Knight Riders,13.2,GJ Maxwell,AB de Villiers,PJ Cummins,0,1,1,,,,,RCB vs KKR 2021-04-18,C Shamshuddin,Nitin Menon,AB de Villiers,Royal Challengers Bangalore,Chennai,"MA Chidambaram Stadium, Chepauk, Chennai",2021-04-18
1st innings,Royal Challengers Bangalore,Kolkata Knight Riders,13.3,AB de Villiers,GJ Maxwell,PJ Cummins,0,1,1,,,,,RCB vs KKR 2021-04-18,C Shamshuddin,Nitin Menon,AB de Villiers,Royal Challengers Bangalore,Chennai,"MA Chidambaram Stadium, Chepauk, Chennai",2021-04-18
1st innings,Royal Challengers Bangalore,Kolkata Knight Riders,13.4,GJ Maxwell,AB de Villiers,PJ Cummins,0,0,0,,,,,RCB vs KKR 2021-04-18,C Shamshuddin,Nitin Menon,AB de Villiers,Royal Challengers Bangalore,Chennai,"MA Chidambaram Stadium, Chepauk, Chennai",2021-04-18
1st innings,Royal Challengers Bangalore,Kolkata Knight Riders,13.5,GJ Maxwell,AB de Villiers,PJ Cummins,0,1,1,,,,,RCB vs KKR 2021-04-18,C Shamshuddin,Nitin Menon,AB de Villiers,Royal Challengers Bangalore,Chennai,"MA Chidambaram Stadium, Chepauk, Chennai",2021-04-18
1st innings,Royal Challengers Bangalore,Kolkata Knight Riders,13.6,AB de Villiers,GJ Maxwell,PJ Cummins,1,0,1,wides,,,,RCB vs KKR 2021-04-18,C Shamshuddin,Nitin Menon,AB de Villiers,Royal Challengers Bangalore,Chennai,"MA Chidambaram Stadium, Chepauk, Chennai",2021-04-18
1st innings,Royal Challengers Bangalore,Kolkata Knight Riders,13.7,AB de Villiers,GJ Maxwell,PJ Cummins,1,0,1,wides,,,,RCB vs KKR 2021-04-18,C Shamshuddin,Nitin Menon,AB de Villiers,Royal Challengers Bangalore,Chennai,"MA Chidambaram Stadium, Chepauk, Chennai",2021-04-18
1st innings,Royal Challengers Bangalore,Kolkata Knight Riders,13.8,AB de Villiers,GJ Maxwell,PJ Cummins,0,4,4,,,,,RCB vs KKR 2021-04-18,C Shamshuddin,Nitin Menon,AB de Villiers,Royal Challengers Bangalore,Chennai,"MA Chidambaram Stadium, Chepauk, Chennai",2021-04-18
1st innings,Royal Challengers Bangalore,Kolkata Knight Riders,14.1,GJ Maxwell,AB de Villiers,CV Varun,0,0,0,,,,,RCB vs KKR 2021-04-18,C Shamshuddin,Nitin Menon,AB de Villiers,Royal Challengers Bangalore,Chennai,"MA Chidambaram Stadium, Chepauk, Chennai",2021-04-18
1st innings,Royal Challengers Bangalore,Kolkata Knight Riders,14.2,GJ Maxwell,AB de Villiers,CV Varun,0,4,4,,,,,RCB vs KKR 2021-04-18,C Shamshuddin,Nitin Menon,AB de Villiers,Royal Challengers Bangalore,Chennai,"MA Chidambaram Stadium, Chepauk, Chennai",2021-04-18
1st innings,Royal Challengers Bangalore,Kolkata Knight Riders,14.3,GJ Maxwell,AB de Villiers,CV Varun,0,4,4,,,,,RCB vs KKR 2021-04-18,C Shamshuddin,Nitin Menon,AB de Villiers,Royal Challengers Bangalore,Chennai,"MA Chidambaram Stadium, Chepauk, Chennai",2021-04-18
1st innings,Royal Challengers Bangalore,Kolkata Knight Riders,14.4,GJ Maxwell,AB de Villiers,CV Varun,0,1,1,,,,,RCB vs KKR 2021-04-18,C Shamshuddin,Nitin Menon,AB de Villiers,Royal Challengers Bangalore,Chennai,"MA Chidambaram Stadium, Chepauk, Chennai",2021-04-18
1st innings,Royal Challengers Bangalore,Kolkata Knight Riders,14.5,AB de Villiers,GJ Maxwell,CV Varun,0,2,2,,,,,RCB vs KKR 2021-04-18,C Shamshuddin,Nitin Menon,AB de Villiers,Royal Challengers Bangalore,Chennai,"MA Chidambaram Stadium, Chepauk, Chennai",2021-04-18
1st innings,Royal Challengers Bangalore,Kolkata Knight Riders,14.6,AB de Villiers,GJ Maxwell,CV Varun,0,6,6,,,,,RCB vs KKR 2021-04-18,C Shamshuddin,Nitin Menon,AB de Villiers,Royal Challengers Bangalore,Chennai,"MA Chidambaram Stadium, Chepauk, Chennai",2021-04-18
1st innings,Royal Challengers Bangalore,Kolkata Knight Riders,15.1,GJ Maxwell,AB de Villiers,M Prasidh Krishna,0,1,1,,,,,RCB vs KKR 2021-04-18,C Shamshuddin,Nitin Menon,AB de Villiers,Royal Challengers Bangalore,Chennai,"MA Chidambaram Stadium, Chepauk, Chennai",2021-04-18
1st innings,Royal Challengers Bangalore,Kolkata Knight Riders,15.2,AB de Villiers,GJ Maxwell,M Prasidh Krishna,0,1,1,,,,,RCB vs KKR 2021-04-18,C Shamshuddin,Nitin Menon,AB de Villiers,Royal Challengers Bangalore,Chennai,"MA Chidambaram Stadium, Chepauk, Chennai",2021-04-18
1st innings,Royal Challengers Bangalore,Kolkata Knight Riders,15.3,GJ Maxwell,AB de Villiers,M Prasidh Krishna,0,0,0,,,,,RCB vs KKR 2021-04-18,C Shamshuddin,Nitin Menon,AB de Villiers,Royal Challengers Bangalore,Chennai,"MA Chidambaram Stadium, Chepauk, Chennai",2021-04-18
1st innings,Royal Challengers Bangalore,Kolkata Knight Riders,15.4,GJ Maxwell,AB de Villiers,M Prasidh Krishna,0,4,4,,,,,RCB vs KKR 2021-04-18,C Shamshuddin,Nitin Menon,AB de Villiers,Royal Challengers Bangalore,Chennai,"MA Chidambaram Stadium, Chepauk, Chennai",2021-04-18
1st innings,Royal Challengers Bangalore,Kolkata Knight Riders,15.5,GJ Maxwell,AB de Villiers,M Prasidh Krishna,0,4,4,,,,,RCB vs KKR 2021-04-18,C Shamshuddin,Nitin Menon,AB de Villiers,Royal Challengers Bangalore,Chennai,"MA Chidambaram Stadium, Chepauk, Chennai",2021-04-18
1st innings,Royal Challengers Bangalore,Kolkata Knight Riders,15.6,GJ Maxwell,AB de Villiers,M Prasidh Krishna,0,1,1,,,,,RCB vs KKR 2021-04-18,C Shamshuddin,Nitin Menon,AB de Villiers,Royal Challengers Bangalore,Chennai,"MA Chidambaram Stadium, Chepauk, Chennai",2021-04-18
1st innings,Royal Challengers Bangalore,Kolkata Knight Riders,16.1,GJ Maxwell,AB de Villiers,PJ Cummins,0,1,1,,,,,RCB vs KKR 2021-04-18,C Shamshuddin,Nitin Menon,AB de Villiers,Royal Challengers Bangalore,Chennai,"MA Chidambaram Stadium, Chepauk, Chennai",2021-04-18
1st innings,Royal Challengers Bangalore,Kolkata Knight Riders,16.2,AB de Villiers,GJ Maxwell,PJ Cummins,0,0,0,,,,,RCB vs KKR 2021-04-18,C Shamshuddin,Nitin Menon,AB de Villiers,Royal Challengers Bangalore,Chennai,"MA Chidambaram Stadium, Chepauk, Chennai",2021-04-18
1st innings,Royal Challengers Bangalore,Kolkata Knight Riders,16.3,AB de Villiers,GJ Maxwell,PJ Cummins,0,1,1,,,,,RCB vs KKR 2021-04-18,C Shamshuddin,Nitin Menon,AB de Villiers,Royal Challengers Bangalore,Chennai,"MA Chidambaram Stadium, Chepauk, Chennai",2021-04-18
1st innings,Royal Challengers Bangalore,Kolkata Knight Riders,16.4,GJ Maxwell,AB de Villiers,PJ Cummins,0,1,1,,,,,RCB vs KKR 2021-04-18,C Shamshuddin,Nitin Menon,AB de Villiers,Royal Challengers Bangalore,Chennai,"MA Chidambaram Stadium, Chepauk, Chennai",2021-04-18
1st innings,Royal Challengers Bangalore,Kolkata Knight Riders,16.5,AB de Villiers,GJ Maxwell,PJ Cummins,0,0,0,,,,,RCB vs KKR 2021-04-18,C Shamshuddin,Nitin Menon,AB de Villiers,Royal Challengers Bangalore,Chennai,"MA Chidambaram Stadium, Chepauk, Chennai",2021-04-18
1st innings,Royal Challengers Bangalore,Kolkata Knight Riders,16.6,AB de Villiers,GJ Maxwell,PJ Cummins,0,0,0,,GJ Maxwell,caught,Harbhajan Singh,RCB vs KKR 2021-04-18,C Shamshuddin,Nitin Menon,AB de Villiers,Royal Challengers Bangalore,Chennai,"MA Chidambaram Stadium, Chepauk, Chennai",2021-04-18
1st innings,Royal Challengers Bangalore,Kolkata Knight Riders,17.1,KA Jamieson,AB de Villiers,AD Russell,0,0,0,,,,,RCB vs KKR 2021-04-18,C Shamshuddin,Nitin Menon,AB de Villiers,Royal Challengers Bangalore,Chennai,"MA Chidambaram Stadium, Chepauk, Chennai",2021-04-18
1st innings,Royal Challengers Bangalore,Kolkata Knight Riders,17.2,KA Jamieson,AB de Villiers,AD Russell,1,0,1,wides,,,,RCB vs KKR 2021-04-18,C Shamshuddin,Nitin Menon,AB de Villiers,Royal Challengers Bangalore,Chennai,"MA Chidambaram Stadium, Chepauk, Chennai",2021-04-18
1st innings,Royal Challengers Bangalore,Kolkata Knight Riders,17.3,KA Jamieson,AB de Villiers,AD Russell,0,6,6,,,,,RCB vs KKR 2021-04-18,C Shamshuddin,Nitin Menon,AB de Villiers,Royal Challengers Bangalore,Chennai,"MA Chidambaram Stadium, Chepauk, Chennai",2021-04-18
1st innings,Royal Challengers Bangalore,Kolkata Knight Riders,17.4,KA Jamieson,AB de Villiers,AD Russell,0,4,4,,,,,RCB vs KKR 2021-04-18,C Shamshuddin,Nitin Menon,AB de Villiers,Royal Challengers Bangalore,Chennai,"MA Chidambaram Stadium, Chepauk, Chennai",2021-04-18
1st innings,Royal Challengers Bangalore,Kolkata Knight Riders,17.5,KA Jamieson,AB de Villiers,AD Russell,0,2,2,,,,,RCB vs KKR 2021-04-18,C Shamshuddin,Nitin Menon,AB de Villiers,Royal Challengers Bangalore,Chennai,"MA Chidambaram Stadium, Chepauk, Chennai",2021-04-18
1st innings,Royal Challengers Bangalore,Kolkata Knight Riders,17.6,KA Jamieson,AB de Villiers,AD Russell,0,4,4,,,,,RCB vs KKR 2021-04-18,C Shamshuddin,Nitin Menon,AB de Villiers,Royal Challengers Bangalore,Chennai,"MA Chidambaram Stadium, Chepauk, Chennai",2021-04-18
1st innings,Royal Challengers Bangalore,Kolkata Knight Riders,17.7,KA Jamieson,AB de Villiers,AD Russell,0,0,0,,,,,RCB vs KKR 2021-04-18,C Shamshuddin,Nitin Menon,AB de Villiers,Royal Challengers Bangalore,Chennai,"MA Chidambaram Stadium, Chepauk, Chennai",2021-04-18
1st innings,Royal Challengers Bangalore,Kolkata Knight Riders,18.1,AB de Villiers,KA Jamieson,Harbhajan Singh,0,0,0,,,,,RCB vs KKR 2021-04-18,C Shamshuddin,Nitin Menon,AB de Villiers,Royal Challengers Bangalore,Chennai,"MA Chidambaram Stadium, Chepauk, Chennai",2021-04-18
1st innings,Royal Challengers Bangalore,Kolkata Knight Riders,18.2,AB de Villiers,KA Jamieson,Harbhajan Singh,0,4,4,,,,,RCB vs KKR 2021-04-18,C Shamshuddin,Nitin Menon,AB de Villiers,Royal Challengers Bangalore,Chennai,"MA Chidambaram Stadium, Chepauk, Chennai",2021-04-18
1st innings,Royal Challengers Bangalore,Kolkata Knight Riders,18.3,AB de Villiers,KA Jamieson,Harbhajan Singh,0,6,6,,,,,RCB vs KKR 2021-04-18,C Shamshuddin,Nitin Menon,AB de Villiers,Royal Challengers Bangalore,Chennai,"MA Chidambaram Stadium, Chepauk, Chennai",2021-04-18
1st innings,Royal Challengers Bangalore,Kolkata Knight Riders,18.4,AB de Villiers,KA Jamieson,Harbhajan Singh,0,1,1,,,,,RCB vs KKR 2021-04-18,C Shamshuddin,Nitin Menon,AB de Villiers,Royal Challengers Bangalore,Chennai,"MA Chidambaram Stadium, Chepauk, Chennai",2021-04-18
1st innings,Royal Challengers Bangalore,Kolkata Knight Riders,18.5,KA Jamieson,AB de Villiers,Harbhajan Singh,0,6,6,,,,,RCB vs KKR 2021-04-18,C Shamshuddin,Nitin Menon,AB de Villiers,Royal Challengers Bangalore,Chennai,"MA Chidambaram Stadium, Chepauk, Chennai",2021-04-18
1st innings,Royal Challengers Bangalore,Kolkata Knight Riders,18.6,KA Jamieson,AB de Villiers,Harbhajan Singh,0,1,1,,,,,RCB vs KKR 2021-04-18,C Shamshuddin,Nitin Menon,AB de Villiers,Royal Challengers Bangalore,Chennai,"MA Chidambaram Stadium, Chepauk, Chennai",2021-04-18
1st innings,Royal Challengers Bangalore,Kolkata Knight Riders,19.1,KA Jamieson,AB de Villiers,AD Russell,0,4,4,,,,,RCB vs KKR 2021-04-18,C Shamshuddin,Nitin Menon,AB de Villiers,Royal Challengers Bangalore,Chennai,"MA Chidambaram Stadium, Chepauk, Chennai",2021-04-18
1st innings,Royal Challengers Bangalore,Kolkata Knight Riders,19.2,KA Jamieson,AB de Villiers,AD Russell,0,6,6,,,,,RCB vs KKR 2021-04-18,C Shamshuddin,Nitin Menon,AB de Villiers,Royal Challengers Bangalore,Chennai,"MA Chidambaram Stadium, Chepauk, Chennai",2021-04-18
1st innings,Royal Challengers Bangalore,Kolkata Knight Riders,19.3,KA Jamieson,AB de Villiers,AD Russell,0,2,2,,,,,RCB vs KKR 2021-04-18,C Shamshuddin,Nitin Menon,AB de Villiers,Royal Challengers Bangalore,Chennai,"MA Chidambaram Stadium, Chepauk, Chennai",2021-04-18
1st innings,Royal Challengers Bangalore,Kolkata Knight Riders,19.4,KA Jamieson,AB de Villiers,AD Russell,1,0,1,wides,,,,RCB vs KKR 2021-04-18,C Shamshuddin,Nitin Menon,AB de Villiers,Royal Challengers Bangalore,Chennai,"MA Chidambaram Stadium, Chepauk, Chennai",2021-04-18
1st innings,Royal Challengers Bangalore,Kolkata Knight Riders,19.5,KA Jamieson,AB de Villiers,AD Russell,0,4,4,,,,,RCB vs KKR 2021-04-18,C Shamshuddin,Nitin Menon,AB de Villiers,Royal Challengers Bangalore,Chennai,"MA Chidambaram Stadium, Chepauk, Chennai",2021-04-18
1st innings,Royal Challengers Bangalore,Kolkata Knight Riders,19.6,KA Jamieson,AB de Villiers,AD Russell,0,0,0,,,,,RCB vs KKR 2021-04-18,C Shamshuddin,Nitin Menon,AB de Villiers,Royal Challengers Bangalore,Chennai,"MA Chidambaram Stadium, Chepauk, Chennai",2021-04-18
1st innings,Royal Challengers Bangalore,Kolkata Knight Riders,19.7,KA Jamieson,AB de Villiers,AD Russell,0,4,4,,,,,RCB vs KKR 2021-04-18,C Shamshuddin,Nitin Menon,AB de Villiers,Royal Challengers Bangalore,Chennai,"MA Chidambaram Stadium, Chepauk, Chennai",2021-04-18
2nd innings,Kolkata Knight Riders,Royal Challengers Bangalore,0.1,Shubman Gill,N Rana,Mohammed Siraj,0,0,0,,,,,RCB vs KKR 2021-04-18,C Shamshuddin,Nitin Menon,AB de Villiers,Royal Challengers Bangalore,Chennai,"MA Chidambaram Stadium, Chepauk, Chennai",2021-04-18
2nd innings,Kolkata Knight Riders,Royal Challengers Bangalore,0.2,Shubman Gill,N Rana,Mohammed Siraj,0,1,1,,,,,RCB vs KKR 2021-04-18,C Shamshuddin,Nitin Menon,AB de Villiers,Royal Challengers Bangalore,Chennai,"MA Chidambaram Stadium, Chepauk, Chennai",2021-04-18
2nd innings,Kolkata Knight Riders,Royal Challengers Bangalore,0.3,N Rana,Shubman Gill,Mohammed Siraj,1,0,1,wides,,,,RCB vs KKR 2021-04-18,C Shamshuddin,Nitin Menon,AB de Villiers,Royal Challengers Bangalore,Chennai,"MA Chidambaram Stadium, Chepauk, Chennai",2021-04-18
2nd innings,Kolkata Knight Riders,Royal Challengers Bangalore,0.4,N Rana,Shubman Gill,Mohammed Siraj,0,4,4,,,,,RCB vs KKR 2021-04-18,C Shamshuddin,Nitin Menon,AB de Villiers,Royal Challengers Bangalore,Chennai,"MA Chidambaram Stadium, Chepauk, Chennai",2021-04-18
2nd innings,Kolkata Knight Riders,Royal Challengers Bangalore,0.5,N Rana,Shubman Gill,Mohammed Siraj,0,0,0,,,,,RCB vs KKR 2021-04-18,C Shamshuddin,Nitin Menon,AB de Villiers,Royal Challengers Bangalore,Chennai,"MA Chidambaram Stadium, Chepauk, Chennai",2021-04-18
2nd innings,Kolkata Knight Riders,Royal Challengers Bangalore,0.6,N Rana,Shubman Gill,Mohammed Siraj,0,0,0,,,,,RCB vs KKR 2021-04-18,C Shamshuddin,Nitin Menon,AB de Villiers,Royal Challengers Bangalore,Chennai,"MA Chidambaram Stadium, Chepauk, Chennai",2021-04-18
2nd innings,Kolkata Knight Riders,Royal Challengers Bangalore,0.7,N Rana,Shubman Gill,Mohammed Siraj,0,1,1,,,,,RCB vs KKR 2021-04-18,C Shamshuddin,Nitin Menon,AB de Villiers,Royal Challengers Bangalore,Chennai,"MA Chidambaram Stadium, Chepauk, Chennai",2021-04-18
2nd innings,Kolkata Knight Riders,Royal Challengers Bangalore,1.1,N Rana,Shubman Gill,KA Jamieson,0,4,4,,,,,RCB vs KKR 2021-04-18,C Shamshuddin,Nitin Menon,AB de Villiers,Royal Challengers Bangalore,Chennai,"MA Chidambaram Stadium, Chepauk, Chennai",2021-04-18
2nd innings,Kolkata Knight Riders,Royal Challengers Bangalore,1.2,N Rana,Shubman Gill,KA Jamieson,0,0,0,,,,,RCB vs KKR 2021-04-18,C Shamshuddin,Nitin Menon,AB de Villiers,Royal Challengers Bangalore,Chennai,"MA Chidambaram Stadium, Chepauk, Chennai",2021-04-18
2nd innings,Kolkata Knight Riders,Royal Challengers Bangalore,1.3,N Rana,Shubman Gill,KA Jamieson,0,6,6,,,,,RCB vs KKR 2021-04-18,C Shamshuddin,Nitin Menon,AB de Villiers,Royal Challengers Bangalore,Chennai,"MA Chidambaram Stadium, Chepauk, Chennai",2021-04-18
2nd innings,Kolkata Knight Riders,Royal Challengers Bangalore,1.4,N Rana,Shubman Gill,KA Jamieson,0,6,6,,,,,RCB vs KKR 2021-04-18,C Shamshuddin,Nitin Menon,AB de Villiers,Royal Challengers Bangalore,Chennai,"MA Chidambaram Stadium, Chepauk, Chennai",2021-04-18
2nd innings,Kolkata Knight Riders,Royal Challengers Bangalore,1.5,N Rana,Shubman Gill,KA Jamieson,0,0,0,,Shubman Gill,caught,DT Christian (sub),RCB vs KKR 2021-04-18,C Shamshuddin,Nitin Menon,AB de Villiers,Royal Challengers Bangalore,Chennai,"MA Chidambaram Stadium, Chepauk, Chennai",2021-04-18
2nd innings,Kolkata Knight Riders,Royal Challengers Bangalore,1.6,N Rana,RA Tripathi,KA Jamieson,0,4,4,,,,,RCB vs KKR 2021-04-18,C Shamshuddin,Nitin Menon,AB de Villiers,Royal Challengers Bangalore,Chennai,"MA Chidambaram Stadium, Chepauk, Chennai",2021-04-18
2nd innings,Kolkata Knight Riders,Royal Challengers Bangalore,2.1,RA Tripathi,N Rana,YS Chahal,0,1,1,,,,,RCB vs KKR 2021-04-18,C Shamshuddin,Nitin Menon,AB de Villiers,Royal Challengers Bangalore,Chennai,"MA Chidambaram Stadium, Chepauk, Chennai",2021-04-18
2nd innings,Kolkata Knight Riders,Royal Challengers Bangalore,2.2,N Rana,RA Tripathi,YS Chahal,0,0,0,,,,,RCB vs KKR 2021-04-18,C Shamshuddin,Nitin Menon,AB de Villiers,Royal Challengers Bangalore,Chennai,"MA Chidambaram Stadium, Chepauk, Chennai",2021-04-18
2nd innings,Kolkata Knight Riders,Royal Challengers Bangalore,2.3,N Rana,RA Tripathi,YS Chahal,0,0,0,,,,,RCB vs KKR 2021-04-18,C Shamshuddin,Nitin Menon,AB de Villiers,Royal Challengers Bangalore,Chennai,"MA Chidambaram Stadium, Chepauk, Chennai",2021-04-18
2nd innings,Kolkata Knight Riders,Royal Challengers Bangalore,2.4,N Rana,RA Tripathi,YS Chahal,0,0,0,,,,,RCB vs KKR 2021-04-18,C Shamshuddin,Nitin Menon,AB de Villiers,Royal Challengers Bangalore,Chennai,"MA Chidambaram Stadium, Chepauk, Chennai",2021-04-18
2nd innings,Kolkata Knight Riders,Royal Challengers Bangalore,2.5,N Rana,RA Tripathi,YS Chahal,0,1,1,,,,,RCB vs KKR 2021-04-18,C Shamshuddin,Nitin Menon,AB de Villiers,Royal Challengers Bangalore,Chennai,"MA Chidambaram Stadium, Chepauk, Chennai",2021-04-18
2nd innings,Kolkata Knight Riders,Royal Challengers Bangalore,2.6,RA Tripathi,N Rana,YS Chahal,0,0,0,,,,,RCB vs KKR 2021-04-18,C Shamshuddin,Nitin Menon,AB de Villiers,Royal Challengers Bangalore,Chennai,"MA Chidambaram Stadium, Chepauk, Chennai",2021-04-18
2nd innings,Kolkata Knight Riders,Royal Challengers Bangalore,3.1,N Rana,RA Tripathi,Washington Sundar,0,4,4,,,,,RCB vs KKR 2021-04-18,C Shamshuddin,Nitin Menon,AB de Villiers,Royal Challengers Bangalore,Chennai,"MA Chidambaram Stadium, Chepauk, Chennai",2021-04-18
2nd innings,Kolkata Knight Riders,Royal Challengers Bangalore,3.2,N Rana,RA Tripathi,Washington Sundar,0,0,0,,,,,RCB vs KKR 2021-04-18,C Shamshuddin,Nitin Menon,AB de Villiers,Royal Challengers Bangalore,Chennai,"MA Chidambaram Stadium, Chepauk, Chennai",2021-04-18
2nd innings,Kolkata Knight Riders,Royal Challengers Bangalore,3.3,N Rana,RA Tripathi,Washington Sundar,0,1,1,,,,,RCB vs KKR 2021-04-18,C Shamshuddin,Nitin Menon,AB de Villiers,Royal Challengers Bangalore,Chennai,"MA Chidambaram Stadium, Chepauk, Chennai",2021-04-18
2nd innings,Kolkata Knight Riders,Royal Challengers Bangalore,3.4,RA Tripathi,N Rana,Washington Sundar,0,1,1,,,,,RCB vs KKR 2021-04-18,C Shamshuddin,Nitin Menon,AB de Villiers,Royal Challengers Bangalore,Chennai,"MA Chidambaram Stadium, Chepauk, Chennai",2021-04-18
2nd innings,Kolkata Knight Riders,Royal Challengers Bangalore,3.5,N Rana,RA Tripathi,Washington Sundar,0,0,0,,,,,RCB vs KKR 2021-04-18,C Shamshuddin,Nitin Menon,AB de Villiers,Royal Challengers Bangalore,Chennai,"MA Chidambaram Stadium, Chepauk, Chennai",2021-04-18
2nd innings,Kolkata Knight Riders,Royal Challengers Bangalore,3.6,N Rana,RA Tripathi,Washington Sundar,0,1,1,,,,,RCB vs KKR 2021-04-18,C Shamshuddin,Nitin Menon,AB de Villiers,Royal Challengers Bangalore,Chennai,"MA Chidambaram Stadium, Chepauk, Chennai",2021-04-18
2nd innings,Kolkata Knight Riders,Royal Challengers Bangalore,4.1,N Rana,RA Tripathi,Mohammed Siraj,0,4,4,,,,,RCB vs KKR 2021-04-18,C Shamshuddin,Nitin Menon,AB de Villiers,Royal Challengers Bangalore,Chennai,"MA Chidambaram Stadium, Chepauk, Chennai",2021-04-18
2nd innings,Kolkata Knight Riders,Royal Challengers Bangalore,4.2,N Rana,RA Tripathi,Mohammed Siraj,0,0,0,,,,,RCB vs KKR 2021-04-18,C Shamshuddin,Nitin Menon,AB de Villiers,Royal Challengers Bangalore,Chennai,"MA Chidambaram Stadium, Chepauk, Chennai",2021-04-18
2nd innings,Kolkata Knight Riders,Royal Challengers Bangalore,4.3,N Rana,RA Tripathi,Mohammed Siraj,0,4,4,,,,,RCB vs KKR 2021-04-18,C Shamshuddin,Nitin Menon,AB de Villiers,Royal Challengers Bangalore,Chennai,"MA Chidambaram Stadium, Chepauk, Chennai",2021-04-18
2nd innings,Kolkata Knight Riders,Royal Challengers Bangalore,4.4,N Rana,RA Tripathi,Mohammed Siraj,0,0,0,,,,,RCB vs KKR 2021-04-18,C Shamshuddin,Nitin Menon,AB de Villiers,Royal Challengers Bangalore,Chennai,"MA Chidambaram Stadium, Chepauk, Chennai",2021-04-18
2nd innings,Kolkata Knight Riders,Royal Challengers Bangalore,4.5,N Rana,RA Tripathi,Mohammed Siraj,0,0,0,,,,,RCB vs KKR 2021-04-18,C Shamshuddin,Nitin Menon,AB de Villiers,Royal Challengers Bangalore,Chennai,"MA Chidambaram Stadium, Chepauk, Chennai",2021-04-18
2nd innings,Kolkata Knight Riders,Royal Challengers Bangalore,4.6,N Rana,RA Tripathi,Mohammed Siraj,0,1,1,,,,,RCB vs KKR 2021-04-18,C Shamshuddin,Nitin Menon,AB de Villiers,Royal Challengers Bangalore,Chennai,"MA Chidambaram Stadium, Chepauk, Chennai",2021-04-18
2nd innings,Kolkata Knight Riders,Royal Challengers Bangalore,5.1,N Rana,RA Tripathi,Washington Sundar,0,1,1,,,,,RCB vs KKR 2021-04-18,C Shamshuddin,Nitin Menon,AB de Villiers,Royal Challengers Bangalore,Chennai,"MA Chidambaram Stadium, Chepauk, Chennai",2021-04-18
2nd innings,Kolkata Knight Riders,Royal Challengers Bangalore,5.2,RA Tripathi,N Rana,Washington Sundar,0,6,6,,,,,RCB vs KKR 2021-04-18,C Shamshuddin,Nitin Menon,AB de Villiers,Royal Challengers Bangalore,Chennai,"MA Chidambaram Stadium, Chepauk, Chennai",2021-04-18
2nd innings,Kolkata Knight Riders,Royal Challengers Bangalore,5.3,RA Tripathi,N Rana,Washington Sundar,0,1,1,,,,,RCB vs KKR 2021-04-18,C Shamshuddin,Nitin Menon,AB de Villiers,Royal Challengers Bangalore,Chennai,"MA Chidambaram Stadium, Chepauk, Chennai",2021-04-18
2nd innings,Kolkata Knight Riders,Royal Challengers Bangalore,5.4,N Rana,RA Tripathi,Washington Sundar,0,4,4,,,,,RCB vs KKR 2021-04-18,C Shamshuddin,Nitin Menon,AB de Villiers,Royal Challengers Bangalore,Chennai,"MA Chidambaram Stadium, Chepauk, Chennai",2021-04-18
2nd innings,Kolkata Knight Riders,Royal Challengers Bangalore,5.5,N Rana,RA Tripathi,Washington Sundar,0,0,0,,,,,RCB vs KKR 2021-04-18,C Shamshuddin,Nitin Menon,AB de Villiers,Royal Challengers Bangalore,Chennai,"MA Chidambaram Stadium, Chepauk, Chennai",2021-04-18
2nd innings,Kolkata Knight Riders,Royal Challengers Bangalore,5.6,N Rana,RA Tripathi,Washington Sundar,0,0,0,,RA Tripathi,caught,Mohammed Siraj,RCB vs KKR 2021-04-18,C Shamshuddin,Nitin Menon,AB de Villiers,Royal Challengers Bangalore,Chennai,"MA Chidambaram Stadium, Chepauk, Chennai",2021-04-18
2nd innings,Kolkata Knight Riders,Royal Challengers Bangalore,6.1,N Rana,EJG Morgan,YS Chahal,0,1,1,,,,,RCB vs KKR 2021-04-18,C Shamshuddin,Nitin Menon,AB de Villiers,Royal Challengers Bangalore,Chennai,"MA Chidambaram Stadium, Chepauk, Chennai",2021-04-18
2nd innings,Kolkata Knight Riders,Royal Challengers Bangalore,6.2,EJG Morgan,N Rana,YS Chahal,0,4,4,,,,,RCB vs KKR 2021-04-18,C Shamshuddin,Nitin Menon,AB de Villiers,Royal Challengers Bangalore,Chennai,"MA Chidambaram Stadium, Chepauk, Chennai",2021-04-18
2nd innings,Kolkata Knight Riders,Royal Challengers Bangalore,6.3,EJG Morgan,N Rana,YS Chahal,0,0,0,,,,,RCB vs KKR 2021-04-18,C Shamshuddin,Nitin Menon,AB de Villiers,Royal Challengers Bangalore,Chennai,"MA Chidambaram Stadium, Chepauk, Chennai",2021-04-18
2nd innings,Kolkata Knight Riders,Royal Challengers Bangalore,6.4,EJG Morgan,N Rana,YS Chahal,0,4,4,,,,,RCB vs KKR 2021-04-18,C Shamshuddin,Nitin Menon,AB de Villiers,Royal Challengers Bangalore,Chennai,"MA Chidambaram Stadium, Chepauk, Chennai",2021-04-18
2nd innings,Kolkata Knight Riders,Royal Challengers Bangalore,6.5,EJG Morgan,N Rana,YS Chahal,0,0,0,,N Rana,caught,D Padikkal,RCB vs KKR 2021-04-18,C Shamshuddin,Nitin Menon,AB de Villiers,Royal Challengers Bangalore,Chennai,"MA Chidambaram Stadium, Chepauk, Chennai",2021-04-18
2nd innings,Kolkata Knight Riders,Royal Challengers Bangalore,6.6,KD Karthik,EJG Morgan,YS Chahal,0,1,1,,,,,RCB vs KKR 2021-04-18,C Shamshuddin,Nitin Menon,AB de Villiers,Royal Challengers Bangalore,Chennai,"MA Chidambaram Stadium, Chepauk, Chennai",2021-04-18
2nd innings,Kolkata Knight Riders,Royal Challengers Bangalore,7.1,KD Karthik,EJG Morgan,Washington Sundar,2,0,2,wides,,,,RCB vs KKR 2021-04-18,C Shamshuddin,Nitin Menon,AB de Villiers,Royal Challengers Bangalore,Chennai,"MA Chidambaram Stadium, Chepauk, Chennai",2021-04-18
2nd innings,Kolkata Knight Riders,Royal Challengers Bangalore,7.2,EJG Morgan,KD Karthik,Washington Sundar,0,1,1,,,,,RCB vs KKR 2021-04-18,C Shamshuddin,Nitin Menon,AB de Villiers,Royal Challengers Bangalore,Chennai,"MA Chidambaram Stadium, Chepauk, Chennai",2021-04-18
2nd innings,Kolkata Knight Riders,Royal Challengers Bangalore,7.3,KD Karthik,EJG Morgan,Washington Sundar,0,1,1,,,,,RCB vs KKR 2021-04-18,C Shamshuddin,Nitin Menon,AB de Villiers,Royal Challengers Bangalore,Chennai,"MA Chidambaram Stadium, Chepauk, Chennai",2021-04-18
2nd innings,Kolkata Knight Riders,Royal Challengers Bangalore,7.4,EJG Morgan,KD Karthik,Washington Sundar,0,0,0,,,,,RCB vs KKR 2021-04-18,C Shamshuddin,Nitin Menon,AB de Villiers,Royal Challengers Bangalore,Chennai,"MA Chidambaram Stadium, Chepauk, Chennai",2021-04-18
2nd innings,Kolkata Knight Riders,Royal Challengers Bangalore,7.5,EJG Morgan,KD Karthik,Washington Sundar,0,1,1,,,,,RCB vs KKR 2021-04-18,C Shamshuddin,Nitin Menon,AB de Villiers,Royal Challengers Bangalore,Chennai,"MA Chidambaram Stadium, Chepauk, Chennai",2021-04-18
2nd innings,Kolkata Knight Riders,Royal Challengers Bangalore,7.6,KD Karthik,EJG Morgan,Washington Sundar,0,0,0,,,,,RCB vs KKR 2021-04-18,C Shamshuddin,Nitin Menon,AB de Villiers,Royal Challengers Bangalore,Chennai,"MA Chidambaram Stadium, Chepauk, Chennai",2021-04-18
2nd innings,Kolkata Knight Riders,Royal Challengers Bangalore,7.7,KD Karthik,EJG Morgan,Washington Sundar,0,1,1,,,,,RCB vs KKR 2021-04-18,C Shamshuddin,Nitin Menon,AB de Villiers,Royal Challengers Bangalore,Chennai,"MA Chidambaram Stadium, Chepauk, Chennai",2021-04-18
2nd innings,Kolkata Knight Riders,Royal Challengers Bangalore,8.1,KD Karthik,EJG Morgan,YS Chahal,0,1,1,,,,,RCB vs KKR 2021-04-18,C Shamshuddin,Nitin Menon,AB de Villiers,Royal Challengers Bangalore,Chennai,"MA Chidambaram Stadium, Chepauk, Chennai",2021-04-18
2nd innings,Kolkata Knight Riders,Royal Challengers Bangalore,8.2,EJG Morgan,KD Karthik,YS Chahal,0,0,0,,,,,RCB vs KKR 2021-04-18,C Shamshuddin,Nitin Menon,AB de Villiers,Royal Challengers Bangalore,Chennai,"MA Chidambaram Stadium, Chepauk, Chennai",2021-04-18
2nd innings,Kolkata Knight Riders,Royal Challengers Bangalore,8.3,EJG Morgan,KD Karthik,YS Chahal,0,0,0,,KD Karthik,lbw,,RCB vs KKR 2021-04-18,C Shamshuddin,Nitin Menon,AB de Villiers,Royal Challengers Bangalore,Chennai,"MA Chidambaram Stadium, Chepauk, Chennai",2021-04-18
2nd innings,Kolkata Knight Riders,Royal Challengers Bangalore,8.4,EJG Morgan,Shakib Al Hasan,YS Chahal,0,0,0,,,,,RCB vs KKR 2021-04-18,C Shamshuddin,Nitin Menon,AB de Villiers,Royal Challengers Bangalore,Chennai,"MA Chidambaram Stadium, Chepauk, Chennai",2021-04-18
2nd innings,Kolkata Knight Riders,Royal Challengers Bangalore,8.5,EJG Morgan,Shakib Al Hasan,YS Chahal,0,1,1,,,,,RCB vs KKR 2021-04-18,C Shamshuddin,Nitin Menon,AB de Villiers,Royal Challengers Bangalore,Chennai,"MA Chidambaram Stadium, Chepauk, Chennai",2021-04-18
2nd innings,Kolkata Knight Riders,Royal Challengers Bangalore,8.6,Shakib Al Hasan,EJG Morgan,YS Chahal,0,0,0,,,,,RCB vs KKR 2021-04-18,C Shamshuddin,Nitin Menon,AB de Villiers,Royal Challengers Bangalore,Chennai,"MA Chidambaram Stadium, Chepauk, Chennai",2021-04-18
2nd innings,Kolkata Knight Riders,Royal Challengers Bangalore,9.1,EJG Morgan,Shakib Al Hasan,Washington Sundar,0,0,0,,,,,RCB vs KKR 2021-04-18,C Shamshuddin,Nitin Menon,AB de Villiers,Royal Challengers Bangalore,Chennai,"MA Chidambaram Stadium, Chepauk, Chennai",2021-04-18
2nd innings,Kolkata Knight Riders,Royal Challengers Bangalore,9.2,EJG Morgan,Shakib Al Hasan,Washington Sundar,0,1,1,,,,,RCB vs KKR 2021-04-18,C Shamshuddin,Nitin Menon,AB de Villiers,Royal Challengers Bangalore,Chennai,"MA Chidambaram Stadium, Chepauk, Chennai",2021-04-18
2nd innings,Kolkata Knight Riders,Royal Challengers Bangalore,9.3,Shakib Al Hasan,EJG Morgan,Washington Sundar,0,4,4,,,,,RCB vs KKR 2021-04-18,C Shamshuddin,Nitin Menon,AB de Villiers,Royal Challengers Bangalore,Chennai,"MA Chidambaram Stadium, Chepauk, Chennai",2021-04-18
2nd innings,Kolkata Knight Riders,Royal Challengers Bangalore,9.4,Shakib Al Hasan,EJG Morgan,Washington Sundar,0,1,1,,,,,RCB vs KKR 2021-04-18,C Shamshuddin,Nitin Menon,AB de Villiers,Royal Challengers Bangalore,Chennai,"MA Chidambaram Stadium, Chepauk, Chennai",2021-04-18
2nd innings,Kolkata Knight Riders,Royal Challengers Bangalore,9.5,EJG Morgan,Shakib Al Hasan,Washington Sundar,0,1,1,,,,,RCB vs KKR 2021-04-18,C Shamshuddin,Nitin Menon,AB de Villiers,Royal Challengers Bangalore,Chennai,"MA Chidambaram Stadium, Chepauk, Chennai",2021-04-18
2nd innings,Kolkata Knight Riders,Royal Challengers Bangalore,9.6,Shakib Al Hasan,EJG Morgan,Washington Sundar,0,1,1,,,,,RCB vs KKR 2021-04-18,C Shamshuddin,Nitin Menon,AB de Villiers,Royal Challengers Bangalore,Chennai,"MA Chidambaram Stadium, Chepauk, Chennai",2021-04-18
2nd innings,Kolkata Knight Riders,Royal Challengers Bangalore,10.1,Shakib Al Hasan,EJG Morgan,GJ Maxwell,0,1,1,,,,,RCB vs KKR 2021-04-18,C Shamshuddin,Nitin Menon,AB de Villiers,Royal Challengers Bangalore,Chennai,"MA Chidambaram Stadium, Chepauk, Chennai",2021-04-18
2nd innings,Kolkata Knight Riders,Royal Challengers Bangalore,10.2,EJG Morgan,Shakib Al Hasan,GJ Maxwell,0,1,1,,,,,RCB vs KKR 2021-04-18,C Shamshuddin,Nitin Menon,AB de Villiers,Royal Challengers Bangalore,Chennai,"MA Chidambaram Stadium, Chepauk, Chennai",2021-04-18
2nd innings,Kolkata Knight Riders,Royal Challengers Bangalore,10.3,Shakib Al Hasan,EJG Morgan,GJ Maxwell,0,6,6,,,,,RCB vs KKR 2021-04-18,C Shamshuddin,Nitin Menon,AB de Villiers,Royal Challengers Bangalore,Chennai,"MA Chidambaram Stadium, Chepauk, Chennai",2021-04-18
2nd innings,Kolkata Knight Riders,Royal Challengers Bangalore,10.4,Shakib Al Hasan,EJG Morgan,GJ Maxwell,0,0,0,,,,,RCB vs KKR 2021-04-18,C Shamshuddin,Nitin Menon,AB de Villiers,Royal Challengers Bangalore,Chennai,"MA Chidambaram Stadium, Chepauk, Chennai",2021-04-18
2nd innings,Kolkata Knight Riders,Royal Challengers Bangalore,10.5,Shakib Al Hasan,EJG Morgan,GJ Maxwell,0,1,1,,,,,RCB vs KKR 2021-04-18,C Shamshuddin,Nitin Menon,AB de Villiers,Royal Challengers Bangalore,Chennai,"MA Chidambaram Stadium, Chepauk, Chennai",2021-04-18
2nd innings,Kolkata Knight Riders,Royal Challengers Bangalore,10.6,EJG Morgan,Shakib Al Hasan,GJ Maxwell,0,1,1,,,,,RCB vs KKR 2021-04-18,C Shamshuddin,Nitin Menon,AB de Villiers,Royal Challengers Bangalore,Chennai,"MA Chidambaram Stadium, Chepauk, Chennai",2021-04-18
2nd innings,Kolkata Knight Riders,Royal Challengers Bangalore,11.1,EJG Morgan,Shakib Al Hasan,HV Patel,0,1,1,,,,,RCB vs KKR 2021-04-18,C Shamshuddin,Nitin Menon,AB de Villiers,Royal Challengers Bangalore,Chennai,"MA Chidambaram Stadium, Chepauk, Chennai",2021-04-18
2nd innings,Kolkata Knight Riders,Royal Challengers Bangalore,11.2,Shakib Al Hasan,EJG Morgan,HV Patel,0,0,0,,,,,RCB vs KKR 2021-04-18,C Shamshuddin,Nitin Menon,AB de Villiers,Royal Challengers Bangalore,Chennai,"MA Chidambaram Stadium, Chepauk, Chennai",2021-04-18
2nd innings,Kolkata Knight Riders,Royal Challengers Bangalore,11.3,Shakib Al Hasan,EJG Morgan,HV Patel,0,1,1,,,,,RCB vs KKR 2021-04-18,C Shamshuddin,Nitin Menon,AB de Villiers,Royal Challengers Bangalore,Chennai,"MA Chidambaram Stadium, Chepauk, Chennai",2021-04-18
2nd innings,Kolkata Knight Riders,Royal Challengers Bangalore,11.4,EJG Morgan,Shakib Al Hasan,HV Patel,0,1,1,,,,,RCB vs KKR 2021-04-18,C Shamshuddin,Nitin Menon,AB de Villiers,Royal Challengers Bangalore,Chennai,"MA Chidambaram Stadium, Chepauk, Chennai",2021-04-18
2nd innings,Kolkata Knight Riders,Royal Challengers Bangalore,11.5,Shakib Al Hasan,EJG Morgan,HV Patel,0,1,1,,,,,RCB vs KKR 2021-04-18,C Shamshuddin,Nitin Menon,AB de Villiers,Royal Challengers Bangalore,Chennai,"MA Chidambaram Stadium, Chepauk, Chennai",2021-04-18
2nd innings,Kolkata Knight Riders,Royal Challengers Bangalore,11.6,EJG Morgan,Shakib Al Hasan,HV Patel,0,1,1,,,,,RCB vs KKR 2021-04-18,C Shamshuddin,Nitin Menon,AB de Villiers,Royal Challengers Bangalore,Chennai,"MA Chidambaram Stadium, Chepauk, Chennai",2021-04-18
2nd innings,Kolkata Knight Riders,Royal Challengers Bangalore,12.1,EJG Morgan,Shakib Al Hasan,GJ Maxwell,0,6,6,,,,,RCB vs KKR 2021-04-18,C Shamshuddin,Nitin Menon,AB de Villiers,Royal Challengers Bangalore,Chennai,"MA Chidambaram Stadium, Chepauk, Chennai",2021-04-18
2nd innings,Kolkata Knight Riders,Royal Challengers Bangalore,12.2,EJG Morgan,Shakib Al Hasan,GJ Maxwell,0,1,1,,,,,RCB vs KKR 2021-04-18,C Shamshuddin,Nitin Menon,AB de Villiers,Royal Challengers Bangalore,Chennai,"MA Chidambaram Stadium, Chepauk, Chennai",2021-04-18
2nd innings,Kolkata Knight Riders,Royal Challengers Bangalore,12.3,Shakib Al Hasan,EJG Morgan,GJ Maxwell,0,0,0,,,,,RCB vs KKR 2021-04-18,C Shamshuddin,Nitin Menon,AB de Villiers,Royal Challengers Bangalore,Chennai,"MA Chidambaram Stadium, Chepauk, Chennai",2021-04-18
2nd innings,Kolkata Knight Riders,Royal Challengers Bangalore,12.4,Shakib Al Hasan,EJG Morgan,GJ Maxwell,0,6,6,,,,,RCB vs KKR 2021-04-18,C Shamshuddin,Nitin Menon,AB de Villiers,Royal Challengers Bangalore,Chennai,"MA Chidambaram Stadium, Chepauk, Chennai",2021-04-18
2nd innings,Kolkata Knight Riders,Royal Challengers Bangalore,12.5,Shakib Al Hasan,EJG Morgan,GJ Maxwell,0,1,1,,,,,RCB vs KKR 2021-04-18,C Shamshuddin,Nitin Menon,AB de Villiers,Royal Challengers Bangalore,Chennai,"MA Chidambaram Stadium, Chepauk, Chennai",2021-04-18
2nd innings,Kolkata Knight Riders,Royal Challengers Bangalore,12.6,EJG Morgan,Shakib Al Hasan,GJ Maxwell,0,0,0,,,,,RCB vs KKR 2021-04-18,C Shamshuddin,Nitin Menon,AB de Villiers,Royal Challengers Bangalore,Chennai,"MA Chidambaram Stadium, Chepauk, Chennai",2021-04-18
2nd innings,Kolkata Knight Riders,Royal Challengers Bangalore,13.1,Shakib Al Hasan,EJG Morgan,HV Patel,0,0,0,,,,,RCB vs KKR 2021-04-18,C Shamshuddin,Nitin Menon,AB de Villiers,Royal Challengers Bangalore,Chennai,"MA Chidambaram Stadium, Chepauk, Chennai",2021-04-18
2nd innings,Kolkata Knight Riders,Royal Challengers Bangalore,13.2,Shakib Al Hasan,EJG Morgan,HV Patel,0,1,1,,,,,RCB vs KKR 2021-04-18,C Shamshuddin,Nitin Menon,AB de Villiers,Royal Challengers Bangalore,Chennai,"MA Chidambaram Stadium, Chepauk, Chennai",2021-04-18
2nd innings,Kolkata Knight Riders,Royal Challengers Bangalore,13.3,EJG Morgan,Shakib Al Hasan,HV Patel,0,1,1,,,,,RCB vs KKR 2021-04-18,C Shamshuddin,Nitin Menon,AB de Villiers,Royal Challengers Bangalore,Chennai,"MA Chidambaram Stadium, Chepauk, Chennai",2021-04-18
2nd innings,Kolkata Knight Riders,Royal Challengers Bangalore,13.4,Shakib Al Hasan,EJG Morgan,HV Patel,0,0,0,,EJG Morgan,caught,V Kohli,RCB vs KKR 2021-04-18,C Shamshuddin,Nitin Menon,AB de Villiers,Royal Challengers Bangalore,Chennai,"MA Chidambaram Stadium, Chepauk, Chennai",2021-04-18
2nd innings,Kolkata Knight Riders,Royal Challengers Bangalore,13.5,AD Russell,Shakib Al Hasan,HV Patel,0,0,0,,,,,RCB vs KKR 2021-04-18,C Shamshuddin,Nitin Menon,AB de Villiers,Royal Challengers Bangalore,Chennai,"MA Chidambaram Stadium, Chepauk, Chennai",2021-04-18
2nd innings,Kolkata Knight Riders,Royal Challengers Bangalore,13.6,AD Russell,Shakib Al Hasan,HV Patel,0,1,1,,,,,RCB vs KKR 2021-04-18,C Shamshuddin,Nitin Menon,AB de Villiers,Royal Challengers Bangalore,Chennai,"MA Chidambaram Stadium, Chepauk, Chennai",2021-04-18
2nd innings,Kolkata Knight Riders,Royal Challengers Bangalore,14.1,AD Russell,Shakib Al Hasan,KA Jamieson,0,1,1,,,,,RCB vs KKR 2021-04-18,C Shamshuddin,Nitin Menon,AB de Villiers,Royal Challengers Bangalore,Chennai,"MA Chidambaram Stadium, Chepauk, Chennai",2021-04-18
2nd innings,Kolkata Knight Riders,Royal Challengers Bangalore,14.2,Shakib Al Hasan,AD Russell,KA Jamieson,0,0,0,,,,,RCB vs KKR 2021-04-18,C Shamshuddin,Nitin Menon,AB de Villiers,Royal Challengers Bangalore,Chennai,"MA Chidambaram Stadium, Chepauk, Chennai",2021-04-18
2nd innings,Kolkata Knight Riders,Royal Challengers Bangalore,14.3,Shakib Al Hasan,AD Russell,KA Jamieson,0,1,1,,,,,RCB vs KKR 2021-04-18,C Shamshuddin,Nitin Menon,AB de Villiers,Royal Challengers Bangalore,Chennai,"MA Chidambaram Stadium, Chepauk, Chennai",2021-04-18
2nd innings,Kolkata Knight Riders,Royal Challengers Bangalore,14.4,AD Russell,Shakib Al Hasan,KA Jamieson,0,0,0,,,,,RCB vs KKR 2021-04-18,C Shamshuddin,Nitin Menon,AB de Villiers,Royal Challengers Bangalore,Chennai,"MA Chidambaram Stadium, Chepauk, Chennai",2021-04-18
2nd innings,Kolkata Knight Riders,Royal Challengers Bangalore,14.5,AD Russell,Shakib Al Hasan,KA Jamieson,0,4,4,,,,,RCB vs KKR 2021-04-18,C Shamshuddin,Nitin Menon,AB de Villiers,Royal Challengers Bangalore,Chennai,"MA Chidambaram Stadium, Chepauk, Chennai",2021-04-18
2nd innings,Kolkata Knight Riders,Royal Challengers Bangalore,14.6,AD Russell,Shakib Al Hasan,KA Jamieson,0,0,0,,,,,RCB vs KKR 2021-04-18,C Shamshuddin,Nitin Menon,AB de Villiers,Royal Challengers Bangalore,Chennai,"MA Chidambaram Stadium, Chepauk, Chennai",2021-04-18
2nd innings,Kolkata Knight Riders,Royal Challengers Bangalore,15.1,Shakib Al Hasan,AD Russell,HV Patel,0,0,0,,,,,RCB vs KKR 2021-04-18,C Shamshuddin,Nitin Menon,AB de Villiers,Royal Challengers Bangalore,Chennai,"MA Chidambaram Stadium, Chepauk, Chennai",2021-04-18
2nd innings,Kolkata Knight Riders,Royal Challengers Bangalore,15.2,Shakib Al Hasan,AD Russell,HV Patel,0,1,1,,,,,RCB vs KKR 2021-04-18,C Shamshuddin,Nitin Menon,AB de Villiers,Royal Challengers Bangalore,Chennai,"MA Chidambaram Stadium, Chepauk, Chennai",2021-04-18
2nd innings,Kolkata Knight Riders,Royal Challengers Bangalore,15.3,AD Russell,Shakib Al Hasan,HV Patel,0,1,1,,,,,RCB vs KKR 2021-04-18,C Shamshuddin,Nitin Menon,AB de Villiers,Royal Challengers Bangalore,Chennai,"MA Chidambaram Stadium, Chepauk, Chennai",2021-04-18
2nd innings,Kolkata Knight Riders,Royal Challengers Bangalore,15.4,Shakib Al Hasan,AD Russell,HV Patel,0,1,1,,,,,RCB vs KKR 2021-04-18,C Shamshuddin,Nitin Menon,AB de Villiers,Royal Challengers Bangalore,Chennai,"MA Chidambaram Stadium, Chepauk, Chennai",2021-04-18
2nd innings,Kolkata Knight Riders,Royal Challengers Bangalore,15.5,AD Russell,Shakib Al Hasan,HV Patel,0,1,1,,,,,RCB vs KKR 2021-04-18,C Shamshuddin,Nitin Menon,AB de Villiers,Royal Challengers Bangalore,Chennai,"MA Chidambaram Stadium, Chepauk, Chennai",2021-04-18
2nd innings,Kolkata Knight Riders,Royal Challengers Bangalore,15.6,Shakib Al Hasan,AD Russell,HV Patel,0,1,1,,,,,RCB vs KKR 2021-04-18,C Shamshuddin,Nitin Menon,AB de Villiers,Royal Challengers Bangalore,Chennai,"MA Chidambaram Stadium, Chepauk, Chennai",2021-04-18
2nd innings,Kolkata Knight Riders,Royal Challengers Bangalore,16.1,Shakib Al Hasan,AD Russell,YS Chahal,0,6,6,,,,,RCB vs KKR 2021-04-18,C Shamshuddin,Nitin Menon,AB de Villiers,Royal Challengers Bangalore,Chennai,"MA Chidambaram Stadium, Chepauk, Chennai",2021-04-18
2nd innings,Kolkata Knight Riders,Royal Challengers Bangalore,16.2,Shakib Al Hasan,AD Russell,YS Chahal,0,4,4,,,,,RCB vs KKR 2021-04-18,C Shamshuddin,Nitin Menon,AB de Villiers,Royal Challengers Bangalore,Chennai,"MA Chidambaram Stadium, Chepauk, Chennai",2021-04-18
2nd innings,Kolkata Knight Riders,Royal Challengers Bangalore,16.3,Shakib Al Hasan,AD Russell,YS Chahal,0,4,4,,,,,RCB vs KKR 2021-04-18,C Shamshuddin,Nitin Menon,AB de Villiers,Royal Challengers Bangalore,Chennai,"MA Chidambaram Stadium, Chepauk, Chennai",2021-04-18
2nd innings,Kolkata Knight Riders,Royal Challengers Bangalore,16.4,Shakib Al Hasan,AD Russell,YS Chahal,0,4,4,,,,,RCB vs KKR 2021-04-18,C Shamshuddin,Nitin Menon,AB de Villiers,Royal Challengers Bangalore,Chennai,"MA Chidambaram Stadium, Chepauk, Chennai",2021-04-18
2nd innings,Kolkata Knight Riders,Royal Challengers Bangalore,16.5,Shakib Al Hasan,AD Russell,YS Chahal,0,1,1,,,,,RCB vs KKR 2021-04-18,C Shamshuddin,Nitin Menon,AB de Villiers,Royal Challengers Bangalore,Chennai,"MA Chidambaram Stadium, Chepauk, Chennai",2021-04-18
2nd innings,Kolkata Knight Riders,Royal Challengers Bangalore,16.6,AD Russell,Shakib Al Hasan,YS Chahal,0,1,1,,,,,RCB vs KKR 2021-04-18,C Shamshuddin,Nitin Menon,AB de Villiers,Royal Challengers Bangalore,Chennai,"MA Chidambaram Stadium, Chepauk, Chennai",2021-04-18
2nd innings,Kolkata Knight Riders,Royal Challengers Bangalore,17.1,AD Russell,Shakib Al Hasan,KA Jamieson,0,1,1,,,,,RCB vs KKR 2021-04-18,C Shamshuddin,Nitin Menon,AB de Villiers,Royal Challengers Bangalore,Chennai,"MA Chidambaram Stadium, Chepauk, Chennai",2021-04-18
2nd innings,Kolkata Knight Riders,Royal Challengers Bangalore,17.2,Shakib Al Hasan,AD Russell,KA Jamieson,0,6,6,,,,,RCB vs KKR 2021-04-18,C Shamshuddin,Nitin Menon,AB de Villiers,Royal Challengers Bangalore,Chennai,"MA Chidambaram Stadium, Chepauk, Chennai",2021-04-18
2nd innings,Kolkata Knight Riders,Royal Challengers Bangalore,17.3,Shakib Al Hasan,AD Russell,KA Jamieson,1,0,1,wides,,,,RCB vs KKR 2021-04-18,C Shamshuddin,Nitin Menon,AB de Villiers,Royal Challengers Bangalore,Chennai,"MA Chidambaram Stadium, Chepauk, Chennai",2021-04-18
2nd innings,Kolkata Knight Riders,Royal Challengers Bangalore,17.4,Shakib Al Hasan,AD Russell,KA Jamieson,0,1,1,,,,,RCB vs KKR 2021-04-18,C Shamshuddin,Nitin Menon,AB de Villiers,Royal Challengers Bangalore,Chennai,"MA Chidambaram Stadium, Chepauk, Chennai",2021-04-18
2nd innings,Kolkata Knight Riders,Royal Challengers Bangalore,17.5,AD Russell,Shakib Al Hasan,KA Jamieson,0,0,0,,Shakib Al Hasan,bowled,,RCB vs KKR 2021-04-18,C Shamshuddin,Nitin Menon,AB de Villiers,Royal Challengers Bangalore,Chennai,"MA Chidambaram Stadium, Chepauk, Chennai",2021-04-18
2nd innings,Kolkata Knight Riders,Royal Challengers Bangalore,17.6,AD Russell,PJ Cummins,KA Jamieson,0,6,6,,,,,RCB vs KKR 2021-04-18,C Shamshuddin,Nitin Menon,AB de Villiers,Royal Challengers Bangalore,Chennai,"MA Chidambaram Stadium, Chepauk, Chennai",2021-04-18
2nd innings,Kolkata Knight Riders,Royal Challengers Bangalore,17.7,AD Russell,PJ Cummins,KA Jamieson,0,0,0,,PJ Cummins,caught,AB de Villiers,RCB vs KKR 2021-04-18,C Shamshuddin,Nitin Menon,AB de Villiers,Royal Challengers Bangalore,Chennai,"MA Chidambaram Stadium, Chepauk, Chennai",2021-04-18
2nd innings,Kolkata Knight Riders,Royal Challengers Bangalore,18.1,Harbhajan Singh,AD Russell,Mohammed Siraj,0,0,0,,,,,RCB vs KKR 2021-04-18,C Shamshuddin,Nitin Menon,AB de Villiers,Royal Challengers Bangalore,Chennai,"MA Chidambaram Stadium, Chepauk, Chennai",2021-04-18
2nd innings,Kolkata Knight Riders,Royal Challengers Bangalore,18.2,Harbhajan Singh,AD Russell,Mohammed Siraj,0,0,0,,,,,RCB vs KKR 2021-04-18,C Shamshuddin,Nitin Menon,AB de Villiers,Royal Challengers Bangalore,Chennai,"MA Chidambaram Stadium, Chepauk, Chennai",2021-04-18
2nd innings,Kolkata Knight Riders,Royal Challengers Bangalore,18.3,Harbhajan Singh,AD Russell,Mohammed Siraj,0,0,0,,,,,RCB vs KKR 2021-04-18,C Shamshuddin,Nitin Menon,AB de Villiers,Royal Challengers Bangalore,Chennai,"MA Chidambaram Stadium, Chepauk, Chennai",2021-04-18
2nd innings,Kolkata Knight Riders,Royal Challengers Bangalore,18.4,Harbhajan Singh,AD Russell,Mohammed Siraj,0,0,0,,,,,RCB vs KKR 2021-04-18,C Shamshuddin,Nitin Menon,AB de Villiers,Royal Challengers Bangalore,Chennai,"MA Chidambaram Stadium, Chepauk, Chennai",2021-04-18
2nd innings,Kolkata Knight Riders,Royal Challengers Bangalore,18.5,Harbhajan Singh,AD Russell,Mohammed Siraj,0,0,0,,,,,RCB vs KKR 2021-04-18,C Shamshuddin,Nitin Menon,AB de Villiers,Royal Challengers Bangalore,Chennai,"MA Chidambaram Stadium, Chepauk, Chennai",2021-04-18
2nd innings,Kolkata Knight Riders,Royal Challengers Bangalore,18.6,Harbhajan Singh,AD Russell,Mohammed Siraj,0,1,1,,,,,RCB vs KKR 2021-04-18,C Shamshuddin,Nitin Menon,AB de Villiers,Royal Challengers Bangalore,Chennai,"MA Chidambaram Stadium, Chepauk, Chennai",2021-04-18
2nd innings,Kolkata Knight Riders,Royal Challengers Bangalore,19.1,Harbhajan Singh,AD Russell,HV Patel,0,0,0,,AD Russell,bowled,,RCB vs KKR 2021-04-18,C Shamshuddin,Nitin Menon,AB de Villiers,Royal Challengers Bangalore,Chennai,"MA Chidambaram Stadium, Chepauk, Chennai",2021-04-18
2nd innings,Kolkata Knight Riders,Royal Challengers Bangalore,19.2,Harbhajan Singh,CV Varun,HV Patel,0,0,0,,,,,RCB vs KKR 2021-04-18,C Shamshuddin,Nitin Menon,AB de Villiers,Royal Challengers Bangalore,Chennai,"MA Chidambaram Stadium, Chepauk, Chennai",2021-04-18
2nd innings,Kolkata Knight Riders,Royal Challengers Bangalore,19.3,Harbhajan Singh,CV Varun,HV Patel,0,1,1,,,,,RCB vs KKR 2021-04-18,C Shamshuddin,Nitin Menon,AB de Villiers,Royal Challengers Bangalore,Chennai,"MA Chidambaram Stadium, Chepauk, Chennai",2021-04-18
2nd innings,Kolkata Knight Riders,Royal Challengers Bangalore,19.4,CV Varun,Harbhajan Singh,HV Patel,0,1,1,,,,,RCB vs KKR 2021-04-18,C Shamshuddin,Nitin Menon,AB de Villiers,Royal Challengers Bangalore,Chennai,"MA Chidambaram Stadium, Chepauk, Chennai",2021-04-18
2nd innings,Kolkata Knight Riders,Royal Challengers Bangalore,19.5,Harbhajan Singh,CV Varun,HV Patel,0,1,1,,,,,RCB vs KKR 2021-04-18,C Shamshuddin,Nitin Menon,AB de Villiers,Royal Challengers Bangalore,Chennai,"MA Chidambaram Stadium, Chepauk, Chennai",2021-04-18
2nd innings,Kolkata Knight Riders,Royal Challengers Bangalore,19.6,CV Varun,Harbhajan Singh,HV Patel,0,1,1,,,,,RCB vs KKR 2021-04-18,C Shamshuddin,Nitin Menon,AB de Villiers,Royal Challengers Bangalore,Chennai,"MA Chidambaram Stadium, Chepauk, Chennai",2021-04-18
