inning,batting_team,bowling_team,ball,non_striker,batsman,bowler,extra_runs,batsman_run,total_runs,extras,player_out,elimination_kind,fielders_caught,match_name,umpires_1,umpires_2,player_of_match,winner,city,venue,dates
1st innings,Rajasthan Royals,Royal Challengers Bangalore,0.1,YBK Jaiswal,E Lewis,GHS Garton,0,2,2,,,,,RR vs RCB 2021-09-29,AY Dandekar,KN Ananthapadmanabhan,YS Chahal,Royal Challengers Bangalore,Dubai,Dubai International Cricket Stadium,2021-09-29
1st innings,Rajasthan Royals,Royal Challengers Bangalore,0.2,YBK Jaiswal,E Lewis,GHS Garton,0,0,0,,,,,RR vs RCB 2021-09-29,AY Dandekar,KN Ananthapadmanabhan,YS Chahal,Royal Challengers Bangalore,Dubai,Dubai International Cricket Stadium,2021-09-29
1st innings,Rajasthan Royals,Royal Challengers Bangalore,0.3,YBK Jaiswal,E Lewis,GHS Garton,0,0,0,,,,,RR vs RCB 2021-09-29,AY Dandekar,KN Ananthapadmanabhan,YS Chahal,Royal Challengers Bangalore,Dubai,Dubai International Cricket Stadium,2021-09-29
1st innings,Rajasthan Royals,Royal Challengers Bangalore,0.4,YBK Jaiswal,E Lewis,GHS Garton,0,0,0,,,,,RR vs RCB 2021-09-29,AY Dandekar,KN Ananthapadmanabhan,YS Chahal,Royal Challengers Bangalore,Dubai,Dubai International Cricket Stadium,2021-09-29
1st innings,Rajasthan Royals,Royal Challengers Bangalore,0.5,YBK Jaiswal,E Lewis,GHS Garton,0,1,1,,,,,RR vs RCB 2021-09-29,AY Dandekar,KN Ananthapadmanabhan,YS Chahal,Royal Challengers Bangalore,Dubai,Dubai International Cricket Stadium,2021-09-29
1st innings,Rajasthan Royals,Royal Challengers Bangalore,0.6,E Lewis,YBK Jaiswal,GHS Garton,0,0,0,,,,,RR vs RCB 2021-09-29,AY Dandekar,KN Ananthapadmanabhan,YS Chahal,Royal Challengers Bangalore,Dubai,Dubai International Cricket Stadium,2021-09-29
1st innings,Rajasthan Royals,Royal Challengers Bangalore,1.1,YBK Jaiswal,E Lewis,Mohammed Siraj,0,1,1,,,,,RR vs RCB 2021-09-29,AY Dandekar,KN Ananthapadmanabhan,YS Chahal,Royal Challengers Bangalore,Dubai,Dubai International Cricket Stadium,2021-09-29
1st innings,Rajasthan Royals,Royal Challengers Bangalore,1.2,E Lewis,YBK Jaiswal,Mohammed Siraj,0,0,0,,,,,RR vs RCB 2021-09-29,AY Dandekar,KN Ananthapadmanabhan,YS Chahal,Royal Challengers Bangalore,Dubai,Dubai International Cricket Stadium,2021-09-29
1st innings,Rajasthan Royals,Royal Challengers Bangalore,1.3,E Lewis,YBK Jaiswal,Mohammed Siraj,0,0,0,,,,,RR vs RCB 2021-09-29,AY Dandekar,KN Ananthapadmanabhan,YS Chahal,Royal Challengers Bangalore,Dubai,Dubai International Cricket Stadium,2021-09-29
1st innings,Rajasthan Royals,Royal Challengers Bangalore,1.4,E Lewis,YBK Jaiswal,Mohammed Siraj,0,0,0,,,,,RR vs RCB 2021-09-29,AY Dandekar,KN Ananthapadmanabhan,YS Chahal,Royal Challengers Bangalore,Dubai,Dubai International Cricket Stadium,2021-09-29
1st innings,Rajasthan Royals,Royal Challengers Bangalore,1.5,E Lewis,YBK Jaiswal,Mohammed Siraj,0,0,0,,,,,RR vs RCB 2021-09-29,AY Dandekar,KN Ananthapadmanabhan,YS Chahal,Royal Challengers Bangalore,Dubai,Dubai International Cricket Stadium,2021-09-29
1st innings,Rajasthan Royals,Royal Challengers Bangalore,1.6,E Lewis,YBK Jaiswal,Mohammed Siraj,0,4,4,,,,,RR vs RCB 2021-09-29,AY Dandekar,KN Ananthapadmanabhan,YS Chahal,Royal Challengers Bangalore,Dubai,Dubai International Cricket Stadium,2021-09-29
1st innings,Rajasthan Royals,Royal Challengers Bangalore,2.1,YBK Jaiswal,E Lewis,GJ Maxwell,0,1,1,,,,,RR vs RCB 2021-09-29,AY Dandekar,KN Ananthapadmanabhan,YS Chahal,Royal Challengers Bangalore,Dubai,Dubai International Cricket Stadium,2021-09-29
1st innings,Rajasthan Royals,Royal Challengers Bangalore,2.2,E Lewis,YBK Jaiswal,GJ Maxwell,0,6,6,,,,,RR vs RCB 2021-09-29,AY Dandekar,KN Ananthapadmanabhan,YS Chahal,Royal Challengers Bangalore,Dubai,Dubai International Cricket Stadium,2021-09-29
1st innings,Rajasthan Royals,Royal Challengers Bangalore,2.3,E Lewis,YBK Jaiswal,GJ Maxwell,0,1,1,,,,,RR vs RCB 2021-09-29,AY Dandekar,KN Ananthapadmanabhan,YS Chahal,Royal Challengers Bangalore,Dubai,Dubai International Cricket Stadium,2021-09-29
1st innings,Rajasthan Royals,Royal Challengers Bangalore,2.4,YBK Jaiswal,E Lewis,GJ Maxwell,0,4,4,,,,,RR vs RCB 2021-09-29,AY Dandekar,KN Ananthapadmanabhan,YS Chahal,Royal Challengers Bangalore,Dubai,Dubai International Cricket Stadium,2021-09-29
1st innings,Rajasthan Royals,Royal Challengers Bangalore,2.5,YBK Jaiswal,E Lewis,GJ Maxwell,0,1,1,,,,,RR vs RCB 2021-09-29,AY Dandekar,KN Ananthapadmanabhan,YS Chahal,Royal Challengers Bangalore,Dubai,Dubai International Cricket Stadium,2021-09-29
1st innings,Rajasthan Royals,Royal Challengers Bangalore,2.6,E Lewis,YBK Jaiswal,GJ Maxwell,0,0,0,,,,,RR vs RCB 2021-09-29,AY Dandekar,KN Ananthapadmanabhan,YS Chahal,Royal Challengers Bangalore,Dubai,Dubai International Cricket Stadium,2021-09-29
1st innings,Rajasthan Royals,Royal Challengers Bangalore,3.1,YBK Jaiswal,E Lewis,GHS Garton,0,6,6,,,,,RR vs RCB 2021-09-29,AY Dandekar,KN Ananthapadmanabhan,YS Chahal,Royal Challengers Bangalore,Dubai,Dubai International Cricket Stadium,2021-09-29
1st innings,Rajasthan Royals,Royal Challengers Bangalore,3.2,YBK Jaiswal,E Lewis,GHS Garton,0,0,0,,,,,RR vs RCB 2021-09-29,AY Dandekar,KN Ananthapadmanabhan,YS Chahal,Royal Challengers Bangalore,Dubai,Dubai International Cricket Stadium,2021-09-29
1st innings,Rajasthan Royals,Royal Challengers Bangalore,3.3,YBK Jaiswal,E Lewis,GHS Garton,0,2,2,,,,,RR vs RCB 2021-09-29,AY Dandekar,KN Ananthapadmanabhan,YS Chahal,Royal Challengers Bangalore,Dubai,Dubai International Cricket Stadium,2021-09-29
1st innings,Rajasthan Royals,Royal Challengers Bangalore,3.4,YBK Jaiswal,E Lewis,GHS Garton,0,4,4,,,,,RR vs RCB 2021-09-29,AY Dandekar,KN Ananthapadmanabhan,YS Chahal,Royal Challengers Bangalore,Dubai,Dubai International Cricket Stadium,2021-09-29
1st innings,Rajasthan Royals,Royal Challengers Bangalore,3.5,YBK Jaiswal,E Lewis,GHS Garton,0,6,6,,,,,RR vs RCB 2021-09-29,AY Dandekar,KN Ananthapadmanabhan,YS Chahal,Royal Challengers Bangalore,Dubai,Dubai International Cricket Stadium,2021-09-29
1st innings,Rajasthan Royals,Royal Challengers Bangalore,3.6,YBK Jaiswal,E Lewis,GHS Garton,0,0,0,,,,,RR vs RCB 2021-09-29,AY Dandekar,KN Ananthapadmanabhan,YS Chahal,Royal Challengers Bangalore,Dubai,Dubai International Cricket Stadium,2021-09-29
1st innings,Rajasthan Royals,Royal Challengers Bangalore,4.1,E Lewis,YBK Jaiswal,HV Patel,0,1,1,,,,,RR vs RCB 2021-09-29,AY Dandekar,KN Ananthapadmanabhan,YS Chahal,Royal Challengers Bangalore,Dubai,Dubai International Cricket Stadium,2021-09-29
1st innings,Rajasthan Royals,Royal Challengers Bangalore,4.2,YBK Jaiswal,E Lewis,HV Patel,0,4,4,,,,,RR vs RCB 2021-09-29,AY Dandekar,KN Ananthapadmanabhan,YS Chahal,Royal Challengers Bangalore,Dubai,Dubai International Cricket Stadium,2021-09-29
1st innings,Rajasthan Royals,Royal Challengers Bangalore,4.3,YBK Jaiswal,E Lewis,HV Patel,0,1,1,,,,,RR vs RCB 2021-09-29,AY Dandekar,KN Ananthapadmanabhan,YS Chahal,Royal Challengers Bangalore,Dubai,Dubai International Cricket Stadium,2021-09-29
1st innings,Rajasthan Royals,Royal Challengers Bangalore,4.4,E Lewis,YBK Jaiswal,HV Patel,0,1,1,,,,,RR vs RCB 2021-09-29,AY Dandekar,KN Ananthapadmanabhan,YS Chahal,Royal Challengers Bangalore,Dubai,Dubai International Cricket Stadium,2021-09-29
1st innings,Rajasthan Royals,Royal Challengers Bangalore,4.5,YBK Jaiswal,E Lewis,HV Patel,0,6,6,,,,,RR vs RCB 2021-09-29,AY Dandekar,KN Ananthapadmanabhan,YS Chahal,Royal Challengers Bangalore,Dubai,Dubai International Cricket Stadium,2021-09-29
1st innings,Rajasthan Royals,Royal Challengers Bangalore,4.6,YBK Jaiswal,E Lewis,HV Patel,0,0,0,,,,,RR vs RCB 2021-09-29,AY Dandekar,KN Ananthapadmanabhan,YS Chahal,Royal Challengers Bangalore,Dubai,Dubai International Cricket Stadium,2021-09-29
1st innings,Rajasthan Royals,Royal Challengers Bangalore,5.1,E Lewis,YBK Jaiswal,Mohammed Siraj,0,1,1,,,,,RR vs RCB 2021-09-29,AY Dandekar,KN Ananthapadmanabhan,YS Chahal,Royal Challengers Bangalore,Dubai,Dubai International Cricket Stadium,2021-09-29
1st innings,Rajasthan Royals,Royal Challengers Bangalore,5.2,YBK Jaiswal,E Lewis,Mohammed Siraj,0,1,1,,,,,RR vs RCB 2021-09-29,AY Dandekar,KN Ananthapadmanabhan,YS Chahal,Royal Challengers Bangalore,Dubai,Dubai International Cricket Stadium,2021-09-29
1st innings,Rajasthan Royals,Royal Challengers Bangalore,5.3,E Lewis,YBK Jaiswal,Mohammed Siraj,0,1,1,,,,,RR vs RCB 2021-09-29,AY Dandekar,KN Ananthapadmanabhan,YS Chahal,Royal Challengers Bangalore,Dubai,Dubai International Cricket Stadium,2021-09-29
1st innings,Rajasthan Royals,Royal Challengers Bangalore,5.4,YBK Jaiswal,E Lewis,Mohammed Siraj,0,1,1,,,,,RR vs RCB 2021-09-29,AY Dandekar,KN Ananthapadmanabhan,YS Chahal,Royal Challengers Bangalore,Dubai,Dubai International Cricket Stadium,2021-09-29
1st innings,Rajasthan Royals,Royal Challengers Bangalore,5.5,E Lewis,YBK Jaiswal,Mohammed Siraj,0,0,0,,,,,RR vs RCB 2021-09-29,AY Dandekar,KN Ananthapadmanabhan,YS Chahal,Royal Challengers Bangalore,Dubai,Dubai International Cricket Stadium,2021-09-29
1st innings,Rajasthan Royals,Royal Challengers Bangalore,5.6,E Lewis,YBK Jaiswal,Mohammed Siraj,0,0,0,,,,,RR vs RCB 2021-09-29,AY Dandekar,KN Ananthapadmanabhan,YS Chahal,Royal Challengers Bangalore,Dubai,Dubai International Cricket Stadium,2021-09-29
1st innings,Rajasthan Royals,Royal Challengers Bangalore,6.1,YBK Jaiswal,E Lewis,DT Christian,0,0,0,,,,,RR vs RCB 2021-09-29,AY Dandekar,KN Ananthapadmanabhan,YS Chahal,Royal Challengers Bangalore,Dubai,Dubai International Cricket Stadium,2021-09-29
1st innings,Rajasthan Royals,Royal Challengers Bangalore,6.2,YBK Jaiswal,E Lewis,DT Christian,0,1,1,,,,,RR vs RCB 2021-09-29,AY Dandekar,KN Ananthapadmanabhan,YS Chahal,Royal Challengers Bangalore,Dubai,Dubai International Cricket Stadium,2021-09-29
1st innings,Rajasthan Royals,Royal Challengers Bangalore,6.3,E Lewis,YBK Jaiswal,DT Christian,0,4,4,,,,,RR vs RCB 2021-09-29,AY Dandekar,KN Ananthapadmanabhan,YS Chahal,Royal Challengers Bangalore,Dubai,Dubai International Cricket Stadium,2021-09-29
1st innings,Rajasthan Royals,Royal Challengers Bangalore,6.4,E Lewis,YBK Jaiswal,DT Christian,0,1,1,,,,,RR vs RCB 2021-09-29,AY Dandekar,KN Ananthapadmanabhan,YS Chahal,Royal Challengers Bangalore,Dubai,Dubai International Cricket Stadium,2021-09-29
1st innings,Rajasthan Royals,Royal Challengers Bangalore,6.5,YBK Jaiswal,E Lewis,DT Christian,0,1,1,,,,,RR vs RCB 2021-09-29,AY Dandekar,KN Ananthapadmanabhan,YS Chahal,Royal Challengers Bangalore,Dubai,Dubai International Cricket Stadium,2021-09-29
1st innings,Rajasthan Royals,Royal Challengers Bangalore,6.6,E Lewis,YBK Jaiswal,DT Christian,0,4,4,,,,,RR vs RCB 2021-09-29,AY Dandekar,KN Ananthapadmanabhan,YS Chahal,Royal Challengers Bangalore,Dubai,Dubai International Cricket Stadium,2021-09-29
1st innings,Rajasthan Royals,Royal Challengers Bangalore,7.1,YBK Jaiswal,E Lewis,GJ Maxwell,0,0,0,,,,,RR vs RCB 2021-09-29,AY Dandekar,KN Ananthapadmanabhan,YS Chahal,Royal Challengers Bangalore,Dubai,Dubai International Cricket Stadium,2021-09-29
1st innings,Rajasthan Royals,Royal Challengers Bangalore,7.2,YBK Jaiswal,E Lewis,GJ Maxwell,0,1,1,,,,,RR vs RCB 2021-09-29,AY Dandekar,KN Ananthapadmanabhan,YS Chahal,Royal Challengers Bangalore,Dubai,Dubai International Cricket Stadium,2021-09-29
1st innings,Rajasthan Royals,Royal Challengers Bangalore,7.3,E Lewis,YBK Jaiswal,GJ Maxwell,0,0,0,,,,,RR vs RCB 2021-09-29,AY Dandekar,KN Ananthapadmanabhan,YS Chahal,Royal Challengers Bangalore,Dubai,Dubai International Cricket Stadium,2021-09-29
1st innings,Rajasthan Royals,Royal Challengers Bangalore,7.4,E Lewis,YBK Jaiswal,GJ Maxwell,0,1,1,,,,,RR vs RCB 2021-09-29,AY Dandekar,KN Ananthapadmanabhan,YS Chahal,Royal Challengers Bangalore,Dubai,Dubai International Cricket Stadium,2021-09-29
1st innings,Rajasthan Royals,Royal Challengers Bangalore,7.5,YBK Jaiswal,E Lewis,GJ Maxwell,0,2,2,,,,,RR vs RCB 2021-09-29,AY Dandekar,KN Ananthapadmanabhan,YS Chahal,Royal Challengers Bangalore,Dubai,Dubai International Cricket Stadium,2021-09-29
1st innings,Rajasthan Royals,Royal Challengers Bangalore,7.6,YBK Jaiswal,E Lewis,GJ Maxwell,0,0,0,,,,,RR vs RCB 2021-09-29,AY Dandekar,KN Ananthapadmanabhan,YS Chahal,Royal Challengers Bangalore,Dubai,Dubai International Cricket Stadium,2021-09-29
1st innings,Rajasthan Royals,Royal Challengers Bangalore,8.1,E Lewis,YBK Jaiswal,DT Christian,0,6,6,,,,,RR vs RCB 2021-09-29,AY Dandekar,KN Ananthapadmanabhan,YS Chahal,Royal Challengers Bangalore,Dubai,Dubai International Cricket Stadium,2021-09-29
1st innings,Rajasthan Royals,Royal Challengers Bangalore,8.2,E Lewis,YBK Jaiswal,DT Christian,0,0,0,,YBK Jaiswal,caught,Mohammed Siraj,RR vs RCB 2021-09-29,AY Dandekar,KN Ananthapadmanabhan,YS Chahal,Royal Challengers Bangalore,Dubai,Dubai International Cricket Stadium,2021-09-29
1st innings,Rajasthan Royals,Royal Challengers Bangalore,8.3,E Lewis,SV Samson,DT Christian,0,0,0,,,,,RR vs RCB 2021-09-29,AY Dandekar,KN Ananthapadmanabhan,YS Chahal,Royal Challengers Bangalore,Dubai,Dubai International Cricket Stadium,2021-09-29
1st innings,Rajasthan Royals,Royal Challengers Bangalore,8.4,E Lewis,SV Samson,DT Christian,0,2,2,,,,,RR vs RCB 2021-09-29,AY Dandekar,KN Ananthapadmanabhan,YS Chahal,Royal Challengers Bangalore,Dubai,Dubai International Cricket Stadium,2021-09-29
1st innings,Rajasthan Royals,Royal Challengers Bangalore,8.5,E Lewis,SV Samson,DT Christian,0,1,1,,,,,RR vs RCB 2021-09-29,AY Dandekar,KN Ananthapadmanabhan,YS Chahal,Royal Challengers Bangalore,Dubai,Dubai International Cricket Stadium,2021-09-29
1st innings,Rajasthan Royals,Royal Challengers Bangalore,8.6,SV Samson,E Lewis,DT Christian,0,1,1,,,,,RR vs RCB 2021-09-29,AY Dandekar,KN Ananthapadmanabhan,YS Chahal,Royal Challengers Bangalore,Dubai,Dubai International Cricket Stadium,2021-09-29
1st innings,Rajasthan Royals,Royal Challengers Bangalore,9.1,SV Samson,E Lewis,HV Patel,1,0,1,wides,,,,RR vs RCB 2021-09-29,AY Dandekar,KN Ananthapadmanabhan,YS Chahal,Royal Challengers Bangalore,Dubai,Dubai International Cricket Stadium,2021-09-29
1st innings,Rajasthan Royals,Royal Challengers Bangalore,9.2,SV Samson,E Lewis,HV Patel,0,0,0,,,,,RR vs RCB 2021-09-29,AY Dandekar,KN Ananthapadmanabhan,YS Chahal,Royal Challengers Bangalore,Dubai,Dubai International Cricket Stadium,2021-09-29
1st innings,Rajasthan Royals,Royal Challengers Bangalore,9.3,SV Samson,E Lewis,HV Patel,0,4,4,,,,,RR vs RCB 2021-09-29,AY Dandekar,KN Ananthapadmanabhan,YS Chahal,Royal Challengers Bangalore,Dubai,Dubai International Cricket Stadium,2021-09-29
1st innings,Rajasthan Royals,Royal Challengers Bangalore,9.4,SV Samson,E Lewis,HV Patel,0,4,4,,,,,RR vs RCB 2021-09-29,AY Dandekar,KN Ananthapadmanabhan,YS Chahal,Royal Challengers Bangalore,Dubai,Dubai International Cricket Stadium,2021-09-29
1st innings,Rajasthan Royals,Royal Challengers Bangalore,9.5,SV Samson,E Lewis,HV Patel,0,1,1,,,,,RR vs RCB 2021-09-29,AY Dandekar,KN Ananthapadmanabhan,YS Chahal,Royal Challengers Bangalore,Dubai,Dubai International Cricket Stadium,2021-09-29
1st innings,Rajasthan Royals,Royal Challengers Bangalore,9.6,E Lewis,SV Samson,HV Patel,0,0,0,,,,,RR vs RCB 2021-09-29,AY Dandekar,KN Ananthapadmanabhan,YS Chahal,Royal Challengers Bangalore,Dubai,Dubai International Cricket Stadium,2021-09-29
1st innings,Rajasthan Royals,Royal Challengers Bangalore,9.7,E Lewis,SV Samson,HV Patel,0,0,0,,,,,RR vs RCB 2021-09-29,AY Dandekar,KN Ananthapadmanabhan,YS Chahal,Royal Challengers Bangalore,Dubai,Dubai International Cricket Stadium,2021-09-29
1st innings,Rajasthan Royals,Royal Challengers Bangalore,10.1,SV Samson,E Lewis,YS Chahal,0,0,0,,,,,RR vs RCB 2021-09-29,AY Dandekar,KN Ananthapadmanabhan,YS Chahal,Royal Challengers Bangalore,Dubai,Dubai International Cricket Stadium,2021-09-29
1st innings,Rajasthan Royals,Royal Challengers Bangalore,10.2,SV Samson,E Lewis,YS Chahal,0,1,1,,,,,RR vs RCB 2021-09-29,AY Dandekar,KN Ananthapadmanabhan,YS Chahal,Royal Challengers Bangalore,Dubai,Dubai International Cricket Stadium,2021-09-29
1st innings,Rajasthan Royals,Royal Challengers Bangalore,10.3,E Lewis,SV Samson,YS Chahal,0,0,0,,,,,RR vs RCB 2021-09-29,AY Dandekar,KN Ananthapadmanabhan,YS Chahal,Royal Challengers Bangalore,Dubai,Dubai International Cricket Stadium,2021-09-29
1st innings,Rajasthan Royals,Royal Challengers Bangalore,10.4,E Lewis,SV Samson,YS Chahal,0,1,1,,,,,RR vs RCB 2021-09-29,AY Dandekar,KN Ananthapadmanabhan,YS Chahal,Royal Challengers Bangalore,Dubai,Dubai International Cricket Stadium,2021-09-29
1st innings,Rajasthan Royals,Royal Challengers Bangalore,10.5,SV Samson,E Lewis,YS Chahal,0,1,1,,,,,RR vs RCB 2021-09-29,AY Dandekar,KN Ananthapadmanabhan,YS Chahal,Royal Challengers Bangalore,Dubai,Dubai International Cricket Stadium,2021-09-29
1st innings,Rajasthan Royals,Royal Challengers Bangalore,10.6,E Lewis,SV Samson,YS Chahal,0,6,6,,,,,RR vs RCB 2021-09-29,AY Dandekar,KN Ananthapadmanabhan,YS Chahal,Royal Challengers Bangalore,Dubai,Dubai International Cricket Stadium,2021-09-29
1st innings,Rajasthan Royals,Royal Challengers Bangalore,11.1,SV Samson,E Lewis,GHS Garton,0,0,0,,E Lewis,caught,KS Bharat,RR vs RCB 2021-09-29,AY Dandekar,KN Ananthapadmanabhan,YS Chahal,Royal Challengers Bangalore,Dubai,Dubai International Cricket Stadium,2021-09-29
1st innings,Rajasthan Royals,Royal Challengers Bangalore,11.2,MK Lomror,SV Samson,GHS Garton,0,1,1,,,,,RR vs RCB 2021-09-29,AY Dandekar,KN Ananthapadmanabhan,YS Chahal,Royal Challengers Bangalore,Dubai,Dubai International Cricket Stadium,2021-09-29
1st innings,Rajasthan Royals,Royal Challengers Bangalore,11.3,SV Samson,MK Lomror,GHS Garton,1,0,1,wides,,,,RR vs RCB 2021-09-29,AY Dandekar,KN Ananthapadmanabhan,YS Chahal,Royal Challengers Bangalore,Dubai,Dubai International Cricket Stadium,2021-09-29
1st innings,Rajasthan Royals,Royal Challengers Bangalore,11.4,SV Samson,MK Lomror,GHS Garton,0,1,1,,,,,RR vs RCB 2021-09-29,AY Dandekar,KN Ananthapadmanabhan,YS Chahal,Royal Challengers Bangalore,Dubai,Dubai International Cricket Stadium,2021-09-29
1st innings,Rajasthan Royals,Royal Challengers Bangalore,11.5,MK Lomror,SV Samson,GHS Garton,0,0,0,,,,,RR vs RCB 2021-09-29,AY Dandekar,KN Ananthapadmanabhan,YS Chahal,Royal Challengers Bangalore,Dubai,Dubai International Cricket Stadium,2021-09-29
1st innings,Rajasthan Royals,Royal Challengers Bangalore,11.6,MK Lomror,SV Samson,GHS Garton,0,0,0,,,,,RR vs RCB 2021-09-29,AY Dandekar,KN Ananthapadmanabhan,YS Chahal,Royal Challengers Bangalore,Dubai,Dubai International Cricket Stadium,2021-09-29
1st innings,Rajasthan Royals,Royal Challengers Bangalore,11.7,MK Lomror,SV Samson,GHS Garton,0,6,6,,,,,RR vs RCB 2021-09-29,AY Dandekar,KN Ananthapadmanabhan,YS Chahal,Royal Challengers Bangalore,Dubai,Dubai International Cricket Stadium,2021-09-29
1st innings,Rajasthan Royals,Royal Challengers Bangalore,12.1,SV Samson,MK Lomror,YS Chahal,0,1,1,,,,,RR vs RCB 2021-09-29,AY Dandekar,KN Ananthapadmanabhan,YS Chahal,Royal Challengers Bangalore,Dubai,Dubai International Cricket Stadium,2021-09-29
1st innings,Rajasthan Royals,Royal Challengers Bangalore,12.2,MK Lomror,SV Samson,YS Chahal,0,1,1,,,,,RR vs RCB 2021-09-29,AY Dandekar,KN Ananthapadmanabhan,YS Chahal,Royal Challengers Bangalore,Dubai,Dubai International Cricket Stadium,2021-09-29
1st innings,Rajasthan Royals,Royal Challengers Bangalore,12.3,SV Samson,MK Lomror,YS Chahal,0,1,1,,,,,RR vs RCB 2021-09-29,AY Dandekar,KN Ananthapadmanabhan,YS Chahal,Royal Challengers Bangalore,Dubai,Dubai International Cricket Stadium,2021-09-29
1st innings,Rajasthan Royals,Royal Challengers Bangalore,12.4,MK Lomror,SV Samson,YS Chahal,0,1,1,,,,,RR vs RCB 2021-09-29,AY Dandekar,KN Ananthapadmanabhan,YS Chahal,Royal Challengers Bangalore,Dubai,Dubai International Cricket Stadium,2021-09-29
1st innings,Rajasthan Royals,Royal Challengers Bangalore,12.5,SV Samson,MK Lomror,YS Chahal,0,0,0,,MK Lomror,stumped,KS Bharat,RR vs RCB 2021-09-29,AY Dandekar,KN Ananthapadmanabhan,YS Chahal,Royal Challengers Bangalore,Dubai,Dubai International Cricket Stadium,2021-09-29
1st innings,Rajasthan Royals,Royal Challengers Bangalore,12.6,SV Samson,LS Livingstone,YS Chahal,0,0,0,,,,,RR vs RCB 2021-09-29,AY Dandekar,KN Ananthapadmanabhan,YS Chahal,Royal Challengers Bangalore,Dubai,Dubai International Cricket Stadium,2021-09-29
1st innings,Rajasthan Royals,Royal Challengers Bangalore,13.1,LS Livingstone,SV Samson,Shahbaz Ahmed,0,0,0,,SV Samson,caught,D Padikkal,RR vs RCB 2021-09-29,AY Dandekar,KN Ananthapadmanabhan,YS Chahal,Royal Challengers Bangalore,Dubai,Dubai International Cricket Stadium,2021-09-29
1st innings,Rajasthan Royals,Royal Challengers Bangalore,13.2,LS Livingstone,R Tewatia,Shahbaz Ahmed,0,1,1,,,,,RR vs RCB 2021-09-29,AY Dandekar,KN Ananthapadmanabhan,YS Chahal,Royal Challengers Bangalore,Dubai,Dubai International Cricket Stadium,2021-09-29
1st innings,Rajasthan Royals,Royal Challengers Bangalore,13.3,R Tewatia,LS Livingstone,Shahbaz Ahmed,0,1,1,,,,,RR vs RCB 2021-09-29,AY Dandekar,KN Ananthapadmanabhan,YS Chahal,Royal Challengers Bangalore,Dubai,Dubai International Cricket Stadium,2021-09-29
1st innings,Rajasthan Royals,Royal Challengers Bangalore,13.4,LS Livingstone,R Tewatia,Shahbaz Ahmed,0,1,1,,,,,RR vs RCB 2021-09-29,AY Dandekar,KN Ananthapadmanabhan,YS Chahal,Royal Challengers Bangalore,Dubai,Dubai International Cricket Stadium,2021-09-29
1st innings,Rajasthan Royals,Royal Challengers Bangalore,13.5,R Tewatia,LS Livingstone,Shahbaz Ahmed,0,1,1,,,,,RR vs RCB 2021-09-29,AY Dandekar,KN Ananthapadmanabhan,YS Chahal,Royal Challengers Bangalore,Dubai,Dubai International Cricket Stadium,2021-09-29
1st innings,Rajasthan Royals,Royal Challengers Bangalore,13.6,LS Livingstone,R Tewatia,Shahbaz Ahmed,0,0,0,,R Tewatia,caught,D Padikkal,RR vs RCB 2021-09-29,AY Dandekar,KN Ananthapadmanabhan,YS Chahal,Royal Challengers Bangalore,Dubai,Dubai International Cricket Stadium,2021-09-29
1st innings,Rajasthan Royals,Royal Challengers Bangalore,14.1,R Parag,LS Livingstone,YS Chahal,1,0,1,legbyes,,,,RR vs RCB 2021-09-29,AY Dandekar,KN Ananthapadmanabhan,YS Chahal,Royal Challengers Bangalore,Dubai,Dubai International Cricket Stadium,2021-09-29
1st innings,Rajasthan Royals,Royal Challengers Bangalore,14.2,LS Livingstone,R Parag,YS Chahal,0,0,0,,,,,RR vs RCB 2021-09-29,AY Dandekar,KN Ananthapadmanabhan,YS Chahal,Royal Challengers Bangalore,Dubai,Dubai International Cricket Stadium,2021-09-29
1st innings,Rajasthan Royals,Royal Challengers Bangalore,14.3,LS Livingstone,R Parag,YS Chahal,0,0,0,,,,,RR vs RCB 2021-09-29,AY Dandekar,KN Ananthapadmanabhan,YS Chahal,Royal Challengers Bangalore,Dubai,Dubai International Cricket Stadium,2021-09-29
1st innings,Rajasthan Royals,Royal Challengers Bangalore,14.4,LS Livingstone,R Parag,YS Chahal,0,0,0,,,,,RR vs RCB 2021-09-29,AY Dandekar,KN Ananthapadmanabhan,YS Chahal,Royal Challengers Bangalore,Dubai,Dubai International Cricket Stadium,2021-09-29
1st innings,Rajasthan Royals,Royal Challengers Bangalore,14.5,LS Livingstone,R Parag,YS Chahal,0,1,1,,,,,RR vs RCB 2021-09-29,AY Dandekar,KN Ananthapadmanabhan,YS Chahal,Royal Challengers Bangalore,Dubai,Dubai International Cricket Stadium,2021-09-29
1st innings,Rajasthan Royals,Royal Challengers Bangalore,14.6,R Parag,LS Livingstone,YS Chahal,0,1,1,,,,,RR vs RCB 2021-09-29,AY Dandekar,KN Ananthapadmanabhan,YS Chahal,Royal Challengers Bangalore,Dubai,Dubai International Cricket Stadium,2021-09-29
1st innings,Rajasthan Royals,Royal Challengers Bangalore,15.1,R Parag,LS Livingstone,Shahbaz Ahmed,0,1,1,,,,,RR vs RCB 2021-09-29,AY Dandekar,KN Ananthapadmanabhan,YS Chahal,Royal Challengers Bangalore,Dubai,Dubai International Cricket Stadium,2021-09-29
1st innings,Rajasthan Royals,Royal Challengers Bangalore,15.2,LS Livingstone,R Parag,Shahbaz Ahmed,0,1,1,,,,,RR vs RCB 2021-09-29,AY Dandekar,KN Ananthapadmanabhan,YS Chahal,Royal Challengers Bangalore,Dubai,Dubai International Cricket Stadium,2021-09-29
1st innings,Rajasthan Royals,Royal Challengers Bangalore,15.3,R Parag,LS Livingstone,Shahbaz Ahmed,0,1,1,,,,,RR vs RCB 2021-09-29,AY Dandekar,KN Ananthapadmanabhan,YS Chahal,Royal Challengers Bangalore,Dubai,Dubai International Cricket Stadium,2021-09-29
1st innings,Rajasthan Royals,Royal Challengers Bangalore,15.4,LS Livingstone,R Parag,Shahbaz Ahmed,0,1,1,,,,,RR vs RCB 2021-09-29,AY Dandekar,KN Ananthapadmanabhan,YS Chahal,Royal Challengers Bangalore,Dubai,Dubai International Cricket Stadium,2021-09-29
1st innings,Rajasthan Royals,Royal Challengers Bangalore,15.5,R Parag,LS Livingstone,Shahbaz Ahmed,0,1,1,,,,,RR vs RCB 2021-09-29,AY Dandekar,KN Ananthapadmanabhan,YS Chahal,Royal Challengers Bangalore,Dubai,Dubai International Cricket Stadium,2021-09-29
1st innings,Rajasthan Royals,Royal Challengers Bangalore,15.6,LS Livingstone,R Parag,Shahbaz Ahmed,0,1,1,,,,,RR vs RCB 2021-09-29,AY Dandekar,KN Ananthapadmanabhan,YS Chahal,Royal Challengers Bangalore,Dubai,Dubai International Cricket Stadium,2021-09-29
1st innings,Rajasthan Royals,Royal Challengers Bangalore,16.1,LS Livingstone,R Parag,YS Chahal,0,1,1,,,,,RR vs RCB 2021-09-29,AY Dandekar,KN Ananthapadmanabhan,YS Chahal,Royal Challengers Bangalore,Dubai,Dubai International Cricket Stadium,2021-09-29
1st innings,Rajasthan Royals,Royal Challengers Bangalore,16.2,R Parag,LS Livingstone,YS Chahal,0,0,0,,LS Livingstone,caught,AB de Villiers,RR vs RCB 2021-09-29,AY Dandekar,KN Ananthapadmanabhan,YS Chahal,Royal Challengers Bangalore,Dubai,Dubai International Cricket Stadium,2021-09-29
1st innings,Rajasthan Royals,Royal Challengers Bangalore,16.3,R Parag,CH Morris,YS Chahal,0,1,1,,,,,RR vs RCB 2021-09-29,AY Dandekar,KN Ananthapadmanabhan,YS Chahal,Royal Challengers Bangalore,Dubai,Dubai International Cricket Stadium,2021-09-29
1st innings,Rajasthan Royals,Royal Challengers Bangalore,16.4,CH Morris,R Parag,YS Chahal,0,0,0,,,,,RR vs RCB 2021-09-29,AY Dandekar,KN Ananthapadmanabhan,YS Chahal,Royal Challengers Bangalore,Dubai,Dubai International Cricket Stadium,2021-09-29
1st innings,Rajasthan Royals,Royal Challengers Bangalore,16.5,CH Morris,R Parag,YS Chahal,0,0,0,,,,,RR vs RCB 2021-09-29,AY Dandekar,KN Ananthapadmanabhan,YS Chahal,Royal Challengers Bangalore,Dubai,Dubai International Cricket Stadium,2021-09-29
1st innings,Rajasthan Royals,Royal Challengers Bangalore,16.6,CH Morris,R Parag,YS Chahal,0,1,1,,,,,RR vs RCB 2021-09-29,AY Dandekar,KN Ananthapadmanabhan,YS Chahal,Royal Challengers Bangalore,Dubai,Dubai International Cricket Stadium,2021-09-29
1st innings,Rajasthan Royals,Royal Challengers Bangalore,17.1,CH Morris,R Parag,HV Patel,0,1,1,,,,,RR vs RCB 2021-09-29,AY Dandekar,KN Ananthapadmanabhan,YS Chahal,Royal Challengers Bangalore,Dubai,Dubai International Cricket Stadium,2021-09-29
1st innings,Rajasthan Royals,Royal Challengers Bangalore,17.2,R Parag,CH Morris,HV Patel,0,0,0,,,,,RR vs RCB 2021-09-29,AY Dandekar,KN Ananthapadmanabhan,YS Chahal,Royal Challengers Bangalore,Dubai,Dubai International Cricket Stadium,2021-09-29
1st innings,Rajasthan Royals,Royal Challengers Bangalore,17.3,R Parag,CH Morris,HV Patel,0,4,4,,,,,RR vs RCB 2021-09-29,AY Dandekar,KN Ananthapadmanabhan,YS Chahal,Royal Challengers Bangalore,Dubai,Dubai International Cricket Stadium,2021-09-29
1st innings,Rajasthan Royals,Royal Challengers Bangalore,17.4,R Parag,CH Morris,HV Patel,0,0,0,,,,,RR vs RCB 2021-09-29,AY Dandekar,KN Ananthapadmanabhan,YS Chahal,Royal Challengers Bangalore,Dubai,Dubai International Cricket Stadium,2021-09-29
1st innings,Rajasthan Royals,Royal Challengers Bangalore,17.5,R Parag,CH Morris,HV Patel,0,2,2,,,,,RR vs RCB 2021-09-29,AY Dandekar,KN Ananthapadmanabhan,YS Chahal,Royal Challengers Bangalore,Dubai,Dubai International Cricket Stadium,2021-09-29
1st innings,Rajasthan Royals,Royal Challengers Bangalore,17.6,R Parag,CH Morris,HV Patel,0,1,1,,,,,RR vs RCB 2021-09-29,AY Dandekar,KN Ananthapadmanabhan,YS Chahal,Royal Challengers Bangalore,Dubai,Dubai International Cricket Stadium,2021-09-29
1st innings,Rajasthan Royals,Royal Challengers Bangalore,18.1,R Parag,CH Morris,Mohammed Siraj,0,1,1,,,,,RR vs RCB 2021-09-29,AY Dandekar,KN Ananthapadmanabhan,YS Chahal,Royal Challengers Bangalore,Dubai,Dubai International Cricket Stadium,2021-09-29
1st innings,Rajasthan Royals,Royal Challengers Bangalore,18.2,CH Morris,R Parag,Mohammed Siraj,0,1,1,,,,,RR vs RCB 2021-09-29,AY Dandekar,KN Ananthapadmanabhan,YS Chahal,Royal Challengers Bangalore,Dubai,Dubai International Cricket Stadium,2021-09-29
1st innings,Rajasthan Royals,Royal Challengers Bangalore,18.3,R Parag,CH Morris,Mohammed Siraj,0,0,0,,,,,RR vs RCB 2021-09-29,AY Dandekar,KN Ananthapadmanabhan,YS Chahal,Royal Challengers Bangalore,Dubai,Dubai International Cricket Stadium,2021-09-29
1st innings,Rajasthan Royals,Royal Challengers Bangalore,18.4,R Parag,CH Morris,Mohammed Siraj,0,4,4,,,,,RR vs RCB 2021-09-29,AY Dandekar,KN Ananthapadmanabhan,YS Chahal,Royal Challengers Bangalore,Dubai,Dubai International Cricket Stadium,2021-09-29
1st innings,Rajasthan Royals,Royal Challengers Bangalore,18.5,R Parag,CH Morris,Mohammed Siraj,1,0,1,wides,,,,RR vs RCB 2021-09-29,AY Dandekar,KN Ananthapadmanabhan,YS Chahal,Royal Challengers Bangalore,Dubai,Dubai International Cricket Stadium,2021-09-29
1st innings,Rajasthan Royals,Royal Challengers Bangalore,18.6,R Parag,CH Morris,Mohammed Siraj,0,1,1,,,,,RR vs RCB 2021-09-29,AY Dandekar,KN Ananthapadmanabhan,YS Chahal,Royal Challengers Bangalore,Dubai,Dubai International Cricket Stadium,2021-09-29
1st innings,Rajasthan Royals,Royal Challengers Bangalore,18.7,CH Morris,R Parag,Mohammed Siraj,0,1,1,,,,,RR vs RCB 2021-09-29,AY Dandekar,KN Ananthapadmanabhan,YS Chahal,Royal Challengers Bangalore,Dubai,Dubai International Cricket Stadium,2021-09-29
1st innings,Rajasthan Royals,Royal Challengers Bangalore,19.1,CH Morris,R Parag,HV Patel,0,0,0,,,,,RR vs RCB 2021-09-29,AY Dandekar,KN Ananthapadmanabhan,YS Chahal,Royal Challengers Bangalore,Dubai,Dubai International Cricket Stadium,2021-09-29
1st innings,Rajasthan Royals,Royal Challengers Bangalore,19.2,CH Morris,R Parag,HV Patel,0,0,0,,R Parag,caught,V Kohli,RR vs RCB 2021-09-29,AY Dandekar,KN Ananthapadmanabhan,YS Chahal,Royal Challengers Bangalore,Dubai,Dubai International Cricket Stadium,2021-09-29
1st innings,Rajasthan Royals,Royal Challengers Bangalore,19.3,C Sakariya,CH Morris,HV Patel,0,0,0,,CH Morris,caught,D Padikkal,RR vs RCB 2021-09-29,AY Dandekar,KN Ananthapadmanabhan,YS Chahal,Royal Challengers Bangalore,Dubai,Dubai International Cricket Stadium,2021-09-29
1st innings,Rajasthan Royals,Royal Challengers Bangalore,19.4,C Sakariya,Kartik Tyagi,HV Patel,0,1,1,,,,,RR vs RCB 2021-09-29,AY Dandekar,KN Ananthapadmanabhan,YS Chahal,Royal Challengers Bangalore,Dubai,Dubai International Cricket Stadium,2021-09-29
1st innings,Rajasthan Royals,Royal Challengers Bangalore,19.5,Kartik Tyagi,C Sakariya,HV Patel,0,2,2,,,,,RR vs RCB 2021-09-29,AY Dandekar,KN Ananthapadmanabhan,YS Chahal,Royal Challengers Bangalore,Dubai,Dubai International Cricket Stadium,2021-09-29
1st innings,Rajasthan Royals,Royal Challengers Bangalore,19.6,Kartik Tyagi,C Sakariya,HV Patel,0,0,0,,C Sakariya,caught,AB de Villiers,RR vs RCB 2021-09-29,AY Dandekar,KN Ananthapadmanabhan,YS Chahal,Royal Challengers Bangalore,Dubai,Dubai International Cricket Stadium,2021-09-29
2nd innings,Royal Challengers Bangalore,Rajasthan Royals,0.1,D Padikkal,V Kohli,CH Morris,0,0,0,,,,,RR vs RCB 2021-09-29,AY Dandekar,KN Ananthapadmanabhan,YS Chahal,Royal Challengers Bangalore,Dubai,Dubai International Cricket Stadium,2021-09-29
2nd innings,Royal Challengers Bangalore,Rajasthan Royals,0.2,D Padikkal,V Kohli,CH Morris,0,4,4,,,,,RR vs RCB 2021-09-29,AY Dandekar,KN Ananthapadmanabhan,YS Chahal,Royal Challengers Bangalore,Dubai,Dubai International Cricket Stadium,2021-09-29
2nd innings,Royal Challengers Bangalore,Rajasthan Royals,0.3,D Padikkal,V Kohli,CH Morris,0,0,0,,,,,RR vs RCB 2021-09-29,AY Dandekar,KN Ananthapadmanabhan,YS Chahal,Royal Challengers Bangalore,Dubai,Dubai International Cricket Stadium,2021-09-29
2nd innings,Royal Challengers Bangalore,Rajasthan Royals,0.4,D Padikkal,V Kohli,CH Morris,0,4,4,,,,,RR vs RCB 2021-09-29,AY Dandekar,KN Ananthapadmanabhan,YS Chahal,Royal Challengers Bangalore,Dubai,Dubai International Cricket Stadium,2021-09-29
2nd innings,Royal Challengers Bangalore,Rajasthan Royals,0.5,D Padikkal,V Kohli,CH Morris,0,0,0,,,,,RR vs RCB 2021-09-29,AY Dandekar,KN Ananthapadmanabhan,YS Chahal,Royal Challengers Bangalore,Dubai,Dubai International Cricket Stadium,2021-09-29
2nd innings,Royal Challengers Bangalore,Rajasthan Royals,0.6,D Padikkal,V Kohli,CH Morris,0,4,4,,,,,RR vs RCB 2021-09-29,AY Dandekar,KN Ananthapadmanabhan,YS Chahal,Royal Challengers Bangalore,Dubai,Dubai International Cricket Stadium,2021-09-29
2nd innings,Royal Challengers Bangalore,Rajasthan Royals,1.1,V Kohli,D Padikkal,Kartik Tyagi,3,0,3,wides,,,,RR vs RCB 2021-09-29,AY Dandekar,KN Ananthapadmanabhan,YS Chahal,Royal Challengers Bangalore,Dubai,Dubai International Cricket Stadium,2021-09-29
2nd innings,Royal Challengers Bangalore,Rajasthan Royals,1.2,V Kohli,D Padikkal,Kartik Tyagi,0,4,4,,,,,RR vs RCB 2021-09-29,AY Dandekar,KN Ananthapadmanabhan,YS Chahal,Royal Challengers Bangalore,Dubai,Dubai International Cricket Stadium,2021-09-29
2nd innings,Royal Challengers Bangalore,Rajasthan Royals,1.3,V Kohli,D Padikkal,Kartik Tyagi,0,1,1,,,,,RR vs RCB 2021-09-29,AY Dandekar,KN Ananthapadmanabhan,YS Chahal,Royal Challengers Bangalore,Dubai,Dubai International Cricket Stadium,2021-09-29
2nd innings,Royal Challengers Bangalore,Rajasthan Royals,1.4,D Padikkal,V Kohli,Kartik Tyagi,0,0,0,,,,,RR vs RCB 2021-09-29,AY Dandekar,KN Ananthapadmanabhan,YS Chahal,Royal Challengers Bangalore,Dubai,Dubai International Cricket Stadium,2021-09-29
2nd innings,Royal Challengers Bangalore,Rajasthan Royals,1.5,D Padikkal,V Kohli,Kartik Tyagi,0,0,0,,,,,RR vs RCB 2021-09-29,AY Dandekar,KN Ananthapadmanabhan,YS Chahal,Royal Challengers Bangalore,Dubai,Dubai International Cricket Stadium,2021-09-29
2nd innings,Royal Challengers Bangalore,Rajasthan Royals,1.6,D Padikkal,V Kohli,Kartik Tyagi,0,4,4,,,,,RR vs RCB 2021-09-29,AY Dandekar,KN Ananthapadmanabhan,YS Chahal,Royal Challengers Bangalore,Dubai,Dubai International Cricket Stadium,2021-09-29
2nd innings,Royal Challengers Bangalore,Rajasthan Royals,1.7,D Padikkal,V Kohli,Kartik Tyagi,0,2,2,,,,,RR vs RCB 2021-09-29,AY Dandekar,KN Ananthapadmanabhan,YS Chahal,Royal Challengers Bangalore,Dubai,Dubai International Cricket Stadium,2021-09-29
2nd innings,Royal Challengers Bangalore,Rajasthan Royals,2.1,V Kohli,D Padikkal,C Sakariya,0,1,1,,,,,RR vs RCB 2021-09-29,AY Dandekar,KN Ananthapadmanabhan,YS Chahal,Royal Challengers Bangalore,Dubai,Dubai International Cricket Stadium,2021-09-29
2nd innings,Royal Challengers Bangalore,Rajasthan Royals,2.2,D Padikkal,V Kohli,C Sakariya,0,0,0,,,,,RR vs RCB 2021-09-29,AY Dandekar,KN Ananthapadmanabhan,YS Chahal,Royal Challengers Bangalore,Dubai,Dubai International Cricket Stadium,2021-09-29
2nd innings,Royal Challengers Bangalore,Rajasthan Royals,2.3,D Padikkal,V Kohli,C Sakariya,0,1,1,,,,,RR vs RCB 2021-09-29,AY Dandekar,KN Ananthapadmanabhan,YS Chahal,Royal Challengers Bangalore,Dubai,Dubai International Cricket Stadium,2021-09-29
2nd innings,Royal Challengers Bangalore,Rajasthan Royals,2.4,V Kohli,D Padikkal,C Sakariya,0,0,0,,,,,RR vs RCB 2021-09-29,AY Dandekar,KN Ananthapadmanabhan,YS Chahal,Royal Challengers Bangalore,Dubai,Dubai International Cricket Stadium,2021-09-29
2nd innings,Royal Challengers Bangalore,Rajasthan Royals,2.5,V Kohli,D Padikkal,C Sakariya,0,0,0,,,,,RR vs RCB 2021-09-29,AY Dandekar,KN Ananthapadmanabhan,YS Chahal,Royal Challengers Bangalore,Dubai,Dubai International Cricket Stadium,2021-09-29
2nd innings,Royal Challengers Bangalore,Rajasthan Royals,2.6,V Kohli,D Padikkal,C Sakariya,0,1,1,,,,,RR vs RCB 2021-09-29,AY Dandekar,KN Ananthapadmanabhan,YS Chahal,Royal Challengers Bangalore,Dubai,Dubai International Cricket Stadium,2021-09-29
2nd innings,Royal Challengers Bangalore,Rajasthan Royals,3.1,V Kohli,D Padikkal,Mustafizur Rahman,0,2,2,,,,,RR vs RCB 2021-09-29,AY Dandekar,KN Ananthapadmanabhan,YS Chahal,Royal Challengers Bangalore,Dubai,Dubai International Cricket Stadium,2021-09-29
2nd innings,Royal Challengers Bangalore,Rajasthan Royals,3.2,V Kohli,D Padikkal,Mustafizur Rahman,0,0,0,,,,,RR vs RCB 2021-09-29,AY Dandekar,KN Ananthapadmanabhan,YS Chahal,Royal Challengers Bangalore,Dubai,Dubai International Cricket Stadium,2021-09-29
2nd innings,Royal Challengers Bangalore,Rajasthan Royals,3.3,V Kohli,D Padikkal,Mustafizur Rahman,0,4,4,,,,,RR vs RCB 2021-09-29,AY Dandekar,KN Ananthapadmanabhan,YS Chahal,Royal Challengers Bangalore,Dubai,Dubai International Cricket Stadium,2021-09-29
2nd innings,Royal Challengers Bangalore,Rajasthan Royals,3.4,V Kohli,D Padikkal,Mustafizur Rahman,0,0,0,,,,,RR vs RCB 2021-09-29,AY Dandekar,KN Ananthapadmanabhan,YS Chahal,Royal Challengers Bangalore,Dubai,Dubai International Cricket Stadium,2021-09-29
2nd innings,Royal Challengers Bangalore,Rajasthan Royals,3.5,V Kohli,D Padikkal,Mustafizur Rahman,0,4,4,,,,,RR vs RCB 2021-09-29,AY Dandekar,KN Ananthapadmanabhan,YS Chahal,Royal Challengers Bangalore,Dubai,Dubai International Cricket Stadium,2021-09-29
2nd innings,Royal Challengers Bangalore,Rajasthan Royals,3.6,V Kohli,D Padikkal,Mustafizur Rahman,2,0,2,legbyes,,,,RR vs RCB 2021-09-29,AY Dandekar,KN Ananthapadmanabhan,YS Chahal,Royal Challengers Bangalore,Dubai,Dubai International Cricket Stadium,2021-09-29
2nd innings,Royal Challengers Bangalore,Rajasthan Royals,4.1,D Padikkal,V Kohli,C Sakariya,0,0,0,,,,,RR vs RCB 2021-09-29,AY Dandekar,KN Ananthapadmanabhan,YS Chahal,Royal Challengers Bangalore,Dubai,Dubai International Cricket Stadium,2021-09-29
2nd innings,Royal Challengers Bangalore,Rajasthan Royals,4.2,D Padikkal,V Kohli,C Sakariya,0,1,1,,,,,RR vs RCB 2021-09-29,AY Dandekar,KN Ananthapadmanabhan,YS Chahal,Royal Challengers Bangalore,Dubai,Dubai International Cricket Stadium,2021-09-29
2nd innings,Royal Challengers Bangalore,Rajasthan Royals,4.3,V Kohli,D Padikkal,C Sakariya,1,0,1,wides,,,,RR vs RCB 2021-09-29,AY Dandekar,KN Ananthapadmanabhan,YS Chahal,Royal Challengers Bangalore,Dubai,Dubai International Cricket Stadium,2021-09-29
2nd innings,Royal Challengers Bangalore,Rajasthan Royals,4.4,V Kohli,D Padikkal,C Sakariya,0,0,0,,,,,RR vs RCB 2021-09-29,AY Dandekar,KN Ananthapadmanabhan,YS Chahal,Royal Challengers Bangalore,Dubai,Dubai International Cricket Stadium,2021-09-29
2nd innings,Royal Challengers Bangalore,Rajasthan Royals,4.5,V Kohli,D Padikkal,C Sakariya,0,4,4,,,,,RR vs RCB 2021-09-29,AY Dandekar,KN Ananthapadmanabhan,YS Chahal,Royal Challengers Bangalore,Dubai,Dubai International Cricket Stadium,2021-09-29
2nd innings,Royal Challengers Bangalore,Rajasthan Royals,4.6,V Kohli,D Padikkal,C Sakariya,0,1,1,,,,,RR vs RCB 2021-09-29,AY Dandekar,KN Ananthapadmanabhan,YS Chahal,Royal Challengers Bangalore,Dubai,Dubai International Cricket Stadium,2021-09-29
2nd innings,Royal Challengers Bangalore,Rajasthan Royals,4.7,D Padikkal,V Kohli,C Sakariya,0,0,0,,,,,RR vs RCB 2021-09-29,AY Dandekar,KN Ananthapadmanabhan,YS Chahal,Royal Challengers Bangalore,Dubai,Dubai International Cricket Stadium,2021-09-29
2nd innings,Royal Challengers Bangalore,Rajasthan Royals,5.1,V Kohli,D Padikkal,Mustafizur Rahman,0,0,0,,,,,RR vs RCB 2021-09-29,AY Dandekar,KN Ananthapadmanabhan,YS Chahal,Royal Challengers Bangalore,Dubai,Dubai International Cricket Stadium,2021-09-29
2nd innings,Royal Challengers Bangalore,Rajasthan Royals,5.2,V Kohli,D Padikkal,Mustafizur Rahman,0,0,0,,D Padikkal,bowled,,RR vs RCB 2021-09-29,AY Dandekar,KN Ananthapadmanabhan,YS Chahal,Royal Challengers Bangalore,Dubai,Dubai International Cricket Stadium,2021-09-29
2nd innings,Royal Challengers Bangalore,Rajasthan Royals,5.3,V Kohli,KS Bharat,Mustafizur Rahman,0,2,2,,,,,RR vs RCB 2021-09-29,AY Dandekar,KN Ananthapadmanabhan,YS Chahal,Royal Challengers Bangalore,Dubai,Dubai International Cricket Stadium,2021-09-29
2nd innings,Royal Challengers Bangalore,Rajasthan Royals,5.4,V Kohli,KS Bharat,Mustafizur Rahman,0,1,1,,,,,RR vs RCB 2021-09-29,AY Dandekar,KN Ananthapadmanabhan,YS Chahal,Royal Challengers Bangalore,Dubai,Dubai International Cricket Stadium,2021-09-29
2nd innings,Royal Challengers Bangalore,Rajasthan Royals,5.5,KS Bharat,V Kohli,Mustafizur Rahman,0,0,0,,,,,RR vs RCB 2021-09-29,AY Dandekar,KN Ananthapadmanabhan,YS Chahal,Royal Challengers Bangalore,Dubai,Dubai International Cricket Stadium,2021-09-29
2nd innings,Royal Challengers Bangalore,Rajasthan Royals,5.6,KS Bharat,V Kohli,Mustafizur Rahman,0,3,3,,,,,RR vs RCB 2021-09-29,AY Dandekar,KN Ananthapadmanabhan,YS Chahal,Royal Challengers Bangalore,Dubai,Dubai International Cricket Stadium,2021-09-29
2nd innings,Royal Challengers Bangalore,Rajasthan Royals,6.1,KS Bharat,V Kohli,CH Morris,0,1,1,,,,,RR vs RCB 2021-09-29,AY Dandekar,KN Ananthapadmanabhan,YS Chahal,Royal Challengers Bangalore,Dubai,Dubai International Cricket Stadium,2021-09-29
2nd innings,Royal Challengers Bangalore,Rajasthan Royals,6.2,V Kohli,KS Bharat,CH Morris,0,1,1,,,,,RR vs RCB 2021-09-29,AY Dandekar,KN Ananthapadmanabhan,YS Chahal,Royal Challengers Bangalore,Dubai,Dubai International Cricket Stadium,2021-09-29
2nd innings,Royal Challengers Bangalore,Rajasthan Royals,6.3,KS Bharat,V Kohli,CH Morris,0,1,1,,,,,RR vs RCB 2021-09-29,AY Dandekar,KN Ananthapadmanabhan,YS Chahal,Royal Challengers Bangalore,Dubai,Dubai International Cricket Stadium,2021-09-29
2nd innings,Royal Challengers Bangalore,Rajasthan Royals,6.4,V Kohli,KS Bharat,CH Morris,0,1,1,,,,,RR vs RCB 2021-09-29,AY Dandekar,KN Ananthapadmanabhan,YS Chahal,Royal Challengers Bangalore,Dubai,Dubai International Cricket Stadium,2021-09-29
2nd innings,Royal Challengers Bangalore,Rajasthan Royals,6.5,KS Bharat,V Kohli,CH Morris,0,0,0,,V Kohli,run out,,RR vs RCB 2021-09-29,AY Dandekar,KN Ananthapadmanabhan,YS Chahal,Royal Challengers Bangalore,Dubai,Dubai International Cricket Stadium,2021-09-29
2nd innings,Royal Challengers Bangalore,Rajasthan Royals,6.6,GJ Maxwell,KS Bharat,CH Morris,0,1,1,,,,,RR vs RCB 2021-09-29,AY Dandekar,KN Ananthapadmanabhan,YS Chahal,Royal Challengers Bangalore,Dubai,Dubai International Cricket Stadium,2021-09-29
2nd innings,Royal Challengers Bangalore,Rajasthan Royals,7.1,GJ Maxwell,KS Bharat,R Tewatia,0,1,1,,,,,RR vs RCB 2021-09-29,AY Dandekar,KN Ananthapadmanabhan,YS Chahal,Royal Challengers Bangalore,Dubai,Dubai International Cricket Stadium,2021-09-29
2nd innings,Royal Challengers Bangalore,Rajasthan Royals,7.2,KS Bharat,GJ Maxwell,R Tewatia,0,1,1,,,,,RR vs RCB 2021-09-29,AY Dandekar,KN Ananthapadmanabhan,YS Chahal,Royal Challengers Bangalore,Dubai,Dubai International Cricket Stadium,2021-09-29
2nd innings,Royal Challengers Bangalore,Rajasthan Royals,7.3,GJ Maxwell,KS Bharat,R Tewatia,0,4,4,,,,,RR vs RCB 2021-09-29,AY Dandekar,KN Ananthapadmanabhan,YS Chahal,Royal Challengers Bangalore,Dubai,Dubai International Cricket Stadium,2021-09-29
2nd innings,Royal Challengers Bangalore,Rajasthan Royals,7.4,GJ Maxwell,KS Bharat,R Tewatia,0,0,0,,,,,RR vs RCB 2021-09-29,AY Dandekar,KN Ananthapadmanabhan,YS Chahal,Royal Challengers Bangalore,Dubai,Dubai International Cricket Stadium,2021-09-29
2nd innings,Royal Challengers Bangalore,Rajasthan Royals,7.5,GJ Maxwell,KS Bharat,R Tewatia,0,0,0,,,,,RR vs RCB 2021-09-29,AY Dandekar,KN Ananthapadmanabhan,YS Chahal,Royal Challengers Bangalore,Dubai,Dubai International Cricket Stadium,2021-09-29
2nd innings,Royal Challengers Bangalore,Rajasthan Royals,7.6,GJ Maxwell,KS Bharat,R Tewatia,0,1,1,,,,,RR vs RCB 2021-09-29,AY Dandekar,KN Ananthapadmanabhan,YS Chahal,Royal Challengers Bangalore,Dubai,Dubai International Cricket Stadium,2021-09-29
2nd innings,Royal Challengers Bangalore,Rajasthan Royals,8.1,GJ Maxwell,KS Bharat,Kartik Tyagi,0,1,1,,,,,RR vs RCB 2021-09-29,AY Dandekar,KN Ananthapadmanabhan,YS Chahal,Royal Challengers Bangalore,Dubai,Dubai International Cricket Stadium,2021-09-29
2nd innings,Royal Challengers Bangalore,Rajasthan Royals,8.2,KS Bharat,GJ Maxwell,Kartik Tyagi,1,0,1,wides,,,,RR vs RCB 2021-09-29,AY Dandekar,KN Ananthapadmanabhan,YS Chahal,Royal Challengers Bangalore,Dubai,Dubai International Cricket Stadium,2021-09-29
2nd innings,Royal Challengers Bangalore,Rajasthan Royals,8.3,KS Bharat,GJ Maxwell,Kartik Tyagi,0,1,1,,,,,RR vs RCB 2021-09-29,AY Dandekar,KN Ananthapadmanabhan,YS Chahal,Royal Challengers Bangalore,Dubai,Dubai International Cricket Stadium,2021-09-29
2nd innings,Royal Challengers Bangalore,Rajasthan Royals,8.4,GJ Maxwell,KS Bharat,Kartik Tyagi,0,1,1,,,,,RR vs RCB 2021-09-29,AY Dandekar,KN Ananthapadmanabhan,YS Chahal,Royal Challengers Bangalore,Dubai,Dubai International Cricket Stadium,2021-09-29
2nd innings,Royal Challengers Bangalore,Rajasthan Royals,8.5,KS Bharat,GJ Maxwell,Kartik Tyagi,0,4,4,,,,,RR vs RCB 2021-09-29,AY Dandekar,KN Ananthapadmanabhan,YS Chahal,Royal Challengers Bangalore,Dubai,Dubai International Cricket Stadium,2021-09-29
2nd innings,Royal Challengers Bangalore,Rajasthan Royals,8.6,KS Bharat,GJ Maxwell,Kartik Tyagi,0,1,1,,,,,RR vs RCB 2021-09-29,AY Dandekar,KN Ananthapadmanabhan,YS Chahal,Royal Challengers Bangalore,Dubai,Dubai International Cricket Stadium,2021-09-29
2nd innings,Royal Challengers Bangalore,Rajasthan Royals,8.7,GJ Maxwell,KS Bharat,Kartik Tyagi,0,0,0,,,,,RR vs RCB 2021-09-29,AY Dandekar,KN Ananthapadmanabhan,YS Chahal,Royal Challengers Bangalore,Dubai,Dubai International Cricket Stadium,2021-09-29
2nd innings,Royal Challengers Bangalore,Rajasthan Royals,9.1,KS Bharat,GJ Maxwell,MK Lomror,0,1,1,,,,,RR vs RCB 2021-09-29,AY Dandekar,KN Ananthapadmanabhan,YS Chahal,Royal Challengers Bangalore,Dubai,Dubai International Cricket Stadium,2021-09-29
2nd innings,Royal Challengers Bangalore,Rajasthan Royals,9.2,GJ Maxwell,KS Bharat,MK Lomror,0,1,1,,,,,RR vs RCB 2021-09-29,AY Dandekar,KN Ananthapadmanabhan,YS Chahal,Royal Challengers Bangalore,Dubai,Dubai International Cricket Stadium,2021-09-29
2nd innings,Royal Challengers Bangalore,Rajasthan Royals,9.3,KS Bharat,GJ Maxwell,MK Lomror,0,0,0,,,,,RR vs RCB 2021-09-29,AY Dandekar,KN Ananthapadmanabhan,YS Chahal,Royal Challengers Bangalore,Dubai,Dubai International Cricket Stadium,2021-09-29
2nd innings,Royal Challengers Bangalore,Rajasthan Royals,9.4,KS Bharat,GJ Maxwell,MK Lomror,0,1,1,,,,,RR vs RCB 2021-09-29,AY Dandekar,KN Ananthapadmanabhan,YS Chahal,Royal Challengers Bangalore,Dubai,Dubai International Cricket Stadium,2021-09-29
2nd innings,Royal Challengers Bangalore,Rajasthan Royals,9.5,GJ Maxwell,KS Bharat,MK Lomror,0,0,0,,,,,RR vs RCB 2021-09-29,AY Dandekar,KN Ananthapadmanabhan,YS Chahal,Royal Challengers Bangalore,Dubai,Dubai International Cricket Stadium,2021-09-29
2nd innings,Royal Challengers Bangalore,Rajasthan Royals,9.6,GJ Maxwell,KS Bharat,MK Lomror,0,1,1,,,,,RR vs RCB 2021-09-29,AY Dandekar,KN Ananthapadmanabhan,YS Chahal,Royal Challengers Bangalore,Dubai,Dubai International Cricket Stadium,2021-09-29
2nd innings,Royal Challengers Bangalore,Rajasthan Royals,10.1,GJ Maxwell,KS Bharat,R Tewatia,0,0,0,,,,,RR vs RCB 2021-09-29,AY Dandekar,KN Ananthapadmanabhan,YS Chahal,Royal Challengers Bangalore,Dubai,Dubai International Cricket Stadium,2021-09-29
2nd innings,Royal Challengers Bangalore,Rajasthan Royals,10.2,GJ Maxwell,KS Bharat,R Tewatia,0,0,0,,,,,RR vs RCB 2021-09-29,AY Dandekar,KN Ananthapadmanabhan,YS Chahal,Royal Challengers Bangalore,Dubai,Dubai International Cricket Stadium,2021-09-29
2nd innings,Royal Challengers Bangalore,Rajasthan Royals,10.3,GJ Maxwell,KS Bharat,R Tewatia,0,1,1,,,,,RR vs RCB 2021-09-29,AY Dandekar,KN Ananthapadmanabhan,YS Chahal,Royal Challengers Bangalore,Dubai,Dubai International Cricket Stadium,2021-09-29
2nd innings,Royal Challengers Bangalore,Rajasthan Royals,10.4,KS Bharat,GJ Maxwell,R Tewatia,0,1,1,,,,,RR vs RCB 2021-09-29,AY Dandekar,KN Ananthapadmanabhan,YS Chahal,Royal Challengers Bangalore,Dubai,Dubai International Cricket Stadium,2021-09-29
2nd innings,Royal Challengers Bangalore,Rajasthan Royals,10.5,GJ Maxwell,KS Bharat,R Tewatia,0,1,1,,,,,RR vs RCB 2021-09-29,AY Dandekar,KN Ananthapadmanabhan,YS Chahal,Royal Challengers Bangalore,Dubai,Dubai International Cricket Stadium,2021-09-29
2nd innings,Royal Challengers Bangalore,Rajasthan Royals,10.6,KS Bharat,GJ Maxwell,R Tewatia,0,4,4,,,,,RR vs RCB 2021-09-29,AY Dandekar,KN Ananthapadmanabhan,YS Chahal,Royal Challengers Bangalore,Dubai,Dubai International Cricket Stadium,2021-09-29
2nd innings,Royal Challengers Bangalore,Rajasthan Royals,11.1,GJ Maxwell,KS Bharat,MK Lomror,0,4,4,,,,,RR vs RCB 2021-09-29,AY Dandekar,KN Ananthapadmanabhan,YS Chahal,Royal Challengers Bangalore,Dubai,Dubai International Cricket Stadium,2021-09-29
2nd innings,Royal Challengers Bangalore,Rajasthan Royals,11.2,GJ Maxwell,KS Bharat,MK Lomror,0,1,1,,,,,RR vs RCB 2021-09-29,AY Dandekar,KN Ananthapadmanabhan,YS Chahal,Royal Challengers Bangalore,Dubai,Dubai International Cricket Stadium,2021-09-29
2nd innings,Royal Challengers Bangalore,Rajasthan Royals,11.3,KS Bharat,GJ Maxwell,MK Lomror,0,0,0,,,,,RR vs RCB 2021-09-29,AY Dandekar,KN Ananthapadmanabhan,YS Chahal,Royal Challengers Bangalore,Dubai,Dubai International Cricket Stadium,2021-09-29
2nd innings,Royal Challengers Bangalore,Rajasthan Royals,11.4,KS Bharat,GJ Maxwell,MK Lomror,1,0,1,wides,,,,RR vs RCB 2021-09-29,AY Dandekar,KN Ananthapadmanabhan,YS Chahal,Royal Challengers Bangalore,Dubai,Dubai International Cricket Stadium,2021-09-29
2nd innings,Royal Challengers Bangalore,Rajasthan Royals,11.5,KS Bharat,GJ Maxwell,MK Lomror,0,1,1,,,,,RR vs RCB 2021-09-29,AY Dandekar,KN Ananthapadmanabhan,YS Chahal,Royal Challengers Bangalore,Dubai,Dubai International Cricket Stadium,2021-09-29
2nd innings,Royal Challengers Bangalore,Rajasthan Royals,11.6,GJ Maxwell,KS Bharat,MK Lomror,0,1,1,,,,,RR vs RCB 2021-09-29,AY Dandekar,KN Ananthapadmanabhan,YS Chahal,Royal Challengers Bangalore,Dubai,Dubai International Cricket Stadium,2021-09-29
2nd innings,Royal Challengers Bangalore,Rajasthan Royals,11.7,KS Bharat,GJ Maxwell,MK Lomror,0,1,1,,,,,RR vs RCB 2021-09-29,AY Dandekar,KN Ananthapadmanabhan,YS Chahal,Royal Challengers Bangalore,Dubai,Dubai International Cricket Stadium,2021-09-29
2nd innings,Royal Challengers Bangalore,Rajasthan Royals,12.1,KS Bharat,GJ Maxwell,CH Morris,0,1,1,,,,,RR vs RCB 2021-09-29,AY Dandekar,KN Ananthapadmanabhan,YS Chahal,Royal Challengers Bangalore,Dubai,Dubai International Cricket Stadium,2021-09-29
2nd innings,Royal Challengers Bangalore,Rajasthan Royals,12.2,GJ Maxwell,KS Bharat,CH Morris,0,2,2,,,,,RR vs RCB 2021-09-29,AY Dandekar,KN Ananthapadmanabhan,YS Chahal,Royal Challengers Bangalore,Dubai,Dubai International Cricket Stadium,2021-09-29
2nd innings,Royal Challengers Bangalore,Rajasthan Royals,12.3,GJ Maxwell,KS Bharat,CH Morris,0,6,6,,,,,RR vs RCB 2021-09-29,AY Dandekar,KN Ananthapadmanabhan,YS Chahal,Royal Challengers Bangalore,Dubai,Dubai International Cricket Stadium,2021-09-29
2nd innings,Royal Challengers Bangalore,Rajasthan Royals,12.4,GJ Maxwell,KS Bharat,CH Morris,0,1,1,,,,,RR vs RCB 2021-09-29,AY Dandekar,KN Ananthapadmanabhan,YS Chahal,Royal Challengers Bangalore,Dubai,Dubai International Cricket Stadium,2021-09-29
2nd innings,Royal Challengers Bangalore,Rajasthan Royals,12.5,KS Bharat,GJ Maxwell,CH Morris,0,0,0,,,,,RR vs RCB 2021-09-29,AY Dandekar,KN Ananthapadmanabhan,YS Chahal,Royal Challengers Bangalore,Dubai,Dubai International Cricket Stadium,2021-09-29
2nd innings,Royal Challengers Bangalore,Rajasthan Royals,12.6,KS Bharat,GJ Maxwell,CH Morris,0,1,1,,,,,RR vs RCB 2021-09-29,AY Dandekar,KN Ananthapadmanabhan,YS Chahal,Royal Challengers Bangalore,Dubai,Dubai International Cricket Stadium,2021-09-29
2nd innings,Royal Challengers Bangalore,Rajasthan Royals,13.1,KS Bharat,GJ Maxwell,R Tewatia,0,1,1,,,,,RR vs RCB 2021-09-29,AY Dandekar,KN Ananthapadmanabhan,YS Chahal,Royal Challengers Bangalore,Dubai,Dubai International Cricket Stadium,2021-09-29
2nd innings,Royal Challengers Bangalore,Rajasthan Royals,13.2,GJ Maxwell,KS Bharat,R Tewatia,0,1,1,,,,,RR vs RCB 2021-09-29,AY Dandekar,KN Ananthapadmanabhan,YS Chahal,Royal Challengers Bangalore,Dubai,Dubai International Cricket Stadium,2021-09-29
2nd innings,Royal Challengers Bangalore,Rajasthan Royals,13.3,KS Bharat,GJ Maxwell,R Tewatia,0,1,1,,,,,RR vs RCB 2021-09-29,AY Dandekar,KN Ananthapadmanabhan,YS Chahal,Royal Challengers Bangalore,Dubai,Dubai International Cricket Stadium,2021-09-29
2nd innings,Royal Challengers Bangalore,Rajasthan Royals,13.4,GJ Maxwell,KS Bharat,R Tewatia,0,4,4,,,,,RR vs RCB 2021-09-29,AY Dandekar,KN Ananthapadmanabhan,YS Chahal,Royal Challengers Bangalore,Dubai,Dubai International Cricket Stadium,2021-09-29
2nd innings,Royal Challengers Bangalore,Rajasthan Royals,13.5,GJ Maxwell,KS Bharat,R Tewatia,0,1,1,,,,,RR vs RCB 2021-09-29,AY Dandekar,KN Ananthapadmanabhan,YS Chahal,Royal Challengers Bangalore,Dubai,Dubai International Cricket Stadium,2021-09-29
2nd innings,Royal Challengers Bangalore,Rajasthan Royals,13.6,KS Bharat,GJ Maxwell,R Tewatia,0,1,1,,,,,RR vs RCB 2021-09-29,AY Dandekar,KN Ananthapadmanabhan,YS Chahal,Royal Challengers Bangalore,Dubai,Dubai International Cricket Stadium,2021-09-29
2nd innings,Royal Challengers Bangalore,Rajasthan Royals,14.1,KS Bharat,GJ Maxwell,C Sakariya,0,4,4,,,,,RR vs RCB 2021-09-29,AY Dandekar,KN Ananthapadmanabhan,YS Chahal,Royal Challengers Bangalore,Dubai,Dubai International Cricket Stadium,2021-09-29
2nd innings,Royal Challengers Bangalore,Rajasthan Royals,14.2,KS Bharat,GJ Maxwell,C Sakariya,0,0,0,,,,,RR vs RCB 2021-09-29,AY Dandekar,KN Ananthapadmanabhan,YS Chahal,Royal Challengers Bangalore,Dubai,Dubai International Cricket Stadium,2021-09-29
2nd innings,Royal Challengers Bangalore,Rajasthan Royals,14.3,KS Bharat,GJ Maxwell,C Sakariya,0,1,1,,,,,RR vs RCB 2021-09-29,AY Dandekar,KN Ananthapadmanabhan,YS Chahal,Royal Challengers Bangalore,Dubai,Dubai International Cricket Stadium,2021-09-29
2nd innings,Royal Challengers Bangalore,Rajasthan Royals,14.4,GJ Maxwell,KS Bharat,C Sakariya,0,0,0,,,,,RR vs RCB 2021-09-29,AY Dandekar,KN Ananthapadmanabhan,YS Chahal,Royal Challengers Bangalore,Dubai,Dubai International Cricket Stadium,2021-09-29
2nd innings,Royal Challengers Bangalore,Rajasthan Royals,14.5,GJ Maxwell,KS Bharat,C Sakariya,0,2,2,,,,,RR vs RCB 2021-09-29,AY Dandekar,KN Ananthapadmanabhan,YS Chahal,Royal Challengers Bangalore,Dubai,Dubai International Cricket Stadium,2021-09-29
2nd innings,Royal Challengers Bangalore,Rajasthan Royals,14.6,GJ Maxwell,KS Bharat,C Sakariya,0,1,1,,,,,RR vs RCB 2021-09-29,AY Dandekar,KN Ananthapadmanabhan,YS Chahal,Royal Challengers Bangalore,Dubai,Dubai International Cricket Stadium,2021-09-29
2nd innings,Royal Challengers Bangalore,Rajasthan Royals,15.1,GJ Maxwell,KS Bharat,Mustafizur Rahman,0,1,1,,,,,RR vs RCB 2021-09-29,AY Dandekar,KN Ananthapadmanabhan,YS Chahal,Royal Challengers Bangalore,Dubai,Dubai International Cricket Stadium,2021-09-29
2nd innings,Royal Challengers Bangalore,Rajasthan Royals,15.2,KS Bharat,GJ Maxwell,Mustafizur Rahman,0,1,1,,,,,RR vs RCB 2021-09-29,AY Dandekar,KN Ananthapadmanabhan,YS Chahal,Royal Challengers Bangalore,Dubai,Dubai International Cricket Stadium,2021-09-29
2nd innings,Royal Challengers Bangalore,Rajasthan Royals,15.3,GJ Maxwell,KS Bharat,Mustafizur Rahman,0,1,1,,,,,RR vs RCB 2021-09-29,AY Dandekar,KN Ananthapadmanabhan,YS Chahal,Royal Challengers Bangalore,Dubai,Dubai International Cricket Stadium,2021-09-29
2nd innings,Royal Challengers Bangalore,Rajasthan Royals,15.4,KS Bharat,GJ Maxwell,Mustafizur Rahman,0,0,0,,,,,RR vs RCB 2021-09-29,AY Dandekar,KN Ananthapadmanabhan,YS Chahal,Royal Challengers Bangalore,Dubai,Dubai International Cricket Stadium,2021-09-29
2nd innings,Royal Challengers Bangalore,Rajasthan Royals,15.5,KS Bharat,GJ Maxwell,Mustafizur Rahman,0,1,1,,,,,RR vs RCB 2021-09-29,AY Dandekar,KN Ananthapadmanabhan,YS Chahal,Royal Challengers Bangalore,Dubai,Dubai International Cricket Stadium,2021-09-29
2nd innings,Royal Challengers Bangalore,Rajasthan Royals,15.6,GJ Maxwell,KS Bharat,Mustafizur Rahman,0,0,0,,KS Bharat,caught,Anuj Rawat (sub),RR vs RCB 2021-09-29,AY Dandekar,KN Ananthapadmanabhan,YS Chahal,Royal Challengers Bangalore,Dubai,Dubai International Cricket Stadium,2021-09-29
2nd innings,Royal Challengers Bangalore,Rajasthan Royals,16.1,AB de Villiers,GJ Maxwell,CH Morris,0,6,6,,,,,RR vs RCB 2021-09-29,AY Dandekar,KN Ananthapadmanabhan,YS Chahal,Royal Challengers Bangalore,Dubai,Dubai International Cricket Stadium,2021-09-29
2nd innings,Royal Challengers Bangalore,Rajasthan Royals,16.2,AB de Villiers,GJ Maxwell,CH Morris,0,2,2,,,,,RR vs RCB 2021-09-29,AY Dandekar,KN Ananthapadmanabhan,YS Chahal,Royal Challengers Bangalore,Dubai,Dubai International Cricket Stadium,2021-09-29
2nd innings,Royal Challengers Bangalore,Rajasthan Royals,16.3,AB de Villiers,GJ Maxwell,CH Morris,0,4,4,,,,,RR vs RCB 2021-09-29,AY Dandekar,KN Ananthapadmanabhan,YS Chahal,Royal Challengers Bangalore,Dubai,Dubai International Cricket Stadium,2021-09-29
2nd innings,Royal Challengers Bangalore,Rajasthan Royals,16.4,AB de Villiers,GJ Maxwell,CH Morris,0,2,2,,,,,RR vs RCB 2021-09-29,AY Dandekar,KN Ananthapadmanabhan,YS Chahal,Royal Challengers Bangalore,Dubai,Dubai International Cricket Stadium,2021-09-29
2nd innings,Royal Challengers Bangalore,Rajasthan Royals,16.5,AB de Villiers,GJ Maxwell,CH Morris,0,4,4,,,,,RR vs RCB 2021-09-29,AY Dandekar,KN Ananthapadmanabhan,YS Chahal,Royal Challengers Bangalore,Dubai,Dubai International Cricket Stadium,2021-09-29
2nd innings,Royal Challengers Bangalore,Rajasthan Royals,16.6,AB de Villiers,GJ Maxwell,CH Morris,0,4,4,,,,,RR vs RCB 2021-09-29,AY Dandekar,KN Ananthapadmanabhan,YS Chahal,Royal Challengers Bangalore,Dubai,Dubai International Cricket Stadium,2021-09-29
2nd innings,Royal Challengers Bangalore,Rajasthan Royals,17.1,GJ Maxwell,AB de Villiers,R Parag,0,4,4,,,,,RR vs RCB 2021-09-29,AY Dandekar,KN Ananthapadmanabhan,YS Chahal,Royal Challengers Bangalore,Dubai,Dubai International Cricket Stadium,2021-09-29
