inning,batting_team,bowling_team,ball,non_striker,batsman,bowler,extra_runs,batsman_run,total_runs,extras,player_out,elimination_kind,fielders_caught,match_name,umpires_1,umpires_2,player_of_match,winner,city,venue,dates
1st innings,Sunrisers Hyderabad,Royal Challengers Bangalore,0.1,Abhishek Sharma,JJ Roy,Mohammed Siraj,0,1,1,,,,,SH vs RCB 2021-10-06,S Ravi,UV Gandhe,KS Williamson,Sunrisers Hyderabad,Abu Dhabi,"Zayed Cricket Stadium, Abu Dhabi",2021-10-06
1st innings,Sunrisers Hyderabad,Royal Challengers Bangalore,0.2,JJ Roy,Abhishek Sharma,Mohammed Siraj,0,0,0,,,,,SH vs RCB 2021-10-06,S Ravi,UV Gandhe,KS Williamson,Sunrisers Hyderabad,Abu Dhabi,"Zayed Cricket Stadium, Abu Dhabi",2021-10-06
1st innings,Sunrisers Hyderabad,Royal Challengers Bangalore,0.3,JJ Roy,Abhishek Sharma,Mohammed Siraj,0,0,0,,,,,SH vs RCB 2021-10-06,S Ravi,UV Gandhe,KS Williamson,Sunrisers Hyderabad,Abu Dhabi,"Zayed Cricket Stadium, Abu Dhabi",2021-10-06
1st innings,Sunrisers Hyderabad,Royal Challengers Bangalore,0.4,JJ Roy,Abhishek Sharma,Mohammed Siraj,0,0,0,,,,,SH vs RCB 2021-10-06,S Ravi,UV Gandhe,KS Williamson,Sunrisers Hyderabad,Abu Dhabi,"Zayed Cricket Stadium, Abu Dhabi",2021-10-06
1st innings,Sunrisers Hyderabad,Royal Challengers Bangalore,0.5,JJ Roy,Abhishek Sharma,Mohammed Siraj,0,0,0,,,,,SH vs RCB 2021-10-06,S Ravi,UV Gandhe,KS Williamson,Sunrisers Hyderabad,Abu Dhabi,"Zayed Cricket Stadium, Abu Dhabi",2021-10-06
1st innings,Sunrisers Hyderabad,Royal Challengers Bangalore,0.6,JJ Roy,Abhishek Sharma,Mohammed Siraj,0,1,1,,,,,SH vs RCB 2021-10-06,S Ravi,UV Gandhe,KS Williamson,Sunrisers Hyderabad,Abu Dhabi,"Zayed Cricket Stadium, Abu Dhabi",2021-10-06
1st innings,Sunrisers Hyderabad,Royal Challengers Bangalore,1.1,JJ Roy,Abhishek Sharma,GHS Garton,0,4,4,,,,,SH vs RCB 2021-10-06,S Ravi,UV Gandhe,KS Williamson,Sunrisers Hyderabad,Abu Dhabi,"Zayed Cricket Stadium, Abu Dhabi",2021-10-06
1st innings,Sunrisers Hyderabad,Royal Challengers Bangalore,1.2,JJ Roy,Abhishek Sharma,GHS Garton,0,6,6,,,,,SH vs RCB 2021-10-06,S Ravi,UV Gandhe,KS Williamson,Sunrisers Hyderabad,Abu Dhabi,"Zayed Cricket Stadium, Abu Dhabi",2021-10-06
1st innings,Sunrisers Hyderabad,Royal Challengers Bangalore,1.3,JJ Roy,Abhishek Sharma,GHS Garton,0,0,0,,,,,SH vs RCB 2021-10-06,S Ravi,UV Gandhe,KS Williamson,Sunrisers Hyderabad,Abu Dhabi,"Zayed Cricket Stadium, Abu Dhabi",2021-10-06
1st innings,Sunrisers Hyderabad,Royal Challengers Bangalore,1.4,JJ Roy,Abhishek Sharma,GHS Garton,0,2,2,,,,,SH vs RCB 2021-10-06,S Ravi,UV Gandhe,KS Williamson,Sunrisers Hyderabad,Abu Dhabi,"Zayed Cricket Stadium, Abu Dhabi",2021-10-06
1st innings,Sunrisers Hyderabad,Royal Challengers Bangalore,1.5,JJ Roy,Abhishek Sharma,GHS Garton,0,0,0,,Abhishek Sharma,caught,GJ Maxwell,SH vs RCB 2021-10-06,S Ravi,UV Gandhe,KS Williamson,Sunrisers Hyderabad,Abu Dhabi,"Zayed Cricket Stadium, Abu Dhabi",2021-10-06
1st innings,Sunrisers Hyderabad,Royal Challengers Bangalore,1.6,KS Williamson,JJ Roy,GHS Garton,0,0,0,,,,,SH vs RCB 2021-10-06,S Ravi,UV Gandhe,KS Williamson,Sunrisers Hyderabad,Abu Dhabi,"Zayed Cricket Stadium, Abu Dhabi",2021-10-06
1st innings,Sunrisers Hyderabad,Royal Challengers Bangalore,2.1,JJ Roy,KS Williamson,Mohammed Siraj,1,0,1,wides,,,,SH vs RCB 2021-10-06,S Ravi,UV Gandhe,KS Williamson,Sunrisers Hyderabad,Abu Dhabi,"Zayed Cricket Stadium, Abu Dhabi",2021-10-06
1st innings,Sunrisers Hyderabad,Royal Challengers Bangalore,2.2,JJ Roy,KS Williamson,Mohammed Siraj,0,0,0,,,,,SH vs RCB 2021-10-06,S Ravi,UV Gandhe,KS Williamson,Sunrisers Hyderabad,Abu Dhabi,"Zayed Cricket Stadium, Abu Dhabi",2021-10-06
1st innings,Sunrisers Hyderabad,Royal Challengers Bangalore,2.3,JJ Roy,KS Williamson,Mohammed Siraj,0,0,0,,,,,SH vs RCB 2021-10-06,S Ravi,UV Gandhe,KS Williamson,Sunrisers Hyderabad,Abu Dhabi,"Zayed Cricket Stadium, Abu Dhabi",2021-10-06
1st innings,Sunrisers Hyderabad,Royal Challengers Bangalore,2.4,JJ Roy,KS Williamson,Mohammed Siraj,0,0,0,,,,,SH vs RCB 2021-10-06,S Ravi,UV Gandhe,KS Williamson,Sunrisers Hyderabad,Abu Dhabi,"Zayed Cricket Stadium, Abu Dhabi",2021-10-06
1st innings,Sunrisers Hyderabad,Royal Challengers Bangalore,2.5,JJ Roy,KS Williamson,Mohammed Siraj,0,4,4,,,,,SH vs RCB 2021-10-06,S Ravi,UV Gandhe,KS Williamson,Sunrisers Hyderabad,Abu Dhabi,"Zayed Cricket Stadium, Abu Dhabi",2021-10-06
1st innings,Sunrisers Hyderabad,Royal Challengers Bangalore,2.6,JJ Roy,KS Williamson,Mohammed Siraj,0,0,0,,,,,SH vs RCB 2021-10-06,S Ravi,UV Gandhe,KS Williamson,Sunrisers Hyderabad,Abu Dhabi,"Zayed Cricket Stadium, Abu Dhabi",2021-10-06
1st innings,Sunrisers Hyderabad,Royal Challengers Bangalore,2.7,JJ Roy,KS Williamson,Mohammed Siraj,0,4,4,,,,,SH vs RCB 2021-10-06,S Ravi,UV Gandhe,KS Williamson,Sunrisers Hyderabad,Abu Dhabi,"Zayed Cricket Stadium, Abu Dhabi",2021-10-06
1st innings,Sunrisers Hyderabad,Royal Challengers Bangalore,3.1,KS Williamson,JJ Roy,Shahbaz Ahmed,0,0,0,,,,,SH vs RCB 2021-10-06,S Ravi,UV Gandhe,KS Williamson,Sunrisers Hyderabad,Abu Dhabi,"Zayed Cricket Stadium, Abu Dhabi",2021-10-06
1st innings,Sunrisers Hyderabad,Royal Challengers Bangalore,3.2,KS Williamson,JJ Roy,Shahbaz Ahmed,0,1,1,,,,,SH vs RCB 2021-10-06,S Ravi,UV Gandhe,KS Williamson,Sunrisers Hyderabad,Abu Dhabi,"Zayed Cricket Stadium, Abu Dhabi",2021-10-06
1st innings,Sunrisers Hyderabad,Royal Challengers Bangalore,3.3,JJ Roy,KS Williamson,Shahbaz Ahmed,0,1,1,,,,,SH vs RCB 2021-10-06,S Ravi,UV Gandhe,KS Williamson,Sunrisers Hyderabad,Abu Dhabi,"Zayed Cricket Stadium, Abu Dhabi",2021-10-06
1st innings,Sunrisers Hyderabad,Royal Challengers Bangalore,3.4,KS Williamson,JJ Roy,Shahbaz Ahmed,0,0,0,,,,,SH vs RCB 2021-10-06,S Ravi,UV Gandhe,KS Williamson,Sunrisers Hyderabad,Abu Dhabi,"Zayed Cricket Stadium, Abu Dhabi",2021-10-06
1st innings,Sunrisers Hyderabad,Royal Challengers Bangalore,3.5,KS Williamson,JJ Roy,Shahbaz Ahmed,0,0,0,,,,,SH vs RCB 2021-10-06,S Ravi,UV Gandhe,KS Williamson,Sunrisers Hyderabad,Abu Dhabi,"Zayed Cricket Stadium, Abu Dhabi",2021-10-06
1st innings,Sunrisers Hyderabad,Royal Challengers Bangalore,3.6,KS Williamson,JJ Roy,Shahbaz Ahmed,0,1,1,,,,,SH vs RCB 2021-10-06,S Ravi,UV Gandhe,KS Williamson,Sunrisers Hyderabad,Abu Dhabi,"Zayed Cricket Stadium, Abu Dhabi",2021-10-06
1st innings,Sunrisers Hyderabad,Royal Challengers Bangalore,4.1,KS Williamson,JJ Roy,GHS Garton,0,4,4,,,,,SH vs RCB 2021-10-06,S Ravi,UV Gandhe,KS Williamson,Sunrisers Hyderabad,Abu Dhabi,"Zayed Cricket Stadium, Abu Dhabi",2021-10-06
1st innings,Sunrisers Hyderabad,Royal Challengers Bangalore,4.2,KS Williamson,JJ Roy,GHS Garton,0,1,1,,,,,SH vs RCB 2021-10-06,S Ravi,UV Gandhe,KS Williamson,Sunrisers Hyderabad,Abu Dhabi,"Zayed Cricket Stadium, Abu Dhabi",2021-10-06
1st innings,Sunrisers Hyderabad,Royal Challengers Bangalore,4.3,JJ Roy,KS Williamson,GHS Garton,1,0,1,wides,,,,SH vs RCB 2021-10-06,S Ravi,UV Gandhe,KS Williamson,Sunrisers Hyderabad,Abu Dhabi,"Zayed Cricket Stadium, Abu Dhabi",2021-10-06
1st innings,Sunrisers Hyderabad,Royal Challengers Bangalore,4.4,JJ Roy,KS Williamson,GHS Garton,0,4,4,,,,,SH vs RCB 2021-10-06,S Ravi,UV Gandhe,KS Williamson,Sunrisers Hyderabad,Abu Dhabi,"Zayed Cricket Stadium, Abu Dhabi",2021-10-06
1st innings,Sunrisers Hyderabad,Royal Challengers Bangalore,4.5,JJ Roy,KS Williamson,GHS Garton,0,1,1,,,,,SH vs RCB 2021-10-06,S Ravi,UV Gandhe,KS Williamson,Sunrisers Hyderabad,Abu Dhabi,"Zayed Cricket Stadium, Abu Dhabi",2021-10-06
1st innings,Sunrisers Hyderabad,Royal Challengers Bangalore,4.6,KS Williamson,JJ Roy,GHS Garton,1,0,1,wides,,,,SH vs RCB 2021-10-06,S Ravi,UV Gandhe,KS Williamson,Sunrisers Hyderabad,Abu Dhabi,"Zayed Cricket Stadium, Abu Dhabi",2021-10-06
1st innings,Sunrisers Hyderabad,Royal Challengers Bangalore,4.7,KS Williamson,JJ Roy,GHS Garton,0,1,1,,,,,SH vs RCB 2021-10-06,S Ravi,UV Gandhe,KS Williamson,Sunrisers Hyderabad,Abu Dhabi,"Zayed Cricket Stadium, Abu Dhabi",2021-10-06
1st innings,Sunrisers Hyderabad,Royal Challengers Bangalore,4.8,JJ Roy,KS Williamson,GHS Garton,0,4,4,,,,,SH vs RCB 2021-10-06,S Ravi,UV Gandhe,KS Williamson,Sunrisers Hyderabad,Abu Dhabi,"Zayed Cricket Stadium, Abu Dhabi",2021-10-06
1st innings,Sunrisers Hyderabad,Royal Challengers Bangalore,5.1,KS Williamson,JJ Roy,Shahbaz Ahmed,0,1,1,,,,,SH vs RCB 2021-10-06,S Ravi,UV Gandhe,KS Williamson,Sunrisers Hyderabad,Abu Dhabi,"Zayed Cricket Stadium, Abu Dhabi",2021-10-06
1st innings,Sunrisers Hyderabad,Royal Challengers Bangalore,5.2,JJ Roy,KS Williamson,Shahbaz Ahmed,0,0,0,,,,,SH vs RCB 2021-10-06,S Ravi,UV Gandhe,KS Williamson,Sunrisers Hyderabad,Abu Dhabi,"Zayed Cricket Stadium, Abu Dhabi",2021-10-06
1st innings,Sunrisers Hyderabad,Royal Challengers Bangalore,5.3,JJ Roy,KS Williamson,Shahbaz Ahmed,0,1,1,,,,,SH vs RCB 2021-10-06,S Ravi,UV Gandhe,KS Williamson,Sunrisers Hyderabad,Abu Dhabi,"Zayed Cricket Stadium, Abu Dhabi",2021-10-06
1st innings,Sunrisers Hyderabad,Royal Challengers Bangalore,5.4,KS Williamson,JJ Roy,Shahbaz Ahmed,0,4,4,,,,,SH vs RCB 2021-10-06,S Ravi,UV Gandhe,KS Williamson,Sunrisers Hyderabad,Abu Dhabi,"Zayed Cricket Stadium, Abu Dhabi",2021-10-06
1st innings,Sunrisers Hyderabad,Royal Challengers Bangalore,5.5,KS Williamson,JJ Roy,Shahbaz Ahmed,0,0,0,,,,,SH vs RCB 2021-10-06,S Ravi,UV Gandhe,KS Williamson,Sunrisers Hyderabad,Abu Dhabi,"Zayed Cricket Stadium, Abu Dhabi",2021-10-06
1st innings,Sunrisers Hyderabad,Royal Challengers Bangalore,5.6,KS Williamson,JJ Roy,Shahbaz Ahmed,0,1,1,,,,,SH vs RCB 2021-10-06,S Ravi,UV Gandhe,KS Williamson,Sunrisers Hyderabad,Abu Dhabi,"Zayed Cricket Stadium, Abu Dhabi",2021-10-06
1st innings,Sunrisers Hyderabad,Royal Challengers Bangalore,6.1,KS Williamson,JJ Roy,HV Patel,0,2,2,,,,,SH vs RCB 2021-10-06,S Ravi,UV Gandhe,KS Williamson,Sunrisers Hyderabad,Abu Dhabi,"Zayed Cricket Stadium, Abu Dhabi",2021-10-06
1st innings,Sunrisers Hyderabad,Royal Challengers Bangalore,6.2,KS Williamson,JJ Roy,HV Patel,0,4,4,,,,,SH vs RCB 2021-10-06,S Ravi,UV Gandhe,KS Williamson,Sunrisers Hyderabad,Abu Dhabi,"Zayed Cricket Stadium, Abu Dhabi",2021-10-06
1st innings,Sunrisers Hyderabad,Royal Challengers Bangalore,6.3,KS Williamson,JJ Roy,HV Patel,0,0,0,,,,,SH vs RCB 2021-10-06,S Ravi,UV Gandhe,KS Williamson,Sunrisers Hyderabad,Abu Dhabi,"Zayed Cricket Stadium, Abu Dhabi",2021-10-06
1st innings,Sunrisers Hyderabad,Royal Challengers Bangalore,6.4,KS Williamson,JJ Roy,HV Patel,0,0,0,,,,,SH vs RCB 2021-10-06,S Ravi,UV Gandhe,KS Williamson,Sunrisers Hyderabad,Abu Dhabi,"Zayed Cricket Stadium, Abu Dhabi",2021-10-06
1st innings,Sunrisers Hyderabad,Royal Challengers Bangalore,6.5,KS Williamson,JJ Roy,HV Patel,0,1,1,,,,,SH vs RCB 2021-10-06,S Ravi,UV Gandhe,KS Williamson,Sunrisers Hyderabad,Abu Dhabi,"Zayed Cricket Stadium, Abu Dhabi",2021-10-06
1st innings,Sunrisers Hyderabad,Royal Challengers Bangalore,6.6,JJ Roy,KS Williamson,HV Patel,0,1,1,,,,,SH vs RCB 2021-10-06,S Ravi,UV Gandhe,KS Williamson,Sunrisers Hyderabad,Abu Dhabi,"Zayed Cricket Stadium, Abu Dhabi",2021-10-06
1st innings,Sunrisers Hyderabad,Royal Challengers Bangalore,7.1,JJ Roy,KS Williamson,YS Chahal,0,0,0,,,,,SH vs RCB 2021-10-06,S Ravi,UV Gandhe,KS Williamson,Sunrisers Hyderabad,Abu Dhabi,"Zayed Cricket Stadium, Abu Dhabi",2021-10-06
1st innings,Sunrisers Hyderabad,Royal Challengers Bangalore,7.2,JJ Roy,KS Williamson,YS Chahal,0,2,2,,,,,SH vs RCB 2021-10-06,S Ravi,UV Gandhe,KS Williamson,Sunrisers Hyderabad,Abu Dhabi,"Zayed Cricket Stadium, Abu Dhabi",2021-10-06
1st innings,Sunrisers Hyderabad,Royal Challengers Bangalore,7.3,JJ Roy,KS Williamson,YS Chahal,0,0,0,,,,,SH vs RCB 2021-10-06,S Ravi,UV Gandhe,KS Williamson,Sunrisers Hyderabad,Abu Dhabi,"Zayed Cricket Stadium, Abu Dhabi",2021-10-06
1st innings,Sunrisers Hyderabad,Royal Challengers Bangalore,7.4,JJ Roy,KS Williamson,YS Chahal,0,0,0,,,,,SH vs RCB 2021-10-06,S Ravi,UV Gandhe,KS Williamson,Sunrisers Hyderabad,Abu Dhabi,"Zayed Cricket Stadium, Abu Dhabi",2021-10-06
1st innings,Sunrisers Hyderabad,Royal Challengers Bangalore,7.5,JJ Roy,KS Williamson,YS Chahal,0,0,0,,,,,SH vs RCB 2021-10-06,S Ravi,UV Gandhe,KS Williamson,Sunrisers Hyderabad,Abu Dhabi,"Zayed Cricket Stadium, Abu Dhabi",2021-10-06
1st innings,Sunrisers Hyderabad,Royal Challengers Bangalore,7.6,JJ Roy,KS Williamson,YS Chahal,0,1,1,,,,,SH vs RCB 2021-10-06,S Ravi,UV Gandhe,KS Williamson,Sunrisers Hyderabad,Abu Dhabi,"Zayed Cricket Stadium, Abu Dhabi",2021-10-06
1st innings,Sunrisers Hyderabad,Royal Challengers Bangalore,8.1,JJ Roy,KS Williamson,Shahbaz Ahmed,0,0,0,,,,,SH vs RCB 2021-10-06,S Ravi,UV Gandhe,KS Williamson,Sunrisers Hyderabad,Abu Dhabi,"Zayed Cricket Stadium, Abu Dhabi",2021-10-06
1st innings,Sunrisers Hyderabad,Royal Challengers Bangalore,8.2,JJ Roy,KS Williamson,Shahbaz Ahmed,0,1,1,,,,,SH vs RCB 2021-10-06,S Ravi,UV Gandhe,KS Williamson,Sunrisers Hyderabad,Abu Dhabi,"Zayed Cricket Stadium, Abu Dhabi",2021-10-06
1st innings,Sunrisers Hyderabad,Royal Challengers Bangalore,8.3,KS Williamson,JJ Roy,Shahbaz Ahmed,0,1,1,,,,,SH vs RCB 2021-10-06,S Ravi,UV Gandhe,KS Williamson,Sunrisers Hyderabad,Abu Dhabi,"Zayed Cricket Stadium, Abu Dhabi",2021-10-06
1st innings,Sunrisers Hyderabad,Royal Challengers Bangalore,8.4,JJ Roy,KS Williamson,Shahbaz Ahmed,0,2,2,,,,,SH vs RCB 2021-10-06,S Ravi,UV Gandhe,KS Williamson,Sunrisers Hyderabad,Abu Dhabi,"Zayed Cricket Stadium, Abu Dhabi",2021-10-06
1st innings,Sunrisers Hyderabad,Royal Challengers Bangalore,8.5,JJ Roy,KS Williamson,Shahbaz Ahmed,0,1,1,,,,,SH vs RCB 2021-10-06,S Ravi,UV Gandhe,KS Williamson,Sunrisers Hyderabad,Abu Dhabi,"Zayed Cricket Stadium, Abu Dhabi",2021-10-06
1st innings,Sunrisers Hyderabad,Royal Challengers Bangalore,8.6,KS Williamson,JJ Roy,Shahbaz Ahmed,0,1,1,,,,,SH vs RCB 2021-10-06,S Ravi,UV Gandhe,KS Williamson,Sunrisers Hyderabad,Abu Dhabi,"Zayed Cricket Stadium, Abu Dhabi",2021-10-06
1st innings,Sunrisers Hyderabad,Royal Challengers Bangalore,9.1,KS Williamson,JJ Roy,YS Chahal,0,4,4,,,,,SH vs RCB 2021-10-06,S Ravi,UV Gandhe,KS Williamson,Sunrisers Hyderabad,Abu Dhabi,"Zayed Cricket Stadium, Abu Dhabi",2021-10-06
1st innings,Sunrisers Hyderabad,Royal Challengers Bangalore,9.2,KS Williamson,JJ Roy,YS Chahal,0,2,2,,,,,SH vs RCB 2021-10-06,S Ravi,UV Gandhe,KS Williamson,Sunrisers Hyderabad,Abu Dhabi,"Zayed Cricket Stadium, Abu Dhabi",2021-10-06
1st innings,Sunrisers Hyderabad,Royal Challengers Bangalore,9.3,KS Williamson,JJ Roy,YS Chahal,0,0,0,,,,,SH vs RCB 2021-10-06,S Ravi,UV Gandhe,KS Williamson,Sunrisers Hyderabad,Abu Dhabi,"Zayed Cricket Stadium, Abu Dhabi",2021-10-06
1st innings,Sunrisers Hyderabad,Royal Challengers Bangalore,9.4,KS Williamson,JJ Roy,YS Chahal,0,2,2,,,,,SH vs RCB 2021-10-06,S Ravi,UV Gandhe,KS Williamson,Sunrisers Hyderabad,Abu Dhabi,"Zayed Cricket Stadium, Abu Dhabi",2021-10-06
1st innings,Sunrisers Hyderabad,Royal Challengers Bangalore,9.5,KS Williamson,JJ Roy,YS Chahal,0,1,1,,,,,SH vs RCB 2021-10-06,S Ravi,UV Gandhe,KS Williamson,Sunrisers Hyderabad,Abu Dhabi,"Zayed Cricket Stadium, Abu Dhabi",2021-10-06
1st innings,Sunrisers Hyderabad,Royal Challengers Bangalore,9.6,JJ Roy,KS Williamson,YS Chahal,0,0,0,,,,,SH vs RCB 2021-10-06,S Ravi,UV Gandhe,KS Williamson,Sunrisers Hyderabad,Abu Dhabi,"Zayed Cricket Stadium, Abu Dhabi",2021-10-06
1st innings,Sunrisers Hyderabad,Royal Challengers Bangalore,10.1,KS Williamson,JJ Roy,Shahbaz Ahmed,0,1,1,,,,,SH vs RCB 2021-10-06,S Ravi,UV Gandhe,KS Williamson,Sunrisers Hyderabad,Abu Dhabi,"Zayed Cricket Stadium, Abu Dhabi",2021-10-06
1st innings,Sunrisers Hyderabad,Royal Challengers Bangalore,10.2,JJ Roy,KS Williamson,Shahbaz Ahmed,0,1,1,,,,,SH vs RCB 2021-10-06,S Ravi,UV Gandhe,KS Williamson,Sunrisers Hyderabad,Abu Dhabi,"Zayed Cricket Stadium, Abu Dhabi",2021-10-06
1st innings,Sunrisers Hyderabad,Royal Challengers Bangalore,10.3,KS Williamson,JJ Roy,Shahbaz Ahmed,0,1,1,,,,,SH vs RCB 2021-10-06,S Ravi,UV Gandhe,KS Williamson,Sunrisers Hyderabad,Abu Dhabi,"Zayed Cricket Stadium, Abu Dhabi",2021-10-06
1st innings,Sunrisers Hyderabad,Royal Challengers Bangalore,10.4,JJ Roy,KS Williamson,Shahbaz Ahmed,0,1,1,,,,,SH vs RCB 2021-10-06,S Ravi,UV Gandhe,KS Williamson,Sunrisers Hyderabad,Abu Dhabi,"Zayed Cricket Stadium, Abu Dhabi",2021-10-06
1st innings,Sunrisers Hyderabad,Royal Challengers Bangalore,10.5,KS Williamson,JJ Roy,Shahbaz Ahmed,0,1,1,,,,,SH vs RCB 2021-10-06,S Ravi,UV Gandhe,KS Williamson,Sunrisers Hyderabad,Abu Dhabi,"Zayed Cricket Stadium, Abu Dhabi",2021-10-06
1st innings,Sunrisers Hyderabad,Royal Challengers Bangalore,10.6,JJ Roy,KS Williamson,Shahbaz Ahmed,0,0,0,,,,,SH vs RCB 2021-10-06,S Ravi,UV Gandhe,KS Williamson,Sunrisers Hyderabad,Abu Dhabi,"Zayed Cricket Stadium, Abu Dhabi",2021-10-06
1st innings,Sunrisers Hyderabad,Royal Challengers Bangalore,11.1,KS Williamson,JJ Roy,HV Patel,0,1,1,,,,,SH vs RCB 2021-10-06,S Ravi,UV Gandhe,KS Williamson,Sunrisers Hyderabad,Abu Dhabi,"Zayed Cricket Stadium, Abu Dhabi",2021-10-06
1st innings,Sunrisers Hyderabad,Royal Challengers Bangalore,11.2,JJ Roy,KS Williamson,HV Patel,0,2,2,,,,,SH vs RCB 2021-10-06,S Ravi,UV Gandhe,KS Williamson,Sunrisers Hyderabad,Abu Dhabi,"Zayed Cricket Stadium, Abu Dhabi",2021-10-06
1st innings,Sunrisers Hyderabad,Royal Challengers Bangalore,11.3,JJ Roy,KS Williamson,HV Patel,0,0,0,,KS Williamson,bowled,,SH vs RCB 2021-10-06,S Ravi,UV Gandhe,KS Williamson,Sunrisers Hyderabad,Abu Dhabi,"Zayed Cricket Stadium, Abu Dhabi",2021-10-06
1st innings,Sunrisers Hyderabad,Royal Challengers Bangalore,11.4,JJ Roy,PK Garg,HV Patel,0,2,2,,,,,SH vs RCB 2021-10-06,S Ravi,UV Gandhe,KS Williamson,Sunrisers Hyderabad,Abu Dhabi,"Zayed Cricket Stadium, Abu Dhabi",2021-10-06
1st innings,Sunrisers Hyderabad,Royal Challengers Bangalore,11.5,JJ Roy,PK Garg,HV Patel,0,1,1,,,,,SH vs RCB 2021-10-06,S Ravi,UV Gandhe,KS Williamson,Sunrisers Hyderabad,Abu Dhabi,"Zayed Cricket Stadium, Abu Dhabi",2021-10-06
1st innings,Sunrisers Hyderabad,Royal Challengers Bangalore,11.6,PK Garg,JJ Roy,HV Patel,0,4,4,,,,,SH vs RCB 2021-10-06,S Ravi,UV Gandhe,KS Williamson,Sunrisers Hyderabad,Abu Dhabi,"Zayed Cricket Stadium, Abu Dhabi",2021-10-06
1st innings,Sunrisers Hyderabad,Royal Challengers Bangalore,12.1,JJ Roy,PK Garg,DT Christian,0,1,1,,,,,SH vs RCB 2021-10-06,S Ravi,UV Gandhe,KS Williamson,Sunrisers Hyderabad,Abu Dhabi,"Zayed Cricket Stadium, Abu Dhabi",2021-10-06
1st innings,Sunrisers Hyderabad,Royal Challengers Bangalore,12.2,PK Garg,JJ Roy,DT Christian,0,0,0,,,,,SH vs RCB 2021-10-06,S Ravi,UV Gandhe,KS Williamson,Sunrisers Hyderabad,Abu Dhabi,"Zayed Cricket Stadium, Abu Dhabi",2021-10-06
1st innings,Sunrisers Hyderabad,Royal Challengers Bangalore,12.3,PK Garg,JJ Roy,DT Christian,0,1,1,,,,,SH vs RCB 2021-10-06,S Ravi,UV Gandhe,KS Williamson,Sunrisers Hyderabad,Abu Dhabi,"Zayed Cricket Stadium, Abu Dhabi",2021-10-06
1st innings,Sunrisers Hyderabad,Royal Challengers Bangalore,12.4,JJ Roy,PK Garg,DT Christian,0,2,2,,,,,SH vs RCB 2021-10-06,S Ravi,UV Gandhe,KS Williamson,Sunrisers Hyderabad,Abu Dhabi,"Zayed Cricket Stadium, Abu Dhabi",2021-10-06
1st innings,Sunrisers Hyderabad,Royal Challengers Bangalore,12.5,JJ Roy,PK Garg,DT Christian,0,0,0,,,,,SH vs RCB 2021-10-06,S Ravi,UV Gandhe,KS Williamson,Sunrisers Hyderabad,Abu Dhabi,"Zayed Cricket Stadium, Abu Dhabi",2021-10-06
1st innings,Sunrisers Hyderabad,Royal Challengers Bangalore,12.6,JJ Roy,PK Garg,DT Christian,0,1,1,,,,,SH vs RCB 2021-10-06,S Ravi,UV Gandhe,KS Williamson,Sunrisers Hyderabad,Abu Dhabi,"Zayed Cricket Stadium, Abu Dhabi",2021-10-06
1st innings,Sunrisers Hyderabad,Royal Challengers Bangalore,13.1,JJ Roy,PK Garg,YS Chahal,0,6,6,,,,,SH vs RCB 2021-10-06,S Ravi,UV Gandhe,KS Williamson,Sunrisers Hyderabad,Abu Dhabi,"Zayed Cricket Stadium, Abu Dhabi",2021-10-06
1st innings,Sunrisers Hyderabad,Royal Challengers Bangalore,13.2,JJ Roy,PK Garg,YS Chahal,0,1,1,,,,,SH vs RCB 2021-10-06,S Ravi,UV Gandhe,KS Williamson,Sunrisers Hyderabad,Abu Dhabi,"Zayed Cricket Stadium, Abu Dhabi",2021-10-06
1st innings,Sunrisers Hyderabad,Royal Challengers Bangalore,13.3,PK Garg,JJ Roy,YS Chahal,0,0,0,,,,,SH vs RCB 2021-10-06,S Ravi,UV Gandhe,KS Williamson,Sunrisers Hyderabad,Abu Dhabi,"Zayed Cricket Stadium, Abu Dhabi",2021-10-06
1st innings,Sunrisers Hyderabad,Royal Challengers Bangalore,13.4,PK Garg,JJ Roy,YS Chahal,0,1,1,,,,,SH vs RCB 2021-10-06,S Ravi,UV Gandhe,KS Williamson,Sunrisers Hyderabad,Abu Dhabi,"Zayed Cricket Stadium, Abu Dhabi",2021-10-06
1st innings,Sunrisers Hyderabad,Royal Challengers Bangalore,13.5,JJ Roy,PK Garg,YS Chahal,0,0,0,,,,,SH vs RCB 2021-10-06,S Ravi,UV Gandhe,KS Williamson,Sunrisers Hyderabad,Abu Dhabi,"Zayed Cricket Stadium, Abu Dhabi",2021-10-06
1st innings,Sunrisers Hyderabad,Royal Challengers Bangalore,13.6,JJ Roy,PK Garg,YS Chahal,0,1,1,,,,,SH vs RCB 2021-10-06,S Ravi,UV Gandhe,KS Williamson,Sunrisers Hyderabad,Abu Dhabi,"Zayed Cricket Stadium, Abu Dhabi",2021-10-06
1st innings,Sunrisers Hyderabad,Royal Challengers Bangalore,14.1,JJ Roy,PK Garg,DT Christian,0,0,0,,PK Garg,caught,AB de Villiers,SH vs RCB 2021-10-06,S Ravi,UV Gandhe,KS Williamson,Sunrisers Hyderabad,Abu Dhabi,"Zayed Cricket Stadium, Abu Dhabi",2021-10-06
1st innings,Sunrisers Hyderabad,Royal Challengers Bangalore,14.2,Abdul Samad,JJ Roy,DT Christian,0,1,1,,,,,SH vs RCB 2021-10-06,S Ravi,UV Gandhe,KS Williamson,Sunrisers Hyderabad,Abu Dhabi,"Zayed Cricket Stadium, Abu Dhabi",2021-10-06
1st innings,Sunrisers Hyderabad,Royal Challengers Bangalore,14.3,JJ Roy,Abdul Samad,DT Christian,0,0,0,,,,,SH vs RCB 2021-10-06,S Ravi,UV Gandhe,KS Williamson,Sunrisers Hyderabad,Abu Dhabi,"Zayed Cricket Stadium, Abu Dhabi",2021-10-06
1st innings,Sunrisers Hyderabad,Royal Challengers Bangalore,14.4,JJ Roy,Abdul Samad,DT Christian,0,1,1,,,,,SH vs RCB 2021-10-06,S Ravi,UV Gandhe,KS Williamson,Sunrisers Hyderabad,Abu Dhabi,"Zayed Cricket Stadium, Abu Dhabi",2021-10-06
1st innings,Sunrisers Hyderabad,Royal Challengers Bangalore,14.5,Abdul Samad,JJ Roy,DT Christian,0,0,0,,,,,SH vs RCB 2021-10-06,S Ravi,UV Gandhe,KS Williamson,Sunrisers Hyderabad,Abu Dhabi,"Zayed Cricket Stadium, Abu Dhabi",2021-10-06
1st innings,Sunrisers Hyderabad,Royal Challengers Bangalore,14.6,Abdul Samad,JJ Roy,DT Christian,0,0,0,,JJ Roy,caught and bowled,,SH vs RCB 2021-10-06,S Ravi,UV Gandhe,KS Williamson,Sunrisers Hyderabad,Abu Dhabi,"Zayed Cricket Stadium, Abu Dhabi",2021-10-06
1st innings,Sunrisers Hyderabad,Royal Challengers Bangalore,15.1,WP Saha,Abdul Samad,YS Chahal,0,0,0,,Abdul Samad,lbw,,SH vs RCB 2021-10-06,S Ravi,UV Gandhe,KS Williamson,Sunrisers Hyderabad,Abu Dhabi,"Zayed Cricket Stadium, Abu Dhabi",2021-10-06
1st innings,Sunrisers Hyderabad,Royal Challengers Bangalore,15.2,WP Saha,JO Holder,YS Chahal,0,1,1,,,,,SH vs RCB 2021-10-06,S Ravi,UV Gandhe,KS Williamson,Sunrisers Hyderabad,Abu Dhabi,"Zayed Cricket Stadium, Abu Dhabi",2021-10-06
1st innings,Sunrisers Hyderabad,Royal Challengers Bangalore,15.3,JO Holder,WP Saha,YS Chahal,0,1,1,,,,,SH vs RCB 2021-10-06,S Ravi,UV Gandhe,KS Williamson,Sunrisers Hyderabad,Abu Dhabi,"Zayed Cricket Stadium, Abu Dhabi",2021-10-06
1st innings,Sunrisers Hyderabad,Royal Challengers Bangalore,15.4,WP Saha,JO Holder,YS Chahal,0,1,1,,,,,SH vs RCB 2021-10-06,S Ravi,UV Gandhe,KS Williamson,Sunrisers Hyderabad,Abu Dhabi,"Zayed Cricket Stadium, Abu Dhabi",2021-10-06
1st innings,Sunrisers Hyderabad,Royal Challengers Bangalore,15.5,JO Holder,WP Saha,YS Chahal,0,2,2,,,,,SH vs RCB 2021-10-06,S Ravi,UV Gandhe,KS Williamson,Sunrisers Hyderabad,Abu Dhabi,"Zayed Cricket Stadium, Abu Dhabi",2021-10-06
1st innings,Sunrisers Hyderabad,Royal Challengers Bangalore,15.6,JO Holder,WP Saha,YS Chahal,0,1,1,,,,,SH vs RCB 2021-10-06,S Ravi,UV Gandhe,KS Williamson,Sunrisers Hyderabad,Abu Dhabi,"Zayed Cricket Stadium, Abu Dhabi",2021-10-06
1st innings,Sunrisers Hyderabad,Royal Challengers Bangalore,16.1,JO Holder,WP Saha,DT Christian,0,1,1,,,,,SH vs RCB 2021-10-06,S Ravi,UV Gandhe,KS Williamson,Sunrisers Hyderabad,Abu Dhabi,"Zayed Cricket Stadium, Abu Dhabi",2021-10-06
1st innings,Sunrisers Hyderabad,Royal Challengers Bangalore,16.2,WP Saha,JO Holder,DT Christian,0,4,4,,,,,SH vs RCB 2021-10-06,S Ravi,UV Gandhe,KS Williamson,Sunrisers Hyderabad,Abu Dhabi,"Zayed Cricket Stadium, Abu Dhabi",2021-10-06
1st innings,Sunrisers Hyderabad,Royal Challengers Bangalore,16.3,WP Saha,JO Holder,DT Christian,0,1,1,,,,,SH vs RCB 2021-10-06,S Ravi,UV Gandhe,KS Williamson,Sunrisers Hyderabad,Abu Dhabi,"Zayed Cricket Stadium, Abu Dhabi",2021-10-06
1st innings,Sunrisers Hyderabad,Royal Challengers Bangalore,16.4,JO Holder,WP Saha,DT Christian,0,0,0,,,,,SH vs RCB 2021-10-06,S Ravi,UV Gandhe,KS Williamson,Sunrisers Hyderabad,Abu Dhabi,"Zayed Cricket Stadium, Abu Dhabi",2021-10-06
1st innings,Sunrisers Hyderabad,Royal Challengers Bangalore,16.5,JO Holder,WP Saha,DT Christian,0,1,1,,,,,SH vs RCB 2021-10-06,S Ravi,UV Gandhe,KS Williamson,Sunrisers Hyderabad,Abu Dhabi,"Zayed Cricket Stadium, Abu Dhabi",2021-10-06
1st innings,Sunrisers Hyderabad,Royal Challengers Bangalore,16.6,WP Saha,JO Holder,DT Christian,0,0,0,,,,,SH vs RCB 2021-10-06,S Ravi,UV Gandhe,KS Williamson,Sunrisers Hyderabad,Abu Dhabi,"Zayed Cricket Stadium, Abu Dhabi",2021-10-06
1st innings,Sunrisers Hyderabad,Royal Challengers Bangalore,17.1,JO Holder,WP Saha,HV Patel,0,4,4,,,,,SH vs RCB 2021-10-06,S Ravi,UV Gandhe,KS Williamson,Sunrisers Hyderabad,Abu Dhabi,"Zayed Cricket Stadium, Abu Dhabi",2021-10-06
1st innings,Sunrisers Hyderabad,Royal Challengers Bangalore,17.2,JO Holder,WP Saha,HV Patel,0,0,0,,WP Saha,caught,AB de Villiers,SH vs RCB 2021-10-06,S Ravi,UV Gandhe,KS Williamson,Sunrisers Hyderabad,Abu Dhabi,"Zayed Cricket Stadium, Abu Dhabi",2021-10-06
1st innings,Sunrisers Hyderabad,Royal Challengers Bangalore,17.3,Rashid Khan,JO Holder,HV Patel,0,1,1,,,,,SH vs RCB 2021-10-06,S Ravi,UV Gandhe,KS Williamson,Sunrisers Hyderabad,Abu Dhabi,"Zayed Cricket Stadium, Abu Dhabi",2021-10-06
1st innings,Sunrisers Hyderabad,Royal Challengers Bangalore,17.4,JO Holder,Rashid Khan,HV Patel,0,1,1,,,,,SH vs RCB 2021-10-06,S Ravi,UV Gandhe,KS Williamson,Sunrisers Hyderabad,Abu Dhabi,"Zayed Cricket Stadium, Abu Dhabi",2021-10-06
1st innings,Sunrisers Hyderabad,Royal Challengers Bangalore,17.5,Rashid Khan,JO Holder,HV Patel,0,4,4,,,,,SH vs RCB 2021-10-06,S Ravi,UV Gandhe,KS Williamson,Sunrisers Hyderabad,Abu Dhabi,"Zayed Cricket Stadium, Abu Dhabi",2021-10-06
1st innings,Sunrisers Hyderabad,Royal Challengers Bangalore,17.6,Rashid Khan,JO Holder,HV Patel,0,0,0,,,,,SH vs RCB 2021-10-06,S Ravi,UV Gandhe,KS Williamson,Sunrisers Hyderabad,Abu Dhabi,"Zayed Cricket Stadium, Abu Dhabi",2021-10-06
1st innings,Sunrisers Hyderabad,Royal Challengers Bangalore,18.1,JO Holder,Rashid Khan,Mohammed Siraj,0,0,0,,,,,SH vs RCB 2021-10-06,S Ravi,UV Gandhe,KS Williamson,Sunrisers Hyderabad,Abu Dhabi,"Zayed Cricket Stadium, Abu Dhabi",2021-10-06
1st innings,Sunrisers Hyderabad,Royal Challengers Bangalore,18.2,JO Holder,Rashid Khan,Mohammed Siraj,0,4,4,,,,,SH vs RCB 2021-10-06,S Ravi,UV Gandhe,KS Williamson,Sunrisers Hyderabad,Abu Dhabi,"Zayed Cricket Stadium, Abu Dhabi",2021-10-06
1st innings,Sunrisers Hyderabad,Royal Challengers Bangalore,18.3,JO Holder,Rashid Khan,Mohammed Siraj,0,1,1,,,,,SH vs RCB 2021-10-06,S Ravi,UV Gandhe,KS Williamson,Sunrisers Hyderabad,Abu Dhabi,"Zayed Cricket Stadium, Abu Dhabi",2021-10-06
1st innings,Sunrisers Hyderabad,Royal Challengers Bangalore,18.4,Rashid Khan,JO Holder,Mohammed Siraj,0,1,1,,,,,SH vs RCB 2021-10-06,S Ravi,UV Gandhe,KS Williamson,Sunrisers Hyderabad,Abu Dhabi,"Zayed Cricket Stadium, Abu Dhabi",2021-10-06
1st innings,Sunrisers Hyderabad,Royal Challengers Bangalore,18.5,JO Holder,Rashid Khan,Mohammed Siraj,0,0,0,,,,,SH vs RCB 2021-10-06,S Ravi,UV Gandhe,KS Williamson,Sunrisers Hyderabad,Abu Dhabi,"Zayed Cricket Stadium, Abu Dhabi",2021-10-06
1st innings,Sunrisers Hyderabad,Royal Challengers Bangalore,18.6,JO Holder,Rashid Khan,Mohammed Siraj,0,0,0,,,,,SH vs RCB 2021-10-06,S Ravi,UV Gandhe,KS Williamson,Sunrisers Hyderabad,Abu Dhabi,"Zayed Cricket Stadium, Abu Dhabi",2021-10-06
1st innings,Sunrisers Hyderabad,Royal Challengers Bangalore,19.1,Rashid Khan,JO Holder,HV Patel,0,2,2,,,,,SH vs RCB 2021-10-06,S Ravi,UV Gandhe,KS Williamson,Sunrisers Hyderabad,Abu Dhabi,"Zayed Cricket Stadium, Abu Dhabi",2021-10-06
1st innings,Sunrisers Hyderabad,Royal Challengers Bangalore,19.2,Rashid Khan,JO Holder,HV Patel,0,0,0,,,,,SH vs RCB 2021-10-06,S Ravi,UV Gandhe,KS Williamson,Sunrisers Hyderabad,Abu Dhabi,"Zayed Cricket Stadium, Abu Dhabi",2021-10-06
1st innings,Sunrisers Hyderabad,Royal Challengers Bangalore,19.3,Rashid Khan,JO Holder,HV Patel,0,1,1,,,,,SH vs RCB 2021-10-06,S Ravi,UV Gandhe,KS Williamson,Sunrisers Hyderabad,Abu Dhabi,"Zayed Cricket Stadium, Abu Dhabi",2021-10-06
1st innings,Sunrisers Hyderabad,Royal Challengers Bangalore,19.4,JO Holder,Rashid Khan,HV Patel,0,0,0,,,,,SH vs RCB 2021-10-06,S Ravi,UV Gandhe,KS Williamson,Sunrisers Hyderabad,Abu Dhabi,"Zayed Cricket Stadium, Abu Dhabi",2021-10-06
1st innings,Sunrisers Hyderabad,Royal Challengers Bangalore,19.5,JO Holder,Rashid Khan,HV Patel,1,0,1,noballs,,,,SH vs RCB 2021-10-06,S Ravi,UV Gandhe,KS Williamson,Sunrisers Hyderabad,Abu Dhabi,"Zayed Cricket Stadium, Abu Dhabi",2021-10-06
1st innings,Sunrisers Hyderabad,Royal Challengers Bangalore,19.6,JO Holder,Rashid Khan,HV Patel,0,1,1,,,,,SH vs RCB 2021-10-06,S Ravi,UV Gandhe,KS Williamson,Sunrisers Hyderabad,Abu Dhabi,"Zayed Cricket Stadium, Abu Dhabi",2021-10-06
1st innings,Sunrisers Hyderabad,Royal Challengers Bangalore,19.7,Rashid Khan,JO Holder,HV Patel,0,0,0,,JO Holder,caught,DT Christian,SH vs RCB 2021-10-06,S Ravi,UV Gandhe,KS Williamson,Sunrisers Hyderabad,Abu Dhabi,"Zayed Cricket Stadium, Abu Dhabi",2021-10-06
2nd innings,Royal Challengers Bangalore,Sunrisers Hyderabad,0.1,D Padikkal,V Kohli,B Kumar,0,4,4,,,,,SH vs RCB 2021-10-06,S Ravi,UV Gandhe,KS Williamson,Sunrisers Hyderabad,Abu Dhabi,"Zayed Cricket Stadium, Abu Dhabi",2021-10-06
2nd innings,Royal Challengers Bangalore,Sunrisers Hyderabad,0.2,D Padikkal,V Kohli,B Kumar,0,0,0,,,,,SH vs RCB 2021-10-06,S Ravi,UV Gandhe,KS Williamson,Sunrisers Hyderabad,Abu Dhabi,"Zayed Cricket Stadium, Abu Dhabi",2021-10-06
2nd innings,Royal Challengers Bangalore,Sunrisers Hyderabad,0.3,D Padikkal,V Kohli,B Kumar,0,1,1,,,,,SH vs RCB 2021-10-06,S Ravi,UV Gandhe,KS Williamson,Sunrisers Hyderabad,Abu Dhabi,"Zayed Cricket Stadium, Abu Dhabi",2021-10-06
2nd innings,Royal Challengers Bangalore,Sunrisers Hyderabad,0.4,V Kohli,D Padikkal,B Kumar,0,0,0,,,,,SH vs RCB 2021-10-06,S Ravi,UV Gandhe,KS Williamson,Sunrisers Hyderabad,Abu Dhabi,"Zayed Cricket Stadium, Abu Dhabi",2021-10-06
2nd innings,Royal Challengers Bangalore,Sunrisers Hyderabad,0.5,V Kohli,D Padikkal,B Kumar,0,1,1,,,,,SH vs RCB 2021-10-06,S Ravi,UV Gandhe,KS Williamson,Sunrisers Hyderabad,Abu Dhabi,"Zayed Cricket Stadium, Abu Dhabi",2021-10-06
2nd innings,Royal Challengers Bangalore,Sunrisers Hyderabad,0.6,D Padikkal,V Kohli,B Kumar,0,0,0,,V Kohli,lbw,,SH vs RCB 2021-10-06,S Ravi,UV Gandhe,KS Williamson,Sunrisers Hyderabad,Abu Dhabi,"Zayed Cricket Stadium, Abu Dhabi",2021-10-06
2nd innings,Royal Challengers Bangalore,Sunrisers Hyderabad,1.1,DT Christian,D Padikkal,JO Holder,0,0,0,,,,,SH vs RCB 2021-10-06,S Ravi,UV Gandhe,KS Williamson,Sunrisers Hyderabad,Abu Dhabi,"Zayed Cricket Stadium, Abu Dhabi",2021-10-06
2nd innings,Royal Challengers Bangalore,Sunrisers Hyderabad,1.2,DT Christian,D Padikkal,JO Holder,0,4,4,,,,,SH vs RCB 2021-10-06,S Ravi,UV Gandhe,KS Williamson,Sunrisers Hyderabad,Abu Dhabi,"Zayed Cricket Stadium, Abu Dhabi",2021-10-06
2nd innings,Royal Challengers Bangalore,Sunrisers Hyderabad,1.3,DT Christian,D Padikkal,JO Holder,0,0,0,,,,,SH vs RCB 2021-10-06,S Ravi,UV Gandhe,KS Williamson,Sunrisers Hyderabad,Abu Dhabi,"Zayed Cricket Stadium, Abu Dhabi",2021-10-06
2nd innings,Royal Challengers Bangalore,Sunrisers Hyderabad,1.4,DT Christian,D Padikkal,JO Holder,0,2,2,,,,,SH vs RCB 2021-10-06,S Ravi,UV Gandhe,KS Williamson,Sunrisers Hyderabad,Abu Dhabi,"Zayed Cricket Stadium, Abu Dhabi",2021-10-06
2nd innings,Royal Challengers Bangalore,Sunrisers Hyderabad,1.5,DT Christian,D Padikkal,JO Holder,1,0,1,wides,,,,SH vs RCB 2021-10-06,S Ravi,UV Gandhe,KS Williamson,Sunrisers Hyderabad,Abu Dhabi,"Zayed Cricket Stadium, Abu Dhabi",2021-10-06
2nd innings,Royal Challengers Bangalore,Sunrisers Hyderabad,1.6,DT Christian,D Padikkal,JO Holder,0,0,0,,,,,SH vs RCB 2021-10-06,S Ravi,UV Gandhe,KS Williamson,Sunrisers Hyderabad,Abu Dhabi,"Zayed Cricket Stadium, Abu Dhabi",2021-10-06
2nd innings,Royal Challengers Bangalore,Sunrisers Hyderabad,1.7,DT Christian,D Padikkal,JO Holder,0,0,0,,,,,SH vs RCB 2021-10-06,S Ravi,UV Gandhe,KS Williamson,Sunrisers Hyderabad,Abu Dhabi,"Zayed Cricket Stadium, Abu Dhabi",2021-10-06
2nd innings,Royal Challengers Bangalore,Sunrisers Hyderabad,2.1,D Padikkal,DT Christian,B Kumar,0,0,0,,,,,SH vs RCB 2021-10-06,S Ravi,UV Gandhe,KS Williamson,Sunrisers Hyderabad,Abu Dhabi,"Zayed Cricket Stadium, Abu Dhabi",2021-10-06
2nd innings,Royal Challengers Bangalore,Sunrisers Hyderabad,2.2,D Padikkal,DT Christian,B Kumar,0,1,1,,,,,SH vs RCB 2021-10-06,S Ravi,UV Gandhe,KS Williamson,Sunrisers Hyderabad,Abu Dhabi,"Zayed Cricket Stadium, Abu Dhabi",2021-10-06
2nd innings,Royal Challengers Bangalore,Sunrisers Hyderabad,2.3,DT Christian,D Padikkal,B Kumar,0,4,4,,,,,SH vs RCB 2021-10-06,S Ravi,UV Gandhe,KS Williamson,Sunrisers Hyderabad,Abu Dhabi,"Zayed Cricket Stadium, Abu Dhabi",2021-10-06
2nd innings,Royal Challengers Bangalore,Sunrisers Hyderabad,2.4,DT Christian,D Padikkal,B Kumar,0,0,0,,,,,SH vs RCB 2021-10-06,S Ravi,UV Gandhe,KS Williamson,Sunrisers Hyderabad,Abu Dhabi,"Zayed Cricket Stadium, Abu Dhabi",2021-10-06
2nd innings,Royal Challengers Bangalore,Sunrisers Hyderabad,2.5,DT Christian,D Padikkal,B Kumar,0,0,0,,,,,SH vs RCB 2021-10-06,S Ravi,UV Gandhe,KS Williamson,Sunrisers Hyderabad,Abu Dhabi,"Zayed Cricket Stadium, Abu Dhabi",2021-10-06
2nd innings,Royal Challengers Bangalore,Sunrisers Hyderabad,2.6,DT Christian,D Padikkal,B Kumar,0,0,0,,,,,SH vs RCB 2021-10-06,S Ravi,UV Gandhe,KS Williamson,Sunrisers Hyderabad,Abu Dhabi,"Zayed Cricket Stadium, Abu Dhabi",2021-10-06
2nd innings,Royal Challengers Bangalore,Sunrisers Hyderabad,3.1,D Padikkal,DT Christian,S Kaul,0,0,0,,,,,SH vs RCB 2021-10-06,S Ravi,UV Gandhe,KS Williamson,Sunrisers Hyderabad,Abu Dhabi,"Zayed Cricket Stadium, Abu Dhabi",2021-10-06
2nd innings,Royal Challengers Bangalore,Sunrisers Hyderabad,3.2,D Padikkal,DT Christian,S Kaul,0,0,0,,DT Christian,caught,KS Williamson,SH vs RCB 2021-10-06,S Ravi,UV Gandhe,KS Williamson,Sunrisers Hyderabad,Abu Dhabi,"Zayed Cricket Stadium, Abu Dhabi",2021-10-06
2nd innings,Royal Challengers Bangalore,Sunrisers Hyderabad,3.3,KS Bharat,D Padikkal,S Kaul,0,0,0,,,,,SH vs RCB 2021-10-06,S Ravi,UV Gandhe,KS Williamson,Sunrisers Hyderabad,Abu Dhabi,"Zayed Cricket Stadium, Abu Dhabi",2021-10-06
2nd innings,Royal Challengers Bangalore,Sunrisers Hyderabad,3.4,KS Bharat,D Padikkal,S Kaul,0,0,0,,,,,SH vs RCB 2021-10-06,S Ravi,UV Gandhe,KS Williamson,Sunrisers Hyderabad,Abu Dhabi,"Zayed Cricket Stadium, Abu Dhabi",2021-10-06
2nd innings,Royal Challengers Bangalore,Sunrisers Hyderabad,3.5,KS Bharat,D Padikkal,S Kaul,0,0,0,,,,,SH vs RCB 2021-10-06,S Ravi,UV Gandhe,KS Williamson,Sunrisers Hyderabad,Abu Dhabi,"Zayed Cricket Stadium, Abu Dhabi",2021-10-06
2nd innings,Royal Challengers Bangalore,Sunrisers Hyderabad,3.6,KS Bharat,D Padikkal,S Kaul,0,0,0,,,,,SH vs RCB 2021-10-06,S Ravi,UV Gandhe,KS Williamson,Sunrisers Hyderabad,Abu Dhabi,"Zayed Cricket Stadium, Abu Dhabi",2021-10-06
2nd innings,Royal Challengers Bangalore,Sunrisers Hyderabad,4.1,D Padikkal,KS Bharat,JO Holder,0,0,0,,,,,SH vs RCB 2021-10-06,S Ravi,UV Gandhe,KS Williamson,Sunrisers Hyderabad,Abu Dhabi,"Zayed Cricket Stadium, Abu Dhabi",2021-10-06
2nd innings,Royal Challengers Bangalore,Sunrisers Hyderabad,4.2,D Padikkal,KS Bharat,JO Holder,0,1,1,,,,,SH vs RCB 2021-10-06,S Ravi,UV Gandhe,KS Williamson,Sunrisers Hyderabad,Abu Dhabi,"Zayed Cricket Stadium, Abu Dhabi",2021-10-06
2nd innings,Royal Challengers Bangalore,Sunrisers Hyderabad,4.3,KS Bharat,D Padikkal,JO Holder,0,0,0,,,,,SH vs RCB 2021-10-06,S Ravi,UV Gandhe,KS Williamson,Sunrisers Hyderabad,Abu Dhabi,"Zayed Cricket Stadium, Abu Dhabi",2021-10-06
2nd innings,Royal Challengers Bangalore,Sunrisers Hyderabad,4.4,KS Bharat,D Padikkal,JO Holder,0,4,4,,,,,SH vs RCB 2021-10-06,S Ravi,UV Gandhe,KS Williamson,Sunrisers Hyderabad,Abu Dhabi,"Zayed Cricket Stadium, Abu Dhabi",2021-10-06
2nd innings,Royal Challengers Bangalore,Sunrisers Hyderabad,4.5,KS Bharat,D Padikkal,JO Holder,0,1,1,,,,,SH vs RCB 2021-10-06,S Ravi,UV Gandhe,KS Williamson,Sunrisers Hyderabad,Abu Dhabi,"Zayed Cricket Stadium, Abu Dhabi",2021-10-06
2nd innings,Royal Challengers Bangalore,Sunrisers Hyderabad,4.6,D Padikkal,KS Bharat,JO Holder,1,0,1,legbyes,,,,SH vs RCB 2021-10-06,S Ravi,UV Gandhe,KS Williamson,Sunrisers Hyderabad,Abu Dhabi,"Zayed Cricket Stadium, Abu Dhabi",2021-10-06
2nd innings,Royal Challengers Bangalore,Sunrisers Hyderabad,5.1,D Padikkal,KS Bharat,S Kaul,0,0,0,,,,,SH vs RCB 2021-10-06,S Ravi,UV Gandhe,KS Williamson,Sunrisers Hyderabad,Abu Dhabi,"Zayed Cricket Stadium, Abu Dhabi",2021-10-06
2nd innings,Royal Challengers Bangalore,Sunrisers Hyderabad,5.2,D Padikkal,KS Bharat,S Kaul,0,1,1,,,,,SH vs RCB 2021-10-06,S Ravi,UV Gandhe,KS Williamson,Sunrisers Hyderabad,Abu Dhabi,"Zayed Cricket Stadium, Abu Dhabi",2021-10-06
2nd innings,Royal Challengers Bangalore,Sunrisers Hyderabad,5.3,KS Bharat,D Padikkal,S Kaul,0,0,0,,,,,SH vs RCB 2021-10-06,S Ravi,UV Gandhe,KS Williamson,Sunrisers Hyderabad,Abu Dhabi,"Zayed Cricket Stadium, Abu Dhabi",2021-10-06
2nd innings,Royal Challengers Bangalore,Sunrisers Hyderabad,5.4,KS Bharat,D Padikkal,S Kaul,0,1,1,,,,,SH vs RCB 2021-10-06,S Ravi,UV Gandhe,KS Williamson,Sunrisers Hyderabad,Abu Dhabi,"Zayed Cricket Stadium, Abu Dhabi",2021-10-06
2nd innings,Royal Challengers Bangalore,Sunrisers Hyderabad,5.5,D Padikkal,KS Bharat,S Kaul,0,6,6,,,,,SH vs RCB 2021-10-06,S Ravi,UV Gandhe,KS Williamson,Sunrisers Hyderabad,Abu Dhabi,"Zayed Cricket Stadium, Abu Dhabi",2021-10-06
2nd innings,Royal Challengers Bangalore,Sunrisers Hyderabad,5.6,D Padikkal,KS Bharat,S Kaul,0,4,4,,,,,SH vs RCB 2021-10-06,S Ravi,UV Gandhe,KS Williamson,Sunrisers Hyderabad,Abu Dhabi,"Zayed Cricket Stadium, Abu Dhabi",2021-10-06
2nd innings,Royal Challengers Bangalore,Sunrisers Hyderabad,6.1,KS Bharat,D Padikkal,Umran Malik,0,0,0,,,,,SH vs RCB 2021-10-06,S Ravi,UV Gandhe,KS Williamson,Sunrisers Hyderabad,Abu Dhabi,"Zayed Cricket Stadium, Abu Dhabi",2021-10-06
2nd innings,Royal Challengers Bangalore,Sunrisers Hyderabad,6.2,KS Bharat,D Padikkal,Umran Malik,0,1,1,,,,,SH vs RCB 2021-10-06,S Ravi,UV Gandhe,KS Williamson,Sunrisers Hyderabad,Abu Dhabi,"Zayed Cricket Stadium, Abu Dhabi",2021-10-06
2nd innings,Royal Challengers Bangalore,Sunrisers Hyderabad,6.3,D Padikkal,KS Bharat,Umran Malik,0,0,0,,,,,SH vs RCB 2021-10-06,S Ravi,UV Gandhe,KS Williamson,Sunrisers Hyderabad,Abu Dhabi,"Zayed Cricket Stadium, Abu Dhabi",2021-10-06
2nd innings,Royal Challengers Bangalore,Sunrisers Hyderabad,6.4,D Padikkal,KS Bharat,Umran Malik,0,0,0,,,,,SH vs RCB 2021-10-06,S Ravi,UV Gandhe,KS Williamson,Sunrisers Hyderabad,Abu Dhabi,"Zayed Cricket Stadium, Abu Dhabi",2021-10-06
2nd innings,Royal Challengers Bangalore,Sunrisers Hyderabad,6.5,D Padikkal,KS Bharat,Umran Malik,0,0,0,,KS Bharat,caught,WP Saha,SH vs RCB 2021-10-06,S Ravi,UV Gandhe,KS Williamson,Sunrisers Hyderabad,Abu Dhabi,"Zayed Cricket Stadium, Abu Dhabi",2021-10-06
2nd innings,Royal Challengers Bangalore,Sunrisers Hyderabad,6.6,D Padikkal,GJ Maxwell,Umran Malik,0,0,0,,,,,SH vs RCB 2021-10-06,S Ravi,UV Gandhe,KS Williamson,Sunrisers Hyderabad,Abu Dhabi,"Zayed Cricket Stadium, Abu Dhabi",2021-10-06
2nd innings,Royal Challengers Bangalore,Sunrisers Hyderabad,7.1,GJ Maxwell,D Padikkal,Rashid Khan,0,0,0,,,,,SH vs RCB 2021-10-06,S Ravi,UV Gandhe,KS Williamson,Sunrisers Hyderabad,Abu Dhabi,"Zayed Cricket Stadium, Abu Dhabi",2021-10-06
2nd innings,Royal Challengers Bangalore,Sunrisers Hyderabad,7.2,GJ Maxwell,D Padikkal,Rashid Khan,0,1,1,,,,,SH vs RCB 2021-10-06,S Ravi,UV Gandhe,KS Williamson,Sunrisers Hyderabad,Abu Dhabi,"Zayed Cricket Stadium, Abu Dhabi",2021-10-06
2nd innings,Royal Challengers Bangalore,Sunrisers Hyderabad,7.3,D Padikkal,GJ Maxwell,Rashid Khan,0,6,6,,,,,SH vs RCB 2021-10-06,S Ravi,UV Gandhe,KS Williamson,Sunrisers Hyderabad,Abu Dhabi,"Zayed Cricket Stadium, Abu Dhabi",2021-10-06
2nd innings,Royal Challengers Bangalore,Sunrisers Hyderabad,7.4,D Padikkal,GJ Maxwell,Rashid Khan,0,0,0,,,,,SH vs RCB 2021-10-06,S Ravi,UV Gandhe,KS Williamson,Sunrisers Hyderabad,Abu Dhabi,"Zayed Cricket Stadium, Abu Dhabi",2021-10-06
2nd innings,Royal Challengers Bangalore,Sunrisers Hyderabad,7.5,D Padikkal,GJ Maxwell,Rashid Khan,0,1,1,,,,,SH vs RCB 2021-10-06,S Ravi,UV Gandhe,KS Williamson,Sunrisers Hyderabad,Abu Dhabi,"Zayed Cricket Stadium, Abu Dhabi",2021-10-06
2nd innings,Royal Challengers Bangalore,Sunrisers Hyderabad,7.6,GJ Maxwell,D Padikkal,Rashid Khan,0,1,1,,,,,SH vs RCB 2021-10-06,S Ravi,UV Gandhe,KS Williamson,Sunrisers Hyderabad,Abu Dhabi,"Zayed Cricket Stadium, Abu Dhabi",2021-10-06
2nd innings,Royal Challengers Bangalore,Sunrisers Hyderabad,8.1,GJ Maxwell,D Padikkal,Umran Malik,0,0,0,,,,,SH vs RCB 2021-10-06,S Ravi,UV Gandhe,KS Williamson,Sunrisers Hyderabad,Abu Dhabi,"Zayed Cricket Stadium, Abu Dhabi",2021-10-06
2nd innings,Royal Challengers Bangalore,Sunrisers Hyderabad,8.2,GJ Maxwell,D Padikkal,Umran Malik,0,2,2,,,,,SH vs RCB 2021-10-06,S Ravi,UV Gandhe,KS Williamson,Sunrisers Hyderabad,Abu Dhabi,"Zayed Cricket Stadium, Abu Dhabi",2021-10-06
2nd innings,Royal Challengers Bangalore,Sunrisers Hyderabad,8.3,GJ Maxwell,D Padikkal,Umran Malik,0,0,0,,,,,SH vs RCB 2021-10-06,S Ravi,UV Gandhe,KS Williamson,Sunrisers Hyderabad,Abu Dhabi,"Zayed Cricket Stadium, Abu Dhabi",2021-10-06
2nd innings,Royal Challengers Bangalore,Sunrisers Hyderabad,8.4,GJ Maxwell,D Padikkal,Umran Malik,0,1,1,,,,,SH vs RCB 2021-10-06,S Ravi,UV Gandhe,KS Williamson,Sunrisers Hyderabad,Abu Dhabi,"Zayed Cricket Stadium, Abu Dhabi",2021-10-06
2nd innings,Royal Challengers Bangalore,Sunrisers Hyderabad,8.5,D Padikkal,GJ Maxwell,Umran Malik,0,2,2,,,,,SH vs RCB 2021-10-06,S Ravi,UV Gandhe,KS Williamson,Sunrisers Hyderabad,Abu Dhabi,"Zayed Cricket Stadium, Abu Dhabi",2021-10-06
2nd innings,Royal Challengers Bangalore,Sunrisers Hyderabad,8.6,D Padikkal,GJ Maxwell,Umran Malik,0,0,0,,,,,SH vs RCB 2021-10-06,S Ravi,UV Gandhe,KS Williamson,Sunrisers Hyderabad,Abu Dhabi,"Zayed Cricket Stadium, Abu Dhabi",2021-10-06
2nd innings,Royal Challengers Bangalore,Sunrisers Hyderabad,9.1,GJ Maxwell,D Padikkal,Rashid Khan,0,1,1,,,,,SH vs RCB 2021-10-06,S Ravi,UV Gandhe,KS Williamson,Sunrisers Hyderabad,Abu Dhabi,"Zayed Cricket Stadium, Abu Dhabi",2021-10-06
2nd innings,Royal Challengers Bangalore,Sunrisers Hyderabad,9.2,D Padikkal,GJ Maxwell,Rashid Khan,0,6,6,,,,,SH vs RCB 2021-10-06,S Ravi,UV Gandhe,KS Williamson,Sunrisers Hyderabad,Abu Dhabi,"Zayed Cricket Stadium, Abu Dhabi",2021-10-06
2nd innings,Royal Challengers Bangalore,Sunrisers Hyderabad,9.3,D Padikkal,GJ Maxwell,Rashid Khan,0,0,0,,,,,SH vs RCB 2021-10-06,S Ravi,UV Gandhe,KS Williamson,Sunrisers Hyderabad,Abu Dhabi,"Zayed Cricket Stadium, Abu Dhabi",2021-10-06
2nd innings,Royal Challengers Bangalore,Sunrisers Hyderabad,9.4,D Padikkal,GJ Maxwell,Rashid Khan,0,4,4,,,,,SH vs RCB 2021-10-06,S Ravi,UV Gandhe,KS Williamson,Sunrisers Hyderabad,Abu Dhabi,"Zayed Cricket Stadium, Abu Dhabi",2021-10-06
2nd innings,Royal Challengers Bangalore,Sunrisers Hyderabad,9.5,D Padikkal,GJ Maxwell,Rashid Khan,0,2,2,,,,,SH vs RCB 2021-10-06,S Ravi,UV Gandhe,KS Williamson,Sunrisers Hyderabad,Abu Dhabi,"Zayed Cricket Stadium, Abu Dhabi",2021-10-06
2nd innings,Royal Challengers Bangalore,Sunrisers Hyderabad,9.6,D Padikkal,GJ Maxwell,Rashid Khan,0,2,2,,,,,SH vs RCB 2021-10-06,S Ravi,UV Gandhe,KS Williamson,Sunrisers Hyderabad,Abu Dhabi,"Zayed Cricket Stadium, Abu Dhabi",2021-10-06
2nd innings,Royal Challengers Bangalore,Sunrisers Hyderabad,10.1,GJ Maxwell,D Padikkal,Umran Malik,0,0,0,,,,,SH vs RCB 2021-10-06,S Ravi,UV Gandhe,KS Williamson,Sunrisers Hyderabad,Abu Dhabi,"Zayed Cricket Stadium, Abu Dhabi",2021-10-06
2nd innings,Royal Challengers Bangalore,Sunrisers Hyderabad,10.2,GJ Maxwell,D Padikkal,Umran Malik,0,1,1,,,,,SH vs RCB 2021-10-06,S Ravi,UV Gandhe,KS Williamson,Sunrisers Hyderabad,Abu Dhabi,"Zayed Cricket Stadium, Abu Dhabi",2021-10-06
2nd innings,Royal Challengers Bangalore,Sunrisers Hyderabad,10.3,D Padikkal,GJ Maxwell,Umran Malik,0,1,1,,,,,SH vs RCB 2021-10-06,S Ravi,UV Gandhe,KS Williamson,Sunrisers Hyderabad,Abu Dhabi,"Zayed Cricket Stadium, Abu Dhabi",2021-10-06
2nd innings,Royal Challengers Bangalore,Sunrisers Hyderabad,10.4,GJ Maxwell,D Padikkal,Umran Malik,0,0,0,,,,,SH vs RCB 2021-10-06,S Ravi,UV Gandhe,KS Williamson,Sunrisers Hyderabad,Abu Dhabi,"Zayed Cricket Stadium, Abu Dhabi",2021-10-06
2nd innings,Royal Challengers Bangalore,Sunrisers Hyderabad,10.5,GJ Maxwell,D Padikkal,Umran Malik,0,1,1,,,,,SH vs RCB 2021-10-06,S Ravi,UV Gandhe,KS Williamson,Sunrisers Hyderabad,Abu Dhabi,"Zayed Cricket Stadium, Abu Dhabi",2021-10-06
2nd innings,Royal Challengers Bangalore,Sunrisers Hyderabad,10.6,D Padikkal,GJ Maxwell,Umran Malik,0,1,1,,,,,SH vs RCB 2021-10-06,S Ravi,UV Gandhe,KS Williamson,Sunrisers Hyderabad,Abu Dhabi,"Zayed Cricket Stadium, Abu Dhabi",2021-10-06
2nd innings,Royal Challengers Bangalore,Sunrisers Hyderabad,11.1,D Padikkal,GJ Maxwell,S Kaul,0,0,0,,,,,SH vs RCB 2021-10-06,S Ravi,UV Gandhe,KS Williamson,Sunrisers Hyderabad,Abu Dhabi,"Zayed Cricket Stadium, Abu Dhabi",2021-10-06
2nd innings,Royal Challengers Bangalore,Sunrisers Hyderabad,11.2,D Padikkal,GJ Maxwell,S Kaul,0,4,4,,,,,SH vs RCB 2021-10-06,S Ravi,UV Gandhe,KS Williamson,Sunrisers Hyderabad,Abu Dhabi,"Zayed Cricket Stadium, Abu Dhabi",2021-10-06
2nd innings,Royal Challengers Bangalore,Sunrisers Hyderabad,11.3,D Padikkal,GJ Maxwell,S Kaul,0,0,0,,,,,SH vs RCB 2021-10-06,S Ravi,UV Gandhe,KS Williamson,Sunrisers Hyderabad,Abu Dhabi,"Zayed Cricket Stadium, Abu Dhabi",2021-10-06
2nd innings,Royal Challengers Bangalore,Sunrisers Hyderabad,11.4,D Padikkal,GJ Maxwell,S Kaul,0,1,1,,,,,SH vs RCB 2021-10-06,S Ravi,UV Gandhe,KS Williamson,Sunrisers Hyderabad,Abu Dhabi,"Zayed Cricket Stadium, Abu Dhabi",2021-10-06
2nd innings,Royal Challengers Bangalore,Sunrisers Hyderabad,11.5,GJ Maxwell,D Padikkal,S Kaul,0,1,1,,,,,SH vs RCB 2021-10-06,S Ravi,UV Gandhe,KS Williamson,Sunrisers Hyderabad,Abu Dhabi,"Zayed Cricket Stadium, Abu Dhabi",2021-10-06
2nd innings,Royal Challengers Bangalore,Sunrisers Hyderabad,11.6,D Padikkal,GJ Maxwell,S Kaul,0,0,0,,,,,SH vs RCB 2021-10-06,S Ravi,UV Gandhe,KS Williamson,Sunrisers Hyderabad,Abu Dhabi,"Zayed Cricket Stadium, Abu Dhabi",2021-10-06
2nd innings,Royal Challengers Bangalore,Sunrisers Hyderabad,12.1,GJ Maxwell,D Padikkal,JO Holder,0,1,1,,,,,SH vs RCB 2021-10-06,S Ravi,UV Gandhe,KS Williamson,Sunrisers Hyderabad,Abu Dhabi,"Zayed Cricket Stadium, Abu Dhabi",2021-10-06
2nd innings,Royal Challengers Bangalore,Sunrisers Hyderabad,12.2,D Padikkal,GJ Maxwell,JO Holder,1,0,1,wides,,,,SH vs RCB 2021-10-06,S Ravi,UV Gandhe,KS Williamson,Sunrisers Hyderabad,Abu Dhabi,"Zayed Cricket Stadium, Abu Dhabi",2021-10-06
2nd innings,Royal Challengers Bangalore,Sunrisers Hyderabad,12.3,D Padikkal,GJ Maxwell,JO Holder,0,4,4,,,,,SH vs RCB 2021-10-06,S Ravi,UV Gandhe,KS Williamson,Sunrisers Hyderabad,Abu Dhabi,"Zayed Cricket Stadium, Abu Dhabi",2021-10-06
2nd innings,Royal Challengers Bangalore,Sunrisers Hyderabad,12.4,D Padikkal,GJ Maxwell,JO Holder,0,1,1,,,,,SH vs RCB 2021-10-06,S Ravi,UV Gandhe,KS Williamson,Sunrisers Hyderabad,Abu Dhabi,"Zayed Cricket Stadium, Abu Dhabi",2021-10-06
2nd innings,Royal Challengers Bangalore,Sunrisers Hyderabad,12.5,GJ Maxwell,D Padikkal,JO Holder,0,1,1,,,,,SH vs RCB 2021-10-06,S Ravi,UV Gandhe,KS Williamson,Sunrisers Hyderabad,Abu Dhabi,"Zayed Cricket Stadium, Abu Dhabi",2021-10-06
2nd innings,Royal Challengers Bangalore,Sunrisers Hyderabad,12.6,D Padikkal,GJ Maxwell,JO Holder,0,1,1,,,,,SH vs RCB 2021-10-06,S Ravi,UV Gandhe,KS Williamson,Sunrisers Hyderabad,Abu Dhabi,"Zayed Cricket Stadium, Abu Dhabi",2021-10-06
2nd innings,Royal Challengers Bangalore,Sunrisers Hyderabad,12.7,GJ Maxwell,D Padikkal,JO Holder,0,0,0,,,,,SH vs RCB 2021-10-06,S Ravi,UV Gandhe,KS Williamson,Sunrisers Hyderabad,Abu Dhabi,"Zayed Cricket Stadium, Abu Dhabi",2021-10-06
2nd innings,Royal Challengers Bangalore,Sunrisers Hyderabad,13.1,D Padikkal,GJ Maxwell,B Kumar,0,0,0,,,,,SH vs RCB 2021-10-06,S Ravi,UV Gandhe,KS Williamson,Sunrisers Hyderabad,Abu Dhabi,"Zayed Cricket Stadium, Abu Dhabi",2021-10-06
2nd innings,Royal Challengers Bangalore,Sunrisers Hyderabad,13.2,D Padikkal,GJ Maxwell,B Kumar,0,1,1,,,,,SH vs RCB 2021-10-06,S Ravi,UV Gandhe,KS Williamson,Sunrisers Hyderabad,Abu Dhabi,"Zayed Cricket Stadium, Abu Dhabi",2021-10-06
2nd innings,Royal Challengers Bangalore,Sunrisers Hyderabad,13.3,GJ Maxwell,D Padikkal,B Kumar,0,1,1,,,,,SH vs RCB 2021-10-06,S Ravi,UV Gandhe,KS Williamson,Sunrisers Hyderabad,Abu Dhabi,"Zayed Cricket Stadium, Abu Dhabi",2021-10-06
2nd innings,Royal Challengers Bangalore,Sunrisers Hyderabad,13.4,D Padikkal,GJ Maxwell,B Kumar,0,2,2,,,,,SH vs RCB 2021-10-06,S Ravi,UV Gandhe,KS Williamson,Sunrisers Hyderabad,Abu Dhabi,"Zayed Cricket Stadium, Abu Dhabi",2021-10-06
2nd innings,Royal Challengers Bangalore,Sunrisers Hyderabad,13.5,D Padikkal,GJ Maxwell,B Kumar,0,1,1,,,,,SH vs RCB 2021-10-06,S Ravi,UV Gandhe,KS Williamson,Sunrisers Hyderabad,Abu Dhabi,"Zayed Cricket Stadium, Abu Dhabi",2021-10-06
2nd innings,Royal Challengers Bangalore,Sunrisers Hyderabad,13.6,GJ Maxwell,D Padikkal,B Kumar,0,1,1,,,,,SH vs RCB 2021-10-06,S Ravi,UV Gandhe,KS Williamson,Sunrisers Hyderabad,Abu Dhabi,"Zayed Cricket Stadium, Abu Dhabi",2021-10-06
2nd innings,Royal Challengers Bangalore,Sunrisers Hyderabad,14.1,GJ Maxwell,D Padikkal,Rashid Khan,0,0,0,,GJ Maxwell,run out,,SH vs RCB 2021-10-06,S Ravi,UV Gandhe,KS Williamson,Sunrisers Hyderabad,Abu Dhabi,"Zayed Cricket Stadium, Abu Dhabi",2021-10-06
2nd innings,Royal Challengers Bangalore,Sunrisers Hyderabad,14.2,D Padikkal,AB de Villiers,Rashid Khan,0,1,1,,,,,SH vs RCB 2021-10-06,S Ravi,UV Gandhe,KS Williamson,Sunrisers Hyderabad,Abu Dhabi,"Zayed Cricket Stadium, Abu Dhabi",2021-10-06
2nd innings,Royal Challengers Bangalore,Sunrisers Hyderabad,14.3,AB de Villiers,D Padikkal,Rashid Khan,0,0,0,,,,,SH vs RCB 2021-10-06,S Ravi,UV Gandhe,KS Williamson,Sunrisers Hyderabad,Abu Dhabi,"Zayed Cricket Stadium, Abu Dhabi",2021-10-06
2nd innings,Royal Challengers Bangalore,Sunrisers Hyderabad,14.4,AB de Villiers,D Padikkal,Rashid Khan,0,4,4,,,,,SH vs RCB 2021-10-06,S Ravi,UV Gandhe,KS Williamson,Sunrisers Hyderabad,Abu Dhabi,"Zayed Cricket Stadium, Abu Dhabi",2021-10-06
2nd innings,Royal Challengers Bangalore,Sunrisers Hyderabad,14.5,AB de Villiers,D Padikkal,Rashid Khan,0,0,0,,,,,SH vs RCB 2021-10-06,S Ravi,UV Gandhe,KS Williamson,Sunrisers Hyderabad,Abu Dhabi,"Zayed Cricket Stadium, Abu Dhabi",2021-10-06
2nd innings,Royal Challengers Bangalore,Sunrisers Hyderabad,14.6,AB de Villiers,D Padikkal,Rashid Khan,0,1,1,,,,,SH vs RCB 2021-10-06,S Ravi,UV Gandhe,KS Williamson,Sunrisers Hyderabad,Abu Dhabi,"Zayed Cricket Stadium, Abu Dhabi",2021-10-06
2nd innings,Royal Challengers Bangalore,Sunrisers Hyderabad,15.1,AB de Villiers,D Padikkal,S Kaul,0,0,0,,,,,SH vs RCB 2021-10-06,S Ravi,UV Gandhe,KS Williamson,Sunrisers Hyderabad,Abu Dhabi,"Zayed Cricket Stadium, Abu Dhabi",2021-10-06
2nd innings,Royal Challengers Bangalore,Sunrisers Hyderabad,15.2,AB de Villiers,D Padikkal,S Kaul,0,1,1,,,,,SH vs RCB 2021-10-06,S Ravi,UV Gandhe,KS Williamson,Sunrisers Hyderabad,Abu Dhabi,"Zayed Cricket Stadium, Abu Dhabi",2021-10-06
2nd innings,Royal Challengers Bangalore,Sunrisers Hyderabad,15.3,D Padikkal,AB de Villiers,S Kaul,0,1,1,,,,,SH vs RCB 2021-10-06,S Ravi,UV Gandhe,KS Williamson,Sunrisers Hyderabad,Abu Dhabi,"Zayed Cricket Stadium, Abu Dhabi",2021-10-06
2nd innings,Royal Challengers Bangalore,Sunrisers Hyderabad,15.4,AB de Villiers,D Padikkal,S Kaul,0,1,1,,,,,SH vs RCB 2021-10-06,S Ravi,UV Gandhe,KS Williamson,Sunrisers Hyderabad,Abu Dhabi,"Zayed Cricket Stadium, Abu Dhabi",2021-10-06
2nd innings,Royal Challengers Bangalore,Sunrisers Hyderabad,15.5,D Padikkal,AB de Villiers,S Kaul,0,2,2,,,,,SH vs RCB 2021-10-06,S Ravi,UV Gandhe,KS Williamson,Sunrisers Hyderabad,Abu Dhabi,"Zayed Cricket Stadium, Abu Dhabi",2021-10-06
2nd innings,Royal Challengers Bangalore,Sunrisers Hyderabad,15.6,D Padikkal,AB de Villiers,S Kaul,0,1,1,,,,,SH vs RCB 2021-10-06,S Ravi,UV Gandhe,KS Williamson,Sunrisers Hyderabad,Abu Dhabi,"Zayed Cricket Stadium, Abu Dhabi",2021-10-06
2nd innings,Royal Challengers Bangalore,Sunrisers Hyderabad,16.1,D Padikkal,AB de Villiers,Rashid Khan,0,1,1,,,,,SH vs RCB 2021-10-06,S Ravi,UV Gandhe,KS Williamson,Sunrisers Hyderabad,Abu Dhabi,"Zayed Cricket Stadium, Abu Dhabi",2021-10-06
2nd innings,Royal Challengers Bangalore,Sunrisers Hyderabad,16.2,AB de Villiers,D Padikkal,Rashid Khan,0,2,2,,,,,SH vs RCB 2021-10-06,S Ravi,UV Gandhe,KS Williamson,Sunrisers Hyderabad,Abu Dhabi,"Zayed Cricket Stadium, Abu Dhabi",2021-10-06
2nd innings,Royal Challengers Bangalore,Sunrisers Hyderabad,16.3,AB de Villiers,D Padikkal,Rashid Khan,0,1,1,,,,,SH vs RCB 2021-10-06,S Ravi,UV Gandhe,KS Williamson,Sunrisers Hyderabad,Abu Dhabi,"Zayed Cricket Stadium, Abu Dhabi",2021-10-06
2nd innings,Royal Challengers Bangalore,Sunrisers Hyderabad,16.4,D Padikkal,AB de Villiers,Rashid Khan,0,1,1,,,,,SH vs RCB 2021-10-06,S Ravi,UV Gandhe,KS Williamson,Sunrisers Hyderabad,Abu Dhabi,"Zayed Cricket Stadium, Abu Dhabi",2021-10-06
2nd innings,Royal Challengers Bangalore,Sunrisers Hyderabad,16.5,AB de Villiers,D Padikkal,Rashid Khan,0,0,0,,D Padikkal,caught,Abdul Samad,SH vs RCB 2021-10-06,S Ravi,UV Gandhe,KS Williamson,Sunrisers Hyderabad,Abu Dhabi,"Zayed Cricket Stadium, Abu Dhabi",2021-10-06
2nd innings,Royal Challengers Bangalore,Sunrisers Hyderabad,16.6,Shahbaz Ahmed,AB de Villiers,Rashid Khan,0,4,4,,,,,SH vs RCB 2021-10-06,S Ravi,UV Gandhe,KS Williamson,Sunrisers Hyderabad,Abu Dhabi,"Zayed Cricket Stadium, Abu Dhabi",2021-10-06
2nd innings,Royal Challengers Bangalore,Sunrisers Hyderabad,17.1,AB de Villiers,Shahbaz Ahmed,Umran Malik,0,4,4,,,,,SH vs RCB 2021-10-06,S Ravi,UV Gandhe,KS Williamson,Sunrisers Hyderabad,Abu Dhabi,"Zayed Cricket Stadium, Abu Dhabi",2021-10-06
2nd innings,Royal Challengers Bangalore,Sunrisers Hyderabad,17.2,AB de Villiers,Shahbaz Ahmed,Umran Malik,0,0,0,,,,,SH vs RCB 2021-10-06,S Ravi,UV Gandhe,KS Williamson,Sunrisers Hyderabad,Abu Dhabi,"Zayed Cricket Stadium, Abu Dhabi",2021-10-06
2nd innings,Royal Challengers Bangalore,Sunrisers Hyderabad,17.3,AB de Villiers,Shahbaz Ahmed,Umran Malik,0,1,1,,,,,SH vs RCB 2021-10-06,S Ravi,UV Gandhe,KS Williamson,Sunrisers Hyderabad,Abu Dhabi,"Zayed Cricket Stadium, Abu Dhabi",2021-10-06
2nd innings,Royal Challengers Bangalore,Sunrisers Hyderabad,17.4,Shahbaz Ahmed,AB de Villiers,Umran Malik,0,1,1,,,,,SH vs RCB 2021-10-06,S Ravi,UV Gandhe,KS Williamson,Sunrisers Hyderabad,Abu Dhabi,"Zayed Cricket Stadium, Abu Dhabi",2021-10-06
2nd innings,Royal Challengers Bangalore,Sunrisers Hyderabad,17.5,AB de Villiers,Shahbaz Ahmed,Umran Malik,0,4,4,,,,,SH vs RCB 2021-10-06,S Ravi,UV Gandhe,KS Williamson,Sunrisers Hyderabad,Abu Dhabi,"Zayed Cricket Stadium, Abu Dhabi",2021-10-06
2nd innings,Royal Challengers Bangalore,Sunrisers Hyderabad,17.6,AB de Villiers,Shahbaz Ahmed,Umran Malik,0,1,1,,,,,SH vs RCB 2021-10-06,S Ravi,UV Gandhe,KS Williamson,Sunrisers Hyderabad,Abu Dhabi,"Zayed Cricket Stadium, Abu Dhabi",2021-10-06
2nd innings,Royal Challengers Bangalore,Sunrisers Hyderabad,18.1,AB de Villiers,Shahbaz Ahmed,JO Holder,0,2,2,,,,,SH vs RCB 2021-10-06,S Ravi,UV Gandhe,KS Williamson,Sunrisers Hyderabad,Abu Dhabi,"Zayed Cricket Stadium, Abu Dhabi",2021-10-06
2nd innings,Royal Challengers Bangalore,Sunrisers Hyderabad,18.2,AB de Villiers,Shahbaz Ahmed,JO Holder,0,2,2,,,,,SH vs RCB 2021-10-06,S Ravi,UV Gandhe,KS Williamson,Sunrisers Hyderabad,Abu Dhabi,"Zayed Cricket Stadium, Abu Dhabi",2021-10-06
2nd innings,Royal Challengers Bangalore,Sunrisers Hyderabad,18.3,AB de Villiers,Shahbaz Ahmed,JO Holder,0,0,0,,,,,SH vs RCB 2021-10-06,S Ravi,UV Gandhe,KS Williamson,Sunrisers Hyderabad,Abu Dhabi,"Zayed Cricket Stadium, Abu Dhabi",2021-10-06
2nd innings,Royal Challengers Bangalore,Sunrisers Hyderabad,18.4,AB de Villiers,Shahbaz Ahmed,JO Holder,0,0,0,,Shahbaz Ahmed,caught,KS Williamson,SH vs RCB 2021-10-06,S Ravi,UV Gandhe,KS Williamson,Sunrisers Hyderabad,Abu Dhabi,"Zayed Cricket Stadium, Abu Dhabi",2021-10-06
2nd innings,Royal Challengers Bangalore,Sunrisers Hyderabad,18.5,AB de Villiers,GHS Garton,JO Holder,0,1,1,,,,,SH vs RCB 2021-10-06,S Ravi,UV Gandhe,KS Williamson,Sunrisers Hyderabad,Abu Dhabi,"Zayed Cricket Stadium, Abu Dhabi",2021-10-06
2nd innings,Royal Challengers Bangalore,Sunrisers Hyderabad,18.6,GHS Garton,AB de Villiers,JO Holder,0,0,0,,,,,SH vs RCB 2021-10-06,S Ravi,UV Gandhe,KS Williamson,Sunrisers Hyderabad,Abu Dhabi,"Zayed Cricket Stadium, Abu Dhabi",2021-10-06
2nd innings,Royal Challengers Bangalore,Sunrisers Hyderabad,19.1,AB de Villiers,GHS Garton,B Kumar,0,0,0,,,,,SH vs RCB 2021-10-06,S Ravi,UV Gandhe,KS Williamson,Sunrisers Hyderabad,Abu Dhabi,"Zayed Cricket Stadium, Abu Dhabi",2021-10-06
2nd innings,Royal Challengers Bangalore,Sunrisers Hyderabad,19.2,AB de Villiers,GHS Garton,B Kumar,0,1,1,,,,,SH vs RCB 2021-10-06,S Ravi,UV Gandhe,KS Williamson,Sunrisers Hyderabad,Abu Dhabi,"Zayed Cricket Stadium, Abu Dhabi",2021-10-06
2nd innings,Royal Challengers Bangalore,Sunrisers Hyderabad,19.3,GHS Garton,AB de Villiers,B Kumar,0,0,0,,,,,SH vs RCB 2021-10-06,S Ravi,UV Gandhe,KS Williamson,Sunrisers Hyderabad,Abu Dhabi,"Zayed Cricket Stadium, Abu Dhabi",2021-10-06
2nd innings,Royal Challengers Bangalore,Sunrisers Hyderabad,19.4,GHS Garton,AB de Villiers,B Kumar,0,6,6,,,,,SH vs RCB 2021-10-06,S Ravi,UV Gandhe,KS Williamson,Sunrisers Hyderabad,Abu Dhabi,"Zayed Cricket Stadium, Abu Dhabi",2021-10-06
2nd innings,Royal Challengers Bangalore,Sunrisers Hyderabad,19.5,GHS Garton,AB de Villiers,B Kumar,0,0,0,,,,,SH vs RCB 2021-10-06,S Ravi,UV Gandhe,KS Williamson,Sunrisers Hyderabad,Abu Dhabi,"Zayed Cricket Stadium, Abu Dhabi",2021-10-06
2nd innings,Royal Challengers Bangalore,Sunrisers Hyderabad,19.6,GHS Garton,AB de Villiers,B Kumar,0,1,1,,,,,SH vs RCB 2021-10-06,S Ravi,UV Gandhe,KS Williamson,Sunrisers Hyderabad,Abu Dhabi,"Zayed Cricket Stadium, Abu Dhabi",2021-10-06
